symbol,strategy,entry_time,exit_time,actual_entry_close,slippage_entry_price,actual_exit_close,slippage_exit_price,qty,side,pnl,equity
cash_ACC,RSI2,2024-08-01 09:17:00,2024-08-01 09:26:00,2571.0,2572.2855,2558.75,2557.470625,50,LONG,-740.7437500000015,-740.7437500000015
cash_ACC,RSI2,2024-08-01 09:30:00,2024-08-01 09:33:00,2547.65,2548.923825,2549.4,2548.1253,50,LONG,-39.926249999984975,-780.6699999999864
cash_ACC,RSI2,2024-08-01 09:43:00,2024-08-01 09:46:00,2545.15,2546.422575,2550.95,2549.674525,50,LONG,162.59749999999258,-618.0724999999939
cash_ACC,RSI2,2024-08-01 09:56:00,2024-08-01 09:59:00,2550.1,2551.3750499999996,2551.6,2550.3242,50,LONG,-52.54249999998137,-670.6149999999752
cash_ACC,RSI2,2024-08-01 10:01:00,2024-08-01 10:05:00,2546.1,2547.3730499999997,2547.8,2546.5261000000005,50,LONG,-42.34749999995984,-712.9624999999351
cash_ACC,RSI2,2024-08-01 10:09:00,2024-08-01 10:15:00,2542.0,2543.2709999999997,2541.3,2540.0293500000002,50,LONG,-162.08249999997406,-875.0449999999091
cash_ACC,RSI2,2024-08-01 10:25:00,2024-08-01 10:28:00,2539.0,2540.2695,2541.9,2540.62905,50,LONG,17.97750000000633,-857.0674999999028
cash_ACC,RSI2,2024-08-01 10:31:00,2024-08-01 10:36:00,2536.2,2537.4680999999996,2540.1,2538.82995,50,LONG,68.09250000001157,-788.9749999998912
cash_ACC,RSI2,2024-08-01 10:42:00,2024-08-01 10:56:00,2533.1,2534.3665499999997,2528.35,2527.085825,50,LONG,-364.036249999981,-1153.0112499998722
cash_ACC,RSI2,2024-08-01 11:00:00,2024-08-01 11:08:00,2520.85,2522.110425,2520.5,2519.23975,50,LONG,-143.53374999998323,-1296.5449999998555
cash_ACC,RSI2,2024-08-01 11:43:00,2024-08-01 11:46:00,2520.75,2522.010375,2522.6,2521.3387000000002,50,LONG,-33.58374999997977,-1330.1287499998352
cash_ACC,RSI2,2024-08-01 11:50:00,2024-08-01 12:00:00,2518.25,2519.509125,2520.0,2518.7400000000002,50,LONG,-38.45624999999018,-1368.5849999998254
cash_ACC,RSI2,2024-08-01 12:02:00,2024-08-01 12:06:00,2514.8,2516.0574,2516.35,2515.091825,50,LONG,-48.278750000008586,-1416.863749999834
cash_ACC,RSI2,2024-08-01 12:11:00,2024-08-01 12:35:00,2509.5,2510.75475,2494.15,2492.9029250000003,50,LONG,-892.5912499999868,-2309.4549999998208
cash_ACC,RSI2,2024-08-01 12:39:00,2024-08-01 12:40:00,2491.0,2492.2455,2497.85,2496.601075,50,LONG,217.77875000000222,-2091.6762499998185
cash_ACC,RSI2,2024-08-01 12:58:00,2024-08-01 13:02:00,2498.8,2500.0494,2501.95,2500.699025,50,LONG,32.48125000000073,-2059.194999999818
cash_ACC,RSI2,2024-08-01 13:36:00,2024-08-01 13:40:00,2513.9,2515.15695,2514.35,2513.092825,50,LONG,-103.20624999999382,-2162.4012499998116
cash_ACC,RSI2,2024-08-01 13:43:00,2024-08-01 13:50:00,2506.5,2507.7532499999998,2504.0,2502.748,50,LONG,-250.26249999998527,-2412.663749999797
cash_ACC,RSI2,2024-08-01 13:57:00,2024-08-01 13:58:00,2498.25,2499.499125,2499.9,2498.65005,50,LONG,-42.45374999998148,-2455.1174999997784
cash_ACC,RSI2,2024-08-01 14:05:00,2024-08-01 14:17:00,2499.35,2500.599675,2496.65,2495.401675,50,LONG,-259.89999999999327,-2715.0174999997716
cash_ACC,RSI2,2024-08-01 14:26:00,2024-08-01 14:35:00,2492.0,2493.2459999999996,2488.0,2486.7560000000003,50,LONG,-324.49999999996635,-3039.517499999738
cash_ACC,RSI2,2024-08-01 15:06:00,2024-08-01 15:07:00,2484.65,2485.892325,2488.9,2487.6555500000004,50,LONG,88.16125000003012,-2951.356249999708
cash_ACC,RSI2,2024-08-01 15:17:00,2024-08-01 15:21:00,2489.35,2490.594675,2490.0,2488.755,50,LONG,-91.98374999998578,-3043.3399999996936
cash_ACC,RSI2,2024-08-01 15:23:00,2024-08-02 09:24:00,2487.4,2488.6437,2464.45,2463.217775,50,LONG,-1271.2962500000003,-4314.636249999694
cash_ACC,RSI2,2024-08-02 09:31:00,2024-08-02 09:33:00,2455.85,2457.0779249999996,2459.6,2458.3702,50,LONG,64.61375000001226,-4250.022499999682
cash_ACC,RSI2,2024-08-02 09:37:00,2024-08-02 09:47:00,2452.8,2454.0264,2448.2,2446.9759,50,LONG,-352.5250000000142,-4602.547499999696
cash_ACC,RSI2,2024-08-02 09:59:00,2024-08-02 10:09:00,2441.95,2443.1709749999995,2441.3,2440.0793500000004,50,LONG,-154.58124999995562,-4757.1287499996515
cash_ACC,RSI2,2024-08-02 10:52:00,2024-08-02 10:54:00,2455.15,2456.377575,2467.05,2465.8164750000005,50,LONG,471.9450000000279,-4285.183749999624
cash_ACC,RSI2,2024-08-02 11:04:00,2024-08-02 11:09:00,2459.15,2460.379575,2454.65,2453.4226750000003,50,LONG,-347.8449999999839,-4633.0287499996075
cash_ACC,RSI2,2024-08-02 11:34:00,2024-08-02 11:42:00,2451.05,2452.275525,2453.7,2452.47315,50,LONG,9.88124999998945,-4623.147499999618
cash_ACC,RSI2,2024-08-02 11:52:00,2024-08-02 11:56:00,2450.1,2451.32505,2450.0,2448.775,50,LONG,-127.50249999999141,-4750.6499999996095
cash_ACC,RSI2,2024-08-02 12:01:00,2024-08-02 12:06:00,2445.4,2446.6227,2445.95,2444.727025,50,LONG,-94.78374999998778,-4845.433749999597
cash_ACC,RSI2,2024-08-02 13:04:00,2024-08-02 13:05:00,2449.1,2450.32455,2450.0,2448.775,50,LONG,-77.47749999998632,-4922.911249999584
cash_ACC,RSI2,2024-08-02 13:16:00,2024-08-02 13:23:00,2447.55,2448.773775,2445.55,2444.3272250000005,50,LONG,-222.32749999998305,-5145.238749999567
cash_ACC,RSI2,2024-08-02 13:52:00,2024-08-02 13:56:00,2448.55,2449.774275,2450.15,2448.9249250000003,50,LONG,-42.467499999997926,-5187.7062499995645
cash_ACC,RSI2,2024-08-02 14:07:00,2024-08-02 14:10:00,2446.1,2447.32305,2449.05,2447.825475,50,LONG,25.121250000006512,-5162.584999999558
cash_ACC,RSI2,2024-08-02 14:18:00,2024-08-02 14:35:00,2444.15,2445.3720749999998,2440.8,2439.5796000000005,50,LONG,-289.6237499999643,-5452.208749999522
cash_ACC,RSI2,2024-08-02 14:54:00,2024-08-02 14:55:00,2439.15,2440.369575,2440.45,2439.229775,50,LONG,-56.99000000001888,-5509.198749999541
cash_ACC,RSI2,2024-08-02 15:00:00,2024-08-02 15:04:00,2435.25,2436.4676249999998,2436.4,2435.1818000000003,50,LONG,-64.29124999997384,-5573.489999999515
cash_ACC,RSI2,2024-08-02 15:14:00,2024-08-02 15:20:00,2433.55,2434.766775,2435.1,2433.88245,50,LONG,-44.21624999999949,-5617.7062499995145
cash_ACC,RSI2,2024-08-05 09:15:00,2024-08-05 09:29:00,2411.75,2412.9558749999997,2387.45,2386.2562749999997,50,LONG,-1334.979999999996,-6952.68624999951
cash_ACC,RSI2,2024-08-05 09:55:00,2024-08-05 10:10:00,2428.0,2429.214,2419.8,2418.5901000000003,50,LONG,-531.1949999999797,-7483.88124999949
cash_ACC,RSI2,2024-08-05 10:27:00,2024-08-05 10:29:00,2413.55,2414.756775,2417.95,2416.741025,50,LONG,99.21249999999873,-7384.668749999491
cash_ACC,RSI2,2024-08-05 10:33:00,2024-08-05 10:46:00,2408.05,2409.254025,2399.3,2398.10035,50,LONG,-557.683750000001,-7942.3524999994925
cash_ACC,RSI2,2024-08-05 10:49:00,2024-08-05 10:52:00,2393.0,2394.1965,2398.75,2397.5506250000003,50,LONG,167.70625000001473,-7774.646249999478
cash_ACC,RSI2,2024-08-05 10:57:00,2024-08-05 11:06:00,2387.5,2388.69375,2393.6,2392.4032,50,LONG,185.4725000000144,-7589.173749999463
cash_ACC,RSI2,2024-08-05 11:10:00,2024-08-05 11:25:00,2383.0,2384.1915,2358.95,2357.770525,50,LONG,-1321.04875,-8910.222499999463
cash_ACC,RSI2,2024-08-05 11:35:00,2024-08-05 11:39:00,2358.55,2359.729275,2364.6,2363.4177,50,LONG,184.42124999999123,-8725.801249999473
cash_ACC,RSI2,2024-08-05 11:52:00,2024-08-05 11:56:00,2368.7,2369.88435,2369.85,2368.665075,50,LONG,-60.96374999999625,-8786.764999999468
cash_ACC,RSI2,2024-08-05 12:22:00,2024-08-05 12:42:00,2372.85,2374.036425,2358.05,2356.8709750000003,50,LONG,-858.2724999999755,-9645.037499999444
cash_ACC,RSI2,2024-08-05 12:51:00,2024-08-05 12:59:00,2354.6,2355.7772999999997,2346.2,2345.0269,50,LONG,-537.519999999995,-10182.557499999439
cash_ACC,RSI2,2024-08-05 13:02:00,2024-08-05 13:04:00,2342.05,2343.221025,2345.05,2343.8774750000002,50,LONG,32.82250000002023,-10149.734999999419
cash_ACC,RSI2,2024-08-05 14:07:00,2024-08-05 14:12:00,2382.45,2383.641225,2383.4,2382.2083000000002,50,LONG,-71.64624999998068,-10221.381249999398
cash_ACC,RSI2,2024-08-05 14:23:00,2024-08-05 14:31:00,2377.15,2378.3385749999998,2371.65,2370.464175,50,LONG,-393.7199999999848,-10615.101249999383
cash_ACC,RSI2,2024-08-05 15:00:00,2024-08-05 15:03:00,2375.0,2376.1875,2379.05,2377.8604750000004,50,LONG,83.6487500000203,-10531.452499999363
cash_ACC,RSI2,2024-08-06 09:26:00,2024-08-06 09:29:00,2404.6,2405.8023,2411.6,2410.3942,50,LONG,229.59500000001754,-10301.857499999345
cash_ACC,RSI2,2024-08-06 09:32:00,2024-08-06 09:34:00,2403.1,2404.3015499999997,2406.9,2405.69655,50,LONG,69.75000000002183,-10232.107499999323
cash_ACC,RSI2,2024-08-06 09:43:00,2024-08-06 09:45:00,2402.3,2403.50115,2405.45,2404.247275,50,LONG,37.306250000006,-10194.801249999316
cash_ACC,RSI2,2024-08-06 10:23:00,2024-08-06 10:45:00,2421.85,2423.0609249999998,2415.0,2413.7925,50,LONG,-463.4212499999876,-10658.222499999305
cash_ACC,RSI2,2024-08-06 11:02:00,2024-08-06 11:08:00,2412.2,2413.4060999999997,2414.2,2412.9928999999997,50,LONG,-20.659999999998035,-10678.882499999303
cash_ACC,RSI2,2024-08-06 11:34:00,2024-08-06 11:38:00,2414.7,2415.9073499999995,2419.85,2418.6400750000003,50,LONG,136.63625000003776,-10542.246249999265
cash_ACC,RSI2,2024-08-06 11:47:00,2024-08-06 11:53:00,2413.6,2414.8068,2411.85,2410.644075,50,LONG,-208.1362499999841,-10750.38249999925
cash_ACC,RSI2,2024-08-06 11:57:00,2024-08-06 12:03:00,2407.25,2408.4536249999996,2401.7,2400.49915,50,LONG,-397.7237499999774,-11148.106249999228
cash_ACC,RSI2,2024-08-06 12:14:00,2024-08-06 12:15:00,2398.6,2399.7992999999997,2401.0,2399.7995,50,LONG,0.010000000020227162,-11148.096249999207
cash_ACC,RSI2,2024-08-06 12:22:00,2024-08-06 12:31:00,2399.4,2400.5996999999998,2394.15,2392.952925,50,LONG,-382.33874999998534,-11530.434999999194
cash_ACC,RSI2,2024-08-06 12:37:00,2024-08-06 12:38:00,2389.0,2390.1945,2390.8,2389.6046,50,LONG,-29.494999999997162,-11559.92999999919
cash_ACC,RSI2,2024-08-06 12:42:00,2024-08-06 12:45:00,2386.6,2387.7933,2388.0,2386.806,50,LONG,-49.36499999998887,-11609.29499999918
cash_ACC,RSI2,2024-08-06 13:10:00,2024-08-06 13:17:00,2386.15,2387.3430749999998,2384.2,2383.0079,50,LONG,-216.7587499999854,-11826.053749999166
cash_ACC,RSI2,2024-08-06 13:24:00,2024-08-06 13:26:00,2378.75,2379.939375,2381.8,2380.6091,50,LONG,33.48625000000993,-11792.567499999157
cash_ACC,RSI2,2024-08-06 13:32:00,2024-08-06 13:52:00,2376.55,2377.738275,2367.75,2366.5661250000003,50,LONG,-558.6074999999937,-12351.174999999152
cash_ACC,RSI2,2024-08-06 14:02:00,2024-08-06 14:20:00,2366.2,2367.3830999999996,2356.55,2355.3717250000004,50,LONG,-600.5687499999567,-12951.743749999108
cash_ACC,RSI2,2024-08-06 14:41:00,2024-08-06 14:50:00,2354.65,2355.8273249999997,2351.5,2350.32425,50,LONG,-275.1537499999813,-13226.89749999909
cash_ACC,RSI2,2024-08-06 15:00:00,2024-08-06 15:05:00,2346.7,2347.87335,2351.7,2350.5241499999997,50,LONG,132.5399999999945,-13094.357499999096
cash_ACC,RSI2,2024-08-06 15:07:00,2024-08-06 15:19:00,2344.7,2345.8723499999996,2340.65,2339.479675,50,LONG,-319.63374999997995,-13413.991249999075
cash_ACC,RSI2,2024-08-07 09:51:00,2024-08-07 09:53:00,2377.7,2378.88885,2381.6,2380.4092,50,LONG,76.01750000001175,-13337.973749999062
cash_ACC,RSI2,2024-08-07 10:06:00,2024-08-07 10:09:00,2376.15,2377.338075,2378.65,2377.4606750000003,50,LONG,6.130000000007385,-13331.843749999054
cash_ACC,RSI2,2024-08-07 10:22:00,2024-08-07 10:23:00,2380.95,2382.1404749999997,2383.45,2382.258275,50,LONG,5.890000000022155,-13325.953749999033
cash_ACC,RSI2,2024-08-07 10:38:00,2024-08-07 10:43:00,2392.1,2393.29605,2391.3,2390.1043500000005,50,LONG,-159.58499999997002,-13485.538749999003
cash_ACC,RSI2,2024-08-07 11:03:00,2024-08-07 11:15:00,2388.0,2389.194,2387.85,2386.656075,50,LONG,-126.89625000000433,-13612.434999999008
cash_ACC,RSI2,2024-08-07 11:19:00,2024-08-07 11:23:00,2381.7,2382.89085,2384.45,2383.257775,50,LONG,18.346250000013242,-13594.088749998995
cash_ACC,RSI2,2024-08-07 11:29:00,2024-08-07 11:31:00,2383.55,2384.741775,2387.8,2386.6061000000004,50,LONG,93.21625000002314,-13500.872499998972
cash_ACC,RSI2,2024-08-07 11:39:00,2024-08-07 11:43:00,2381.65,2382.8408249999998,2383.85,2382.658075,50,LONG,-9.13749999999709,-13510.009999998969
cash_ACC,RSI2,2024-08-07 11:48:00,2024-08-07 11:50:00,2381.3,2382.49065,2383.05,2381.8584750000005,50,LONG,-31.608749999986685,-13541.618749998956
cash_ACC,RSI2,2024-08-07 11:54:00,2024-08-07 11:55:00,2380.3,2381.49015,2382.05,2380.858975,50,LONG,-31.558749999999236,-13573.177499998954
cash_ACC,RSI2,2024-08-07 12:00:00,2024-08-07 12:02:00,2381.05,2382.240525,2383.3,2382.1083500000004,50,LONG,-6.608749999986685,-13579.78624999894
cash_ACC,RSI2,2024-08-07 12:27:00,2024-08-07 12:35:00,2386.0,2387.1929999999998,2384.45,2383.257775,50,LONG,-196.76124999998592,-13776.547499998927
cash_ACC,RSI2,2024-08-07 12:42:00,2024-08-07 12:50:00,2387.65,2388.843825,2385.75,2384.5571250000003,50,LONG,-214.33499999998276,-13990.88249999891
cash_ACC,RSI2,2024-08-07 12:54:00,2024-08-07 12:58:00,2381.45,2382.6407249999997,2384.1,2382.9079500000003,50,LONG,13.361250000025393,-13977.521249998885
cash_ACC,RSI2,2024-08-07 13:08:00,2024-08-07 13:11:00,2378.9,2380.08945,2381.4,2380.2093000000004,50,LONG,5.992500000024847,-13971.528749998859
cash_ACC,RSI2,2024-08-07 13:16:00,2024-08-07 13:26:00,2375.6,2376.7877999999996,2374.2,2373.0129,50,LONG,-188.7449999999717,-14160.27374999883
cash_ACC,RSI2,2024-08-07 13:29:00,2024-08-07 13:32:00,2370.95,2372.1354749999996,2373.25,2372.063375,50,LONG,-3.6049999999704596,-14163.878749998801
cash_ACC,RSI2,2024-08-07 13:45:00,2024-08-07 13:46:00,2372.5,2373.6862499999997,2375.9,2374.71205,50,LONG,51.290000000017244,-14112.588749998784
cash_ACC,RSI2,2024-08-07 13:53:00,2024-08-07 13:55:00,2376.0,2377.1879999999996,2376.65,2375.461675,50,LONG,-86.31624999998166,-14198.904999998766
cash_ACC,RSI2,2024-08-07 14:04:00,2024-08-07 14:06:00,2374.35,2375.537175,2376.4,2375.2118,50,LONG,-16.268749999994725,-14215.173749998761
cash_ACC,RSI2,2024-08-07 14:23:00,2024-08-07 14:29:00,2381.5,2382.6907499999998,2380.05,2378.8599750000003,50,LONG,-191.53874999997242,-14406.712499998734
cash_ACC,RSI2,2024-08-07 14:33:00,2024-08-07 14:38:00,2376.65,2377.838325,2381.4,2380.2093000000004,50,LONG,118.54875000001357,-14288.16374999872
cash_ACC,RSI2,2024-08-08 09:15:00,2024-08-08 09:22:00,2383.65,2384.841825,2382.25,2381.058875,50,LONG,-189.14749999999003,-14477.31124999871
cash_ACC,RSI2,2024-08-08 09:30:00,2024-08-08 09:33:00,2374.05,2375.237025,2375.9,2374.71205,50,LONG,-26.24874999999065,-14503.559999998699
cash_ACC,RSI2,2024-08-08 09:36:00,2024-08-08 09:44:00,2366.85,2368.0334249999996,2369.95,2368.765025,50,LONG,36.5800000000263,-14466.979999998672
cash_ACC,RSI2,2024-08-08 09:47:00,2024-08-08 09:56:00,2367.95,2369.1339749999997,2363.0,2361.8185000000003,50,LONG,-365.7737499999712,-14832.753749998643
cash_ACC,RSI2,2024-08-08 10:09:00,2024-08-08 10:12:00,2368.4,2369.5842,2371.95,2370.764025,50,LONG,58.99125000000822,-14773.762499998635
cash_ACC,RSI2,2024-08-08 10:48:00,2024-08-08 10:52:00,2378.1,2379.28905,2379.25,2378.060375,50,LONG,-61.43374999999196,-14835.196249998626
cash_ACC,RSI2,2024-08-08 10:55:00,2024-08-08 11:01:00,2376.15,2377.338075,2374.8,2373.6126000000004,50,LONG,-186.27374999998665,-15021.469999998611
cash_ACC,RSI2,2024-08-08 11:22:00,2024-08-08 11:24:00,2377.6,2378.7888,2378.8,2377.6106000000004,50,LONG,-58.90999999996893,-15080.37999999858
cash_ACC,RSI2,2024-08-08 11:31:00,2024-08-08 11:34:00,2376.25,2377.4381249999997,2376.9,2375.7115500000004,50,LONG,-86.32874999996147,-15166.708749998543
cash_ACC,RSI2,2024-08-08 11:47:00,2024-08-08 11:48:00,2375.4,2376.5877,2378.8,2377.6106000000004,50,LONG,51.145000000019536,-15115.563749998524
cash_ACC,RSI2,2024-08-08 12:44:00,2024-08-08 13:04:00,2388.0,2389.194,2379.2,2378.0104,50,LONG,-559.1799999999921,-15674.743749998517
cash_ACC,RSI2,2024-08-08 13:07:00,2024-08-08 13:16:00,2377.8,2378.9889,2376.15,2374.961925,50,LONG,-201.34874999998829,-15876.092499998505
cash_ACC,RSI2,2024-08-08 13:27:00,2024-08-08 13:33:00,2377.55,2378.7387750000003,2375.0,2373.8125,50,LONG,-246.313750000013,-16122.40624999852
cash_ACC,RSI2,2024-08-08 13:49:00,2024-08-08 13:56:00,2373.85,2375.036925,2373.4,2372.2133000000003,50,LONG,-141.1812499999769,-16263.587499998495
cash_ACC,RSI2,2024-08-08 14:01:00,2024-08-08 14:05:00,2370.6,2371.7852999999996,2372.0,2370.8140000000003,50,LONG,-48.56499999996231,-16312.152499998458
cash_ACC,RSI2,2024-08-08 14:09:00,2024-08-08 14:11:00,2366.7,2367.8833499999996,2370.7,2369.51465,50,LONG,81.56500000002325,-16230.587499998433
cash_ACC,RSI2,2024-08-08 14:20:00,2024-08-08 14:22:00,2365.5,2366.68275,2368.0,2366.8160000000003,50,LONG,6.662500000015825,-16223.924999998417
cash_ACC,RSI2,2024-08-08 14:38:00,2024-08-08 14:43:00,2367.5,2368.6837499999997,2367.0,2365.8165,50,LONG,-143.36249999998927,-16367.287499998405
cash_ACC,RSI2,2024-08-08 14:54:00,2024-08-08 14:59:00,2362.2,2363.3810999999996,2365.0,2363.8175,50,LONG,21.820000000025175,-16345.46749999838
cash_ACC,RSI2,2024-08-08 15:06:00,2024-08-08 15:16:00,2359.35,2360.5296749999998,2356.55,2355.3717250000004,50,LONG,-257.8974999999673,-16603.364999998346
cash_ACC,RSI2,2024-08-09 09:29:00,2024-08-09 09:33:00,2367.05,2368.233525,2369.45,2368.2652749999997,50,LONG,1.5874999999823558,-16601.777499998363
cash_ACC,RSI2,2024-08-09 09:54:00,2024-08-09 09:56:00,2375.05,2376.237525,2377.2,2376.0114,50,LONG,-11.306250000006912,-16613.083749998368
cash_ACC,RSI2,2024-08-09 10:01:00,2024-08-09 10:03:00,2369.0,2370.1845,2371.55,2370.3642250000003,50,LONG,8.986250000020846,-16604.09749999835
cash_ACC,RSI2,2024-08-09 10:07:00,2024-08-09 10:13:00,2367.1,2368.2835499999997,2369.0,2367.8155,50,LONG,-23.40249999997468,-16627.499999998323
cash_ACC,RSI2,2024-08-09 10:24:00,2024-08-09 10:29:00,2359.0,2360.1794999999997,2359.5,2358.32025,50,LONG,-92.96249999997599,-16720.4624999983
cash_ACC,RSI2,2024-08-09 11:10:00,2024-08-09 11:23:00,2362.0,2363.181,2358.0,2356.821,50,LONG,-318.00000000000637,-17038.462499998306
cash_ACC,RSI2,2024-08-09 12:04:00,2024-08-09 12:07:00,2361.6,2362.7808,2363.95,2362.768025,50,LONG,-0.6387500000073487,-17039.10124999831
cash_ACC,RSI2,2024-08-09 12:37:00,2024-08-09 12:39:00,2365.0,2366.1825,2365.75,2364.567125,50,LONG,-80.7687499999929,-17119.869999998304
cash_ACC,RSI2,2024-08-09 12:43:00,2024-08-09 12:48:00,2361.85,2363.0309249999996,2361.9,2360.71905,50,LONG,-115.5937499999709,-17235.463749998275
cash_ACC,RSI2,2024-08-09 12:54:00,2024-08-09 12:57:00,2355.95,2357.127975,2358.3,2357.1208500000002,50,LONG,-0.3562499999816282,-17235.819999998257
cash_ACC,RSI2,2024-08-09 13:06:00,2024-08-09 13:11:00,2353.55,2354.726775,2353.7,2352.52315,50,LONG,-110.1812500000051,-17346.001249998262
cash_ACC,RSI2,2024-08-09 13:31:00,2024-08-09 13:34:00,2354.25,2355.4271249999997,2359.3,2358.12035,50,LONG,134.66125000002194,-17211.33999999824
cash_ACC,RSI2,2024-08-09 13:39:00,2024-08-09 13:43:00,2355.85,2357.027925,2359.0,2357.8205000000003,50,LONG,39.62875000001986,-17171.711249998218
cash_ACC,RSI2,2024-08-09 13:51:00,2024-08-09 14:00:00,2356.1,2357.27805,2354.55,2353.372725,50,LONG,-195.26624999998603,-17366.977499998204
cash_ACC,RSI2,2024-08-09 14:02:00,2024-08-09 14:06:00,2354.0,2355.1769999999997,2354.5,2353.3227500000003,50,LONG,-92.71249999997053,-17459.689999998176
cash_ACC,RSI2,2024-08-09 14:11:00,2024-08-09 14:13:00,2353.2,2354.3765999999996,2355.15,2353.9724250000004,50,LONG,-20.208749999960673,-17479.898749998138
cash_ACC,RSI2,2024-08-09 14:19:00,2024-08-09 14:21:00,2351.35,2352.525675,2352.9,2351.72355,50,LONG,-40.106249999985266,-17520.004999998124
cash_ACC,RSI2,2024-08-09 14:25:00,2024-08-09 14:33:00,2349.0,2350.1745,2347.95,2346.776025,50,LONG,-169.9237499999981,-17689.928749998122
cash_ACC,RSI2,2024-08-09 14:37:00,2024-08-09 14:40:00,2342.95,2344.1214749999995,2345.0,2343.8275000000003,50,LONG,-14.698749999956817,-17704.627499998078
cash_ACC,RSI2,2024-08-09 14:51:00,2024-08-09 14:55:00,2344.2,2345.3720999999996,2346.2,2345.0269,50,LONG,-17.259999999987485,-17721.887499998065
cash_ACC,RSI2,2024-08-09 15:28:00,2024-08-12 09:20:00,2351.4,2352.5757,2322.85,2321.688575,50,LONG,-1544.356249999987,-19266.24374999805
cash_ACC,RSI2,2024-08-12 09:35:00,2024-08-12 09:39:00,2318.9,2320.0594499999997,2321.25,2320.089375,50,LONG,1.496250000013788,-19264.747499998037
cash_ACC,RSI2,2024-08-12 09:43:00,2024-08-12 09:49:00,2310.0,2311.1549999999997,2308.8,2307.6456000000003,50,LONG,-175.46999999997297,-19440.21749999801
cash_ACC,RSI2,2024-08-12 09:53:00,2024-08-12 09:57:00,2297.35,2298.498675,2298.65,2297.5006750000002,50,LONG,-49.89999999997963,-19490.11749999799
cash_ACC,RSI2,2024-08-12 11:02:00,2024-08-12 11:05:00,2316.05,2317.208025,2320.45,2319.2897749999997,50,LONG,104.08749999999145,-19386.029999997998
cash_ACC,RSI2,2024-08-12 11:25:00,2024-08-12 11:30:00,2319.1,2320.2595499999998,2320.0,2318.84,50,LONG,-70.97749999998086,-19457.007499997977
cash_ACC,RSI2,2024-08-12 11:50:00,2024-08-12 11:53:00,2318.3,2319.45915,2319.15,2317.9904250000004,50,LONG,-73.4362499999861,-19530.44374999796
cash_ACC,RSI2,2024-08-12 12:12:00,2024-08-12 12:18:00,2319.0,2320.1594999999998,2316.55,2315.3917250000004,50,LONG,-238.38874999996733,-19768.83249999793
cash_ACC,RSI2,2024-08-12 12:25:00,2024-08-12 12:28:00,2314.75,2315.907375,2316.65,2315.491675,50,LONG,-20.784999999978027,-19789.61749999791
cash_ACC,RSI2,2024-08-12 12:50:00,2024-08-12 12:53:00,2318.2,2319.3590999999997,2325.45,2324.287275,50,LONG,246.40875000002325,-19543.208749997884
cash_ACC,RSI2,2024-08-12 13:53:00,2024-08-12 14:02:00,2327.7,2328.8638499999997,2326.0,2324.837,50,LONG,-201.342499999987,-19744.551249997872
cash_ACC,RSI2,2024-08-12 14:19:00,2024-08-12 14:25:00,2326.6,2327.7632999999996,2326.85,2325.686575,50,LONG,-103.8362499999721,-19848.387499997843
cash_ACC,RSI2,2024-08-12 14:49:00,2024-08-12 15:03:00,2325.3,2326.46265,2316.2,2315.0419,50,LONG,-571.0374999999885,-20419.42499999783
cash_ACC,RSI2,2024-08-12 15:12:00,2024-08-12 15:15:00,2312.75,2313.906375,2314.85,2313.692575,50,LONG,-10.6899999999996,-20430.11499999783
cash_ACC,RSI2,2024-08-12 15:25:00,2024-08-12 15:28:00,2311.2,2312.3556,2315.0,2313.8425,50,LONG,74.34500000001663,-20355.769999997814
cash_ACC,RSI2,2024-08-13 09:24:00,2024-08-13 09:28:00,2335.6,2336.7677999999996,2342.3,2341.1288500000005,50,LONG,218.05250000004435,-20137.71749999777
cash_ACC,RSI2,2024-08-13 09:50:00,2024-08-13 10:00:00,2347.1,2348.27355,2335.85,2334.682075,50,LONG,-679.5737499999859,-20817.291249997754
cash_ACC,RSI2,2024-08-13 10:07:00,2024-08-13 10:13:00,2330.65,2331.815325,2328.0,2326.8360000000002,50,LONG,-248.9662499999895,-21066.257499997744
cash_ACC,RSI2,2024-08-13 10:19:00,2024-08-13 10:27:00,2325.0,2326.1625,2327.75,2326.5861250000003,50,LONG,21.181250000017826,-21045.076249997728
cash_ACC,RSI2,2024-08-13 11:06:00,2024-08-13 11:09:00,2329.1,2330.26455,2330.0,2328.835,50,LONG,-71.47749999999178,-21116.55374999772
cash_ACC,RSI2,2024-08-13 11:26:00,2024-08-13 11:44:00,2333.8,2334.9669,2328.0,2326.8360000000002,50,LONG,-406.5449999999828,-21523.098749997705
cash_ACC,RSI2,2024-08-13 12:00:00,2024-08-13 12:12:00,2327.3,2328.46365,2323.15,2321.988425,50,LONG,-323.76125000000684,-21846.859999997712
cash_ACC,RSI2,2024-08-13 12:15:00,2024-08-13 12:19:00,2320.6,2321.7603,2321.55,2320.3892250000004,50,LONG,-68.55374999997821,-21915.41374999769
cash_ACC,RSI2,2024-08-13 12:33:00,2024-08-13 12:44:00,2317.5,2318.65875,2314.3,2313.14285,50,LONG,-275.7949999999937,-22191.208749997684
cash_ACC,RSI2,2024-08-13 12:46:00,2024-08-13 12:49:00,2312.0,2313.156,2314.95,2313.792525,50,LONG,31.826249999994616,-22159.38249999769
cash_ACC,RSI2,2024-08-13 13:10:00,2024-08-13 13:12:00,2313.9,2315.05695,2315.3,2314.1423500000005,50,LONG,-45.729999999980464,-22205.11249999767
cash_ACC,RSI2,2024-08-13 13:42:00,2024-08-13 13:46:00,2313.45,2314.6067249999996,2315.6,2314.4422,50,LONG,-8.226249999984248,-22213.338749997656
cash_ACC,RSI2,2024-08-13 13:56:00,2024-08-13 14:01:00,2313.0,2314.1565,2311.7,2310.54415,50,LONG,-180.61749999999392,-22393.95624999765
cash_ACC,RSI2,2024-08-13 14:05:00,2024-08-13 14:09:00,2306.7,2307.85335,2307.75,2306.596125,50,LONG,-62.86124999999174,-22456.81749999764
cash_ACC,RSI2,2024-08-13 14:15:00,2024-08-13 14:17:00,2307.55,2308.703775,2309.35,2308.195325,50,LONG,-25.422499999990578,-22482.23999999763
cash_ACC,RSI2,2024-08-13 14:31:00,2024-08-13 14:35:00,2308.0,2309.154,2309.15,2307.995425,50,LONG,-57.9287499999964,-22540.168749997625
cash_ACC,RSI2,2024-08-13 14:40:00,2024-08-13 14:43:00,2306.8,2307.9534,2308.1,2306.94595,50,LONG,-50.37250000000313,-22590.54124999763
cash_ACC,RSI2,2024-08-13 14:47:00,2024-08-13 14:52:00,2304.7,2305.8523499999997,2305.75,2304.5971250000002,50,LONG,-62.76124999997137,-22653.3024999976
cash_ACC,RSI2,2024-08-13 14:58:00,2024-08-13 15:00:00,2304.0,2305.152,2306.05,2304.896975,50,LONG,-12.751249999996617,-22666.053749997598
cash_ACC,RSI2,2024-08-13 15:16:00,2024-08-13 15:22:00,2303.1,2304.25155,2302.7,2301.5486499999997,50,LONG,-135.14500000001135,-22801.19874999761
cash_ACC,RSI2,2024-08-14 09:20:00,2024-08-14 09:22:00,2298.4,2299.5492,2303.9,2302.74805,50,LONG,159.94250000001102,-22641.256249997597
cash_ACC,RSI2,2024-08-14 09:27:00,2024-08-14 09:28:00,2293.85,2294.996925,2299.8,2298.6501000000003,50,LONG,182.6587500000187,-22458.59749999758
cash_ACC,RSI2,2024-08-14 09:36:00,2024-08-14 09:40:00,2282.65,2283.791325,2289.3,2288.1553500000005,50,LONG,218.20125000001553,-22240.396249997564
cash_ACC,RSI2,2024-08-14 09:55:00,2024-08-14 10:01:00,2298.5,2299.64925,2296.0,2294.8520000000003,50,LONG,-239.86249999998108,-22480.258749997545
cash_ACC,RSI2,2024-08-14 10:12:00,2024-08-14 10:15:00,2293.65,2294.796825,2295.0,2293.8525,50,LONG,-47.21624999999676,-22527.474999997543
cash_ACC,RSI2,2024-08-14 10:21:00,2024-08-14 10:24:00,2290.15,2291.295075,2292.7,2291.55365,50,LONG,12.928749999991851,-22514.54624999755
cash_ACC,RSI2,2024-08-14 10:48:00,2024-08-14 11:02:00,2291.25,2292.3956249999997,2282.75,2281.6086250000003,50,LONG,-539.3499999999676,-23053.896249997517
cash_ACC,RSI2,2024-08-14 11:17:00,2024-08-14 11:22:00,2281.0,2282.1405,2285.9,2284.75705,50,LONG,130.82750000000942,-22923.068749997507
cash_ACC,RSI2,2024-08-14 11:27:00,2024-08-14 11:34:00,2278.75,2279.8893749999997,2281.4,2280.2593,50,LONG,18.496250000021064,-22904.572499997485
cash_ACC,RSI2,2024-08-14 11:41:00,2024-08-14 11:43:00,2277.8,2278.9389,2278.9,2277.7605500000004,50,LONG,-58.9174999999841,-22963.48999999747
cash_ACC,RSI2,2024-08-14 11:46:00,2024-08-14 11:50:00,2274.15,2275.287075,2277.9,2276.76105,50,LONG,73.6987499999941,-22889.791249997477
cash_ACC,RSI2,2024-08-14 12:17:00,2024-08-14 12:24:00,2279.25,2280.389625,2278.5,2277.3607500000003,50,LONG,-151.4437499999758,-23041.234999997454
cash_ACC,RSI2,2024-08-14 12:31:00,2024-08-14 12:33:00,2276.7,2277.8383499999995,2277.95,2276.811025,50,LONG,-51.36624999997821,-23092.60124999743
cash_ACC,RSI2,2024-08-14 12:41:00,2024-08-14 12:43:00,2275.4,2276.5377,2278.0,2276.8610000000003,50,LONG,16.16500000002361,-23076.43624999741
cash_ACC,RSI2,2024-08-14 13:01:00,2024-08-14 13:07:00,2282.9,2284.04145,2283.8,2282.6581,50,LONG,-69.1675000000032,-23145.60374999741
cash_ACC,RSI2,2024-08-14 13:11:00,2024-08-14 13:19:00,2281.7,2282.8408499999996,2280.95,2279.809525,50,LONG,-151.56624999997348,-23297.169999997386
cash_ACC,RSI2,2024-08-14 13:23:00,2024-08-14 13:29:00,2276.15,2277.288075,2278.0,2276.8610000000003,50,LONG,-21.35374999998021,-23318.523749997366
cash_ACC,RSI2,2024-08-14 13:44:00,2024-08-14 13:47:00,2277.65,2278.788825,2278.0,2276.8610000000003,50,LONG,-96.39124999998785,-23414.914999997352
cash_ACC,RSI2,2024-08-14 13:56:00,2024-08-14 13:59:00,2270.4,2271.5352,2273.35,2272.213325,50,LONG,33.90625000001819,-23381.008749997334
cash_ACC,RSI2,2024-08-14 14:28:00,2024-08-14 14:33:00,2281.15,2282.290575,2281.65,2280.509175,50,LONG,-89.06999999999243,-23470.078749997327
cash_ACC,RSI2,2024-08-14 14:37:00,2024-08-14 14:44:00,2277.8,2278.9389,2279.4,2278.2603000000004,50,LONG,-33.92999999998665,-23504.008749997312
cash_ACC,RSI2,2024-08-14 15:16:00,2024-08-14 15:18:00,2280.3,2281.44015,2282.75,2281.6086250000003,50,LONG,8.423750000019936,-23495.584999997292
cash_ACC,RSI2,2024-08-14 15:27:00,2024-08-14 15:29:00,2279.1,2280.23955,2282.0,2280.859,50,LONG,30.97250000000713,-23464.612499997285
cash_ACC,RSI2,2024-08-16 09:37:00,2024-08-16 09:39:00,2297.35,2298.498675,2301.7,2300.54915,50,LONG,102.52375000000029,-23362.088749997285
cash_ACC,RSI2,2024-08-16 09:51:00,2024-08-16 09:56:00,2291.0,2292.1455,2297.95,2296.8010249999998,50,LONG,232.77624999998352,-23129.3124999973
cash_ACC,RSI2,2024-08-16 10:13:00,2024-08-16 10:16:00,2296.55,2297.698275,2298.95,2297.800525,50,LONG,5.112499999995634,-23124.199999997305
cash_ACC,RSI2,2024-08-16 10:30:00,2024-08-16 10:32:00,2292.3,2293.44615,2296.0,2294.8520000000003,50,LONG,70.29250000000502,-23053.9074999973
cash_ACC,RSI2,2024-08-16 11:02:00,2024-08-16 11:13:00,2301.0,2302.1504999999997,2299.0,2297.8505,50,LONG,-214.99999999998636,-23268.907499997287
cash_ACC,RSI2,2024-08-16 11:19:00,2024-08-16 11:21:00,2296.8,2297.9484,2298.45,2297.300775,50,LONG,-32.38125000000309,-23301.28874999729
cash_ACC,RSI2,2024-08-16 11:38:00,2024-08-16 11:41:00,2300.3,2301.45015,2302.45,2301.2987749999998,50,LONG,-7.568750000018554,-23308.857499997306
cash_ACC,RSI2,2024-08-16 12:03:00,2024-08-16 12:05:00,2301.7,2302.85085,2304.85,2303.697575,50,LONG,42.33625000001666,-23266.52124999729
cash_ACC,RSI2,2024-08-16 12:21:00,2024-08-16 12:26:00,2311.0,2312.1555,2310.0,2308.8450000000003,50,LONG,-165.52499999997963,-23432.04624999727
cash_ACC,RSI2,2024-08-16 12:46:00,2024-08-16 12:49:00,2312.7,2313.8563499999996,2314.0,2312.8430000000003,50,LONG,-50.667499999963184,-23482.713749997234
cash_ACC,RSI2,2024-08-16 12:53:00,2024-08-16 13:02:00,2312.1,2313.25605,2313.0,2311.8435,50,LONG,-70.62750000000051,-23553.341249997233
cash_ACC,RSI2,2024-08-16 13:20:00,2024-08-16 13:23:00,2311.1,2312.25555,2312.0,2310.844,50,LONG,-70.57749999999032,-23623.918749997225
cash_ACC,RSI2,2024-08-16 13:53:00,2024-08-16 13:58:00,2316.45,2317.6082249999995,2316.85,2315.691575,50,LONG,-95.83249999998316,-23719.751249997207
cash_ACC,RSI2,2024-08-16 14:15:00,2024-08-16 14:24:00,2321.1,2322.26055,2320.1,2318.93995,50,LONG,-166.03000000000065,-23885.781249997206
cash_ACC,RSI2,2024-08-19 09:20:00,2024-08-19 09:25:00,2336.35,2337.5181749999997,2334.7,2333.53265,50,LONG,-199.27624999997988,-24085.057499997187
cash_ACC,RSI2,2024-08-19 09:29:00,2024-08-19 09:31:00,2330.85,2332.0154249999996,2333.0,2331.8335,50,LONG,-9.096249999970496,-24094.153749997156
cash_ACC,RSI2,2024-08-19 09:53:00,2024-08-19 10:00:00,2335.15,2336.317575,2336.15,2334.981925,50,LONG,-66.78249999999935,-24160.936249997154
cash_ACC,RSI2,2024-08-19 10:13:00,2024-08-19 10:16:00,2335.95,2337.1179749999997,2338.9,2337.73055,50,LONG,30.62875000002805,-24130.307499997125
cash_ACC,RSI2,2024-08-19 10:26:00,2024-08-19 10:31:00,2333.25,2334.416625,2334.65,2333.482675,50,LONG,-46.69749999998203,-24177.00499999711
cash_ACC,RSI2,2024-08-19 10:45:00,2024-08-19 10:48:00,2335.75,2336.917875,2337.45,2336.281275,50,LONG,-31.83000000001357,-24208.83499999712
cash_ACC,RSI2,2024-08-19 11:33:00,2024-08-19 11:40:00,2341.7,2342.87085,2342.9,2341.7285500000003,50,LONG,-57.114999999976135,-24265.949999997098
cash_ACC,RSI2,2024-08-19 11:46:00,2024-08-19 11:49:00,2337.55,2338.7187750000003,2339.55,2338.3802250000003,50,LONG,-16.927499999997053,-24282.877499997096
cash_ACC,RSI2,2024-08-19 12:19:00,2024-08-19 12:27:00,2339.3,2340.46965,2338.9,2337.73055,50,LONG,-136.954999999989,-24419.832499997086
cash_ACC,RSI2,2024-08-19 12:44:00,2024-08-19 12:46:00,2341.3,2342.47065,2342.0,2340.829,50,LONG,-82.08250000000135,-24501.914999997087
cash_ACC,RSI2,2024-08-19 13:09:00,2024-08-19 13:13:00,2341.85,2343.020925,2343.9,2342.72805,50,LONG,-14.643749999981992,-24516.558749997068
cash_ACC,RSI2,2024-08-19 13:19:00,2024-08-19 13:26:00,2342.1,2343.27105,2341.85,2340.679075,50,LONG,-129.598749999991,-24646.157499997058
cash_ACC,RSI2,2024-08-19 13:30:00,2024-08-19 13:34:00,2338.65,2339.819325,2340.0,2338.83,50,LONG,-49.4662500000004,-24695.62374999706
cash_ACC,RSI2,2024-08-19 13:39:00,2024-08-19 13:44:00,2335.15,2336.317575,2339.0,2337.8305,50,LONG,75.64624999999978,-24619.97749999706
cash_ACC,RSI2,2024-08-19 13:58:00,2024-08-19 13:59:00,2338.45,2339.619225,2344.85,2343.677575,50,LONG,202.9175000000123,-24417.05999999705
cash_ACC,RSI2,2024-08-19 14:13:00,2024-08-19 14:24:00,2346.7,2347.87335,2347.05,2345.8764750000005,50,LONG,-99.84374999996817,-24516.903749997018
cash_ACC,RSI2,2024-08-19 14:36:00,2024-08-19 14:38:00,2345.6,2346.7727999999997,2347.0,2345.8265,50,LONG,-47.3149999999805,-24564.218749997
cash_ACC,RSI2,2024-08-19 14:50:00,2024-08-19 15:07:00,2346.05,2347.2230250000002,2344.0,2342.828,50,LONG,-219.751250000013,-24783.96999999701
cash_ACC,RSI2,2024-08-19 15:26:00,2024-08-19 15:29:00,2347.75,2348.923875,2349.8,2348.6251,50,LONG,-14.938749999987522,-24798.908749996997
cash_ACC,RSI2,2024-08-20 09:30:00,2024-08-20 09:38:00,2354.0,2355.1769999999997,2354.2,2353.0229,50,LONG,-107.7049999999872,-24906.613749996985
cash_ACC,RSI2,2024-08-20 09:42:00,2024-08-20 09:45:00,2347.15,2348.323575,2351.8,2350.6241000000005,50,LONG,115.02625000002809,-24791.587499996956
cash_ACC,RSI2,2024-08-20 09:55:00,2024-08-20 10:05:00,2349.05,2350.224525,2350.0,2348.8250000000003,50,LONG,-69.97624999999061,-24861.563749996945
cash_ACC,RSI2,2024-08-20 10:09:00,2024-08-20 10:11:00,2345.55,2346.722775,2347.9,2346.72605,50,LONG,0.16375000000152795,-24861.399999996946
cash_ACC,RSI2,2024-08-20 10:20:00,2024-08-20 10:26:00,2342.7,2343.87135,2342.9,2341.7285500000003,50,LONG,-107.13999999998123,-24968.539999996927
cash_ACC,RSI2,2024-08-20 10:42:00,2024-08-20 10:44:00,2342.5,2343.67125,2344.1,2342.9279500000002,50,LONG,-37.164999999981774,-25005.70499999691
cash_ACC,RSI2,2024-08-20 10:49:00,2024-08-20 10:56:00,2340.15,2341.320075,2339.95,2338.780025,50,LONG,-127.00250000000324,-25132.70749999691
cash_ACC,RSI2,2024-08-20 11:00:00,2024-08-20 11:02:00,2336.15,2337.318075,2337.4,2336.2313000000004,50,LONG,-54.33874999998807,-25187.0462499969
cash_ACC,RSI2,2024-08-20 11:14:00,2024-08-20 11:15:00,2335.8,2336.9679,2337.55,2336.381225,50,LONG,-29.33375000000069,-25216.3799999969
cash_ACC,RSI2,2024-08-20 11:22:00,2024-08-20 11:26:00,2334.05,2335.217025,2333.9,2332.7330500000003,50,LONG,-124.19874999998228,-25340.578749996883
cash_ACC,RSI2,2024-08-20 11:28:00,2024-08-20 11:45:00,2331.8,2332.9659,2328.9,2327.7355500000003,50,LONG,-261.51749999999083,-25602.096249996874
cash_ACC,RSI2,2024-08-20 12:03:00,2024-08-20 12:04:00,2324.35,2325.512175,2325.65,2324.487175,50,LONG,-51.24999999998181,-25653.346249996855
cash_ACC,RSI2,2024-08-20 12:07:00,2024-08-20 12:11:00,2322.4,2323.5612,2322.85,2321.688575,50,LONG,-93.63124999999854,-25746.977499996854
cash_ACC,RSI2,2024-08-20 12:13:00,2024-08-20 12:17:00,2321.0,2322.1605,2323.15,2321.988425,50,LONG,-8.60374999999749,-25755.581249996852
cash_ACC,RSI2,2024-08-20 13:01:00,2024-08-20 13:04:00,2327.0,2328.1634999999997,2328.4,2327.2358000000004,50,LONG,-46.38499999996384,-25801.966249996818
cash_ACC,RSI2,2024-08-20 13:14:00,2024-08-20 13:16:00,2325.9,2327.06295,2326.35,2325.186825,50,LONG,-93.80624999998872,-25895.772499996805
cash_ACC,RSI2,2024-08-20 13:49:00,2024-08-20 13:51:00,2323.25,2324.4116249999997,2324.7,2323.5376499999998,50,LONG,-43.698749999998654,-25939.471249996805
cash_ACC,RSI2,2024-08-20 14:01:00,2024-08-20 14:03:00,2323.45,2324.6117249999998,2324.15,2322.9879250000004,50,LONG,-81.18999999996959,-26020.661249996774
cash_ACC,RSI2,2024-08-20 14:16:00,2024-08-20 14:20:00,2322.85,2324.0114249999997,2323.55,2322.388225,50,LONG,-81.15999999997712,-26101.821249996752
cash_ACC,RSI2,2024-08-21 09:32:00,2024-08-21 09:39:00,2335.3,2336.46765,2334.3,2333.1328500000004,50,LONG,-166.7399999999816,-26268.561249996732
cash_ACC,RSI2,2024-08-21 09:43:00,2024-08-21 09:47:00,2330.45,2331.6152249999996,2334.3,2333.1328500000004,50,LONG,75.88125000004311,-26192.67999999669
cash_ACC,RSI2,2024-08-21 09:53:00,2024-08-21 09:58:00,2332.2,2333.3660999999997,2332.4,2331.2338000000004,50,LONG,-106.61499999996522,-26299.294999996655
cash_ACC,RSI2,2024-08-21 10:26:00,2024-08-21 10:40:00,2334.95,2336.1174749999996,2334.15,2332.9829250000003,50,LONG,-156.7274999999654,-26456.02249999662
cash_ACC,RSI2,2024-08-21 10:51:00,2024-08-21 10:53:00,2334.1,2335.26705,2335.3,2334.1323500000003,50,LONG,-56.73499999998057,-26512.757499996602
cash_ACC,RSI2,2024-08-21 11:06:00,2024-08-21 11:23:00,2333.75,2334.916875,2328.3,2327.13585,50,LONG,-389.0512499999886,-26901.80874999659
cash_ACC,RSI2,2024-08-21 11:40:00,2024-08-21 11:51:00,2325.15,2326.312575,2325.8,2324.6371000000004,50,LONG,-83.77374999997755,-26985.58249999657
cash_ACC,RSI2,2024-08-21 12:36:00,2024-08-21 12:39:00,2325.0,2326.1625,2325.6,2324.4372,50,LONG,-86.26500000000306,-27071.847499996573
cash_ACC,RSI2,2024-08-21 12:45:00,2024-08-21 12:55:00,2325.0,2326.1625,2324.0,2322.838,50,LONG,-166.2249999999858,-27238.07249999656
cash_ACC,RSI2,2024-08-21 13:07:00,2024-08-21 13:26:00,2322.35,2323.5111749999996,2318.7,2317.54065,50,LONG,-298.52624999998625,-27536.59874999655
cash_ACC,RSI2,2024-08-21 13:47:00,2024-08-21 13:53:00,2320.1,2321.26005,2322.4,2321.2388,50,LONG,-1.062499999989086,-27537.661249996538
cash_ACC,RSI2,2024-08-21 14:32:00,2024-08-21 14:36:00,2321.05,2322.210525,2320.4,2319.2398000000003,50,LONG,-148.53624999998374,-27686.19749999652
cash_ACC,RSI2,2024-08-22 09:27:00,2024-08-22 09:32:00,2323.85,2325.011925,2327.65,2326.486175,50,LONG,73.71250000001055,-27612.484999996508
cash_ACC,RSI2,2024-08-22 09:36:00,2024-08-22 09:42:00,2324.0,2325.162,2325.0,2323.8375,50,LONG,-66.22499999998581,-27678.709999996492
cash_ACC,RSI2,2024-08-22 09:56:00,2024-08-22 09:58:00,2317.9,2319.05895,2321.45,2320.289275,50,LONG,61.51624999999967,-27617.19374999649
cash_ACC,RSI2,2024-08-22 10:14:00,2024-08-22 10:22:00,2327.2,2328.3635999999997,2327.0,2325.8365000000003,50,LONG,-126.35499999996682,-27743.54874999646
cash_ACC,RSI2,2024-08-22 11:20:00,2024-08-22 11:24:00,2335.0,2336.1675,2336.0,2334.8320000000003,50,LONG,-66.77499999998417,-27810.32374999644
cash_ACC,RSI2,2024-08-22 11:46:00,2024-08-22 11:53:00,2349.15,2350.324575,2350.8,2349.6246,50,LONG,-34.998749999999745,-27845.32249999644
cash_ACC,RSI2,2024-08-22 12:00:00,2024-08-22 12:01:00,2349.55,2350.724775,2351.65,2350.4741750000003,50,LONG,-12.52999999999247,-27857.852499996432
cash_ACC,RSI2,2024-08-22 12:24:00,2024-08-22 12:31:00,2355.6,2356.7778,2356.35,2355.171825,50,LONG,-80.2987499999972,-27938.15124999643
cash_ACC,RSI2,2024-08-22 12:49:00,2024-08-22 12:54:00,2354.4,2355.5772,2355.95,2354.7720249999998,50,LONG,-40.25875000002088,-27978.409999996453
cash_ACC,RSI2,2024-08-22 13:00:00,2024-08-22 13:09:00,2352.6,2353.7763,2351.2,2350.0244,50,LONG,-187.59500000001026,-28166.00499999646
cash_ACC,RSI2,2024-08-22 13:13:00,2024-08-22 13:17:00,2349.5,2350.6747499999997,2349.25,2348.0753750000003,50,LONG,-129.96874999996635,-28295.97374999643
cash_ACC,RSI2,2024-08-22 13:28:00,2024-08-22 13:30:00,2347.0,2348.1735,2350.0,2348.8250000000003,50,LONG,32.57500000001983,-28263.39874999641
cash_ACC,RSI2,2024-08-22 14:18:00,2024-08-22 14:21:00,2355.45,2356.627725,2357.0,2355.8215,50,LONG,-40.31124999999065,-28303.7099999964
cash_ACC,RSI2,2024-08-22 14:26:00,2024-08-22 14:43:00,2351.5,2352.67575,2345.4,2344.2273,50,LONG,-422.4224999999933,-28726.132499996394
cash_ACC,RSI2,2024-08-22 14:57:00,2024-08-22 14:58:00,2340.9,2342.07045,2342.35,2341.178825,50,LONG,-44.581250000010186,-28770.713749996405
cash_ACC,RSI2,2024-08-23 09:25:00,2024-08-23 09:40:00,2363.0,2364.1814999999997,2344.7,2343.52765,50,LONG,-1032.6924999999846,-29803.40624999639
cash_ACC,RSI2,2024-08-23 10:02:00,2024-08-23 10:10:00,2339.05,2340.219525,2337.45,2336.281275,50,LONG,-196.91250000000764,-30000.318749996397
cash_ACC,RSI2,2024-08-23 10:18:00,2024-08-23 10:20:00,2336.0,2337.1679999999997,2337.7,2336.53115,50,LONG,-31.84249999999338,-30032.16124999639
cash_ACC,RSI2,2024-08-23 10:39:00,2024-08-23 10:51:00,2333.3,2334.46665,2328.8,2327.6356000000005,50,LONG,-341.55249999996613,-30373.713749996354
cash_ACC,RSI2,2024-08-23 10:55:00,2024-08-23 11:03:00,2326.5,2327.66325,2327.7,2326.53615,50,LONG,-56.35500000000775,-30430.06874999636
cash_ACC,RSI2,2024-08-23 11:15:00,2024-08-23 11:17:00,2326.15,2327.313075,2327.95,2326.786025,50,LONG,-26.35250000000724,-30456.42124999637
cash_ACC,RSI2,2024-08-23 11:30:00,2024-08-23 11:33:00,2326.05,2327.213025,2327.75,2326.5861250000003,50,LONG,-31.34499999998752,-30487.766249996355
cash_ACC,RSI2,2024-08-23 11:45:00,2024-08-23 11:56:00,2327.8,2328.9639,2325.5,2324.33725,50,LONG,-231.3325000000077,-30719.098749996363
cash_ACC,RSI2,2024-08-23 12:02:00,2024-08-23 12:04:00,2325.6,2326.7628,2325.95,2324.787025,50,LONG,-98.78874999999425,-30817.88749999636
cash_ACC,RSI2,2024-08-23 12:08:00,2024-08-23 12:14:00,2324.0,2325.162,2323.85,2322.688075,50,LONG,-123.69624999998905,-30941.58374999635
cash_ACC,RSI2,2024-08-23 12:50:00,2024-08-23 12:53:00,2326.65,2327.813325,2326.8,2325.6366000000003,50,LONG,-108.83624999999029,-31050.41999999634
cash_ACC,RSI2,2024-08-23 13:01:00,2024-08-23 13:07:00,2326.0,2327.163,2325.0,2323.8375,50,LONG,-166.274999999996,-31216.694999996333
cash_ACC,RSI2,2024-08-23 13:13:00,2024-08-23 13:18:00,2322.05,2323.211025,2322.3,2321.1388500000003,50,LONG,-103.60874999998941,-31320.30374999632
cash_ACC,RSI2,2024-08-23 13:24:00,2024-08-23 13:27:00,2321.15,2322.310575,2321.8,2320.6391000000003,50,LONG,-83.57374999998228,-31403.877499996303
cash_ACC,RSI2,2024-08-23 13:32:00,2024-08-23 13:35:00,2320.35,2321.510175,2321.3,2320.1393500000004,50,LONG,-68.54124999997566,-31472.41874999628
cash_ACC,RSI2,2024-08-23 13:39:00,2024-08-23 13:44:00,2314.0,2315.1569999999997,2317.9,2316.74105,50,LONG,79.20250000001943,-31393.216249996258
cash_ACC,RSI2,2024-08-23 13:57:00,2024-08-23 14:03:00,2316.65,2317.808325,2317.95,2316.791025,50,LONG,-50.86499999999887,-31444.081249996256
cash_ACC,RSI2,2024-08-23 14:12:00,2024-08-23 14:28:00,2316.5,2317.65825,2316.15,2314.9919250000003,50,LONG,-133.3162499999844,-31577.39749999624
cash_ACC,RSI2,2024-08-23 14:39:00,2024-08-23 14:41:00,2320.75,2321.910375,2321.85,2320.6890750000002,50,LONG,-61.06499999998505,-31638.462499996225
cash_ACC,RSI2,2024-08-23 14:47:00,2024-08-23 14:54:00,2320.9,2322.06045,2321.85,2320.6890750000002,50,LONG,-68.56874999998581,-31707.03124999621
cash_ACC,RSI2,2024-08-23 14:58:00,2024-08-23 15:02:00,2320.1,2321.26005,2321.0,2319.8395,50,LONG,-71.02749999999105,-31778.0587499962
cash_ACC,RSI2,2024-08-26 09:31:00,2024-08-26 09:37:00,2328.6,2329.7643,2329.8,2328.6351000000004,50,LONG,-56.45999999997002,-31834.51874999617
cash_ACC,RSI2,2024-08-26 09:58:00,2024-08-26 10:04:00,2334.45,2335.6172249999995,2334.0,2332.833,50,LONG,-139.2112499999712,-31973.72999999614
cash_ACC,RSI2,2024-08-26 10:20:00,2024-08-26 10:25:00,2333.05,2334.2165250000003,2334.9,2333.73255,50,LONG,-24.19875000000502,-31997.928749996143
cash_ACC,RSI2,2024-08-26 10:30:00,2024-08-26 10:40:00,2332.05,2333.216025,2333.0,2331.8335,50,LONG,-69.12624999999935,-32067.054999996144
cash_ACC,RSI2,2024-08-26 10:45:00,2024-08-26 10:53:00,2326.0,2327.163,2329.8,2328.6351000000004,50,LONG,73.60500000002048,-31993.449999996123
cash_ACC,RSI2,2024-08-26 11:03:00,2024-08-26 11:07:00,2325.9,2327.06295,2326.3,2325.1368500000003,50,LONG,-96.30499999998392,-32089.754999996105
cash_ACC,RSI2,2024-08-26 11:15:00,2024-08-26 11:19:00,2323.0,2324.1614999999997,2324.75,2323.587625,50,LONG,-28.693749999979445,-32118.448749996085
cash_ACC,RSI2,2024-08-26 11:37:00,2024-08-26 11:39:00,2326.75,2327.913375,2328.55,2327.385725,50,LONG,-26.38249999999971,-32144.831249996085
cash_ACC,RSI2,2024-08-26 11:57:00,2024-08-26 12:18:00,2332.5,2333.6662499999998,2329.85,2328.685075,50,LONG,-249.0587499999947,-32393.889999996078
cash_ACC,RSI2,2024-08-26 12:45:00,2024-08-26 12:49:00,2330.8,2331.9654,2333.0,2331.8335,50,LONG,-6.594999999992979,-32400.48499999607
cash_ACC,RSI2,2024-08-26 13:08:00,2024-08-26 13:11:00,2332.2,2333.3660999999997,2333.35,2332.183325,50,LONG,-59.13874999998825,-32459.62374999606
cash_ACC,RSI2,2024-08-26 13:24:00,2024-08-26 13:28:00,2337.0,2338.1684999999998,2339.75,2338.580125,50,LONG,20.581250000009277,-32439.04249999605
cash_ACC,RSI2,2024-08-26 13:47:00,2024-08-26 13:50:00,2338.05,2339.219025,2339.1,2337.93045,50,LONG,-64.42875000000186,-32503.47124999605
cash_ACC,RSI2,2024-08-26 14:26:00,2024-08-26 14:27:00,2340.5,2341.6702499999997,2342.0,2340.829,50,LONG,-42.062499999974534,-32545.533749996026
cash_ACC,RSI2,2024-08-26 14:39:00,2024-08-26 14:44:00,2340.1,2341.2700499999996,2340.9,2339.72955,50,LONG,-77.02499999998054,-32622.558749996006
cash_ACC,RSI2,2024-08-27 09:15:00,2024-08-27 09:16:00,2340.95,2342.1204749999997,2345.8,2344.6271,50,LONG,125.33125000002201,-32497.227499995985
cash_ACC,RSI2,2024-08-27 09:31:00,2024-08-27 09:34:00,2341.5,2342.6707499999998,2345.0,2343.8275000000003,50,LONG,57.83750000002783,-32439.389999995958
cash_ACC,RSI2,2024-08-27 09:37:00,2024-08-27 09:45:00,2340.1,2341.2700499999996,2338.0,2336.831,50,LONG,-221.95249999997486,-32661.34249999593
cash_ACC,RSI2,2024-08-27 10:09:00,2024-08-27 10:13:00,2341.1,2342.2705499999997,2343.0,2341.8285,50,LONG,-22.102499999982683,-32683.444999995914
cash_ACC,RSI2,2024-08-27 10:22:00,2024-08-27 10:24:00,2339.5,2340.66975,2341.8,2340.6291,50,LONG,-2.032499999995707,-32685.47749999591
cash_ACC,RSI2,2024-08-27 10:38:00,2024-08-27 10:40:00,2340.05,2341.220025,2342.2,2341.0289,50,LONG,-9.556250000014188,-32695.033749995928
cash_ACC,RSI2,2024-08-27 11:10:00,2024-08-27 11:33:00,2350.0,2351.1749999999997,2349.5,2348.3252500000003,50,LONG,-142.48749999997017,-32837.5212499959
cash_ACC,RSI2,2024-08-27 11:41:00,2024-08-27 11:48:00,2347.6,2348.7738,2343.9,2342.72805,50,LONG,-302.28749999998854,-33139.80874999589
cash_ACC,RSI2,2024-08-27 12:10:00,2024-08-27 12:12:00,2342.95,2344.1214749999995,2344.0,2342.828,50,LONG,-64.67374999997446,-33204.482499995866
cash_ACC,RSI2,2024-08-27 12:27:00,2024-08-27 12:31:00,2342.25,2343.421125,2343.6,2342.4282,50,LONG,-49.64625000000069,-33254.12874999586
cash_ACC,RSI2,2024-08-27 12:48:00,2024-08-27 12:52:00,2341.75,2342.920875,2345.0,2343.8275000000003,50,LONG,45.33125000002656,-33208.79749999584
cash_ACC,RSI2,2024-08-27 13:20:00,2024-08-27 13:23:00,2344.5,2345.67225,2345.95,2344.777025,50,LONG,-44.76125000001048,-33253.55874999585
cash_ACC,RSI2,2024-08-27 13:36:00,2024-08-27 13:43:00,2345.05,2346.222525,2345.85,2344.677075,50,LONG,-77.27250000000367,-33330.831249995856
cash_ACC,RSI2,2024-08-27 13:56:00,2024-08-27 13:59:00,2346.0,2347.173,2347.0,2345.8265,50,LONG,-67.32499999998254,-33398.15624999584
cash_ACC,RSI2,2024-08-27 14:33:00,2024-08-27 14:42:00,2348.0,2349.174,2348.95,2347.775525,50,LONG,-69.92374999999811,-33468.07999999584
cash_ACC,RSI2,2024-08-27 15:16:00,2024-08-27 15:19:00,2344.1,2345.2720499999996,2344.9,2343.72755,50,LONG,-77.22499999997581,-33545.30499999582
cash_ACC,RSI2,2024-08-27 15:29:00,2024-08-28 09:19:00,2346.0,2347.173,2347.7,2346.52615,50,LONG,-32.342499999981555,-33577.6474999958
cash_ACC,RSI2,2024-08-28 09:29:00,2024-08-28 09:35:00,2343.05,2344.221525,2340.95,2339.779525,50,LONG,-222.10000000000036,-33799.7474999958
cash_ACC,RSI2,2024-08-28 10:03:00,2024-08-28 10:09:00,2341.2,2342.3705999999997,2341.0,2339.8295000000003,50,LONG,-127.054999999973,-33926.80249999577
cash_ACC,RSI2,2024-08-28 10:16:00,2024-08-28 10:19:00,2338.0,2339.169,2343.3,2342.1283500000004,50,LONG,147.96750000002703,-33778.83499999574
cash_ACC,RSI2,2024-08-28 10:30:00,2024-08-28 10:34:00,2342.8,2343.9714,2343.6,2342.4282,50,LONG,-77.16000000000349,-33855.994999995746
cash_ACC,RSI2,2024-08-28 10:54:00,2024-08-28 10:57:00,2343.0,2344.1715,2344.1,2342.9279500000002,50,LONG,-62.17749999998432,-33918.17249999573
cash_ACC,RSI2,2024-08-28 11:20:00,2024-08-28 11:24:00,2344.95,2346.1224749999997,2347.15,2345.9764250000003,50,LONG,-7.302499999968859,-33925.4749999957
cash_ACC,RSI2,2024-08-28 11:36:00,2024-08-28 11:39:00,2342.05,2343.221025,2345.0,2343.8275000000003,50,LONG,30.32375000002503,-33895.15124999567
cash_ACC,RSI2,2024-08-28 11:58:00,2024-08-28 12:12:00,2345.5,2346.6727499999997,2343.0,2341.8285,50,LONG,-242.21249999998236,-34137.36374999565
cash_ACC,RSI2,2024-08-28 12:31:00,2024-08-28 12:34:00,2343.05,2344.221525,2344.1,2342.9279500000002,50,LONG,-64.67874999998457,-34202.04249999564
cash_ACC,RSI2,2024-08-28 12:39:00,2024-08-28 12:53:00,2341.75,2342.920875,2342.7,2341.5286499999997,50,LONG,-69.61125000000266,-34271.65374999564
cash_ACC,RSI2,2024-08-28 13:06:00,2024-08-28 13:08:00,2340.95,2342.1204749999997,2342.7,2341.5286499999997,50,LONG,-29.59124999999858,-34301.24499999564
cash_ACC,RSI2,2024-08-28 13:14:00,2024-08-28 13:18:00,2340.8,2341.9704,2341.9,2340.7290500000004,50,LONG,-62.067499999989195,-34363.31249999563
cash_ACC,RSI2,2024-08-28 13:31:00,2024-08-28 13:36:00,2338.55,2339.719275,2339.95,2338.780025,50,LONG,-46.96249999999509,-34410.27499999562
cash_ACC,RSI2,2024-08-28 13:56:00,2024-08-28 13:59:00,2336.55,2337.718275,2337.8,2336.6311000000005,50,LONG,-54.35874999998305,-34464.633749995606
cash_ACC,RSI2,2024-08-28 14:30:00,2024-08-28 14:36:00,2340.8,2341.9704,2342.2,2341.0289,50,LONG,-47.07500000001801,-34511.708749995625
cash_ACC,RSI2,2024-08-28 14:52:00,2024-08-28 14:55:00,2336.0,2337.1679999999997,2336.4,2335.2318,50,LONG,-96.80999999998221,-34608.51874999561
cash_ACC,RSI2,2024-08-28 14:59:00,2024-08-28 15:08:00,2332.3,2333.46615,2331.95,2330.784025,50,LONG,-134.10625000001346,-34742.62499999562
cash_ACC,RSI2,2024-08-28 15:21:00,2024-08-28 15:29:00,2328.85,2330.014425,2333.0,2331.8335,50,LONG,90.95375000001695,-34651.671249995605
cash_ACC,RSI2,2024-08-29 09:29:00,2024-08-29 09:34:00,2315.45,2316.607725,2315.25,2314.092375,50,LONG,-125.76749999998356,-34777.43874999559
cash_ACC,RSI2,2024-08-29 09:38:00,2024-08-29 09:46:00,2312.15,2313.306075,2311.75,2310.594125,50,LONG,-135.5974999999944,-34913.03624999559
cash_ACC,RSI2,2024-08-29 10:09:00,2024-08-29 10:17:00,2311.1,2312.25555,2308.3,2307.1458500000003,50,LONG,-255.48499999997603,-35168.52124999557
cash_ACC,RSI2,2024-08-29 10:21:00,2024-08-29 10:24:00,2304.15,2305.302075,2304.95,2303.797525,50,LONG,-75.22750000000542,-35243.748749995575
cash_ACC,RSI2,2024-08-29 10:58:00,2024-08-29 11:10:00,2302.45,2303.601225,2304.35,2303.197825,50,LONG,-20.16999999998461,-35263.91874999556
cash_ACC,RSI2,2024-08-29 11:15:00,2024-08-29 11:22:00,2303.55,2304.701775,2303.15,2301.998425,50,LONG,-135.16749999998865,-35399.08624999555
cash_ACC,RSI2,2024-08-29 11:47:00,2024-08-29 11:55:00,2296.55,2297.698275,2296.85,2295.701575,50,LONG,-99.83500000000731,-35498.921249995554
cash_ACC,RSI2,2024-08-29 11:56:00,2024-08-29 12:00:00,2287.65,2288.7938249999997,2293.05,2291.9034750000005,50,LONG,155.48250000003918,-35343.43874999551
cash_ACC,RSI2,2024-08-29 12:46:00,2024-08-29 12:48:00,2302.85,2304.001425,2305.45,2304.297275,50,LONG,14.792499999998654,-35328.646249995516
cash_ACC,RSI2,2024-08-29 13:08:00,2024-08-29 13:12:00,2303.2,2304.3515999999995,2304.1,2302.94795,50,LONG,-70.18249999996442,-35398.82874999548
cash_ACC,RSI2,2024-08-29 13:33:00,2024-08-29 13:37:00,2297.1,2298.24855,2297.55,2296.4012250000005,50,LONG,-92.36624999996366,-35491.194999995445
cash_ACC,RSI2,2024-08-29 13:53:00,2024-08-29 13:56:00,2298.5,2299.64925,2301.0,2299.8495000000003,50,LONG,10.012500000016189,-35481.182499995426
cash_ACC,RSI2,2024-08-29 14:04:00,2024-08-29 14:10:00,2295.0,2296.1475,2296.3,2295.15185,50,LONG,-49.78249999999207,-35530.96499999542
cash_ACC,RSI2,2024-08-29 14:19:00,2024-08-29 14:25:00,2295.4,2296.5477,2293.15,2292.0034250000003,50,LONG,-227.21374999998716,-35758.17874999541
cash_ACC,RSI2,2024-08-29 14:41:00,2024-08-29 14:44:00,2290.8,2291.9454,2292.4,2291.2538000000004,50,LONG,-34.57999999998265,-35792.75874999539
cash_ACC,RSI2,2024-08-29 14:48:00,2024-08-29 14:50:00,2290.95,2292.0954749999996,2292.1,2290.95395,50,LONG,-57.076249999977335,-35849.834999995364
cash_ACC,RSI2,2024-08-30 09:21:00,2024-08-30 09:27:00,2315.25,2316.407625,2315.9,2314.7420500000003,50,LONG,-83.27874999997675,-35933.11374999534
cash_ACC,RSI2,2024-08-30 09:34:00,2024-08-30 09:35:00,2313.95,2315.1069749999997,2316.9,2315.74155,50,LONG,31.728750000024775,-35901.384999995316
cash_ACC,RSI2,2024-08-30 10:57:00,2024-08-30 11:00:00,2331.05,2332.215525,2333.05,2331.883475,50,LONG,-16.602499999999054,-35917.98749999532
cash_ACC,RSI2,2024-08-30 11:09:00,2024-08-30 11:11:00,2330.5,2331.66525,2333.85,2332.683075,50,LONG,50.891249999995125,-35867.096249995324
cash_ACC,RSI2,2024-08-30 11:19:00,2024-08-30 11:24:00,2331.0,2332.1655,2332.7,2331.53365,50,LONG,-31.59250000001066,-35898.68874999534
cash_ACC,RSI2,2024-08-30 11:51:00,2024-08-30 11:55:00,2333.85,2335.016925,2334.7,2333.53265,50,LONG,-74.21374999998989,-35972.902499995325
cash_ACC,RSI2,2024-08-30 11:57:00,2024-08-30 12:03:00,2331.55,2332.715775,2332.5,2331.3337500000002,50,LONG,-69.10124999999425,-36042.00374999532
cash_ACC,RSI2,2024-08-30 12:06:00,2024-08-30 12:09:00,2329.25,2330.414625,2329.95,2328.785025,50,LONG,-81.47999999998774,-36123.48374999531
cash_ACC,RSI2,2024-08-30 12:12:00,2024-08-30 12:16:00,2328.3,2329.4641500000002,2329.7,2328.53515,50,LONG,-46.450000000004366,-36169.93374999531
cash_ACC,RSI2,2024-08-30 13:10:00,2024-08-30 13:14:00,2332.25,2333.4161249999997,2335.0,2333.8325,50,LONG,20.818750000012187,-36149.1149999953
cash_ACC,RSI2,2024-08-30 13:19:00,2024-08-30 13:23:00,2331.85,2333.0159249999997,2333.0,2331.8335,50,LONG,-59.12124999997559,-36208.23624999527
cash_ACC,RSI2,2024-08-30 13:30:00,2024-08-30 13:35:00,2332.0,2333.1659999999997,2333.5,2332.33325,50,LONG,-41.6374999999789,-36249.873749995255
cash_ACC,RSI2,2024-08-30 13:52:00,2024-08-30 13:53:00,2332.9,2334.06645,2333.45,2332.283275,50,LONG,-89.15875000000142,-36339.03249999526
cash_ACC,RSI2,2024-08-30 13:57:00,2024-08-30 14:06:00,2332.3,2333.46615,2333.6,2332.4332,50,LONG,-51.64750000001277,-36390.67999999527
cash_ACC,RSI2,2024-08-30 14:14:00,2024-08-30 14:16:00,2329.25,2330.414625,2331.05,2329.8844750000003,50,LONG,-26.5074999999797,-36417.18749999525
cash_ACC,RSI2,2024-08-30 14:24:00,2024-08-30 14:25:00,2330.0,2331.165,2331.0,2329.8345,50,LONG,-66.52500000000146,-36483.71249999525
cash_ACC,RSI2,2024-08-30 15:02:00,2024-08-30 15:06:00,2327.2,2328.3635999999997,2329.25,2328.085375,50,LONG,-13.911249999978281,-36497.623749995226
cash_ACC,RSI2,2024-09-02 09:23:00,2024-09-02 09:34:00,2334.05,2335.217025,2331.75,2330.5841250000003,50,LONG,-231.64499999998043,-36729.26874999521
cash_ACC,RSI2,2024-09-02 09:50:00,2024-09-02 10:03:00,2332.3,2333.46615,2331.5,2330.3342500000003,50,LONG,-156.59499999999298,-36885.8637499952
cash_ACC,RSI2,2024-09-02 10:15:00,2024-09-02 10:20:00,2327.55,2328.713775,2327.25,2326.0863750000003,50,LONG,-131.36999999999261,-37017.2337499952
cash_ACC,RSI2,2024-09-02 10:28:00,2024-09-02 10:30:00,2324.45,2325.612225,2326.45,2325.286775,50,LONG,-16.27249999999094,-37033.50624999519
cash_ACC,RSI2,2024-09-02 11:35:00,2024-09-02 11:41:00,2335.15,2336.317575,2336.3,2335.13185,50,LONG,-59.286249999991014,-37092.79249999518
cash_ACC,RSI2,2024-09-02 11:50:00,2024-09-02 11:53:00,2334.1,2335.26705,2335.05,2333.8824750000003,50,LONG,-69.2287499999793,-37162.02124999516
cash_ACC,RSI2,2024-09-02 11:55:00,2024-09-02 12:01:00,2329.75,2330.914875,2330.8,2329.6346000000003,50,LONG,-64.01374999998097,-37226.03499999514
cash_ACC,RSI2,2024-09-02 12:36:00,2024-09-02 12:39:00,2335.0,2336.1675,2335.4,2334.2323,50,LONG,-96.75999999999476,-37322.79499999514
cash_ACC,RSI2,2024-09-02 12:43:00,2024-09-02 12:55:00,2333.0,2334.1665,2330.1,2328.93495,50,LONG,-261.5774999999985,-37584.37249999514
cash_ACC,RSI2,2024-09-02 13:17:00,2024-09-02 13:22:00,2331.7,2332.8658499999997,2332.3,2331.13385,50,LONG,-86.59999999997581,-37670.972499995114
cash_ACC,RSI2,2024-09-02 13:25:00,2024-09-02 13:29:00,2330.6,2331.7652999999996,2332.4,2331.2338000000004,50,LONG,-26.574999999957072,-37697.54749999507
cash_ACC,RSI2,2024-09-02 13:35:00,2024-09-02 13:41:00,2330.0,2331.165,2331.0,2329.8345,50,LONG,-66.52500000000146,-37764.07249999507
cash_ACC,RSI2,2024-09-02 14:06:00,2024-09-02 14:09:00,2330.6,2331.7652999999996,2332.5,2331.3337500000002,50,LONG,-21.577499999966676,-37785.64999999503
cash_ACC,RSI2,2024-09-02 14:17:00,2024-09-02 14:21:00,2331.35,2332.5156749999996,2332.9,2331.7335500000004,50,LONG,-39.10624999996344,-37824.75624999499
cash_ACC,RSI2,2024-09-02 15:05:00,2024-09-02 15:09:00,2336.3,2337.46815,2336.9,2335.7315500000004,50,LONG,-86.82999999998628,-37911.58624999498
cash_ACC,RSI2,2024-09-03 09:17:00,2024-09-03 09:27:00,2335.25,2336.417625,2332.3,2331.13385,50,LONG,-264.1887499999939,-38175.774999994974
cash_ACC,RSI2,2024-09-03 10:01:00,2024-09-03 10:07:00,2334.75,2335.917375,2332.65,2331.4836750000004,50,LONG,-221.68499999997948,-38397.45999999496
cash_ACC,RSI2,2024-09-03 10:11:00,2024-09-03 10:14:00,2326.55,2327.713275,2336.4,2335.2318,50,LONG,375.9262499999977,-38021.53374999496
cash_ACC,RSI2,2024-09-03 10:20:00,2024-09-03 10:24:00,2330.05,2331.215025,2329.4,2328.2353000000003,50,LONG,-148.98624999998447,-38170.51999999495
cash_ACC,RSI2,2024-09-03 11:03:00,2024-09-03 11:05:00,2334.0,2335.167,2335.75,2334.582125,50,LONG,-29.243750000000546,-38199.76374999495
cash_ACC,RSI2,2024-09-03 11:08:00,2024-09-03 11:10:00,2333.2,2334.3666,2334.6,2333.4327,50,LONG,-46.69499999999971,-38246.45874999495
cash_ACC,RSI2,2024-09-03 11:15:00,2024-09-03 11:18:00,2333.05,2334.2165250000003,2334.15,2332.9829250000003,50,LONG,-61.6800000000012,-38308.13874999495
cash_ACC,RSI2,2024-09-03 11:24:00,2024-09-03 11:39:00,2330.8,2331.9654,2330.5,2329.33475,50,LONG,-131.53250000000298,-38439.67124999495
cash_ACC,RSI2,2024-09-03 11:59:00,2024-09-03 12:00:00,2334.95,2336.1174749999996,2335.95,2334.782025,50,LONG,-66.77249999997912,-38506.44374999493
cash_ACC,RSI2,2024-09-03 12:30:00,2024-09-03 12:31:00,2338.4,2339.5692,2341.75,2340.579125,50,LONG,50.4962500000147,-38455.947499994916
cash_ACC,RSI2,2024-09-03 12:42:00,2024-09-03 12:43:00,2339.9,2341.06995,2340.7,2339.52965,50,LONG,-77.01500000000578,-38532.96249999492
cash_ACC,RSI2,2024-09-03 13:22:00,2024-09-03 13:23:00,2342.35,2343.521175,2343.8,2342.6281000000004,50,LONG,-44.653749999974934,-38577.6162499949
cash_ACC,RSI2,2024-09-03 13:27:00,2024-09-03 13:32:00,2342.0,2343.171,2342.5,2341.32875,50,LONG,-92.11249999998472,-38669.72874999489
cash_ACC,RSI2,2024-09-03 13:54:00,2024-09-03 13:55:00,2338.5,2339.66925,2341.0,2339.8295000000003,50,LONG,8.012500000018008,-38661.71624999487
cash_ACC,RSI2,2024-09-03 14:26:00,2024-09-03 14:28:00,2340.5,2341.6702499999997,2341.55,2340.379225,50,LONG,-64.55124999997679,-38726.26749999484
cash_ACC,RSI2,2024-09-03 14:57:00,2024-09-03 14:59:00,2340.9,2342.07045,2341.8,2340.6291,50,LONG,-72.06750000000284,-38798.33499999485
cash_ACC,RSI2,2024-09-04 09:42:00,2024-09-04 09:48:00,2336.55,2337.718275,2338.0,2336.831,50,LONG,-44.363750000002256,-38842.69874999485
cash_ACC,RSI2,2024-09-04 10:23:00,2024-09-04 10:35:00,2344.9,2346.07245,2338.85,2337.680575,50,LONG,-419.59375000001273,-39262.29249999487
cash_ACC,RSI2,2024-09-04 10:45:00,2024-09-04 10:47:00,2336.0,2337.1679999999997,2337.65,2336.4811750000003,50,LONG,-34.34124999996584,-39296.633749994835
cash_ACC,RSI2,2024-09-04 11:02:00,2024-09-04 11:04:00,2342.25,2343.421125,2343.45,2342.278275,50,LONG,-57.142499999986285,-39353.77624999482
cash_ACC,RSI2,2024-09-04 11:18:00,2024-09-04 11:20:00,2343.35,2344.521675,2344.0,2342.828,50,LONG,-84.68374999999924,-39438.45999999482
cash_ACC,RSI2,2024-09-04 11:31:00,2024-09-04 11:32:00,2339.3,2340.46965,2346.0,2344.827,50,LONG,217.8675000000112,-39220.592499994804
cash_ACC,RSI2,2024-09-04 12:12:00,2024-09-04 12:20:00,2350.85,2352.025425,2351.35,2350.174325,50,LONG,-92.55499999999302,-39313.1474999948
cash_ACC,RSI2,2024-09-04 12:25:00,2024-09-04 12:29:00,2348.25,2349.424125,2348.85,2347.675575,50,LONG,-87.42749999998978,-39400.57499999479
cash_ACC,RSI2,2024-09-04 12:54:00,2024-09-04 12:59:00,2349.0,2350.1745,2350.5,2349.32475,50,LONG,-42.487499999992906,-39443.06249999478
cash_ACC,RSI2,2024-09-04 13:25:00,2024-09-04 13:30:00,2352.95,2354.1264749999996,2353.3,2352.1233500000003,50,LONG,-100.15624999996362,-39543.21874999475
cash_ACC,RSI2,2024-09-04 13:33:00,2024-09-04 13:42:00,2350.25,2351.4251249999998,2348.85,2347.675575,50,LONG,-187.47749999997723,-39730.696249994726
cash_ACC,RSI2,2024-09-04 13:54:00,2024-09-04 13:56:00,2346.3,2347.4731500000003,2347.6,2346.4262,50,LONG,-52.347500000018954,-39783.043749994744
cash_ACC,RSI2,2024-09-04 14:07:00,2024-09-04 14:11:00,2346.2,2347.3731,2348.1,2346.92595,50,LONG,-22.357499999998254,-39805.40124999474
cash_ACC,RSI2,2024-09-04 14:19:00,2024-09-04 14:22:00,2347.25,2348.423625,2347.75,2346.576125,50,LONG,-92.37499999999272,-39897.776249994735
cash_ACC,RSI2,2024-09-04 14:37:00,2024-09-04 14:42:00,2347.35,2348.523675,2347.85,2346.676075,50,LONG,-92.38000000000284,-39990.15624999474
cash_ACC,RSI2,2024-09-04 14:50:00,2024-09-04 14:52:00,2346.3,2347.4731500000003,2347.6,2346.4262,50,LONG,-52.347500000018954,-40042.50374999476
cash_ACC,RSI2,2024-09-04 15:13:00,2024-09-04 15:18:00,2347.85,2349.023925,2347.0,2345.8265,50,LONG,-159.87124999999196,-40202.37499999475
cash_ACC,RSI2,2024-09-05 09:28:00,2024-09-05 09:35:00,2390.0,2391.1949999999997,2390.85,2389.654575,50,LONG,-77.02124999998432,-40279.39624999473
cash_ACC,RSI2,2024-09-05 09:48:00,2024-09-05 09:53:00,2396.1,2397.29805,2400.05,2398.8499750000005,50,LONG,77.59625000003325,-40201.7999999947
cash_ACC,RSI2,2024-09-05 10:11:00,2024-09-05 10:14:00,2406.3,2407.50315,2408.25,2407.0458750000003,50,LONG,-22.863749999987704,-40224.66374999469
cash_ACC,RSI2,2024-09-05 10:16:00,2024-09-05 10:20:00,2403.0,2404.2014999999997,2404.6,2403.3977,50,LONG,-40.18999999998414,-40264.85374999467
cash_ACC,RSI2,2024-09-05 10:30:00,2024-09-05 10:36:00,2396.0,2397.198,2400.45,2399.2497749999998,50,LONG,102.58874999999534,-40162.26499999467
cash_ACC,RSI2,2024-09-05 10:54:00,2024-09-05 10:57:00,2406.55,2407.753275,2408.0,2406.7960000000003,50,LONG,-47.863749999987704,-40210.12874999466
cash_ACC,RSI2,2024-09-05 11:03:00,2024-09-05 11:07:00,2404.45,2405.652225,2407.05,2405.8464750000003,50,LONG,9.712500000023283,-40200.41624999464
cash_ACC,RSI2,2024-09-05 11:30:00,2024-09-05 11:36:00,2412.8,2414.0064,2415.0,2413.7925,50,LONG,-10.695000000009713,-40211.11124999465
cash_ACC,RSI2,2024-09-05 13:20:00,2024-09-05 13:22:00,2434.3,2435.51715,2437.0,2435.7815,50,LONG,13.217499999996107,-40197.89374999465
cash_ACC,RSI2,2024-09-05 13:52:00,2024-09-05 13:59:00,2441.9,2443.12095,2435.0,2433.7825000000003,50,LONG,-466.92249999998694,-40664.816249994634
cash_ACC,RSI2,2024-09-05 14:02:00,2024-09-05 14:04:00,2430.6,2431.8152999999998,2432.8,2431.5836000000004,50,LONG,-11.584999999968204,-40676.401249994604
cash_ACC,RSI2,2024-09-05 14:20:00,2024-09-05 14:23:00,2442.1,2443.3210499999996,2443.15,2441.928425,50,LONG,-69.6312499999749,-40746.03249999458
cash_ACC,RSI2,2024-09-05 14:29:00,2024-09-05 14:31:00,2437.45,2438.6687249999995,2442.0,2440.779,50,LONG,105.51375000002281,-40640.51874999456
cash_ACC,RSI2,2024-09-05 14:37:00,2024-09-05 14:56:00,2437.6,2438.8187999999996,2422.0,2420.789,50,LONG,-901.489999999967,-41542.00874999453
cash_ACC,RSI2,2024-09-05 15:24:00,2024-09-05 15:26:00,2418.5,2419.70925,2419.9,2418.69005,50,LONG,-50.959999999986394,-41592.968749994514
cash_ACC,RSI2,2024-09-06 09:17:00,2024-09-06 09:22:00,2416.2,2417.4080999999996,2414.4,2413.1928000000003,50,LONG,-210.7649999999694,-41803.733749994484
cash_ACC,RSI2,2024-09-06 09:29:00,2024-09-06 09:32:00,2405.0,2406.2025,2409.5,2408.29525,50,LONG,104.63750000001255,-41699.09624999447
cash_ACC,RSI2,2024-09-06 09:44:00,2024-09-06 09:51:00,2407.2,2408.4035999999996,2403.75,2402.5481250000003,50,LONG,-292.77374999996937,-41991.869999994444
cash_ACC,RSI2,2024-09-06 09:54:00,2024-09-06 10:12:00,2392.7,2393.8963499999995,2381.0,2379.8095000000003,50,LONG,-704.3424999999615,-42696.212499994406
cash_ACC,RSI2,2024-09-06 10:17:00,2024-09-06 10:19:00,2372.15,2373.336075,2377.0,2375.8115000000003,50,LONG,123.77125000000433,-42572.4412499944
cash_ACC,RSI2,2024-09-06 12:21:00,2024-09-06 12:25:00,2436.0,2437.218,2436.0,2434.782,50,LONG,-121.79999999998472,-42694.24124999439
cash_ACC,RSI2,2024-09-06 12:35:00,2024-09-06 12:38:00,2437.05,2438.268525,2440.0,2438.78,50,LONG,25.573750000012296,-42668.66749999438
cash_ACC,RSI2,2024-09-06 12:50:00,2024-09-06 12:57:00,2433.75,2434.966875,2431.75,2430.534125,50,LONG,-221.6374999999971,-42890.304999994376
cash_ACC,RSI2,2024-09-06 13:48:00,2024-09-06 13:51:00,2437.1,2438.31855,2438.35,2437.130825,50,LONG,-59.38624999998865,-42949.691249994365
cash_ACC,RSI2,2024-09-06 14:10:00,2024-09-06 14:15:00,2440.1,2441.32005,2439.15,2437.930425,50,LONG,-169.4812499999898,-43119.172499994354
cash_ACC,RSI2,2024-09-06 14:19:00,2024-09-06 14:24:00,2435.05,2436.267525,2433.55,2432.3332250000003,50,LONG,-196.7149999999947,-43315.88749999435
cash_ACC,RSI2,2024-09-06 14:27:00,2024-09-06 14:33:00,2429.0,2430.2145,2427.9,2426.6860500000003,50,LONG,-176.42249999998967,-43492.30999999434
cash_ACC,RSI2,2024-09-06 14:49:00,2024-09-06 14:54:00,2425.6,2426.8127999999997,2427.9,2426.6860500000003,50,LONG,-6.337499999972351,-43498.64749999431
cash_ACC,RSI2,2024-09-06 15:06:00,2024-09-06 15:16:00,2427.85,2429.063925,2428.55,2427.3357250000004,50,LONG,-86.40999999997803,-43585.05749999429
cash_ACC,RSI2,2024-09-09 09:15:00,2024-09-09 09:21:00,2422.55,2423.761275,2411.35,2410.144325,50,LONG,-680.8474999999817,-44265.90499999427
cash_ACC,RSI2,2024-09-09 09:26:00,2024-09-09 09:33:00,2398.05,2399.249025,2396.3,2395.1018500000005,50,LONG,-207.35874999998032,-44473.26374999425
cash_ACC,RSI2,2024-09-09 10:00:00,2024-09-09 10:17:00,2416.25,2417.4581249999997,2411.55,2410.3442250000003,50,LONG,-355.6949999999688,-44828.95874999422
cash_ACC,RSI2,2024-09-09 10:21:00,2024-09-09 10:30:00,2406.0,2407.203,2407.6,2406.3962,50,LONG,-40.33999999999196,-44869.29874999421
cash_ACC,RSI2,2024-09-09 10:49:00,2024-09-09 10:51:00,2415.6,2416.8077999999996,2419.8,2418.5901000000003,50,LONG,89.11500000003798,-44780.183749994176
cash_ACC,RSI2,2024-09-09 11:25:00,2024-09-09 11:31:00,2430.0,2431.2149999999997,2430.95,2429.734525,50,LONG,-74.0237499999921,-44854.20749999417
cash_ACC,RSI2,2024-09-09 11:44:00,2024-09-09 11:46:00,2430.25,2431.4651249999997,2433.35,2432.1333250000002,50,LONG,33.41000000002623,-44820.79749999414
cash_ACC,RSI2,2024-09-09 11:54:00,2024-09-09 11:57:00,2428.5,2429.71425,2429.85,2428.635075,50,LONG,-53.958749999992506,-44874.756249994134
cash_ACC,RSI2,2024-09-09 12:01:00,2024-09-09 12:07:00,2422.9,2424.11145,2425.7,2424.48715,50,LONG,18.785000000002583,-44855.97124999413
cash_ACC,RSI2,2024-09-09 12:42:00,2024-09-09 12:45:00,2425.65,2426.862825,2427.25,2426.036375,50,LONG,-41.32250000000113,-44897.29374999413
cash_ACC,RSI2,2024-09-09 13:06:00,2024-09-09 13:13:00,2428.85,2430.0644249999996,2432.15,2430.9339250000003,50,LONG,43.475000000034925,-44853.8187499941
cash_ACC,RSI2,2024-09-09 13:28:00,2024-09-09 13:31:00,2448.45,2449.6742249999998,2451.8,2450.5741000000003,50,LONG,44.99375000002601,-44808.824999994074
cash_ACC,RSI2,2024-09-09 13:42:00,2024-09-09 13:46:00,2445.0,2446.2225,2445.5,2444.27725,50,LONG,-97.262499999988,-44906.087499994064
cash_ACC,RSI2,2024-09-09 14:34:00,2024-09-09 14:36:00,2454.05,2455.277025,2457.0,2455.7715000000003,50,LONG,24.723750000021028,-44881.363749994045
cash_ACC,RSI2,2024-09-09 14:59:00,2024-09-09 15:06:00,2455.25,2456.477625,2457.85,2456.621075,50,LONG,7.172500000001492,-44874.191249994044
cash_ACC,RSI2,2024-09-09 15:22:00,2024-09-09 15:23:00,2457.5,2458.7287499999998,2459.95,2458.720025,50,LONG,-0.43624999998428393,-44874.62749999403
cash_ACC,RSI2,2024-09-10 09:28:00,2024-09-10 09:36:00,2458.25,2459.479125,2454.85,2453.622575,50,LONG,-292.8274999999985,-45167.45499999403
cash_ACC,RSI2,2024-09-10 09:43:00,2024-09-10 09:50:00,2450.15,2451.375075,2448.0,2446.7760000000003,50,LONG,-229.95374999998148,-45397.40874999401
cash_ACC,RSI2,2024-09-10 10:55:00,2024-09-10 10:57:00,2445.05,2446.272525,2447.75,2446.5261250000003,50,LONG,12.680000000023028,-45384.728749993985
cash_ACC,RSI2,2024-09-10 11:17:00,2024-09-10 11:24:00,2447.95,2449.1739749999997,2448.7,2447.47565,50,LONG,-84.91624999999203,-45469.64499999398
cash_ACC,RSI2,2024-09-10 11:34:00,2024-09-10 11:42:00,2445.0,2446.2225,2443.2,2441.9784,50,LONG,-212.20499999999447,-45681.849999993974
cash_ACC,RSI2,2024-09-10 11:52:00,2024-09-10 11:54:00,2440.05,2441.2700250000003,2441.3,2440.0793500000004,50,LONG,-59.533749999991414,-45741.38374999397
cash_ACC,RSI2,2024-09-10 12:07:00,2024-09-10 12:12:00,2437.35,2438.568675,2439.15,2437.930425,50,LONG,-31.912499999998545,-45773.29624999397
cash_ACC,RSI2,2024-09-10 12:16:00,2024-09-10 12:19:00,2436.4,2437.6182,2438.15,2436.930925,50,LONG,-34.36374999998861,-45807.65999999396
cash_ACC,RSI2,2024-09-10 13:16:00,2024-09-10 13:23:00,2452.6,2453.8262999999997,2452.5,2451.2737500000003,50,LONG,-127.6274999999714,-45935.28749999393
cash_ACC,RSI2,2024-09-10 13:34:00,2024-09-10 13:41:00,2450.0,2451.225,2449.0,2447.7755,50,LONG,-172.4749999999858,-46107.762499993914
cash_ACC,RSI2,2024-09-10 13:51:00,2024-09-10 14:01:00,2444.7,2445.92235,2444.75,2443.527625,50,LONG,-119.73624999998265,-46227.498749993894
cash_ACC,RSI2,2024-09-10 14:29:00,2024-09-10 14:43:00,2447.55,2448.773775,2443.95,2442.728025,50,LONG,-302.2875000000113,-46529.78624999391
cash_ACC,RSI2,2024-09-10 14:46:00,2024-09-10 14:57:00,2440.0,2441.22,2441.3,2440.0793500000004,50,LONG,-57.03249999996842,-46586.81874999388
cash_ACC,RSI2,2024-09-10 15:00:00,2024-09-10 15:04:00,2437.0,2438.2185,2440.25,2439.029875,50,LONG,40.56875000001128,-46546.24999999387
cash_ACC,RSI2,2024-09-10 15:24:00,2024-09-10 15:27:00,2444.0,2445.2219999999998,2445.35,2444.127325,50,LONG,-54.73374999999123,-46600.98374999386
cash_ACC,RSI2,2024-09-10 15:29:00,2024-09-11 09:22:00,2443.0,2444.2214999999997,2439.45,2438.230275,50,LONG,-299.5612499999879,-46900.54499999384
cash_ACC,RSI2,2024-09-11 09:55:00,2024-09-11 10:03:00,2464.3,2465.53215,2469.5,2468.26525,50,LONG,136.6549999999961,-46763.889999993844
cash_ACC,RSI2,2024-09-11 10:08:00,2024-09-11 10:12:00,2465.25,2466.4826249999996,2467.35,2466.116325,50,LONG,-18.31499999998414,-46782.20499999383
cash_ACC,RSI2,2024-09-11 10:16:00,2024-09-11 10:20:00,2463.8,2465.0319,2465.6,2464.3672,50,LONG,-33.23499999999058,-46815.439999993825
cash_ACC,RSI2,2024-09-11 10:35:00,2024-09-11 10:49:00,2470.55,2471.785275,2469.9,2468.66505,50,LONG,-156.01125000000593,-46971.45124999383
cash_ACC,RSI2,2024-09-11 11:09:00,2024-09-11 11:10:00,2467.1,2468.33355,2468.0,2466.766,50,LONG,-78.37749999998778,-47049.828749993816
cash_ACC,RSI2,2024-09-11 11:16:00,2024-09-11 11:24:00,2464.1,2465.33205,2460.75,2459.5196250000004,50,LONG,-290.62124999998105,-47340.4499999938
cash_ACC,RSI2,2024-09-11 11:30:00,2024-09-11 11:35:00,2458.3,2459.52915,2460.4,2459.1698,50,LONG,-17.967499999986103,-47358.41749999378
cash_ACC,RSI2,2024-09-11 11:47:00,2024-09-11 12:02:00,2462.0,2463.2309999999998,2462.7,2461.46865,50,LONG,-88.11749999999847,-47446.53499999378
cash_ACC,RSI2,2024-09-11 12:10:00,2024-09-11 12:20:00,2461.45,2462.6807249999997,2463.5,2462.26825,50,LONG,-20.623749999981555,-47467.15874999377
cash_ACC,RSI2,2024-09-11 12:51:00,2024-09-11 12:55:00,2465.0,2466.2325,2465.8,2464.5671,50,LONG,-83.26999999999316,-47550.42874999376
cash_ACC,RSI2,2024-09-11 13:00:00,2024-09-11 13:08:00,2460.85,2462.0804249999997,2460.35,2459.119825,50,LONG,-148.02999999997155,-47698.45874999373
cash_ACC,RSI2,2024-09-11 13:12:00,2024-09-11 13:24:00,2458.5,2459.72925,2456.95,2455.721525,50,LONG,-200.38624999999683,-47898.84499999373
cash_ACC,RSI2,2024-09-11 13:31:00,2024-09-11 13:37:00,2454.75,2455.977375,2456.1,2454.87195,50,LONG,-55.27124999998705,-47954.11624999372
cash_ACC,RSI2,2024-09-11 13:42:00,2024-09-11 13:47:00,2453.75,2454.976875,2455.0,2453.7725,50,LONG,-60.218749999989996,-48014.33499999371
cash_ACC,RSI2,2024-09-11 14:00:00,2024-09-11 14:10:00,2452.45,2453.6762249999997,2445.0,2443.7775,50,LONG,-494.9362499999779,-48509.27124999369
cash_ACC,RSI2,2024-09-11 14:35:00,2024-09-11 14:41:00,2451.5,2452.72575,2453.95,2452.723025,50,LONG,-0.13625000001411536,-48509.4074999937
cash_ACC,RSI2,2024-09-11 14:43:00,2024-09-11 14:53:00,2446.55,2447.773275,2442.35,2441.1288250000002,50,LONG,-332.22249999998894,-48841.62999999369
cash_ACC,RSI2,2024-09-11 15:02:00,2024-09-11 15:09:00,2440.5,2441.72025,2442.05,2440.8289750000004,50,LONG,-44.56374999997479,-48886.19374999366
cash_ACC,RSI2,2024-09-11 15:14:00,2024-09-11 15:27:00,2440.2,2441.4201,2437.0,2435.7815,50,LONG,-281.92999999998847,-49168.12374999365
cash_ACC,RSI2,2024-09-12 09:47:00,2024-09-12 09:49:00,2431.4,2432.6157,2433.7,2432.48315,50,LONG,-6.627499999990505,-49174.751249993635
cash_ACC,RSI2,2024-09-12 10:09:00,2024-09-12 10:19:00,2433.25,2434.466625,2429.05,2427.8354750000003,50,LONG,-331.55749999998534,-49506.30874999362
cash_ACC,RSI2,2024-09-12 10:29:00,2024-09-12 10:33:00,2428.4,2429.6142,2428.7,2427.48565,50,LONG,-106.42749999999523,-49612.73624999362
cash_ACC,RSI2,2024-09-12 10:43:00,2024-09-12 10:47:00,2427.55,2428.763775,2428.2,2426.9859,50,LONG,-88.89374999998836,-49701.62999999361
cash_ACC,RSI2,2024-09-12 10:56:00,2024-09-12 10:57:00,2425.15,2426.362575,2427.1,2425.88645,50,LONG,-23.806250000006912,-49725.43624999362
cash_ACC,RSI2,2024-09-12 12:03:00,2024-09-12 12:14:00,2451.9,2453.12595,2448.95,2447.725525,50,LONG,-270.0212500000134,-49995.45749999363
cash_ACC,RSI2,2024-09-12 12:31:00,2024-09-12 12:36:00,2451.95,2453.1759749999997,2452.85,2451.623575,50,LONG,-77.61999999997897,-50073.07749999361
cash_ACC,RSI2,2024-09-12 12:46:00,2024-09-12 12:52:00,2451.2,2452.4255999999996,2453.0,2451.7735000000002,50,LONG,-32.60499999996682,-50105.68249999358
cash_ACC,RSI2,2024-09-12 13:03:00,2024-09-12 13:05:00,2452.25,2453.4761249999997,2453.05,2451.823475,50,LONG,-82.63249999997697,-50188.314999993556
cash_ACC,RSI2,2024-09-12 13:11:00,2024-09-12 13:13:00,2451.25,2452.475625,2451.9,2450.67405,50,LONG,-90.07874999999785,-50278.39374999356
cash_ACC,RSI2,2024-09-12 13:39:00,2024-09-12 13:44:00,2452.55,2453.776275,2454.05,2452.8229750000005,50,LONG,-47.66499999998359,-50326.05874999354
cash_ACC,RSI2,2024-09-12 13:51:00,2024-09-12 14:01:00,2453.0,2454.2264999999998,2454.55,2453.3227250000004,50,LONG,-45.188749999965694,-50371.24749999351
cash_ACC,RSI2,2024-09-12 14:16:00,2024-09-12 14:20:00,2450.0,2451.225,2454.2,2452.9728999999998,50,LONG,87.39499999999225,-50283.85249999352
cash_ACC,RSI2,2024-09-12 14:27:00,2024-09-12 14:32:00,2454.6,2455.8273,2458.45,2457.220775,50,LONG,69.67374999999265,-50214.17874999352
cash_ACC,RSI2,2024-09-12 14:43:00,2024-09-12 14:46:00,2457.1,2458.3285499999997,2459.05,2457.8204750000004,50,LONG,-25.40374999996402,-50239.582499993485
cash_ACC,RSI2,2024-09-13 09:15:00,2024-09-13 09:20:00,2459.05,2460.279525,2460.65,2459.419675,50,LONG,-42.992499999991196,-50282.57499999348
cash_ACC,RSI2,2024-09-13 09:31:00,2024-09-13 09:33:00,2477.2,2478.4385999999995,2481.3,2480.0593500000004,50,LONG,81.03750000004766,-50201.53749999343
cash_ACC,RSI2,2024-09-13 10:05:00,2024-09-13 10:08:00,2495.6,2496.8477999999996,2496.3,2495.0518500000003,50,LONG,-89.79749999996329,-50291.33499999339
cash_ACC,RSI2,2024-09-13 10:21:00,2024-09-13 10:24:00,2495.8,2497.0479,2496.55,2495.3017250000003,50,LONG,-87.30874999998832,-50378.64374999338
cash_ACC,RSI2,2024-09-13 10:54:00,2024-09-13 10:57:00,2497.0,2498.2484999999997,2501.9,2500.6490500000004,50,LONG,120.02750000003743,-50258.61624999334
cash_ACC,RSI2,2024-09-13 11:09:00,2024-09-13 11:10:00,2501.1,2502.3505499999997,2502.8,2501.5486000000005,50,LONG,-40.0974999999562,-50298.7137499933
cash_ACC,RSI2,2024-09-13 11:14:00,2024-09-13 11:16:00,2499.0,2500.2495,2503.05,2501.7984750000005,50,LONG,77.44875000003049,-50221.26499999327
cash_ACC,RSI2,2024-09-13 11:44:00,2024-09-13 11:47:00,2503.45,2504.701725,2508.25,2506.995875,50,LONG,114.70750000000862,-50106.55749999326
cash_ACC,RSI2,2024-09-13 12:07:00,2024-09-13 12:11:00,2504.4,2505.6522,2504.35,2503.097825,50,LONG,-127.71875000000819,-50234.276249993265
cash_ACC,RSI2,2024-09-13 12:17:00,2024-09-13 12:22:00,2499.0,2500.2495,2497.8,2496.5511,50,LONG,-184.91999999998825,-50419.196249993256
cash_ACC,RSI2,2024-09-13 12:42:00,2024-09-13 12:49:00,2497.65,2498.8988249999998,2497.1,2495.85145,50,LONG,-152.36874999998236,-50571.564999993236
cash_ACC,RSI2,2024-09-13 12:53:00,2024-09-13 12:56:00,2495.8,2497.0479,2496.45,2495.201775,50,LONG,-92.30625000000146,-50663.87124999324
cash_ACC,RSI2,2024-09-13 13:15:00,2024-09-13 13:16:00,2496.75,2497.9983749999997,2499.5,2498.25025,50,LONG,12.5937500000191,-50651.277499993215
cash_ACC,RSI2,2024-09-13 13:47:00,2024-09-13 13:50:00,2519.0,2520.2594999999997,2521.25,2519.989375,50,LONG,-13.506249999977626,-50664.78374999319
cash_ACC,RSI2,2024-09-13 13:52:00,2024-09-13 13:56:00,2515.75,2517.007875,2518.25,2516.990875,50,LONG,-0.8499999999912689,-50665.63374999318
cash_ACC,RSI2,2024-09-13 14:14:00,2024-09-13 14:22:00,2516.6,2517.8583,2516.8,2515.5416000000005,50,LONG,-115.83499999997002,-50781.46874999315
cash_ACC,RSI2,2024-09-13 14:31:00,2024-09-13 14:39:00,2514.65,2515.907325,2513.95,2512.693025,50,LONG,-160.7150000000047,-50942.18374999316
cash_ACC,RSI2,2024-09-13 14:53:00,2024-09-13 14:56:00,2518.5,2519.75925,2519.5,2518.2402500000003,50,LONG,-75.9499999999889,-51018.13374999315
cash_ACC,RSI2,2024-09-13 15:00:00,2024-09-13 15:05:00,2514.2,2515.4570999999996,2518.65,2517.390675,50,LONG,96.67875000002368,-50921.454999993126
cash_ACC,RSI2,2024-09-13 15:14:00,2024-09-13 15:19:00,2516.5,2517.75825,2516.35,2515.091825,50,LONG,-133.3212499999945,-51054.77624999312
cash_ACC,RSI2,2024-09-13 15:27:00,2024-09-16 09:15:00,2516.0,2517.258,2517.9,2516.64105,50,LONG,-30.847499999981665,-51085.6237499931
cash_ACC,RSI2,2024-09-16 09:54:00,2024-09-16 09:57:00,2526.9,2528.16345,2527.5,2526.23625,50,LONG,-96.36000000000422,-51181.9837499931
cash_ACC,RSI2,2024-09-16 10:00:00,2024-09-16 10:05:00,2523.85,2525.1119249999997,2525.65,2524.3871750000003,50,LONG,-36.23749999997017,-51218.221249993076
cash_ACC,RSI2,2024-09-16 10:18:00,2024-09-16 10:24:00,2523.9,2525.16195,2526.35,2525.086825,50,LONG,-3.7562500000149157,-51221.97749999309
cash_ACC,RSI2,2024-09-16 10:28:00,2024-09-16 10:33:00,2520.3,2521.5601500000002,2524.45,2523.187775,50,LONG,81.38124999998126,-51140.596249993105
cash_ACC,RSI2,2024-09-16 10:41:00,2024-09-16 10:42:00,2521.25,2522.510625,2524.1,2522.83795,50,LONG,16.36625000001004,-51124.2299999931
cash_ACC,RSI2,2024-09-16 10:51:00,2024-09-16 11:05:00,2522.9,2524.16145,2516.0,2514.742,50,LONG,-470.9724999999935,-51595.202499993095
cash_ACC,RSI2,2024-09-16 11:29:00,2024-09-16 11:30:00,2516.65,2517.908325,2518.75,2517.4906250000004,50,LONG,-20.884999999975662,-51616.08749999307
cash_ACC,RSI2,2024-09-16 11:56:00,2024-09-16 12:01:00,2515.5,2516.7577499999998,2514.7,2513.44265,50,LONG,-165.7549999999901,-51781.84249999306
cash_ACC,RSI2,2024-09-16 12:03:00,2024-09-16 12:09:00,2508.6,2509.8543,2508.95,2507.695525,50,LONG,-107.93874999999389,-51889.78124999305
cash_ACC,RSI2,2024-09-16 12:19:00,2024-09-16 12:23:00,2503.75,2505.001875,2510.95,2509.694525,50,LONG,234.6324999999979,-51655.14874999305
cash_ACC,RSI2,2024-09-16 12:34:00,2024-09-16 12:37:00,2510.9,2512.1554499999997,2512.2,2510.9438999999998,50,LONG,-60.57749999999942,-51715.72624999305
cash_ACC,RSI2,2024-09-16 12:42:00,2024-09-16 12:45:00,2507.0,2508.2535,2507.85,2506.596075,50,LONG,-82.87124999999378,-51798.59749999305
cash_ACC,RSI2,2024-09-16 13:13:00,2024-09-16 13:18:00,2507.6,2508.8538,2507.7,2506.4461499999998,50,LONG,-120.38250000000517,-51918.979999993055
cash_ACC,RSI2,2024-09-16 13:23:00,2024-09-16 13:26:00,2505.6,2506.8527999999997,2506.55,2505.296725,50,LONG,-77.80374999997548,-51996.78374999303
cash_ACC,RSI2,2024-09-16 13:39:00,2024-09-16 13:41:00,2504.4,2505.6522,2505.15,2503.897425,50,LONG,-87.73874999999407,-52084.52249999303
cash_ACC,RSI2,2024-09-16 13:47:00,2024-09-16 13:51:00,2502.0,2503.2509999999997,2504.2,2502.9479,50,LONG,-15.154999999981555,-52099.67749999301
cash_ACC,RSI2,2024-09-16 13:55:00,2024-09-16 13:57:00,2501.05,2502.300525,2503.4,2502.1483000000003,50,LONG,-7.611249999990832,-52107.28874999301
cash_ACC,RSI2,2024-09-16 14:02:00,2024-09-16 14:04:00,2501.2,2502.4505999999997,2506.9,2505.6465500000004,50,LONG,159.79750000003605,-51947.49124999297
cash_ACC,RSI2,2024-09-16 14:15:00,2024-09-16 14:18:00,2510.1,2511.3550499999997,2511.95,2510.694025,50,LONG,-33.05124999999407,-51980.54249999297
cash_ACC,RSI2,2024-09-16 14:38:00,2024-09-16 14:41:00,2512.4,2513.6562,2513.25,2511.993375,50,LONG,-83.14124999999422,-52063.68374999296
cash_ACC,RSI2,2024-09-16 14:46:00,2024-09-16 14:51:00,2510.3,2511.55515,2510.8,2509.5446,50,LONG,-100.52749999999833,-52164.21124999296
cash_ACC,RSI2,2024-09-17 09:15:00,2024-09-17 09:22:00,2507.4,2508.6537,2501.85,2500.599075,50,LONG,-402.731249999988,-52566.94249999295
cash_ACC,RSI2,2024-09-17 09:39:00,2024-09-17 09:41:00,2498.4,2499.6492,2501.85,2500.599075,50,LONG,47.49375000001237,-52519.44874999294
cash_ACC,RSI2,2024-09-17 09:49:00,2024-09-17 09:57:00,2495.9,2497.14795,2493.85,2492.603075,50,LONG,-227.24375000000236,-52746.69249999294
cash_ACC,RSI2,2024-09-17 10:46:00,2024-09-17 10:51:00,2494.55,2495.797275,2502.1,2500.84895,50,LONG,252.58375000000797,-52494.108749992934
cash_ACC,RSI2,2024-09-17 11:06:00,2024-09-17 11:13:00,2501.25,2502.5006249999997,2504.95,2503.697525,50,LONG,59.845000000018445,-52434.26374999292
cash_ACC,RSI2,2024-09-17 11:21:00,2024-09-17 11:28:00,2502.65,2503.901325,2501.5,2500.2492500000003,50,LONG,-182.60374999997566,-52616.86749999289
cash_ACC,RSI2,2024-09-17 11:45:00,2024-09-17 11:51:00,2500.0,2501.25,2498.5,2497.25075,50,LONG,-199.96249999999236,-52816.829999992886
cash_ACC,RSI2,2024-09-17 12:13:00,2024-09-17 12:28:00,2497.95,2499.198975,2496.15,2494.901925,50,LONG,-214.8524999999836,-53031.68249999287
cash_ACC,RSI2,2024-09-17 12:34:00,2024-09-17 12:39:00,2492.85,2494.0964249999997,2494.8,2493.5526000000004,50,LONG,-27.191249999964384,-53058.87374999284
cash_ACC,RSI2,2024-09-17 12:56:00,2024-09-17 12:58:00,2495.0,2496.2475,2495.7,2494.45215,50,LONG,-89.76749999999356,-53148.641249992834
cash_ACC,RSI2,2024-09-17 13:11:00,2024-09-17 13:26:00,2495.7,2496.9478499999996,2493.55,2492.303225,50,LONG,-232.23124999997253,-53380.87249999281
cash_ACC,RSI2,2024-09-17 13:28:00,2024-09-17 13:30:00,2492.15,2493.396075,2495.1,2493.85245,50,LONG,22.81874999998763,-53358.05374999282
cash_ACC,RSI2,2024-09-17 14:47:00,2024-09-17 14:51:00,2502.65,2503.901325,2507.0,2505.7465,50,LONG,92.25875000001906,-53265.794999992795
cash_ACC,RSI2,2024-09-17 14:55:00,2024-09-17 14:56:00,2504.95,2506.2024749999996,2510.5,2509.2447500000003,50,LONG,152.113750000035,-53113.68124999276
cash_ACC,RSI2,2024-09-17 15:05:00,2024-09-17 15:20:00,2504.2,2505.4520999999995,2506.25,2504.9968750000003,50,LONG,-22.761249999962274,-53136.44249999272
cash_ACC,RSI2,2024-09-17 15:24:00,2024-09-18 09:15:00,2502.15,2503.4010749999998,2499.5,2498.25025,50,LONG,-257.54124999998567,-53393.98374999271
cash_ACC,RSI2,2024-09-18 09:30:00,2024-09-18 09:33:00,2495.25,2496.497625,2498.5,2497.25075,50,LONG,37.656250000009095,-53356.3274999927
cash_ACC,RSI2,2024-09-18 10:22:00,2024-09-18 10:34:00,2516.9,2518.15845,2509.2,2507.9454,50,LONG,-510.65249999999196,-53866.97999999269
cash_ACC,RSI2,2024-09-18 10:40:00,2024-09-18 10:52:00,2508.85,2510.104425,2506.15,2504.896925,50,LONG,-260.3749999999991,-54127.35499999269
cash_ACC,RSI2,2024-09-18 11:02:00,2024-09-18 11:05:00,2503.45,2504.701725,2504.35,2503.097825,50,LONG,-80.19500000000335,-54207.5499999927
cash_ACC,RSI2,2024-09-18 11:15:00,2024-09-18 11:24:00,2501.85,2503.1009249999997,2498.1,2496.85095,50,LONG,-312.4987499999861,-54520.04874999268
cash_ACC,RSI2,2024-09-18 11:36:00,2024-09-18 11:38:00,2495.5,2496.74775,2498.95,2497.7005249999997,50,LONG,47.63874999998734,-54472.4099999927
cash_ACC,RSI2,2024-09-18 11:44:00,2024-09-18 11:49:00,2497.3,2498.54865,2497.9,2496.6510500000004,50,LONG,-94.8799999999892,-54567.28999999269
cash_ACC,RSI2,2024-09-18 11:55:00,2024-09-18 11:58:00,2495.5,2496.74775,2496.45,2495.201775,50,LONG,-77.29874999999993,-54644.58874999269
cash_ACC,RSI2,2024-09-18 12:01:00,2024-09-18 12:26:00,2489.05,2490.2945250000002,2484.45,2483.207775,50,LONG,-354.33750000001965,-54998.92624999271
cash_ACC,RSI2,2024-09-18 12:39:00,2024-09-18 12:42:00,2480.25,2481.490125,2481.5,2480.25925,50,LONG,-61.543749999987085,-55060.4699999927
cash_ACC,RSI2,2024-09-18 12:49:00,2024-09-18 12:53:00,2479.45,2480.6897249999997,2478.2,2476.9609,50,LONG,-186.4412499999844,-55246.911249992685
cash_ACC,RSI2,2024-09-18 13:01:00,2024-09-18 13:07:00,2473.0,2474.2365,2473.65,2472.413175,50,LONG,-91.16624999999203,-55338.07749999268
cash_ACC,RSI2,2024-09-18 13:28:00,2024-09-18 13:32:00,2466.2,2467.4330999999997,2468.1,2466.86595,50,LONG,-28.357499999992797,-55366.43499999267
cash_ACC,RSI2,2024-09-18 13:35:00,2024-09-18 13:42:00,2458.7,2459.92935,2459.75,2458.520125,50,LONG,-70.46124999999392,-55436.896249992664
cash_ACC,RSI2,2024-09-18 13:57:00,2024-09-18 14:11:00,2471.0,2472.2355,2466.75,2465.516625,50,LONG,-335.94374999997854,-55772.83999999264
cash_ACC,RSI2,2024-09-18 14:16:00,2024-09-18 14:17:00,2461.6,2462.8307999999997,2467.4,2466.1663000000003,50,LONG,166.77500000002965,-55606.06499999261
cash_ACC,RSI2,2024-09-18 14:28:00,2024-09-18 14:30:00,2467.55,2468.783775,2469.75,2468.5151250000004,50,LONG,-13.432499999976244,-55619.49749999258
cash_ACC,RSI2,2024-09-18 14:54:00,2024-09-18 14:59:00,2466.35,2467.5831749999998,2469.75,2468.5151250000004,50,LONG,46.59750000002987,-55572.89999999255
cash_ACC,RSI2,2024-09-18 15:14:00,2024-09-18 15:25:00,2477.15,2478.388575,2480.8,2479.5596000000005,50,LONG,58.55125000002772,-55514.348749992525
cash_ACC,RSI2,2024-09-18 15:28:00,2024-09-19 09:15:00,2469.05,2470.284525,2485.05,2483.8074750000005,50,LONG,676.1475000000246,-54838.201249992504
cash_ACC,RSI2,2024-09-19 09:23:00,2024-09-19 09:30:00,2480.0,2481.24,2479.15,2477.910425,50,LONG,-166.47874999998749,-55004.67999999249
cash_ACC,RSI2,2024-09-19 09:49:00,2024-09-19 09:54:00,2481.5,2482.74075,2478.15,2476.910925,50,LONG,-291.49124999999003,-55296.17124999248
cash_ACC,RSI2,2024-09-19 09:58:00,2024-09-19 10:09:00,2472.75,2473.986375,2467.5,2466.26625,50,LONG,-386.00624999999127,-55682.177499992475
cash_ACC,RSI2,2024-09-19 10:23:00,2024-09-19 10:25:00,2463.0,2464.2315,2464.85,2463.617575,50,LONG,-30.696249999982683,-55712.87374999246
cash_ACC,RSI2,2024-09-19 10:41:00,2024-09-19 10:49:00,2462.45,2463.681225,2462.0,2460.7690000000002,50,LONG,-145.611249999979,-55858.48499999244
cash_ACC,RSI2,2024-09-19 11:08:00,2024-09-19 11:32:00,2461.05,2462.280525,2435.15,2433.9324250000004,50,LONG,-1417.4049999999852,-57275.889999992425
cash_ACC,RSI2,2024-09-19 11:40:00,2024-09-19 11:47:00,2429.95,2431.1649749999997,2427.65,2426.4361750000003,50,LONG,-236.4399999999705,-57512.3299999924
cash_ACC,RSI2,2024-09-19 11:59:00,2024-09-19 12:02:00,2425.2,2426.4125999999997,2427.15,2425.9364250000003,50,LONG,-23.808749999966494,-57536.138749992366
cash_ACC,RSI2,2024-09-19 12:50:00,2024-09-19 12:52:00,2444.15,2445.3720749999998,2445.5,2444.27725,50,LONG,-54.741249999983665,-57590.87999999235
cash_ACC,RSI2,2024-09-19 12:56:00,2024-09-19 13:06:00,2440.0,2441.22,2439.3,2438.08035,50,LONG,-156.98249999998097,-57747.862499992334
cash_ACC,RSI2,2024-09-19 13:10:00,2024-09-19 13:15:00,2433.5,2434.71675,2436.0,2434.782,50,LONG,3.262500000005275,-57744.59999999233
cash_ACC,RSI2,2024-09-19 13:27:00,2024-09-19 13:34:00,2437.2,2438.4185999999995,2438.1,2436.88095,50,LONG,-76.88249999996515,-57821.48249999229
cash_ACC,RSI2,2024-09-19 13:38:00,2024-09-19 13:51:00,2435.7,2436.91785,2431.95,2430.7340249999997,50,LONG,-309.1912500000035,-58130.6737499923
cash_ACC,RSI2,2024-09-19 14:19:00,2024-09-19 14:23:00,2425.0,2426.2125,2429.45,2428.235275,50,LONG,101.13874999999553,-58029.5349999923
cash_ACC,RSI2,2024-09-19 14:35:00,2024-09-19 14:42:00,2432.15,2433.366075,2436.0,2434.782,50,LONG,70.79625000001215,-57958.738749992284
cash_ACC,RSI2,2024-09-19 14:48:00,2024-09-19 14:53:00,2433.0,2434.2165,2433.7,2432.48315,50,LONG,-86.66749999999865,-58045.40624999228
cash_ACC,RSI2,2024-09-20 09:24:00,2024-09-20 09:40:00,2440.7,2441.92035,2434.7,2433.48265,50,LONG,-421.8849999999975,-58467.291249992275
cash_ACC,RSI2,2024-09-20 10:02:00,2024-09-20 10:05:00,2433.65,2434.866825,2435.9,2434.6820500000003,50,LONG,-9.238749999985885,-58476.52999999226
cash_ACC,RSI2,2024-09-20 10:11:00,2024-09-20 10:15:00,2430.6,2431.8152999999998,2431.65,2430.4341750000003,50,LONG,-69.05624999997144,-58545.58624999223
cash_ACC,RSI2,2024-09-20 10:18:00,2024-09-20 10:36:00,2423.55,2424.761775,2418.35,2417.140825,50,LONG,-381.0474999999997,-58926.63374999223
cash_ACC,RSI2,2024-09-20 10:46:00,2024-09-20 10:49:00,2418.15,2419.359075,2420.4,2419.1898,50,LONG,-8.463749999987158,-58935.09749999222
cash_ACC,RSI2,2024-09-20 11:02:00,2024-09-20 11:05:00,2414.4,2415.6072,2416.8,2415.5916,50,LONG,-0.7799999999861029,-58935.8774999922
cash_ACC,RSI2,2024-09-20 11:57:00,2024-09-20 12:11:00,2444.4,2445.6222,2439.85,2438.630075,50,LONG,-349.606249999988,-59285.48374999219
cash_ACC,RSI2,2024-09-20 12:38:00,2024-09-20 12:42:00,2438.45,2439.6692249999996,2439.5,2438.2802500000003,50,LONG,-69.44874999996955,-59354.93249999216
cash_ACC,RSI2,2024-09-20 12:46:00,2024-09-20 12:47:00,2438.25,2439.469125,2440.0,2438.78,50,LONG,-34.456249999993815,-59389.388749992155
cash_ACC,RSI2,2024-09-20 12:52:00,2024-09-20 12:53:00,2438.5,2439.7192499999996,2439.55,2438.330225,50,LONG,-69.4512499999746,-59458.83999999213
cash_ACC,RSI2,2024-09-20 13:21:00,2024-09-20 13:22:00,2437.45,2438.6687249999995,2439.45,2438.230275,50,LONG,-21.922499999982392,-59480.76249999211
cash_ACC,RSI2,2024-09-20 13:30:00,2024-09-20 13:39:00,2433.7,2434.9168499999996,2429.3,2428.0853500000003,50,LONG,-341.57499999996617,-59822.33749999208
cash_ACC,RSI2,2024-09-20 13:43:00,2024-09-20 13:49:00,2425.5,2426.7127499999997,2429.4,2428.1853,50,LONG,73.62750000002052,-59748.70999999206
cash_ACC,RSI2,2024-09-20 13:58:00,2024-09-20 14:02:00,2426.25,2427.4631249999998,2427.1,2425.88645,50,LONG,-78.83374999998978,-59827.54374999205
cash_ACC,RSI2,2024-09-20 14:28:00,2024-09-20 14:33:00,2434.9,2436.1174499999997,2437.35,2436.131325,50,LONG,0.6937500000049113,-59826.849999992046
cash_ACC,RSI2,2024-09-20 14:42:00,2024-09-20 14:45:00,2428.85,2430.0644249999996,2433.15,2431.933425,50,LONG,93.45000000002983,-59733.39999999202
cash_ACC,RSI2,2024-09-20 15:00:00,2024-09-20 15:04:00,2431.0,2432.2155,2435.85,2434.632075,50,LONG,120.82875000000968,-59612.57124999201
cash_ACC,RSI2,2024-09-20 15:27:00,2024-09-20 15:28:00,2444.1,2445.3220499999998,2449.65,2448.4251750000003,50,LONG,155.15625000002728,-59457.41499999198
cash_ACC,RSI2,2024-09-23 09:24:00,2024-09-23 09:25:00,2435.5,2436.71775,2439.9,2438.6800500000004,50,LONG,98.1150000000298,-59359.299999991956
cash_ACC,RSI2,2024-09-23 09:58:00,2024-09-23 10:00:00,2467.5,2468.73375,2470.2,2468.9649,50,LONG,11.557500000003529,-59347.74249999195
cash_ACC,RSI2,2024-09-23 10:11:00,2024-09-23 10:13:00,2465.0,2466.2325,2467.45,2466.2162749999998,50,LONG,-0.8112500000152068,-59348.55374999197
cash_ACC,RSI2,2024-09-23 10:39:00,2024-09-23 10:44:00,2468.75,2469.984375,2468.9,2467.66555,50,LONG,-115.94124999999167,-59464.494999991955
cash_ACC,RSI2,2024-09-23 10:52:00,2024-09-23 11:02:00,2469.15,2470.384575,2464.7,2463.46765,50,LONG,-345.8462499999996,-59810.34124999196
cash_ACC,RSI2,2024-09-23 11:06:00,2024-09-23 11:08:00,2458.9,2460.12945,2463.4,2462.1683000000003,50,LONG,101.9425000000183,-59708.39874999194
cash_ACC,RSI2,2024-09-23 11:37:00,2024-09-23 11:40:00,2470.1,2471.3350499999997,2473.0,2471.7635,50,LONG,21.422500000016953,-59686.97624999192
cash_ACC,RSI2,2024-09-23 12:03:00,2024-09-23 12:06:00,2479.75,2480.9898749999998,2483.0,2481.7585,50,LONG,38.43125000000782,-59648.544999991915
cash_ACC,RSI2,2024-09-23 12:22:00,2024-09-23 12:28:00,2482.15,2483.391075,2481.25,2480.009375,50,LONG,-169.0849999999955,-59817.629999991914
cash_ACC,RSI2,2024-09-23 12:44:00,2024-09-23 12:58:00,2485.15,2486.392575,2487.55,2486.3062250000003,50,LONG,-4.317499999979191,-59821.94749999189
cash_ACC,RSI2,2024-09-23 13:05:00,2024-09-23 13:13:00,2486.3,2487.54315,2485.0,2483.7575,50,LONG,-189.28249999999025,-60011.229999991876
cash_ACC,RSI2,2024-09-23 13:22:00,2024-09-23 13:28:00,2485.95,2487.1929749999995,2484.65,2483.4076750000004,50,LONG,-189.26499999995485,-60200.49499999183
cash_ACC,RSI2,2024-09-23 13:35:00,2024-09-23 13:37:00,2484.0,2485.2419999999997,2485.15,2483.9074250000003,50,LONG,-66.7287499999702,-60267.223749991805
cash_ACC,RSI2,2024-09-23 13:40:00,2024-09-23 13:41:00,2482.85,2484.0914249999996,2485.75,2484.507125,50,LONG,20.7850000000235,-60246.43874999178
cash_ACC,RSI2,2024-09-23 13:59:00,2024-09-23 14:07:00,2481.15,2482.390575,2480.4,2479.1598000000004,50,LONG,-161.53874999997697,-60407.97749999176
cash_ACC,RSI2,2024-09-23 14:25:00,2024-09-23 14:30:00,2481.3,2482.54065,2482.4,2481.1588,50,LONG,-69.09249999998792,-60477.06999999174
cash_ACC,RSI2,2024-09-23 14:33:00,2024-09-23 14:35:00,2481.0,2482.2405,2482.0,2480.759,50,LONG,-74.07499999999345,-60551.14499999174
cash_ACC,RSI2,2024-09-23 15:02:00,2024-09-23 15:08:00,2487.8,2489.0439,2487.9,2486.65605,50,LONG,-119.39250000000357,-60670.53749999174
cash_ACC,RSI2,2024-09-23 15:15:00,2024-09-23 15:20:00,2486.7,2487.9433499999996,2484.9,2483.6575500000004,50,LONG,-214.28999999995995,-60884.8274999917
cash_ACC,RSI2,2024-09-24 09:50:00,2024-09-24 09:51:00,2479.5,2480.7397499999997,2481.4,2480.1593000000003,50,LONG,-29.02249999997366,-60913.84999999167
cash_ACC,RSI2,2024-09-24 10:09:00,2024-09-24 10:30:00,2478.55,2479.789275,2472.9,2471.66355,50,LONG,-406.28624999999374,-61320.13624999166
cash_ACC,RSI2,2024-09-24 10:34:00,2024-09-24 10:36:00,2466.5,2467.7332499999998,2469.55,2468.3152250000003,50,LONG,29.098750000025575,-61291.03749999163
cash_ACC,RSI2,2024-09-24 10:50:00,2024-09-24 10:54:00,2472.75,2473.986375,2476.0,2474.762,50,LONG,38.781250000010914,-61252.256249991624
cash_ACC,RSI2,2024-09-24 11:01:00,2024-09-24 11:12:00,2476.0,2477.238,2472.85,2471.613575,50,LONG,-281.2212499999987,-61533.477499991626
cash_ACC,RSI2,2024-09-24 11:17:00,2024-09-24 11:31:00,2469.4,2470.6347,2466.0,2464.7670000000003,50,LONG,-293.3849999999893,-61826.862499991614
cash_ACC,RSI2,2024-09-24 11:41:00,2024-09-24 11:47:00,2461.35,2462.5806749999997,2462.3,2461.06885,50,LONG,-75.59124999997948,-61902.45374999159
cash_ACC,RSI2,2024-09-24 12:13:00,2024-09-24 12:16:00,2461.15,2462.380575,2465.15,2463.917425,50,LONG,76.84249999999793,-61825.61124999159
cash_ACC,RSI2,2024-09-24 13:16:00,2024-09-24 13:19:00,2464.25,2465.482125,2465.35,2464.117325,50,LONG,-68.2399999999916,-61893.85124999158
cash_ACC,RSI2,2024-09-24 13:23:00,2024-09-24 13:24:00,2464.25,2465.482125,2465.2,2463.9674,50,LONG,-75.73624999999993,-61969.58749999158
cash_ACC,RSI2,2024-09-24 13:44:00,2024-09-24 13:48:00,2463.0,2464.2315,2464.0,2462.768,50,LONG,-73.174999999992,-62042.76249999157
cash_ACC,RSI2,2024-09-24 13:52:00,2024-09-24 14:01:00,2463.0,2464.2315,2462.15,2460.9189250000004,50,LONG,-165.62874999997348,-62208.391249991546
cash_ACC,RSI2,2024-09-24 14:54:00,2024-09-24 15:02:00,2456.55,2457.778275,2459.8,2458.5701000000004,50,LONG,39.591250000012224,-62168.799999991534
cash_ACC,RSI2,2024-09-25 09:35:00,2024-09-25 09:38:00,2471.15,2472.385575,2474.8,2473.5626,50,LONG,58.85125000002063,-62109.94874999151
cash_ACC,RSI2,2024-09-25 09:52:00,2024-09-25 09:54:00,2479.35,2480.5896749999997,2483.1,2481.85845,50,LONG,63.43875000002299,-62046.50999999149
cash_ACC,RSI2,2024-09-25 10:07:00,2024-09-25 10:10:00,2482.0,2483.241,2484.05,2482.807975,50,LONG,-21.651249999990796,-62068.16124999148
cash_ACC,RSI2,2024-09-25 10:16:00,2024-09-25 10:17:00,2477.15,2478.388575,2484.9,2483.6575500000004,50,LONG,263.4487500000205,-61804.71249999146
cash_ACC,RSI2,2024-09-25 10:28:00,2024-09-25 10:38:00,2478.6,2479.8392999999996,2474.75,2473.5126250000003,50,LONG,-316.33374999996704,-62121.04624999143
cash_ACC,RSI2,2024-09-25 10:56:00,2024-09-25 11:05:00,2474.45,2475.6872249999997,2474.0,2472.763,50,LONG,-146.21124999998756,-62267.257499991414
cash_ACC,RSI2,2024-09-25 11:19:00,2024-09-25 11:24:00,2472.45,2473.6862249999995,2476.0,2474.762,50,LONG,53.78875000003518,-62213.46874999138
cash_ACC,RSI2,2024-09-25 11:30:00,2024-09-25 11:33:00,2471.4,2472.6357,2473.35,2472.1133250000003,50,LONG,-26.11874999997781,-62239.58749999136
cash_ACC,RSI2,2024-09-25 11:40:00,2024-09-25 11:41:00,2469.05,2470.284525,2471.9,2470.6640500000003,50,LONG,18.97625000001426,-62220.61124999134
cash_ACC,RSI2,2024-09-25 11:52:00,2024-09-25 11:57:00,2462.1,2463.33105,2462.45,2461.218775,50,LONG,-105.61374999999771,-62326.22499999134
cash_ACC,RSI2,2024-09-25 12:16:00,2024-09-25 12:22:00,2463.1,2464.33155,2463.65,2462.4181750000002,50,LONG,-95.66874999998163,-62421.89374999132
cash_ACC,RSI2,2024-09-25 12:29:00,2024-09-25 12:33:00,2460.05,2461.280025,2461.45,2460.219275,50,LONG,-53.03750000000491,-62474.93124999133
cash_ACC,RSI2,2024-09-25 12:36:00,2024-09-25 12:44:00,2457.75,2458.978875,2459.0,2457.7705,50,LONG,-60.418749999985266,-62535.34999999131
cash_ACC,RSI2,2024-09-25 12:50:00,2024-09-25 12:55:00,2457.3,2458.52865,2457.9,2456.6710500000004,50,LONG,-92.87999999999101,-62628.2299999913
cash_ACC,RSI2,2024-09-25 14:12:00,2024-09-25 14:18:00,2462.05,2463.281025,2465.05,2463.8174750000003,50,LONG,26.822500000002947,-62601.4074999913
cash_ACC,RSI2,2024-09-25 14:22:00,2024-09-25 14:36:00,2462.15,2463.381075,2457.5,2456.2712500000002,50,LONG,-355.4912499999773,-62956.89874999128
cash_ACC,RSI2,2024-09-25 14:39:00,2024-09-25 14:43:00,2453.95,2455.176975,2456.8,2455.5716,50,LONG,19.731250000018008,-62937.16749999126
cash_ACC,RSI2,2024-09-25 14:59:00,2024-09-25 15:00:00,2452.0,2453.2259999999997,2454.95,2453.722525,50,LONG,24.82625000002372,-62912.34124999124
cash_ACC,RSI2,2024-09-25 15:14:00,2024-09-25 15:23:00,2457.95,2459.178975,2456.65,2455.421675,50,LONG,-187.86499999998796,-63100.20624999123
cash_ACC,RSI2,2024-09-25 15:28:00,2024-09-26 09:18:00,2448.55,2449.774275,2455.3,2454.0723500000004,50,LONG,214.90375000000768,-62885.30249999122
cash_ACC,RSI2,2024-09-26 09:26:00,2024-09-26 09:35:00,2447.35,2448.5736749999996,2439.9,2438.6800500000004,50,LONG,-494.68124999996235,-63379.98374999119
cash_ACC,RSI2,2024-09-26 09:37:00,2024-09-26 09:41:00,2435.0,2436.2174999999997,2438.2,2436.9809,50,LONG,38.170000000013715,-63341.813749991175
cash_ACC,RSI2,2024-09-26 09:57:00,2024-09-26 10:01:00,2438.8,2440.0194,2438.45,2437.230775,50,LONG,-139.4312500000069,-63481.244999991184
cash_ACC,RSI2,2024-09-26 10:07:00,2024-09-26 10:09:00,2437.7,2438.9188499999996,2440.15,2438.9299250000004,50,LONG,0.5537500000400541,-63480.69124999114
cash_ACC,RSI2,2024-09-26 10:16:00,2024-09-26 10:18:00,2438.85,2440.0694249999997,2440.05,2438.829975,50,LONG,-61.972499999978936,-63542.66374999112
cash_ACC,RSI2,2024-09-26 10:26:00,2024-09-26 10:33:00,2435.95,2437.167975,2435.0,2433.7825000000003,50,LONG,-169.27374999997937,-63711.9374999911
cash_ACC,RSI2,2024-09-26 10:46:00,2024-09-26 10:49:00,2427.85,2429.063925,2430.75,2429.5346250000002,50,LONG,23.535000000015316,-63688.40249999108
cash_ACC,RSI2,2024-09-26 10:59:00,2024-09-26 11:03:00,2429.2,2430.4145999999996,2431.0,2429.7845,50,LONG,-31.504999999970096,-63719.90749999105
cash_ACC,RSI2,2024-09-26 11:12:00,2024-09-26 11:14:00,2432.05,2433.266025,2433.6,2432.3832,50,LONG,-44.14124999998421,-63764.04874999104
cash_ACC,RSI2,2024-09-26 11:38:00,2024-09-26 11:39:00,2440.75,2441.970375,2444.0,2442.7780000000002,50,LONG,40.381250000018554,-63723.66749999102
cash_ACC,RSI2,2024-09-26 11:47:00,2024-09-26 11:50:00,2440.0,2441.22,2441.8,2440.5791000000004,50,LONG,-32.04499999997097,-63755.71249999099
cash_ACC,RSI2,2024-09-26 11:58:00,2024-09-26 12:04:00,2441.1,2442.32055,2439.95,2438.730025,50,LONG,-179.52625000000353,-63935.23874999099
cash_ACC,RSI2,2024-09-26 13:32:00,2024-09-26 13:35:00,2452.95,2454.1764749999998,2454.65,2453.4226750000003,50,LONG,-37.68999999997504,-63972.92874999096
cash_ACC,RSI2,2024-09-26 13:49:00,2024-09-26 13:51:00,2450.8,2452.0254,2453.65,2452.4231750000004,50,LONG,19.888750000018263,-63953.03999999094
cash_ACC,RSI2,2024-09-26 14:09:00,2024-09-26 14:11:00,2453.6,2454.8268,2456.05,2454.8219750000003,50,LONG,-0.24124999997638952,-63953.28124999092
cash_ACC,RSI2,2024-09-26 14:38:00,2024-09-26 14:42:00,2456.75,2457.9783749999997,2460.5,2459.26975,50,LONG,64.56875000001219,-63888.71249999091
cash_ACC,RSI2,2024-09-27 09:15:00,2024-09-27 09:16:00,2466.7,2467.93335,2476.9,2475.6615500000003,50,LONG,386.4100000000235,-63502.30249999088
cash_ACC,RSI2,2024-09-27 09:27:00,2024-09-27 09:36:00,2483.65,2484.891825,2478.9,2477.66055,50,LONG,-361.5637500000048,-63863.86624999088
cash_ACC,RSI2,2024-09-27 09:56:00,2024-09-27 09:59:00,2489.5,2490.74475,2497.0,2495.7515000000003,50,LONG,250.33750000002328,-63613.52874999086
cash_ACC,RSI2,2024-09-27 10:07:00,2024-09-27 10:13:00,2502.8,2504.0514,2502.25,2500.998875,50,LONG,-152.62624999998025,-63766.15499999084
cash_ACC,RSI2,2024-09-27 10:26:00,2024-09-27 10:28:00,2502.05,2503.301025,2505.2,2503.9474,50,LONG,32.31874999999036,-63733.83624999085
cash_ACC,RSI2,2024-09-27 10:33:00,2024-09-27 10:36:00,2502.15,2503.4010749999998,2504.9,2503.64755,50,LONG,12.323750000018663,-63721.51249999083
cash_ACC,RSI2,2024-09-27 11:09:00,2024-09-27 11:13:00,2502.05,2503.301025,2504.95,2503.697525,50,LONG,19.824999999991633,-63701.68749999084
cash_ACC,RSI2,2024-09-27 11:19:00,2024-09-27 11:21:00,2502.0,2503.2509999999997,2504.9,2503.64755,50,LONG,19.827500000019427,-63681.85999999082
cash_ACC,RSI2,2024-09-27 11:25:00,2024-09-27 11:28:00,2502.0,2503.2509999999997,2503.9,2502.6480500000002,50,LONG,-30.14749999997548,-63712.007499990796
cash_ACC,RSI2,2024-09-27 11:48:00,2024-09-27 12:01:00,2501.9,2503.1509499999997,2498.0,2496.751,50,LONG,-319.99749999997675,-64032.00499999077
cash_ACC,RSI2,2024-09-27 12:19:00,2024-09-27 12:28:00,2500.15,2501.400075,2498.7,2497.4506499999998,50,LONG,-197.47125000001233,-64229.47624999078
cash_ACC,RSI2,2024-09-27 12:30:00,2024-09-27 12:33:00,2497.25,2498.4986249999997,2498.2,2496.9509,50,LONG,-77.38624999999502,-64306.86249999078
cash_ACC,RSI2,2024-09-27 12:59:00,2024-09-27 13:04:00,2494.15,2495.397075,2495.0,2493.7525,50,LONG,-82.22874999999021,-64389.091249990764
cash_ACC,RSI2,2024-09-27 13:22:00,2024-09-27 13:26:00,2491.5,2492.74575,2493.7,2492.45315,50,LONG,-14.630000000011023,-64403.72124999078
cash_ACC,RSI2,2024-09-27 13:35:00,2024-09-27 13:38:00,2495.0,2496.2475,2497.85,2496.601075,50,LONG,17.678750000004584,-64386.04249999077
cash_ACC,RSI2,2024-09-27 14:05:00,2024-09-27 14:14:00,2502.7,2503.95135,2500.15,2498.899925,50,LONG,-252.57124999998268,-64638.61374999075
cash_ACC,RSI2,2024-09-27 14:23:00,2024-09-27 14:26:00,2494.55,2495.797275,2497.35,2496.101325,50,LONG,15.202500000009422,-64623.41124999074
cash_ACC,RSI2,2024-09-27 14:38:00,2024-09-27 14:45:00,2498.95,2500.199475,2499.3,2498.0503500000004,50,LONG,-107.4562499999729,-64730.867499990716
cash_ACC,RSI2,2024-09-27 14:52:00,2024-09-27 15:01:00,2494.35,2495.597175,2491.2,2489.9544,50,LONG,-282.13874999999007,-65013.00624999071
cash_ACC,RSI2,2024-09-27 15:06:00,2024-09-27 15:11:00,2484.85,2486.092425,2484.2,2482.9579,50,LONG,-156.72624999999698,-65169.73249999071
cash_ACC,RSI2,2024-09-27 15:20:00,2024-09-27 15:25:00,2479.0,2480.2394999999997,2482.0,2480.759,50,LONG,25.975000000016735,-65143.757499990694
cash_ACC,RSI2,2024-09-27 15:28:00,2024-09-30 09:15:00,2476.0,2477.238,2485.3,2484.0573500000005,50,LONG,340.9675000000334,-64802.78999999066
cash_ACC,RSI2,2024-09-30 09:25:00,2024-09-30 09:34:00,2490.65,2491.895325,2495.5,2494.25225,50,LONG,117.84625000000233,-64684.943749990656
cash_ACC,RSI2,2024-09-30 09:41:00,2024-09-30 09:44:00,2495.35,2496.597675,2498.4,2497.1508000000003,50,LONG,27.65625000001819,-64657.287499990634
cash_ACC,RSI2,2024-09-30 09:51:00,2024-09-30 09:52:00,2491.55,2492.795775,2497.55,2496.301225,50,LONG,175.2725000000055,-64482.01499999063
cash_ACC,RSI2,2024-09-30 10:30:00,2024-09-30 10:40:00,2530.3,2531.56515,2528.7,2527.43565,50,LONG,-206.47500000000036,-64688.48999999063
cash_ACC,RSI2,2024-09-30 10:49:00,2024-09-30 10:50:00,2526.0,2527.263,2530.4,2529.1348000000003,50,LONG,93.59000000001743,-64594.89999999061
cash_ACC,RSI2,2024-09-30 10:56:00,2024-09-30 11:06:00,2526.15,2527.413075,2527.15,2525.886425,50,LONG,-76.33249999998952,-64671.2324999906
cash_ACC,RSI2,2024-09-30 11:11:00,2024-09-30 11:13:00,2523.0,2524.2615,2524.95,2523.687525,50,LONG,-28.698750000012296,-64699.93124999061
cash_ACC,RSI2,2024-09-30 11:26:00,2024-09-30 11:29:00,2532.25,2533.5161249999996,2537.7,2536.43115,50,LONG,145.75125000001208,-64554.17999999059
cash_ACC,RSI2,2024-09-30 11:42:00,2024-09-30 11:46:00,2538.65,2539.919325,2538.4,2537.1308000000004,50,LONG,-139.42624999997406,-64693.60624999057
cash_ACC,RSI2,2024-09-30 11:53:00,2024-09-30 12:18:00,2533.55,2534.8167750000002,2523.0,2521.7385,50,LONG,-653.9137500000152,-65347.51999999058
cash_ACC,RSI2,2024-09-30 12:26:00,2024-09-30 12:27:00,2521.95,2523.2109749999995,2525.15,2523.8874250000003,50,LONG,33.822500000042055,-65313.697499990536
cash_ACC,RSI2,2024-09-30 12:32:00,2024-09-30 12:37:00,2522.15,2523.411075,2523.65,2522.388175,50,LONG,-51.1449999999968,-65364.84249999053
cash_ACC,RSI2,2024-09-30 12:52:00,2024-09-30 12:55:00,2525.8,2527.0629,2529.3,2528.03535,50,LONG,48.622500000010405,-65316.21999999052
cash_ACC,RSI2,2024-09-30 13:07:00,2024-09-30 13:11:00,2525.75,2527.012875,2526.6,2525.3367,50,LONG,-83.80875000000287,-65400.028749990524
cash_ACC,RSI2,2024-09-30 13:25:00,2024-09-30 13:32:00,2523.0,2524.2615,2518.15,2516.890925,50,LONG,-368.52874999999585,-65768.55749999052
cash_ACC,RSI2,2024-09-30 13:49:00,2024-09-30 13:50:00,2522.4,2523.6612,2524.0,2522.7380000000003,50,LONG,-46.15999999998621,-65814.71749999051
cash_ACC,RSI2,2024-09-30 14:04:00,2024-09-30 14:17:00,2521.4,2522.6607,2509.3,2508.0453500000003,50,LONG,-730.767499999979,-66545.48499999048
cash_ACC,RSI2,2024-09-30 14:26:00,2024-09-30 14:31:00,2503.2,2504.4516,2505.0,2503.7475,50,LONG,-35.20499999999629,-66580.68999999049
cash_ACC,RSI2,2024-09-30 14:34:00,2024-09-30 14:39:00,2502.6,2503.8513,2504.0,2502.748,50,LONG,-55.16499999998814,-66635.85499999048
cash_ACC,RSI2,2024-09-30 15:01:00,2024-09-30 15:04:00,2511.15,2512.4055749999998,2514.9,2513.64255,50,LONG,61.84875000001284,-66574.00624999046
cash_ACC,RSI2,2024-09-30 15:18:00,2024-09-30 15:21:00,2512.0,2513.256,2513.35,2512.093325,50,LONG,-58.13375000000178,-66632.13999999047
cash_ACC,RSI2,2024-09-30 15:26:00,2024-10-01 09:17:00,2509.8,2511.0549,2510.0,2508.7450000000003,50,LONG,-115.49499999998716,-66747.63499999045
cash_ACC,RSI2,2024-10-01 09:28:00,2024-10-01 09:32:00,2505.7,2506.9528499999997,2505.0,2503.7475,50,LONG,-160.26749999998628,-66907.90249999044
cash_ACC,RSI2,2024-10-01 09:40:00,2024-10-01 09:47:00,2503.55,2504.801775,2508.55,2507.2957250000004,50,LONG,124.69750000002477,-66783.20499999041
cash_ACC,RSI2,2024-10-01 09:57:00,2024-10-01 10:07:00,2497.0,2498.2484999999997,2500.45,2499.199775,50,LONG,47.563750000017535,-66735.6412499904
cash_ACC,RSI2,2024-10-01 10:13:00,2024-10-01 10:17:00,2499.8,2501.0499,2498.4,2497.1508000000003,50,LONG,-194.95499999998174,-66930.59624999038
cash_ACC,RSI2,2024-10-01 10:19:00,2024-10-01 10:34:00,2492.65,2493.896325,2483.65,2482.408175,50,LONG,-574.4075000000066,-67505.00374999038
cash_ACC,RSI2,2024-10-01 10:46:00,2024-10-01 10:49:00,2476.6,2477.8383,2482.8,2481.5586000000003,50,LONG,186.01500000002034,-67318.98874999037
cash_ACC,RSI2,2024-10-01 11:22:00,2024-10-01 11:28:00,2492.9,2494.1464499999997,2495.0,2493.7525,50,LONG,-19.697499999983847,-67338.68624999035
cash_ACC,RSI2,2024-10-01 12:12:00,2024-10-01 12:18:00,2504.0,2505.252,2504.85,2503.5975750000002,50,LONG,-82.72124999998596,-67421.40749999034
cash_ACC,RSI2,2024-10-01 12:32:00,2024-10-01 12:34:00,2504.3,2505.55215,2507.4,2506.1463000000003,50,LONG,29.707500000017717,-67391.69999999032
cash_ACC,RSI2,2024-10-01 12:40:00,2024-10-01 12:52:00,2504.0,2505.252,2503.25,2501.998375,50,LONG,-162.68124999999145,-67554.38124999031
cash_ACC,RSI2,2024-10-01 13:06:00,2024-10-01 13:10:00,2506.4,2507.6531999999997,2507.0,2505.7465,50,LONG,-95.3349999999773,-67649.71624999029
cash_ACC,RSI2,2024-10-01 13:38:00,2024-10-01 13:41:00,2514.0,2515.257,2516.0,2514.742,50,LONG,-25.749999999993634,-67675.46624999029
cash_ACC,RSI2,2024-10-01 14:20:00,2024-10-01 14:39:00,2510.0,2511.2549999999997,2504.45,2503.197775,50,LONG,-402.8612499999781,-68078.32749999026
cash_ACC,RSI2,2024-10-01 14:42:00,2024-10-01 14:46:00,2502.75,2504.001375,2504.75,2503.497625,50,LONG,-25.187499999992724,-68103.51499999026
cash_ACC,RSI2,2024-10-01 15:17:00,2024-10-01 15:25:00,2508.85,2510.104425,2510.0,2508.7450000000003,50,LONG,-67.97124999998232,-68171.48624999025
cash_ACC,RSI2,2024-10-03 09:15:00,2024-10-03 09:21:00,2481.15,2482.390575,2496.0,2494.752,50,LONG,618.0712500000027,-67553.41499999024
cash_ACC,RSI2,2024-10-03 09:44:00,2024-10-03 09:46:00,2496.25,2497.498125,2499.5,2498.25025,50,LONG,37.60624999999891,-67515.80874999025
cash_ACC,RSI2,2024-10-03 10:00:00,2024-10-03 10:04:00,2506.15,2507.403075,2510.05,2508.7949750000002,50,LONG,69.59500000000389,-67446.21374999025
cash_ACC,RSI2,2024-10-03 10:10:00,2024-10-03 10:15:00,2504.25,2505.502125,2503.75,2502.498125,50,LONG,-150.19999999999527,-67596.41374999024
cash_ACC,RSI2,2024-10-03 10:18:00,2024-10-03 10:21:00,2495.5,2496.74775,2502.25,2500.998875,50,LONG,212.55625000001146,-67383.85749999023
cash_ACC,RSI2,2024-10-03 10:29:00,2024-10-03 10:32:00,2501.1,2502.3505499999997,2502.8,2501.5486000000005,50,LONG,-40.0974999999562,-67423.9549999902
cash_ACC,RSI2,2024-10-03 10:37:00,2024-10-03 10:43:00,2499.35,2500.599675,2505.05,2503.7974750000003,50,LONG,159.89000000001852,-67264.06499999018
cash_ACC,RSI2,2024-10-03 11:03:00,2024-10-03 11:08:00,2501.0,2502.2504999999996,2503.6,2502.3482,50,LONG,4.885000000012951,-67259.17999999017
cash_ACC,RSI2,2024-10-03 11:16:00,2024-10-03 11:37:00,2495.1,2496.34755,2482.3,2481.0588500000003,50,LONG,-764.4349999999804,-68023.61499999015
cash_ACC,RSI2,2024-10-03 11:40:00,2024-10-03 11:47:00,2479.55,2480.789775,2473.85,2472.613075,50,LONG,-408.8349999999991,-68432.44999999015
cash_ACC,RSI2,2024-10-03 12:02:00,2024-10-03 12:08:00,2469.5,2470.73475,2469.5,2468.26525,50,LONG,-123.47500000000764,-68555.92499999015
cash_ACC,RSI2,2024-10-03 12:15:00,2024-10-03 12:24:00,2469.35,2470.5846749999996,2468.15,2466.9159250000002,50,LONG,-183.43749999996817,-68739.36249999012
cash_ACC,RSI2,2024-10-03 12:45:00,2024-10-03 12:52:00,2480.95,2482.190475,2480.25,2479.009875,50,LONG,-159.02999999998428,-68898.3924999901
cash_ACC,RSI2,2024-10-03 12:56:00,2024-10-03 12:59:00,2475.0,2476.2374999999997,2476.8,2475.5616000000005,50,LONG,-33.79499999996369,-68932.18749999008
cash_ACC,RSI2,2024-10-03 13:02:00,2024-10-03 13:29:00,2469.85,2471.0849249999997,2443.25,2442.0283750000003,50,LONG,-1452.8274999999667,-70385.01499999005
cash_ACC,RSI2,2024-10-03 13:45:00,2024-10-03 13:49:00,2434.45,2435.6672249999997,2439.4,2438.1803000000004,50,LONG,125.65375000003769,-70259.36124999
cash_ACC,RSI2,2024-10-03 13:53:00,2024-10-03 13:57:00,2434.85,2436.0674249999997,2441.95,2440.729025,50,LONG,233.08000000001812,-70026.28124998999
cash_ACC,RSI2,2024-10-03 14:12:00,2024-10-03 14:14:00,2436.25,2437.468125,2446.0,2444.777,50,LONG,365.44375000000855,-69660.83749998998
cash_ACC,RSI2,2024-10-03 14:22:00,2024-10-03 14:27:00,2443.25,2444.4716249999997,2445.7,2444.47715,50,LONG,0.2762500000244472,-69660.56124998996
cash_ACC,RSI2,2024-10-03 14:42:00,2024-10-03 14:49:00,2449.0,2450.2245,2446.9,2445.67655,50,LONG,-227.39749999998367,-69887.95874998994
cash_ACC,RSI2,2024-10-04 09:19:00,2024-10-04 09:33:00,2451.9,2453.12595,2435.25,2434.0323750000002,50,LONG,-954.6787499999937,-70842.63749998993
cash_ACC,RSI2,2024-10-04 10:06:00,2024-10-04 10:08:00,2469.5,2470.73475,2473.35,2472.1133250000003,50,LONG,68.92875000000913,-70773.70874998992
cash_ACC,RSI2,2024-10-04 10:13:00,2024-10-04 10:25:00,2464.65,2465.882325,2463.05,2461.8184750000005,50,LONG,-203.19249999997737,-70976.9012499899
cash_ACC,RSI2,2024-10-04 10:30:00,2024-10-04 10:32:00,2458.45,2459.679225,2462.3,2461.06885,50,LONG,69.48125000001255,-70907.41999998988
cash_ACC,RSI2,2024-10-04 11:07:00,2024-10-04 11:11:00,2471.75,2472.985875,2474.85,2473.612575,50,LONG,31.33500000001277,-70876.08499998988
cash_ACC,RSI2,2024-10-04 11:16:00,2024-10-04 11:38:00,2466.0,2467.2329999999997,2461.75,2460.5191250000003,50,LONG,-335.6937499999731,-71211.77874998985
cash_ACC,RSI2,2024-10-04 11:56:00,2024-10-04 11:59:00,2465.3,2466.53265,2467.5,2466.26625,50,LONG,-13.3199999999988,-71225.09874998985
cash_ACC,RSI2,2024-10-04 12:13:00,2024-10-04 12:23:00,2468.75,2469.984375,2468.5,2467.26575,50,LONG,-135.93124999999873,-71361.02999998984
cash_ACC,RSI2,2024-10-04 12:30:00,2024-10-04 12:33:00,2465.5,2466.7327499999997,2467.2,2465.9664,50,LONG,-38.31749999999374,-71399.34749998983
cash_ACC,RSI2,2024-10-04 12:34:00,2024-10-04 12:45:00,2460.95,2462.1804749999997,2452.15,2450.923925,50,LONG,-562.8274999999803,-71962.17499998982
cash_ACC,RSI2,2024-10-04 12:59:00,2024-10-04 13:03:00,2441.2,2442.4205999999995,2445.1,2443.87745,50,LONG,72.8425000000243,-71889.33249998979
cash_ACC,RSI2,2024-10-04 13:16:00,2024-10-04 13:28:00,2438.0,2439.219,2439.0,2437.7805000000003,50,LONG,-71.92499999998745,-71961.25749998978
cash_ACC,RSI2,2024-10-04 13:36:00,2024-10-04 13:42:00,2431.1,2432.31555,2430.1,2428.88495,50,LONG,-171.52999999998428,-72132.78749998976
cash_ACC,RSI2,2024-10-04 13:48:00,2024-10-04 13:49:00,2429.05,2430.264525,2434.75,2433.5326250000003,50,LONG,163.40500000001157,-71969.38249998975
cash_ACC,RSI2,2024-10-04 13:59:00,2024-10-04 14:08:00,2433.5,2434.71675,2431.35,2430.134325,50,LONG,-229.12125000000287,-72198.50374998974
cash_ACC,RSI2,2024-10-04 14:19:00,2024-10-04 14:29:00,2424.8,2426.0124,2422.6,2421.3887,50,LONG,-231.18500000000495,-72429.68874998976
cash_ACC,RSI2,2024-10-04 15:14:00,2024-10-04 15:15:00,2431.05,2432.2655250000003,2436.2,2434.9818999999998,50,LONG,135.8187499999758,-72293.86999998978
cash_ACC,RSI2,2024-10-07 09:26:00,2024-10-07 09:34:00,2431.95,2433.165975,2428.05,2426.8359750000004,50,LONG,-316.4999999999736,-72610.36999998975
cash_ACC,RSI2,2024-10-07 09:38:00,2024-10-07 10:07:00,2424.25,2425.462125,2379.0,2377.8105,50,LONG,-2382.5812499999984,-74992.95124998975
cash_ACC,RSI2,2024-10-07 10:10:00,2024-10-07 10:16:00,2372.6,2373.7862999999998,2377.8,2376.6111000000005,50,LONG,141.2400000000389,-74851.71124998972
cash_ACC,RSI2,2024-10-07 10:27:00,2024-10-07 10:42:00,2373.0,2374.1865,2357.65,2356.471175,50,LONG,-885.7662499999833,-75737.4774999897
cash_ACC,RSI2,2024-10-07 10:49:00,2024-10-07 10:55:00,2359.0,2360.1794999999997,2356.35,2355.171825,50,LONG,-250.38374999999178,-75987.8612499897
cash_ACC,RSI2,2024-10-07 11:00:00,2024-10-07 11:07:00,2355.1,2356.27755,2356.55,2355.3717250000004,50,LONG,-45.291249999968386,-76033.15249998966
cash_ACC,RSI2,2024-10-07 11:18:00,2024-10-07 11:20:00,2354.05,2355.227025,2356.9,2355.72155,50,LONG,24.726250000003347,-76008.42624998966
cash_ACC,RSI2,2024-10-07 11:31:00,2024-10-07 11:34:00,2350.8,2351.9754000000003,2354.95,2353.772525,50,LONG,89.85624999997981,-75918.56999998968
cash_ACC,RSI2,2024-10-07 11:39:00,2024-10-07 11:42:00,2348.05,2349.224025,2352.05,2350.8739750000004,50,LONG,82.49750000002223,-75836.07249998965
cash_ACC,RSI2,2024-10-07 11:52:00,2024-10-07 12:06:00,2346.5,2347.67325,2344.35,2343.177825,50,LONG,-224.77124999998068,-76060.84374998962
cash_ACC,RSI2,2024-10-07 12:17:00,2024-10-07 12:20:00,2348.9,2350.07445,2351.15,2349.9744250000003,50,LONG,-5.001249999986612,-76065.84499998961
cash_ACC,RSI2,2024-10-07 12:26:00,2024-10-07 12:44:00,2348.25,2349.424125,2339.3,2338.1303500000004,50,LONG,-564.6887499999821,-76630.5337499896
cash_ACC,RSI2,2024-10-07 12:47:00,2024-10-07 12:52:00,2335.55,2336.717775,2334.0,2332.833,50,LONG,-194.23874999999953,-76824.7724999896
cash_ACC,RSI2,2024-10-07 13:08:00,2024-10-07 13:11:00,2333.25,2334.416625,2335.45,2334.282275,50,LONG,-6.71749999999065,-76831.48999998959
cash_ACC,RSI2,2024-10-07 13:14:00,2024-10-07 13:26:00,2325.75,2326.912875,2324.2,2323.0379,50,LONG,-193.74875000000884,-77025.2387499896
cash_ACC,RSI2,2024-10-07 13:40:00,2024-10-07 13:50:00,2323.1,2324.2615499999997,2318.5,2317.3407500000003,50,LONG,-346.03999999997086,-77371.27874998956
cash_ACC,RSI2,2024-10-07 13:59:00,2024-10-07 14:00:00,2314.75,2315.907375,2319.3,2318.14035,50,LONG,111.64875000001757,-77259.62999998954
cash_ACC,RSI2,2024-10-07 14:20:00,2024-10-07 14:25:00,2321.1,2322.26055,2328.3,2327.13585,50,LONG,243.7650000000076,-77015.86499998953
cash_ACC,RSI2,2024-10-07 14:56:00,2024-10-07 14:57:00,2348.0,2349.174,2351.3,2350.1243500000005,50,LONG,47.5175000000263,-76968.3474999895
cash_ACC,RSI2,2024-10-07 15:04:00,2024-10-07 15:08:00,2347.05,2348.223525,2349.4,2348.2253,50,LONG,0.08875000000898581,-76968.25874998949
cash_ACC,RSI2,2024-10-07 15:18:00,2024-10-07 15:23:00,2347.05,2348.223525,2348.6,2347.4257000000002,50,LONG,-39.89124999998239,-77008.14999998947
cash_ACC,RSI2,2024-10-08 09:15:00,2024-10-08 09:21:00,2338.2,2339.3691,2350.45,2349.274775,50,LONG,495.2837499999987,-76512.86624998947
cash_ACC,RSI2,2024-10-08 09:35:00,2024-10-08 09:43:00,2344.15,2345.322075,2337.85,2336.681075,50,LONG,-432.0500000000038,-76944.91624998947
cash_ACC,RSI2,2024-10-08 10:03:00,2024-10-08 10:04:00,2358.0,2359.179,2361.7,2360.51915,50,LONG,67.00749999999971,-76877.90874998947
cash_ACC,RSI2,2024-10-08 10:11:00,2024-10-08 10:14:00,2354.05,2355.227025,2357.8,2356.6211000000003,50,LONG,69.70375000000786,-76808.20499998945
cash_ACC,RSI2,2024-10-08 10:45:00,2024-10-08 10:48:00,2368.8,2369.9844000000003,2375.0,2373.8125,50,LONG,191.4049999999861,-76616.79999998947
cash_ACC,RSI2,2024-10-08 10:54:00,2024-10-08 11:01:00,2364.9,2366.08245,2370.25,2369.064875,50,LONG,149.12125000000742,-76467.67874998946
cash_ACC,RSI2,2024-10-08 11:35:00,2024-10-08 11:38:00,2375.6,2376.7877999999996,2377.9,2376.7110500000003,50,LONG,-3.8374999999632564,-76471.51624998942
cash_ACC,RSI2,2024-10-08 11:42:00,2024-10-08 11:44:00,2373.8,2374.9869,2375.8,2374.6121000000003,50,LONG,-18.739999999979773,-76490.2562499894
cash_ACC,RSI2,2024-10-08 11:51:00,2024-10-08 11:59:00,2375.85,2377.0379249999996,2368.3,2367.11585,50,LONG,-496.10374999997475,-76986.35999998938
cash_ACC,RSI2,2024-10-08 12:02:00,2024-10-08 12:10:00,2362.55,2363.731275,2361.9,2360.71905,50,LONG,-150.6112499999972,-77136.97124998938
cash_ACC,RSI2,2024-10-08 12:20:00,2024-10-08 12:22:00,2365.0,2366.1825,2368.8,2367.6156,50,LONG,71.65500000000975,-77065.31624998937
cash_ACC,RSI2,2024-10-08 12:32:00,2024-10-08 12:35:00,2359.45,2360.629725,2361.75,2360.569125,50,LONG,-3.029999999989741,-77068.34624998935
cash_ACC,RSI2,2024-10-08 12:42:00,2024-10-08 12:46:00,2359.1,2360.2795499999997,2364.55,2363.3677250000005,50,LONG,154.4087500000387,-76913.93749998932
cash_ACC,RSI2,2024-10-08 13:20:00,2024-10-08 13:24:00,2366.0,2367.183,2369.4,2368.2153000000003,50,LONG,51.61500000001524,-76862.3224999893
cash_ACC,RSI2,2024-10-08 13:42:00,2024-10-08 13:45:00,2369.5,2370.68475,2372.35,2371.163825,50,LONG,23.953750000009677,-76838.36874998928
cash_ACC,RSI2,2024-10-08 13:58:00,2024-10-08 14:03:00,2371.8,2372.9859,2374.25,2373.062875,50,LONG,3.8487499999973807,-76834.51999998928
cash_ACC,RSI2,2024-10-08 14:10:00,2024-10-08 14:22:00,2367.4,2368.5837,2364.0,2362.818,50,LONG,-288.2849999999962,-77122.80499998928
cash_ACC,RSI2,2024-10-08 14:30:00,2024-10-08 14:34:00,2363.5,2364.6817499999997,2365.3,2364.1173500000004,50,LONG,-28.219999999964784,-77151.02499998925
cash_ACC,RSI2,2024-10-08 14:45:00,2024-10-08 14:46:00,2364.0,2365.182,2370.0,2368.815,50,LONG,181.65000000001328,-76969.37499998925
cash_ACC,RSI2,2024-10-09 09:24:00,2024-10-09 09:32:00,2386.55,2387.7432750000003,2379.0,2377.8105,50,LONG,-496.638750000011,-77466.01374998926
cash_ACC,RSI2,2024-10-09 09:36:00,2024-10-09 09:42:00,2374.65,2375.837325,2374.8,2373.6126000000004,50,LONG,-111.23624999997901,-77577.24999998923
cash_ACC,RSI2,2024-10-09 09:53:00,2024-10-09 09:57:00,2369.35,2370.534675,2376.2,2375.0119,50,LONG,223.86125000000447,-77353.38874998923
cash_ACC,RSI2,2024-10-09 10:46:00,2024-10-09 10:48:00,2378.0,2379.189,2379.8,2378.6101000000003,50,LONG,-28.944999999976062,-77382.33374998921
cash_ACC,RSI2,2024-10-09 10:54:00,2024-10-09 10:55:00,2377.55,2378.7387750000003,2379.1,2377.91045,50,LONG,-41.41625000002023,-77423.74999998923
cash_ACC,RSI2,2024-10-09 11:04:00,2024-10-09 11:07:00,2378.35,2379.539175,2380.7,2379.50965,50,LONG,-1.476249999996071,-77425.22624998922
cash_ACC,RSI2,2024-10-09 11:34:00,2024-10-09 12:02:00,2379.35,2380.539675,2365.9,2364.71705,50,LONG,-791.1312499999894,-78216.35749998922
cash_ACC,RSI2,2024-10-09 12:17:00,2024-10-09 12:21:00,2366.0,2367.183,2367.45,2366.266275,50,LONG,-45.83625000000211,-78262.19374998922
cash_ACC,RSI2,2024-10-09 12:40:00,2024-10-09 12:51:00,2370.0,2371.185,2368.45,2367.265775,50,LONG,-195.96125000000484,-78458.15499998923
cash_ACC,RSI2,2024-10-09 13:06:00,2024-10-09 13:13:00,2364.75,2365.932375,2364.6,2363.4177,50,LONG,-125.73374999999487,-78583.88874998923
cash_ACC,RSI2,2024-10-09 13:18:00,2024-10-09 13:22:00,2358.0,2359.179,2356.1,2354.92195,50,LONG,-212.85250000000815,-78796.74124998924
cash_ACC,RSI2,2024-10-09 14:12:00,2024-10-09 14:25:00,2356.2,2357.3781,2350.0,2348.8250000000003,50,LONG,-427.65499999998156,-79224.39624998922
cash_ACC,RSI2,2024-10-09 14:29:00,2024-10-09 14:31:00,2346.15,2347.323075,2348.25,2347.075875,50,LONG,-12.359999999989668,-79236.75624998921
cash_ACC,RSI2,2024-10-09 14:42:00,2024-10-09 14:46:00,2345.0,2346.1724999999997,2344.1,2342.9279500000002,50,LONG,-162.22749999997177,-79398.98374998919
cash_ACC,RSI2,2024-10-09 14:53:00,2024-10-09 14:59:00,2340.65,2341.820325,2339.95,2338.780025,50,LONG,-152.01500000000578,-79550.99874998919
cash_ACC,RSI2,2024-10-09 15:01:00,2024-10-09 15:06:00,2336.0,2337.1679999999997,2337.55,2336.381225,50,LONG,-39.33874999997897,-79590.33749998917
cash_ACC,RSI2,2024-10-09 15:25:00,2024-10-10 09:15:00,2339.85,2341.0199249999996,2357.15,2355.971425,50,LONG,747.5750000000289,-78842.76249998914
cash_ACC,RSI2,2024-10-10 09:34:00,2024-10-10 09:41:00,2345.1,2346.2725499999997,2344.4,2343.2278,50,LONG,-152.23749999997835,-78994.99999998912
cash_ACC,RSI2,2024-10-10 09:54:00,2024-10-10 09:55:00,2342.85,2344.021425,2348.05,2346.8759750000004,50,LONG,142.7275000000236,-78852.27249998909
cash_ACC,RSI2,2024-10-10 10:24:00,2024-10-10 10:29:00,2346.4,2347.5732,2347.95,2346.776025,50,LONG,-39.858749999984866,-78892.13124998908
cash_ACC,RSI2,2024-10-10 10:36:00,2024-10-10 10:45:00,2342.75,2343.921375,2340.05,2338.8799750000003,50,LONG,-252.0699999999806,-79144.20124998906
cash_ACC,RSI2,2024-10-10 10:51:00,2024-10-10 10:55:00,2337.0,2338.1684999999998,2338.7,2337.53065,50,LONG,-31.892499999980828,-79176.09374998904
cash_ACC,RSI2,2024-10-10 11:01:00,2024-10-10 11:15:00,2335.2,2336.3675999999996,2331.15,2329.984425,50,LONG,-319.15874999997413,-79495.25249998902
cash_ACC,RSI2,2024-10-10 11:18:00,2024-10-10 11:25:00,2328.0,2329.1639999999998,2328.05,2326.885975,50,LONG,-113.90124999998079,-79609.153749989
cash_ACC,RSI2,2024-10-10 11:29:00,2024-10-10 11:41:00,2323.0,2324.1614999999997,2321.95,2320.789025,50,LONG,-168.62374999998337,-79777.77749998898
cash_ACC,RSI2,2024-10-10 11:44:00,2024-10-10 11:49:00,2319.85,2321.009925,2320.9,2319.7395500000002,50,LONG,-63.51874999998017,-79841.29624998895
cash_ACC,RSI2,2024-10-10 12:00:00,2024-10-10 12:19:00,2319.9,2321.05995,2307.05,2305.8964750000005,50,LONG,-758.173749999969,-80599.46999998893
cash_ACC,RSI2,2024-10-10 12:23:00,2024-10-10 12:33:00,2300.7,2301.8503499999997,2299.95,2298.800025,50,LONG,-152.51624999998512,-80751.98624998891
cash_ACC,RSI2,2024-10-10 12:58:00,2024-10-10 13:03:00,2297.65,2298.798825,2297.85,2296.701075,50,LONG,-104.88749999999527,-80856.87374998891
cash_ACC,RSI2,2024-10-10 13:09:00,2024-10-10 13:13:00,2297.0,2298.1485,2298.8,2297.6506000000004,50,LONG,-24.894999999969514,-80881.76874998889
cash_ACC,RSI2,2024-10-10 13:27:00,2024-10-10 13:31:00,2295.0,2296.1475,2296.65,2295.5016750000004,50,LONG,-32.29124999998021,-80914.05999998887
cash_ACC,RSI2,2024-10-10 13:38:00,2024-10-10 13:41:00,2291.3,2292.44565,2298.5,2297.35075,50,LONG,245.25499999999738,-80668.80499998888
cash_ACC,RSI2,2024-10-10 14:03:00,2024-10-10 14:04:00,2301.7,2302.85085,2302.45,2301.2987749999998,50,LONG,-77.60375000000295,-80746.40874998888
cash_ACC,RSI2,2024-10-10 14:16:00,2024-10-10 14:20:00,2298.3,2299.44915,2299.05,2297.9004750000004,50,LONG,-77.43374999997741,-80823.84249998887
cash_ACC,RSI2,2024-10-10 14:34:00,2024-10-10 14:39:00,2300.25,2301.4001249999997,2300.7,2299.54965,50,LONG,-92.52374999998665,-80916.36624998886
cash_ACC,RSI2,2024-10-10 14:45:00,2024-10-10 14:54:00,2297.55,2298.698775,2298.1,2296.95095,50,LONG,-87.39124999999603,-81003.75749998886
cash_ACC,RSI2,2024-10-10 15:26:00,2024-10-11 09:15:00,2314.25,2315.4071249999997,2315.2,2314.0424,50,LONG,-68.23624999999538,-81071.99374998886
cash_ACC,RSI2,2024-10-11 09:17:00,2024-10-11 09:21:00,2309.05,2310.204525,2311.0,2309.8445,50,LONG,-18.001249999997526,-81089.99499998886
cash_ACC,RSI2,2024-10-11 09:31:00,2024-10-11 09:33:00,2309.9,2311.05495,2314.0,2312.8430000000003,50,LONG,89.4025000000056,-81000.59249998885
cash_ACC,RSI2,2024-10-11 10:02:00,2024-10-11 10:09:00,2325.7,2326.8628499999995,2325.5,2324.33725,50,LONG,-126.27999999997428,-81126.87249998882
cash_ACC,RSI2,2024-10-11 10:26:00,2024-10-11 10:32:00,2324.0,2325.162,2319.9,2318.7400500000003,50,LONG,-321.0974999999735,-81447.9699999888
cash_ACC,RSI2,2024-10-11 10:45:00,2024-10-11 10:54:00,2314.5,2315.6572499999997,2314.9,2313.7425500000004,50,LONG,-95.73499999996784,-81543.70499998877
cash_ACC,RSI2,2024-10-11 10:56:00,2024-10-11 11:00:00,2311.3,2312.45565,2311.9,2310.7440500000002,50,LONG,-85.57999999998174,-81629.28499998875
cash_ACC,RSI2,2024-10-11 11:06:00,2024-10-11 11:16:00,2309.0,2310.1545,2308.9,2307.74555,50,LONG,-120.44750000000022,-81749.73249998875
cash_ACC,RSI2,2024-10-11 11:24:00,2024-10-11 11:28:00,2302.1,2303.25105,2304.6,2303.4477,50,LONG,9.832500000015898,-81739.89999998873
cash_ACC,RSI2,2024-10-11 11:46:00,2024-10-11 11:48:00,2300.6,2301.7502999999997,2303.0,2301.8485,50,LONG,4.910000000018044,-81734.98999998871
cash_ACC,RSI2,2024-10-11 12:11:00,2024-10-11 12:14:00,2308.0,2309.154,2311.15,2309.9944250000003,50,LONG,42.02125000001615,-81692.9687499887
cash_ACC,RSI2,2024-10-11 13:12:00,2024-10-11 13:13:00,2315.05,2316.2075250000003,2316.0,2314.842,50,LONG,-68.27625000000808,-81761.2449999887
cash_ACC,RSI2,2024-10-11 13:24:00,2024-10-11 13:29:00,2314.0,2315.1569999999997,2314.8,2313.6426,50,LONG,-75.71999999997843,-81836.96499998868
cash_ACC,RSI2,2024-10-11 13:33:00,2024-10-11 13:40:00,2313.55,2314.706775,2307.0,2305.8465,50,LONG,-443.0137500000001,-82279.97874998867
cash_ACC,RSI2,2024-10-11 13:52:00,2024-10-11 13:58:00,2308.35,2309.5041749999996,2307.65,2306.496175,50,LONG,-150.3999999999678,-82430.37874998864
cash_ACC,RSI2,2024-10-11 14:12:00,2024-10-11 14:16:00,2302.8,2303.9514,2304.2,2303.0479,50,LONG,-45.174999999994725,-82475.55374998863
cash_ACC,RSI2,2024-10-11 14:56:00,2024-10-11 15:01:00,2307.0,2308.1535,2307.75,2306.596125,50,LONG,-77.86874999999327,-82553.42249998862
cash_ACC,RSI2,2024-10-11 15:25:00,2024-10-11 15:29:00,2313.5,2314.6567499999996,2316.0,2314.842,50,LONG,9.262500000022555,-82544.1599999886
cash_ACC,RSI2,2024-10-14 09:19:00,2024-10-14 09:23:00,2311.1,2312.25555,2314.2,2313.0429,50,LONG,39.36750000000302,-82504.79249998859
cash_ACC,RSI2,2024-10-14 10:13:00,2024-10-14 10:24:00,2313.8,2314.9569,2308.0,2306.846,50,LONG,-405.54500000000644,-82910.3374999886
cash_ACC,RSI2,2024-10-14 10:29:00,2024-10-14 10:32:00,2305.05,2306.202525,2306.75,2305.596625,50,LONG,-30.295000000000982,-82940.6324999886
cash_ACC,RSI2,2024-10-14 10:57:00,2024-10-14 11:01:00,2306.0,2307.153,2307.9,2306.74605,50,LONG,-20.347499999979846,-82960.97999998857
cash_ACC,RSI2,2024-10-14 11:23:00,2024-10-14 11:32:00,2306.75,2307.903375,2307.25,2306.096375,50,LONG,-90.34999999998945,-83051.32999998856
cash_ACC,RSI2,2024-10-14 11:43:00,2024-10-14 11:45:00,2307.05,2308.203525,2307.95,2306.796025,50,LONG,-70.37499999999,-83121.70499998855
cash_ACC,RSI2,2024-10-14 12:00:00,2024-10-14 12:12:00,2306.3,2307.4531500000003,2304.9,2303.74755,50,LONG,-185.28000000001157,-83306.98499998856
cash_ACC,RSI2,2024-10-14 12:17:00,2024-10-14 12:21:00,2300.1,2301.2500499999996,2303.05,2301.8984750000004,50,LONG,32.421250000038526,-83274.56374998852
cash_ACC,RSI2,2024-10-14 13:09:00,2024-10-14 13:11:00,2306.9,2308.05345,2307.7,2306.54615,50,LONG,-75.36499999998796,-83349.92874998851
cash_ACC,RSI2,2024-10-14 13:38:00,2024-10-14 13:44:00,2307.7,2308.8538499999995,2308.9,2307.74555,50,LONG,-55.41499999997086,-83405.34374998847
cash_ACC,RSI2,2024-10-14 15:05:00,2024-10-14 15:08:00,2315.55,2316.707775,2315.9,2314.7420500000003,50,LONG,-98.28624999997828,-83503.62999998845
cash_ACC,RSI2,2024-10-14 15:26:00,2024-10-14 15:29:00,2316.45,2317.6082249999995,2322.85,2321.688575,50,LONG,204.01750000003176,-83299.61249998842
cash_ACC,RSI2,2024-10-15 09:27:00,2024-10-15 09:32:00,2320.25,2321.410125,2320.0,2318.84,50,LONG,-128.50624999998672,-83428.11874998841
cash_ACC,RSI2,2024-10-15 09:38:00,2024-10-15 09:41:00,2318.0,2319.1589999999997,2319.15,2317.9904250000004,50,LONG,-58.42874999996184,-83486.54749998837
cash_ACC,RSI2,2024-10-15 09:52:00,2024-10-15 10:09:00,2317.0,2318.1585,2306.8,2305.6466000000005,50,LONG,-625.5949999999757,-84112.14249998835
cash_ACC,RSI2,2024-10-15 10:14:00,2024-10-15 10:16:00,2301.85,2303.000925,2305.0,2303.8475000000003,50,LONG,42.32875000002423,-84069.81374998832
cash_ACC,RSI2,2024-10-15 10:29:00,2024-10-15 10:35:00,2302.05,2303.201025,2302.2,2301.0489,50,LONG,-107.60625000000346,-84177.41999998831
cash_ACC,RSI2,2024-10-15 10:45:00,2024-10-15 10:51:00,2304.0,2305.152,2304.35,2303.197825,50,LONG,-97.7087499999925,-84275.1287499883
cash_ACC,RSI2,2024-10-15 10:56:00,2024-10-15 11:04:00,2300.25,2301.4001249999997,2298.85,2297.700575,50,LONG,-184.97749999999087,-84460.1062499883
cash_ACC,RSI2,2024-10-15 11:17:00,2024-10-15 11:22:00,2295.65,2296.797825,2296.9,2295.7515500000004,50,LONG,-52.31374999998479,-84512.41999998828
cash_ACC,RSI2,2024-10-15 11:35:00,2024-10-15 11:43:00,2296.6,2297.7482999999997,2296.9,2295.7515500000004,50,LONG,-99.8374999999669,-84612.25749998825
cash_ACC,RSI2,2024-10-15 12:17:00,2024-10-15 12:20:00,2297.2,2298.3486,2297.65,2296.5011750000003,50,LONG,-92.37124999997377,-84704.62874998822
cash_ACC,RSI2,2024-10-15 12:43:00,2024-10-15 12:45:00,2297.5,2298.64875,2298.8,2297.6506000000004,50,LONG,-49.90749999997206,-84754.53624998819
cash_ACC,RSI2,2024-10-15 13:00:00,2024-10-15 13:07:00,2296.1,2297.2480499999997,2296.0,2294.8520000000003,50,LONG,-119.80249999996886,-84874.33874998815
cash_ACC,RSI2,2024-10-15 13:21:00,2024-10-15 13:22:00,2294.0,2295.147,2296.4,2295.2518,50,LONG,5.24000000000342,-84869.09874998814
cash_ACC,RSI2,2024-10-15 13:45:00,2024-10-15 13:46:00,2296.9,2298.04845,2297.5,2296.35125,50,LONG,-84.85999999998057,-84953.95874998813
cash_ACC,RSI2,2024-10-15 14:05:00,2024-10-15 14:07:00,2297.15,2298.298575,2298.35,2297.200825,50,LONG,-54.88749999999527,-85008.84624998813
cash_ACC,RSI2,2024-10-15 14:17:00,2024-10-15 14:19:00,2295.0,2296.1475,2297.55,2296.4012250000005,50,LONG,12.686250000024302,-84996.1599999881
cash_ACC,RSI2,2024-10-15 14:23:00,2024-10-15 14:29:00,2295.0,2296.1475,2294.9,2293.75255,50,LONG,-119.74749999999403,-85115.9074999881
cash_ACC,RSI2,2024-10-15 14:34:00,2024-10-15 14:39:00,2292.7,2293.84635,2293.3,2292.1533500000005,50,LONG,-84.64999999996508,-85200.55749998806
cash_ACC,RSI2,2024-10-16 09:29:00,2024-10-16 09:31:00,2291.0,2292.1455,2296.0,2294.8520000000003,50,LONG,135.32500000001164,-85065.23249998805
cash_ACC,RSI2,2024-10-16 09:42:00,2024-10-16 09:46:00,2295.9,2297.04795,2297.85,2296.701075,50,LONG,-17.343750000009095,-85082.57624998807
cash_ACC,RSI2,2024-10-16 09:53:00,2024-10-16 09:55:00,2295.35,2296.4976749999996,2297.55,2296.4012250000005,50,LONG,-4.8224999999547435,-85087.39874998802
cash_ACC,RSI2,2024-10-16 09:58:00,2024-10-16 10:09:00,2293.9,2295.04695,2291.8,2290.6541,50,LONG,-219.64249999998628,-85307.041249988
cash_ACC,RSI2,2024-10-16 10:14:00,2024-10-16 10:16:00,2289.5,2290.64475,2292.25,2291.1038750000002,50,LONG,22.956250000015643,-85284.08499998799
cash_ACC,RSI2,2024-10-16 10:20:00,2024-10-16 10:29:00,2290.0,2291.145,2285.95,2284.807025,50,LONG,-316.89874999999574,-85600.98374998798
cash_ACC,RSI2,2024-10-16 10:44:00,2024-10-16 10:46:00,2287.35,2288.4936749999997,2291.3,2290.1543500000002,50,LONG,83.03375000002688,-85517.94999998795
cash_ACC,RSI2,2024-10-16 11:06:00,2024-10-16 11:09:00,2293.9,2295.04695,2295.0,2293.8525,50,LONG,-59.722499999998035,-85577.67249998795
cash_ACC,RSI2,2024-10-16 11:13:00,2024-10-16 11:22:00,2293.1,2294.24655,2288.9,2287.7555500000003,50,LONG,-324.54999999997654,-85902.22249998793
cash_ACC,RSI2,2024-10-16 11:29:00,2024-10-16 11:32:00,2286.6,2287.7432999999996,2289.05,2287.9054750000005,50,LONG,8.108750000042164,-85894.11374998788
cash_ACC,RSI2,2024-10-16 11:38:00,2024-10-16 11:47:00,2286.3,2287.44315,2284.05,2282.9079750000005,50,LONG,-226.75874999997632,-86120.87249998786
cash_ACC,RSI2,2024-10-16 12:03:00,2024-10-16 12:07:00,2283.0,2284.1414999999997,2284.7,2283.5576499999997,50,LONG,-29.1924999999992,-86150.06499998787
cash_ACC,RSI2,2024-10-16 12:14:00,2024-10-16 12:18:00,2282.35,2283.4911749999997,2283.45,2282.308275,50,LONG,-59.14499999998952,-86209.20999998786
cash_ACC,RSI2,2024-10-16 12:23:00,2024-10-16 12:34:00,2278.35,2279.4891749999997,2275.0,2273.8625,50,LONG,-281.33374999997613,-86490.54374998783
cash_ACC,RSI2,2024-10-16 12:49:00,2024-10-16 12:53:00,2274.95,2276.087475,2281.1,2279.95945,50,LONG,193.59875000000102,-86296.94499998783
cash_ACC,RSI2,2024-10-16 13:10:00,2024-10-16 13:11:00,2292.7,2293.84635,2294.5,2293.35275,50,LONG,-24.679999999989377,-86321.62499998782
cash_ACC,RSI2,2024-10-16 13:16:00,2024-10-16 13:23:00,2293.9,2295.04695,2293.8,2292.6531000000004,50,LONG,-119.69249999997373,-86441.3174999878
cash_ACC,RSI2,2024-10-16 13:30:00,2024-10-16 13:34:00,2290.35,2291.4951749999996,2294.45,2293.302775,50,LONG,90.3800000000274,-86350.93749998776
cash_ACC,RSI2,2024-10-16 13:53:00,2024-10-16 13:58:00,2291.95,2293.0959749999997,2292.0,2290.8540000000003,50,LONG,-112.09874999997282,-86463.03624998774
cash_ACC,RSI2,2024-10-16 14:19:00,2024-10-16 14:21:00,2298.8,2299.9494,2303.65,2302.498175,50,LONG,127.43875000001026,-86335.59749998772
cash_ACC,RSI2,2024-10-16 14:49:00,2024-10-16 14:55:00,2309.7,2310.8548499999997,2308.95,2307.795525,50,LONG,-152.96624999998585,-86488.5637499877
cash_ACC,RSI2,2024-10-16 14:59:00,2024-10-16 15:02:00,2306.45,2307.603225,2307.65,2306.496175,50,LONG,-55.352499999980864,-86543.91624998768
cash_ACC,RSI2,2024-10-16 15:08:00,2024-10-16 15:09:00,2306.6,2307.7533,2308.45,2307.295775,50,LONG,-22.87624999999025,-86566.79249998767
cash_ACC,RSI2,2024-10-17 09:19:00,2024-10-17 09:23:00,2303.75,2304.901875,2306.85,2305.696575,50,LONG,39.734999999996035,-86527.05749998767
cash_ACC,RSI2,2024-10-17 09:26:00,2024-10-17 09:29:00,2301.4,2302.5507,2304.3,2303.1478500000003,50,LONG,29.85750000002554,-86497.19999998764
cash_ACC,RSI2,2024-10-17 09:36:00,2024-10-17 09:56:00,2297.8,2298.9489,2290.5,2289.35475,50,LONG,-479.707499999995,-86976.90749998763
cash_ACC,RSI2,2024-10-17 10:04:00,2024-10-17 10:12:00,2287.0,2288.1434999999997,2287.0,2285.8565000000003,50,LONG,-114.34999999996762,-87091.2574999876
cash_ACC,RSI2,2024-10-17 10:22:00,2024-10-17 10:25:00,2280.95,2282.0904749999995,2283.45,2282.308275,50,LONG,10.890000000017608,-87080.36749998758
cash_ACC,RSI2,2024-10-17 10:47:00,2024-10-17 10:49:00,2287.55,2288.693775,2289.5,2288.35525,50,LONG,-16.926250000005894,-87097.29374998758
cash_ACC,RSI2,2024-10-17 10:55:00,2024-10-17 10:59:00,2289.35,2290.494675,2287.7,2286.55615,50,LONG,-196.92625000000135,-87294.21999998759
cash_ACC,RSI2,2024-10-17 11:05:00,2024-10-17 11:11:00,2286.0,2287.143,2285.7,2284.55715,50,LONG,-129.29249999999683,-87423.51249998758
cash_ACC,RSI2,2024-10-17 11:17:00,2024-10-17 11:19:00,2284.05,2285.192025,2285.0,2283.8575,50,LONG,-66.72624999998789,-87490.23874998758
cash_ACC,RSI2,2024-10-17 11:28:00,2024-10-17 11:31:00,2277.4,2278.5387,2279.6,2278.4602,50,LONG,-3.92500000000382,-87494.16374998758
cash_ACC,RSI2,2024-10-17 11:43:00,2024-10-17 11:49:00,2275.6,2276.7378,2275.6,2274.4622,50,LONG,-113.77999999999702,-87607.94374998758
cash_ACC,RSI2,2024-10-17 12:02:00,2024-10-17 12:07:00,2273.6,2274.7367999999997,2277.8,2276.6611000000003,50,LONG,96.21500000002925,-87511.72874998755
cash_ACC,RSI2,2024-10-17 12:10:00,2024-10-17 12:15:00,2272.4,2273.5362,2271.7,2270.56415,50,LONG,-148.6024999999927,-87660.33124998755
cash_ACC,RSI2,2024-10-17 12:23:00,2024-10-17 12:25:00,2270.45,2271.585225,2272.85,2271.713575,50,LONG,6.417500000020482,-87653.91374998752
cash_ACC,RSI2,2024-10-17 12:38:00,2024-10-17 12:40:00,2274.25,2275.3871249999997,2276.5,2275.36175,50,LONG,-1.26874999998563,-87655.18249998751
cash_ACC,RSI2,2024-10-17 12:45:00,2024-10-17 12:49:00,2272.2,2273.3360999999995,2272.95,2271.813525,50,LONG,-76.1287499999753,-87731.31124998748
cash_ACC,RSI2,2024-10-17 13:03:00,2024-10-17 13:10:00,2272.4,2273.5362,2272.7,2271.56365,50,LONG,-98.62749999999778,-87829.93874998749
cash_ACC,RSI2,2024-10-17 13:18:00,2024-10-17 13:30:00,2271.5,2272.63575,2267.1,2265.96645,50,LONG,-333.46500000000106,-88163.40374998748
cash_ACC,RSI2,2024-10-17 13:49:00,2024-10-17 13:59:00,2262.4,2263.5312,2260.0,2258.8700000000003,50,LONG,-233.05999999997766,-88396.46374998747
cash_ACC,RSI2,2024-10-17 14:12:00,2024-10-17 14:18:00,2261.9,2263.03095,2262.35,2261.218825,50,LONG,-90.60624999999618,-88487.06999998746
cash_ACC,RSI2,2024-10-17 14:33:00,2024-10-17 14:37:00,2263.55,2264.681775,2264.0,2262.868,50,LONG,-90.68875000000389,-88577.75874998746
cash_ACC,RSI2,2024-10-17 14:48:00,2024-10-17 14:50:00,2260.15,2261.280075,2263.0,2261.8685,50,LONG,29.42124999999578,-88548.33749998746
cash_ACC,RSI2,2024-10-17 15:23:00,2024-10-17 15:25:00,2264.05,2265.182025,2266.0,2264.867,50,LONG,-15.751249999993888,-88564.08874998745
cash_ACC,RSI2,2024-10-18 09:15:00,2024-10-18 09:19:00,2250.15,2251.275075,2253.65,2252.5231750000003,50,LONG,62.40500000001248,-88501.68374998744
cash_ACC,RSI2,2024-10-18 09:27:00,2024-10-18 09:31:00,2244.5,2245.62225,2249.0,2247.8755,50,LONG,112.66250000001037,-88389.02124998743
cash_ACC,RSI2,2024-10-18 09:42:00,2024-10-18 09:46:00,2245.95,2247.0729749999996,2246.1,2244.97695,50,LONG,-104.8012499999686,-88493.82249998741
cash_ACC,RSI2,2024-10-18 09:55:00,2024-10-18 10:04:00,2253.15,2254.276575,2246.6,2245.4767,50,LONG,-439.9937499999851,-88933.81624998739
cash_ACC,RSI2,2024-10-18 10:36:00,2024-10-18 10:40:00,2266.95,2268.083475,2269.3,2268.16535,50,LONG,4.093750000015461,-88929.72249998737
cash_ACC,RSI2,2024-10-18 10:44:00,2024-10-18 10:46:00,2263.55,2264.681775,2268.0,2266.866,50,LONG,109.21124999999847,-88820.51124998738
cash_ACC,RSI2,2024-10-18 10:55:00,2024-10-18 10:57:00,2257.9,2259.02895,2262.35,2261.218825,50,LONG,109.49375000000146,-88711.01749998739
cash_ACC,RSI2,2024-10-18 11:24:00,2024-10-18 11:25:00,2257.55,2258.678775,2260.0,2258.8700000000003,50,LONG,9.561250000024302,-88701.45624998736
cash_ACC,RSI2,2024-10-18 11:53:00,2024-10-18 11:58:00,2268.3,2269.43415,2270.1,2268.96495,50,LONG,-23.460000000000036,-88724.91624998736
cash_ACC,RSI2,2024-10-18 12:11:00,2024-10-18 12:22:00,2274.8,2275.9374000000003,2275.5,2274.36225,50,LONG,-78.75750000000608,-88803.67374998737
cash_ACC,RSI2,2024-10-18 12:39:00,2024-10-18 12:45:00,2272.2,2273.3360999999995,2272.05,2270.9139750000004,50,LONG,-121.10624999995707,-88924.77999998732
cash_ACC,RSI2,2024-10-18 13:00:00,2024-10-18 13:07:00,2269.1,2270.2345499999997,2269.5,2268.3652500000003,50,LONG,-93.46499999996922,-89018.24499998729
cash_ACC,RSI2,2024-10-18 13:31:00,2024-10-18 13:33:00,2275.0,2276.1375,2276.0,2274.862,50,LONG,-63.7749999999869,-89082.01999998727
cash_ACC,RSI2,2024-10-18 14:06:00,2024-10-18 14:18:00,2282.5,2283.6412499999997,2282.85,2281.708575,50,LONG,-96.63374999997814,-89178.65374998725
cash_ACC,RSI2,2024-10-18 14:35:00,2024-10-18 14:38:00,2282.0,2283.141,2282.0,2280.859,50,LONG,-114.10000000000764,-89292.75374998726
cash_ACC,RSI2,2024-10-18 15:03:00,2024-10-18 15:04:00,2285.0,2286.1425,2289.0,2287.8555,50,LONG,85.65000000000964,-89207.10374998725
cash_ACC,RSI2,2024-10-18 15:28:00,2024-10-21 09:15:00,2282.65,2283.791325,2301.55,2300.399225,50,LONG,830.3949999999986,-88376.70874998724
cash_ACC,RSI2,2024-10-21 09:29:00,2024-10-21 09:40:00,2297.3,2298.4486500000003,2289.35,2288.205325,50,LONG,-512.1662500000184,-88888.87499998727
cash_ACC,RSI2,2024-10-21 10:10:00,2024-10-21 10:14:00,2290.95,2292.0954749999996,2292.25,2291.1038750000002,50,LONG,-49.579999999969004,-88938.45499998724
cash_ACC,RSI2,2024-10-21 10:18:00,2024-10-21 10:21:00,2286.1,2287.2430499999996,2289.15,2288.0054250000003,50,LONG,38.11875000003511,-88900.3362499872
cash_ACC,RSI2,2024-10-21 10:42:00,2024-10-21 10:44:00,2289.65,2290.794825,2291.1,2289.95445,50,LONG,-42.01874999998836,-88942.35499998719
cash_ACC,RSI2,2024-10-21 10:50:00,2024-10-21 10:55:00,2285.0,2286.1425,2289.15,2288.0054250000003,50,LONG,93.14625000001797,-88849.20874998717
cash_ACC,RSI2,2024-10-21 11:45:00,2024-10-21 11:53:00,2301.6,2302.7508,2300.85,2299.699575,50,LONG,-152.5612499999852,-89001.76999998715
cash_ACC,RSI2,2024-10-21 11:59:00,2024-10-21 12:04:00,2299.05,2300.199525,2301.0,2299.8495000000003,50,LONG,-17.501249999986612,-89019.27124998714
cash_ACC,RSI2,2024-10-21 12:14:00,2024-10-21 12:19:00,2299.0,2300.1495,2304.55,2303.3977250000003,50,LONG,162.41125000001375,-88856.85999998712
cash_ACC,RSI2,2024-10-21 12:41:00,2024-10-21 12:45:00,2300.65,2301.800325,2302.45,2301.2987749999998,50,LONG,-25.077500000020336,-88881.93749998714
cash_ACC,RSI2,2024-10-21 13:22:00,2024-10-21 13:39:00,2312.05,2313.206025,2306.25,2305.096875,50,LONG,-405.4574999999886,-89287.39499998713
cash_ACC,RSI2,2024-10-21 14:02:00,2024-10-21 14:09:00,2310.0,2311.1549999999997,2310.75,2309.594625,50,LONG,-78.01874999997835,-89365.4137499871
cash_ACC,RSI2,2024-10-21 14:11:00,2024-10-21 14:15:00,2305.5,2306.6527499999997,2306.7,2305.5466499999998,50,LONG,-55.30499999999847,-89420.71874998709
cash_ACC,RSI2,2024-10-21 14:43:00,2024-10-21 14:55:00,2304.05,2305.202025,2300.45,2299.299775,50,LONG,-295.11250000000473,-89715.8312499871
cash_ACC,RSI2,2024-10-21 15:03:00,2024-10-21 15:09:00,2293.8,2294.9469,2296.1,2294.95195,50,LONG,0.25250000001051376,-89715.57874998708
cash_ACC,RSI2,2024-10-22 09:26:00,2024-10-22 09:35:00,2314.0,2315.1569999999997,2306.95,2305.7965249999997,50,LONG,-468.02374999999756,-90183.60249998707
cash_ACC,RSI2,2024-10-22 09:53:00,2024-10-22 10:00:00,2301.2,2302.3505999999998,2299.55,2298.4002250000003,50,LONG,-197.518749999972,-90381.12124998705
cash_ACC,RSI2,2024-10-22 10:04:00,2024-10-22 10:08:00,2292.95,2294.096475,2295.05,2293.9024750000003,50,LONG,-9.699999999975262,-90390.82124998703
cash_ACC,RSI2,2024-10-22 10:13:00,2024-10-22 10:25:00,2289.0,2290.1445,2283.2,2282.0584,50,LONG,-404.3049999999994,-90795.12624998702
cash_ACC,RSI2,2024-10-22 10:28:00,2024-10-22 10:34:00,2275.95,2277.087975,2277.0,2275.8615,50,LONG,-61.323749999996835,-90856.44999998702
cash_ACC,RSI2,2024-10-22 11:12:00,2024-10-22 11:15:00,2276.1,2277.23805,2278.65,2277.510675,50,LONG,13.631250000003092,-90842.81874998701
cash_ACC,RSI2,2024-10-22 11:21:00,2024-10-22 11:25:00,2275.5,2276.63775,2279.4,2278.2603000000004,50,LONG,81.12750000002507,-90761.69124998698
cash_ACC,RSI2,2024-10-22 11:38:00,2024-10-22 11:46:00,2276.55,2277.688275,2276.5,2275.36175,50,LONG,-116.32624999999734,-90878.01749998698
cash_ACC,RSI2,2024-10-22 11:49:00,2024-10-22 11:57:00,2271.15,2272.285575,2270.5,2269.36475,50,LONG,-146.04124999998476,-91024.05874998696
cash_ACC,RSI2,2024-10-22 12:07:00,2024-10-22 12:09:00,2277.55,2278.688775,2278.65,2277.510675,50,LONG,-58.90500000000429,-91082.96374998696
cash_ACC,RSI2,2024-10-22 12:17:00,2024-10-22 12:19:00,2269.9,2271.0349499999998,2272.15,2271.013925,50,LONG,-1.0512499999776992,-91084.01499998693
cash_ACC,RSI2,2024-10-22 12:28:00,2024-10-22 12:33:00,2267.45,2268.5837249999995,2269.1,2267.96545,50,LONG,-30.913749999967877,-91114.9287499869
cash_ACC,RSI2,2024-10-22 12:39:00,2024-10-22 12:40:00,2266.15,2267.283075,2269.95,2268.815025,50,LONG,76.59750000000258,-91038.33124998689
cash_ACC,RSI2,2024-10-22 13:10:00,2024-10-22 13:14:00,2258.5,2259.62925,2262.2,2261.0688999999998,50,LONG,71.98249999999007,-90966.34874998691
cash_ACC,RSI2,2024-10-22 13:17:00,2024-10-22 13:22:00,2258.85,2259.979425,2258.9,2257.77055,50,LONG,-110.44374999999036,-91076.7924999869
cash_ACC,RSI2,2024-10-22 13:36:00,2024-10-22 13:47:00,2256.05,2257.178025,2256.85,2255.721575,50,LONG,-72.82250000000658,-91149.61499998691
cash_ACC,RSI2,2024-10-22 14:04:00,2024-10-22 14:10:00,2255.55,2256.677775,2253.3,2252.1733500000005,50,LONG,-225.2212499999814,-91374.8362499869
cash_ACC,RSI2,2024-10-22 14:28:00,2024-10-22 14:30:00,2259.2,2260.3295999999996,2261.4,2260.2693000000004,50,LONG,-3.0149999999594,-91377.85124998685
cash_ACC,RSI2,2024-10-22 14:47:00,2024-10-22 15:00:00,2258.9,2260.02945,2253.7,2252.57315,50,LONG,-372.8149999999914,-91750.66624998684
cash_ACC,RSI2,2024-10-22 15:14:00,2024-10-22 15:15:00,2242.05,2243.171025,2244.85,2243.727575,50,LONG,27.827499999989413,-91722.83874998685
cash_ACC,RSI2,2024-10-22 15:28:00,2024-10-22 15:29:00,2240.05,2241.170025,2258.5,2257.37075,50,LONG,810.0362500000074,-90912.80249998685
cash_ACC,RSI2,2024-10-23 09:25:00,2024-10-23 09:27:00,2247.2,2248.3235999999997,2258.3,2257.1708500000004,50,LONG,442.36250000003565,-90470.43999998682
cash_ACC,RSI2,2024-10-23 09:37:00,2024-10-23 09:48:00,2255.35,2256.4776749999996,2252.9,2251.7735500000003,50,LONG,-235.2062499999647,-90705.64624998678
cash_ACC,RSI2,2024-10-23 10:00:00,2024-10-23 10:01:00,2252.75,2253.876375,2261.3,2260.16935,50,LONG,314.64875000001484,-90390.99749998676
cash_ACC,RSI2,2024-10-23 10:08:00,2024-10-23 10:14:00,2257.85,2258.978925,2261.55,2260.419225,50,LONG,72.01500000001033,-90318.98249998674
cash_ACC,RSI2,2024-10-23 10:25:00,2024-10-23 10:33:00,2256.15,2257.278075,2254.55,2253.4227250000004,50,LONG,-192.76749999999083,-90511.74999998673
cash_ACC,RSI2,2024-10-23 10:41:00,2024-10-23 10:50:00,2252.1,2253.2260499999998,2260.75,2259.6196250000003,50,LONG,319.6787500000255,-90192.07124998671
cash_ACC,RSI2,2024-10-23 11:22:00,2024-10-23 11:27:00,2274.1,2275.2370499999997,2275.0,2273.8625,50,LONG,-68.72749999997723,-90260.79874998669
cash_ACC,RSI2,2024-10-23 11:50:00,2024-10-23 12:01:00,2279.95,2281.089975,2279.85,2278.710075,50,LONG,-118.99499999999534,-90379.79374998668
cash_ACC,RSI2,2024-10-23 12:06:00,2024-10-23 12:19:00,2272.1,2273.23605,2269.9,2268.7650500000004,50,LONG,-223.54999999997744,-90603.34374998666
cash_ACC,RSI2,2024-10-23 12:57:00,2024-10-23 12:59:00,2274.0,2275.1369999999997,2277.4,2276.2613,50,LONG,56.215000000020154,-90547.12874998663
cash_ACC,RSI2,2024-10-23 13:11:00,2024-10-23 13:17:00,2270.1,2271.23505,2271.45,2270.3142749999997,50,LONG,-46.03875000000244,-90593.16749998664
cash_ACC,RSI2,2024-10-23 13:40:00,2024-10-23 13:41:00,2271.8,2272.9359,2273.95,2272.813025,50,LONG,-6.143750000001091,-90599.31124998664
cash_ACC,RSI2,2024-10-23 14:00:00,2024-10-23 14:05:00,2270.0,2271.1349999999998,2274.15,2273.012925,50,LONG,93.8962500000116,-90505.41499998663
cash_ACC,RSI2,2024-10-23 14:14:00,2024-10-23 14:25:00,2264.65,2265.782325,2257.8,2256.6711000000005,50,LONG,-455.56124999998246,-90960.97624998662
cash_ACC,RSI2,2024-10-23 14:38:00,2024-10-23 14:42:00,2255.0,2256.1275,2257.4,2256.2713000000003,50,LONG,7.190000000014152,-90953.7862499866
cash_ACC,RSI2,2024-10-23 15:08:00,2024-10-23 15:10:00,2255.45,2256.5777249999996,2257.6,2256.4712,50,LONG,-5.326249999984611,-90959.11249998659
cash_ACC,RSI2,2024-10-23 15:14:00,2024-10-23 15:17:00,2255.6,2256.7277999999997,2258.7,2257.57065,50,LONG,42.142500000022665,-90916.96999998657
cash_ACC,RSI2,2024-10-23 15:26:00,2024-10-23 15:29:00,2252.05,2253.176025,2260.1,2258.96995,50,LONG,289.69624999999724,-90627.27374998658
cash_ACC,RSI2,2024-10-24 09:41:00,2024-10-24 09:44:00,2257.45,2258.578725,2260.65,2259.519675,50,LONG,47.04750000000786,-90580.22624998656
cash_ACC,RSI2,2024-10-24 10:21:00,2024-10-24 10:28:00,2281.0,2282.1405,2277.5,2276.36125,50,LONG,-288.96250000000236,-90869.18874998657
cash_ACC,RSI2,2024-10-24 10:34:00,2024-10-24 10:35:00,2272.6,2273.7362999999996,2276.15,2275.0119250000002,50,LONG,63.78125000003365,-90805.40749998654
cash_ACC,RSI2,2024-10-24 10:44:00,2024-10-24 10:47:00,2278.3,2279.43915,2278.65,2277.510675,50,LONG,-96.42375000000811,-90901.83124998654
cash_ACC,RSI2,2024-10-24 11:08:00,2024-10-24 11:17:00,2275.8,2276.9379,2274.85,2273.712575,50,LONG,-161.26624999999422,-91063.09749998654
cash_ACC,RSI2,2024-10-24 11:31:00,2024-10-24 11:35:00,2262.5,2263.63125,2267.0,2265.8665,50,LONG,111.76250000000891,-90951.33499998653
cash_ACC,RSI2,2024-10-24 11:46:00,2024-10-24 11:50:00,2260.05,2261.180025,2262.5,2261.36875,50,LONG,9.436249999998836,-90941.89874998653
cash_ACC,RSI2,2024-10-24 12:08:00,2024-10-24 12:25:00,2263.15,2264.281575,2256.65,2255.5216750000004,50,LONG,-437.99499999997806,-91379.89374998651
cash_ACC,RSI2,2024-10-24 12:31:00,2024-10-24 12:34:00,2253.7,2254.8268499999995,2255.95,2254.822025,50,LONG,-0.24124999997638952,-91380.13499998649
cash_ACC,RSI2,2024-10-24 12:49:00,2024-10-24 12:51:00,2263.9,2265.03195,2269.75,2268.6151250000003,50,LONG,179.1587500000105,-91200.97624998647
cash_ACC,RSI2,2024-10-24 12:58:00,2024-10-24 13:06:00,2263.7,2264.8318499999996,2263.9,2262.76805,50,LONG,-103.18999999997231,-91304.16624998645
cash_ACC,RSI2,2024-10-24 13:10:00,2024-10-24 13:16:00,2259.0,2260.1295,2259.5,2258.37025,50,LONG,-87.96250000000327,-91392.12874998646
cash_ACC,RSI2,2024-10-24 13:33:00,2024-10-24 13:34:00,2255.8,2256.9279,2272.5,2271.36375,50,LONG,721.7924999999923,-90670.33624998646
cash_ACC,RSI2,2024-10-24 13:44:00,2024-10-24 13:53:00,2264.0,2265.132,2249.85,2248.725075,50,LONG,-820.3462500000114,-91490.68249998648
cash_ACC,RSI2,2024-10-24 13:56:00,2024-10-24 14:02:00,2212.0,2213.1059999999998,2221.0,2219.8895,50,LONG,339.1750000000229,-91151.50749998646
cash_ACC,RSI2,2024-10-24 14:58:00,2024-10-24 15:09:00,2268.7,2269.8343499999996,2266.7,2265.5666499999998,50,LONG,-213.38499999999385,-91364.89249998645
cash_ACC,RSI2,2024-10-24 15:23:00,2024-10-24 15:28:00,2271.0,2272.1355,2266.6,2265.4667,50,LONG,-333.43999999999596,-91698.33249998646
cash_ACC,RSI2,2024-10-25 09:15:00,2024-10-25 09:20:00,2238.4,2239.5192,2242.1,2240.97895,50,LONG,72.98749999999927,-91625.34499998645
cash_ACC,RSI2,2024-10-25 09:39:00,2024-10-25 09:45:00,2236.6,2237.7183,2235.95,2234.832025,50,LONG,-144.31374999999207,-91769.65874998644
cash_ACC,RSI2,2024-10-25 09:59:00,2024-10-25 10:07:00,2219.9,2221.00995,2221.15,2220.0394250000004,50,LONG,-48.52624999998625,-91818.18499998642
cash_ACC,RSI2,2024-10-25 10:09:00,2024-10-25 10:18:00,2216.0,2217.1079999999997,2218.95,2217.840525,50,LONG,36.626250000017535,-91781.5587499864
cash_ACC,RSI2,2024-10-25 10:27:00,2024-10-25 10:32:00,2226.75,2227.863375,2226.7,2225.5866499999997,50,LONG,-113.83625000000848,-91895.39499998641
cash_ACC,RSI2,2024-10-25 10:38:00,2024-10-25 10:44:00,2213.15,2214.256575,2207.5,2206.3962500000002,50,LONG,-393.0162499999824,-92288.4112499864
cash_ACC,RSI2,2024-10-25 10:47:00,2024-10-25 10:57:00,2203.8,2204.9019,2197.6,2196.5012,50,LONG,-420.0349999999844,-92708.44624998639
cash_ACC,RSI2,2024-10-25 11:24:00,2024-10-25 11:34:00,2213.0,2214.1065,2207.1,2205.99645,50,LONG,-405.5024999999887,-93113.94874998638
cash_ACC,RSI2,2024-10-25 11:52:00,2024-10-25 11:58:00,2225.25,2226.3626249999998,2219.15,2218.040425,50,LONG,-416.1099999999806,-93530.05874998636
cash_ACC,RSI2,2024-10-25 12:10:00,2024-10-25 12:16:00,2218.5,2219.60925,2217.65,2216.5411750000003,50,LONG,-153.40374999998403,-93683.46249998634
cash_ACC,RSI2,2024-10-25 13:20:00,2024-10-25 13:32:00,2222.6,2223.7113,2220.65,2219.539675,50,LONG,-208.58124999999745,-93892.04374998635
cash_ACC,RSI2,2024-10-25 13:39:00,2024-10-25 13:41:00,2218.5,2219.60925,2221.65,2220.5391750000003,50,LONG,46.496250000018335,-93845.54749998634
cash_ACC,RSI2,2024-10-25 13:57:00,2024-10-25 14:08:00,2228.0,2229.114,2224.45,2223.337775,50,LONG,-288.8112500000034,-94134.35874998634
cash_ACC,RSI2,2024-10-25 14:12:00,2024-10-25 14:24:00,2220.35,2221.4601749999997,2216.0,2214.8920000000003,50,LONG,-328.4087499999714,-94462.76749998631
cash_ACC,RSI2,2024-10-25 14:42:00,2024-10-25 14:43:00,2211.65,2212.755825,2216.7,2215.59165,50,LONG,141.79124999998294,-94320.97624998633
cash_ACC,RSI2,2024-10-25 15:27:00,2024-10-25 15:29:00,2241.75,2242.870875,2250.0,2248.875,50,LONG,300.20624999999654,-94020.76999998633
cash_ACC,RSI2,2024-10-28 09:17:00,2024-10-28 09:21:00,2231.25,2232.365625,2236.9,2235.78155,50,LONG,170.79625000001215,-93849.97374998631
cash_ACC,RSI2,2024-10-28 09:29:00,2024-10-28 09:46:00,2224.2,2225.3120999999996,2208.9,2207.7955500000003,50,LONG,-875.8274999999685,-94725.80124998628
cash_ACC,RSI2,2024-10-28 10:08:00,2024-10-28 10:11:00,2225.4,2226.5126999999998,2230.85,2229.734575,50,LONG,161.0937500000091,-94564.70749998627
cash_ACC,RSI2,2024-10-28 10:23:00,2024-10-28 10:25:00,2237.55,2238.668775,2242.0,2240.879,50,LONG,110.51124999999047,-94454.19624998627
cash_ACC,RSI2,2024-10-28 10:31:00,2024-10-28 10:34:00,2230.9,2232.01545,2234.9,2233.7825500000004,50,LONG,88.35500000002412,-94365.84124998625
cash_ACC,RSI2,2024-10-28 11:34:00,2024-10-28 11:43:00,2264.1,2265.2320499999996,2261.05,2259.919475,50,LONG,-265.6287499999735,-94631.46999998622
cash_ACC,RSI2,2024-10-28 11:49:00,2024-10-28 11:52:00,2257.4,2258.5287,2258.75,2257.620625,50,LONG,-45.403749999991305,-94676.87374998622
cash_ACC,RSI2,2024-10-28 12:10:00,2024-10-28 12:13:00,2255.75,2256.8778749999997,2263.65,2262.518175,50,LONG,282.015000000024,-94394.85874998619
cash_ACC,RSI2,2024-10-28 12:18:00,2024-10-28 12:32:00,2257.75,2258.878875,2253.0,2251.8735,50,LONG,-350.26874999998654,-94745.12749998618
cash_ACC,RSI2,2024-10-28 12:51:00,2024-10-28 12:52:00,2251.0,2252.1255,2253.35,2252.223325,50,LONG,4.891249999991487,-94740.23624998619
cash_ACC,RSI2,2024-10-28 13:21:00,2024-10-28 13:25:00,2292.35,2293.4961749999998,2296.1,2294.95195,50,LONG,72.7887500000179,-94667.44749998617
cash_ACC,RSI2,2024-10-28 13:28:00,2024-10-28 13:30:00,2290.25,2291.395125,2295.75,2294.6021250000003,50,LONG,160.35000000001673,-94507.09749998615
cash_ACC,RSI2,2024-10-28 14:18:00,2024-10-28 14:24:00,2296.0,2297.1479999999997,2287.9,2286.7560500000004,50,LONG,-519.5974999999635,-95026.69499998611
cash_ACC,RSI2,2024-10-28 15:00:00,2024-10-28 15:06:00,2286.7,2287.8433499999996,2285.55,2284.4072250000004,50,LONG,-171.80624999996326,-95198.50124998607
cash_ACC,RSI2,2024-10-29 09:36:00,2024-10-29 09:42:00,2292.9,2294.04645,2295.05,2293.9024750000003,50,LONG,-7.198749999975007,-95205.69999998606
cash_ACC,RSI2,2024-10-29 09:49:00,2024-10-29 09:52:00,2289.6,2290.7448,2293.4,2292.2533000000003,50,LONG,75.42500000001837,-95130.27499998604
cash_ACC,RSI2,2024-10-29 10:19:00,2024-10-29 10:23:00,2300.05,2301.200025,2302.0,2300.849,50,LONG,-17.5512499999968,-95147.82624998604
cash_ACC,RSI2,2024-10-29 10:34:00,2024-10-29 10:36:00,2298.5,2299.64925,2299.6,2298.4502,50,LONG,-59.952499999985776,-95207.77874998603
cash_ACC,RSI2,2024-10-29 10:44:00,2024-10-29 10:59:00,2295.05,2296.197525,2286.25,2285.106875,50,LONG,-554.5325000000048,-95762.31124998603
cash_ACC,RSI2,2024-10-29 11:03:00,2024-10-29 11:13:00,2281.85,2282.9909249999996,2277.6,2276.4612,50,LONG,-326.4862499999708,-96088.797499986
cash_ACC,RSI2,2024-10-29 12:22:00,2024-10-29 12:24:00,2297.05,2298.1985250000002,2298.4,2297.2508000000003,50,LONG,-47.38624999999956,-96136.183749986
cash_ACC,RSI2,2024-10-29 12:29:00,2024-10-29 12:33:00,2295.55,2296.697775,2296.2,2295.0519,50,LONG,-82.293750000008,-96218.47749998601
cash_ACC,RSI2,2024-10-29 13:21:00,2024-10-29 13:26:00,2307.85,2309.003925,2309.1,2307.94545,50,LONG,-52.92374999999083,-96271.401249986
cash_ACC,RSI2,2024-10-29 15:16:00,2024-10-29 15:21:00,2327.6,2328.7637999999997,2329.0,2327.8355,50,LONG,-46.414999999979045,-96317.81624998598
cash_ACC,RSI2,2024-10-30 09:15:00,2024-10-30 09:18:00,2317.65,2318.808825,2323.7,2322.53815,50,LONG,186.4662499999895,-96131.34999998599
cash_ACC,RSI2,2024-10-30 11:18:00,2024-10-30 11:21:00,2369.15,2370.334575,2373.0,2371.8135,50,LONG,73.94625000001724,-96057.40374998597
cash_ACC,RSI2,2024-10-30 11:39:00,2024-10-30 11:43:00,2370.1,2371.28505,2373.55,2372.3632250000005,50,LONG,53.908750000027794,-96003.49499998594
cash_ACC,RSI2,2024-10-30 11:48:00,2024-10-30 11:52:00,2369.1,2370.28455,2371.85,2370.664075,50,LONG,18.97625000001426,-95984.51874998593
cash_ACC,RSI2,2024-10-30 12:06:00,2024-10-30 12:08:00,2371.15,2372.335575,2374.0,2372.813,50,LONG,23.871250000001965,-95960.64749998593
cash_ACC,RSI2,2024-10-30 12:17:00,2024-10-30 12:20:00,2370.2,2371.3850999999995,2372.2,2371.0139,50,LONG,-18.559999999979482,-95979.20749998592
cash_ACC,RSI2,2024-10-30 12:22:00,2024-10-30 12:36:00,2367.2,2368.3835999999997,2360.9,2359.7195500000003,50,LONG,-433.2024999999703,-96412.40999998589
cash_ACC,RSI2,2024-10-30 12:53:00,2024-10-30 12:55:00,2357.0,2358.1785,2359.2,2358.0204,50,LONG,-7.905000000005202,-96420.31499998589
cash_ACC,RSI2,2024-10-30 13:12:00,2024-10-30 13:18:00,2357.15,2358.328575,2355.95,2354.7720249999998,50,LONG,-177.82750000001215,-96598.1424999859
cash_ACC,RSI2,2024-10-30 13:25:00,2024-10-30 13:31:00,2353.25,2354.426625,2354.05,2352.872975,50,LONG,-77.6824999999917,-96675.8249999859
cash_ACC,RSI2,2024-10-30 13:37:00,2024-10-30 13:38:00,2350.6,2351.7753,2352.7,2351.52365,50,LONG,-12.582499999984975,-96688.40749998589
cash_ACC,RSI2,2024-10-30 13:42:00,2024-10-30 13:47:00,2349.5,2350.6747499999997,2349.05,2347.8754750000003,50,LONG,-139.96374999996988,-96828.37124998585
cash_ACC,RSI2,2024-10-30 14:15:00,2024-10-30 14:19:00,2345.4,2346.5727,2347.55,2346.3762250000004,50,LONG,-9.82374999998683,-96838.19499998583
cash_ACC,RSI2,2024-10-30 14:34:00,2024-10-30 14:40:00,2341.7,2342.87085,2339.95,2338.780025,50,LONG,-204.5412499999884,-97042.73624998583
cash_ACC,RSI2,2024-10-30 14:46:00,2024-10-30 14:56:00,2335.3,2336.46765,2336.25,2335.0818750000003,50,LONG,-69.28874999998698,-97112.02499998582
cash_ACC,RSI2,2024-10-30 15:12:00,2024-10-31 09:20:00,2334.0,2335.167,2321.4,2320.2393,50,LONG,-746.3849999999866,-97858.4099999858
cash_ACC,RSI2,2024-10-31 10:07:00,2024-10-31 10:16:00,2319.7,2320.85985,2321.1,2319.93945,50,LONG,-46.01999999999862,-97904.4299999858
cash_ACC,RSI2,2024-10-31 10:37:00,2024-10-31 10:40:00,2332.5,2333.6662499999998,2333.65,2332.4831750000003,50,LONG,-59.153749999973115,-97963.58374998577
cash_ACC,RSI2,2024-10-31 10:45:00,2024-10-31 10:50:00,2329.9,2331.06495,2329.65,2328.4851750000003,50,LONG,-128.98874999998498,-98092.57249998576
cash_ACC,RSI2,2024-10-31 11:01:00,2024-10-31 11:03:00,2328.0,2329.1639999999998,2330.75,2329.584625,50,LONG,21.031250000010004,-98071.54124998575
cash_ACC,RSI2,2024-10-31 11:10:00,2024-10-31 11:17:00,2328.0,2329.1639999999998,2328.45,2327.285775,50,LONG,-93.91124999999647,-98165.45249998574
cash_ACC,RSI2,2024-10-31 11:28:00,2024-10-31 11:38:00,2324.45,2325.612225,2322.35,2321.188825,50,LONG,-221.1699999999837,-98386.62249998572
cash_ACC,RSI2,2024-10-31 11:41:00,2024-10-31 11:43:00,2318.75,2319.9093749999997,2322.1,2320.93895,50,LONG,51.478750000023865,-98335.1437499857
cash_ACC,RSI2,2024-10-31 12:01:00,2024-10-31 12:05:00,2320.85,2322.010425,2320.9,2319.7395500000002,50,LONG,-113.54374999998527,-98448.68749998568
cash_ACC,RSI2,2024-10-31 12:09:00,2024-10-31 12:15:00,2319.0,2320.1594999999998,2319.45,2318.290275,50,LONG,-93.46124999999574,-98542.14874998567
cash_ACC,RSI2,2024-10-31 12:22:00,2024-10-31 12:31:00,2316.15,2317.308075,2309.75,2308.5951250000003,50,LONG,-435.64749999998185,-98977.79624998565
cash_ACC,RSI2,2024-10-31 12:38:00,2024-10-31 12:54:00,2304.6,2305.7522999999997,2296.4,2295.2518,50,LONG,-525.0249999999824,-99502.82124998563
cash_ACC,RSI2,2024-10-31 13:10:00,2024-10-31 13:13:00,2295.05,2296.197525,2296.1,2294.95195,50,LONG,-62.27874999999585,-99565.09999998563
cash_ACC,RSI2,2024-10-31 13:20:00,2024-10-31 13:23:00,2294.25,2295.397125,2296.55,2295.401725,50,LONG,0.23000000001047738,-99564.86999998562
cash_ACC,RSI2,2024-10-31 14:31:00,2024-10-31 14:35:00,2309.35,2310.5046749999997,2311.3,2310.1443500000005,50,LONG,-18.016249999959655,-99582.88624998557
cash_ACC,RSI2,2024-10-31 14:52:00,2024-10-31 15:01:00,2319.9,2321.05995,2317.15,2315.991425,50,LONG,-253.42624999998407,-99836.31249998556
cash_ACC,RSI2,2024-10-31 15:14:00,2024-10-31 15:24:00,2318.65,2319.809325,2320.0,2318.84,50,LONG,-48.46625000000131,-99884.77874998556
cash_ACC,RSI2,2024-10-31 15:29:00,2024-11-04 09:21:00,2317.35,2318.5086749999996,2318.1,2316.94095,50,LONG,-78.38624999997137,-99963.16499998553
cash_ACC,RSI2,2024-11-04 09:33:00,2024-11-04 09:35:00,2305.2,2306.3525999999997,2310.7,2309.54465,50,LONG,159.60250000000542,-99803.56249998552
cash_ACC,RSI2,2024-11-04 09:46:00,2024-11-04 09:56:00,2306.35,2307.503175,2306.25,2305.096875,50,LONG,-120.31499999998232,-99923.87749998551
cash_ACC,RSI2,2024-11-04 10:05:00,2024-11-04 10:13:00,2304.65,2305.802325,2298.8,2297.6506000000004,50,LONG,-407.58624999998574,-100331.4637499855
cash_ACC,RSI2,2024-11-04 10:28:00,2024-11-04 10:30:00,2294.0,2295.147,2297.3,2296.15135,50,LONG,50.21750000000793,-100281.24624998549
cash_ACC,RSI2,2024-11-04 10:35:00,2024-11-04 10:45:00,2295.0,2296.1475,2290.65,2289.504675,50,LONG,-332.1412499999951,-100613.38749998549
cash_ACC,RSI2,2024-11-04 10:49:00,2024-11-04 11:04:00,2286.7,2287.8433499999996,2280.0,2278.86,50,LONG,-449.1674999999759,-101062.55499998547
cash_ACC,RSI2,2024-11-04 12:09:00,2024-11-04 12:25:00,2300.4,2301.5502,2295.65,2294.502175,50,LONG,-352.4012500000026,-101414.95624998547
cash_ACC,RSI2,2024-11-04 12:40:00,2024-11-04 12:42:00,2283.8,2284.9419000000003,2289.15,2288.0054250000003,50,LONG,153.17625000000135,-101261.77999998546
cash_ACC,RSI2,2024-11-04 12:47:00,2024-11-04 13:01:00,2284.0,2285.142,2286.0,2284.857,50,LONG,-14.249999999992724,-101276.02999998545
cash_ACC,RSI2,2024-11-04 13:17:00,2024-11-04 13:22:00,2280.3,2281.44015,2282.55,2281.4087250000002,50,LONG,-1.5712499999835927,-101277.60124998543
cash_ACC,RSI2,2024-11-04 13:25:00,2024-11-04 13:26:00,2279.1,2280.23955,2282.3,2281.1588500000003,50,LONG,45.96500000002379,-101231.6362499854
cash_ACC,RSI2,2024-11-04 13:37:00,2024-11-04 13:40:00,2278.25,2279.3891249999997,2281.1,2279.95945,50,LONG,28.51625000000695,-101203.1199999854
cash_ACC,RSI2,2024-11-04 13:56:00,2024-11-04 13:57:00,2283.45,2284.5917249999998,2285.95,2284.807025,50,LONG,10.76500000001488,-101192.35499998539
cash_ACC,RSI2,2024-11-04 14:05:00,2024-11-04 14:10:00,2287.0,2288.1434999999997,2288.35,2287.205825,50,LONG,-46.88374999998359,-101239.23874998536
cash_ACC,RSI2,2024-11-04 14:20:00,2024-11-04 14:23:00,2285.4,2286.5427,2289.0,2287.8555,50,LONG,65.6400000000076,-101173.59874998535
cash_ACC,RSI2,2024-11-04 14:55:00,2024-11-04 15:00:00,2289.5,2290.64475,2291.25,2290.1043750000003,50,LONG,-27.018749999979264,-101200.61749998532
cash_ACC,RSI2,2024-11-04 15:06:00,2024-11-04 15:17:00,2290.35,2291.4951749999996,2291.5,2290.3542500000003,50,LONG,-57.04624999996213,-101257.66374998528
cash_ACC,RSI2,2024-11-04 15:26:00,2024-11-04 15:27:00,2288.4,2289.5442,2290.7,2289.55465,50,LONG,0.5225000000109503,-101257.14124998527
cash_ACC,RSI2,2024-11-05 09:15:00,2024-11-05 09:16:00,2286.2,2287.3430999999996,2291.4,2290.2543,50,LONG,145.56000000002314,-101111.58124998525
cash_ACC,RSI2,2024-11-05 09:22:00,2024-11-05 09:25:00,2292.8,2293.9464000000003,2293.5,2292.35325,50,LONG,-79.65750000000753,-101191.23874998525
cash_ACC,RSI2,2024-11-05 09:45:00,2024-11-05 09:53:00,2295.25,2296.397625,2295.4,2294.2523,50,LONG,-107.26624999999785,-101298.50499998525
cash_ACC,RSI2,2024-11-05 10:09:00,2024-11-05 10:13:00,2302.85,2304.001425,2304.0,2302.848,50,LONG,-57.67124999999851,-101356.17624998525
cash_ACC,RSI2,2024-11-05 10:35:00,2024-11-05 10:37:00,2305.05,2306.202525,2308.45,2307.295775,50,LONG,54.66249999999491,-101301.51374998526
cash_ACC,RSI2,2024-11-05 11:13:00,2024-11-05 11:16:00,2303.0,2304.1515,2307.0,2305.8465,50,LONG,84.75000000000819,-101216.76374998524
cash_ACC,RSI2,2024-11-05 11:24:00,2024-11-05 11:32:00,2302.8,2303.9514,2302.1,2300.94895,50,LONG,-150.12249999999767,-101366.88624998524
cash_ACC,RSI2,2024-11-05 11:44:00,2024-11-05 11:46:00,2295.0,2296.1475,2297.1,2295.95145,50,LONG,-9.802500000000691,-101376.68874998525
cash_ACC,RSI2,2024-11-05 11:56:00,2024-11-05 11:58:00,2292.8,2293.9464000000003,2297.55,2296.4012250000005,50,LONG,122.74125000001277,-101253.94749998524
cash_ACC,RSI2,2024-11-05 12:22:00,2024-11-05 12:25:00,2301.45,2302.600725,2303.0,2301.8485,50,LONG,-37.611249999986285,-101291.55874998523
cash_ACC,RSI2,2024-11-05 12:29:00,2024-11-05 12:31:00,2301.35,2302.500675,2302.4,2301.2488000000003,50,LONG,-62.593749999973625,-101354.1524999852
cash_ACC,RSI2,2024-11-05 13:07:00,2024-11-05 13:09:00,2302.55,2303.701275,2304.7,2303.54765,50,LONG,-7.681249999995998,-101361.83374998519
cash_ACC,RSI2,2024-11-05 13:18:00,2024-11-05 13:23:00,2300.05,2301.200025,2300.3,2299.1498500000002,50,LONG,-102.50874999999269,-101464.34249998518
cash_ACC,RSI2,2024-11-05 13:36:00,2024-11-05 13:44:00,2308.35,2309.5041749999996,2309.9,2308.74505,50,LONG,-37.95624999997926,-101502.29874998516
cash_ACC,RSI2,2024-11-05 14:49:00,2024-11-05 14:52:00,2319.5,2320.65975,2320.1,2318.93995,50,LONG,-85.9899999999925,-101588.28874998515
cash_ACC,RSI2,2024-11-05 15:17:00,2024-11-05 15:22:00,2319.1,2320.2595499999998,2318.3,2317.1408500000002,50,LONG,-155.93499999997675,-101744.22374998513
cash_ACC,RSI2,2024-11-06 09:53:00,2024-11-06 09:59:00,2333.25,2334.416625,2333.05,2331.883475,50,LONG,-126.65749999998752,-101870.88124998512
cash_ACC,RSI2,2024-11-06 10:15:00,2024-11-06 10:16:00,2337.45,2338.618725,2341.65,2340.4791750000004,50,LONG,93.02250000002914,-101777.85874998508
cash_ACC,RSI2,2024-11-06 10:24:00,2024-11-06 10:35:00,2334.05,2335.217025,2330.9,2329.73455,50,LONG,-274.12374999998974,-102051.98249998507
cash_ACC,RSI2,2024-11-06 11:10:00,2024-11-06 11:20:00,2336.1,2337.2680499999997,2335.05,2333.8824750000003,50,LONG,-169.27874999996675,-102221.26124998504
cash_ACC,RSI2,2024-11-06 11:46:00,2024-11-06 11:48:00,2343.2,2344.3715999999995,2346.0,2344.827,50,LONG,22.770000000036816,-102198.491249985
cash_ACC,RSI2,2024-11-06 12:20:00,2024-11-06 12:27:00,2346.95,2348.123475,2345.75,2344.5771250000003,50,LONG,-177.317499999981,-102375.80874998498
cash_ACC,RSI2,2024-11-06 12:42:00,2024-11-06 12:58:00,2350.0,2351.1749999999997,2352.55,2351.3737250000004,50,LONG,9.936250000032487,-102365.87249998495
cash_ACC,RSI2,2024-11-06 13:17:00,2024-11-06 13:20:00,2360.85,2362.030425,2362.0,2360.819,50,LONG,-60.571249999998145,-102426.44374998494
cash_ACC,RSI2,2024-11-06 13:42:00,2024-11-06 13:46:00,2354.55,2355.727275,2358.8,2357.6206,50,LONG,94.66625000000022,-102331.77749998495
cash_ACC,RSI2,2024-11-06 14:05:00,2024-11-06 14:08:00,2356.15,2357.328075,2357.5,2356.32125,50,LONG,-50.34124999999676,-102382.11874998495
cash_ACC,RSI2,2024-11-06 14:20:00,2024-11-06 14:29:00,2354.55,2355.727275,2357.15,2355.971425,50,LONG,12.207499999999527,-102369.91124998494
cash_ACC,RSI2,2024-11-06 14:41:00,2024-11-06 14:46:00,2358.1,2359.2790499999996,2361.9,2360.71905,50,LONG,72.00000000002547,-102297.91124998491
cash_ACC,RSI2,2024-11-06 14:51:00,2024-11-06 14:54:00,2356.4,2357.5782,2358.85,2357.670575,50,LONG,4.618750000008731,-102293.2924999849
cash_ACC,RSI2,2024-11-06 14:58:00,2024-11-06 15:00:00,2356.2,2357.3781,2360.4,2359.2198000000003,50,LONG,92.08500000002005,-102201.20749998488
cash_ACC,RSI2,2024-11-06 15:13:00,2024-11-06 15:18:00,2357.2,2358.3785999999996,2357.3,2356.1213500000003,50,LONG,-112.86249999996016,-102314.06999998484
cash_ACC,RSI2,2024-11-07 09:15:00,2024-11-07 09:35:00,2351.2,2352.3756,2337.5,2336.33125,50,LONG,-802.2174999999834,-103116.28749998483
cash_ACC,RSI2,2024-11-07 09:39:00,2024-11-07 09:49:00,2330.6,2331.7652999999996,2328.1,2326.93595,50,LONG,-241.4674999999761,-103357.7549999848
cash_ACC,RSI2,2024-11-07 09:53:00,2024-11-07 10:07:00,2320.45,2321.610225,2303.35,2302.198325,50,LONG,-970.595000000003,-104328.3499999848
cash_ACC,RSI2,2024-11-07 10:29:00,2024-11-07 10:31:00,2299.1,2300.24955,2303.2,2302.0484,50,LONG,89.94250000000648,-104238.4074999848
cash_ACC,RSI2,2024-11-07 11:35:00,2024-11-07 11:39:00,2329.0,2330.1645,2329.95,2328.785025,50,LONG,-68.97374999998647,-104307.38124998478
cash_ACC,RSI2,2024-11-07 11:45:00,2024-11-07 11:52:00,2327.85,2329.0139249999997,2330.0,2328.835,50,LONG,-8.946249999985412,-104316.32749998476
cash_ACC,RSI2,2024-11-07 11:56:00,2024-11-07 12:05:00,2326.35,2327.5131749999996,2324.75,2323.587625,50,LONG,-196.27749999997377,-104512.60499998473
cash_ACC,RSI2,2024-11-07 12:14:00,2024-11-07 12:16:00,2322.1,2323.2610499999996,2323.6,2322.4382,50,LONG,-41.1424999999781,-104553.7474999847
cash_ACC,RSI2,2024-11-07 12:18:00,2024-11-07 12:22:00,2318.25,2319.4091249999997,2320.5,2319.33975,50,LONG,-3.4687499999790816,-104557.21624998469
cash_ACC,RSI2,2024-11-07 13:03:00,2024-11-07 13:06:00,2325.8,2326.9629,2326.8,2325.6366000000003,50,LONG,-66.31499999998596,-104623.53124998468
cash_ACC,RSI2,2024-11-07 13:14:00,2024-11-07 13:21:00,2325.95,2327.1129749999996,2324.85,2323.687575,50,LONG,-171.26999999998134,-104794.80124998465
cash_ACC,RSI2,2024-11-07 13:42:00,2024-11-07 13:47:00,2319.3,2320.4596500000002,2323.7,2322.53815,50,LONG,103.92499999998108,-104690.87624998466
cash_ACC,RSI2,2024-11-07 14:21:00,2024-11-07 14:26:00,2325.1,2326.26255,2324.9,2323.7375500000003,50,LONG,-126.24999999998181,-104817.12624998465
cash_ACC,RSI2,2024-11-07 15:03:00,2024-11-07 15:19:00,2318.5,2319.6592499999997,2318.8,2317.6406,50,LONG,-100.93249999997624,-104918.05874998463
cash_ACC,RSI2,2024-11-08 09:15:00,2024-11-08 09:25:00,2315.25,2316.407625,2317.4,2316.2413,50,LONG,-8.316249999984393,-104926.37499998462
cash_ACC,RSI2,2024-11-08 09:35:00,2024-11-08 09:41:00,2323.0,2324.1614999999997,2319.0,2317.8405000000002,50,LONG,-316.0499999999729,-105242.42499998459
cash_ACC,RSI2,2024-11-08 09:50:00,2024-11-08 09:59:00,2326.25,2327.413125,2318.6,2317.4407,50,LONG,-498.6212499999965,-105741.04624998459
cash_ACC,RSI2,2024-11-08 10:26:00,2024-11-08 10:31:00,2315.0,2316.1575,2316.45,2315.291775,50,LONG,-43.28624999998283,-105784.33249998456
cash_ACC,RSI2,2024-11-08 10:41:00,2024-11-08 10:46:00,2312.0,2313.156,2312.15,2310.993925,50,LONG,-108.10374999998658,-105892.43624998454
cash_ACC,RSI2,2024-11-08 11:01:00,2024-11-08 11:08:00,2308.05,2309.204025,2306.7,2305.5466499999998,50,LONG,-182.86875000001146,-106075.30499998455
cash_ACC,RSI2,2024-11-08 11:18:00,2024-11-08 11:26:00,2304.8,2305.9524,2304.95,2303.797525,50,LONG,-107.74375000000873,-106183.04874998456
cash_ACC,RSI2,2024-11-08 11:34:00,2024-11-08 11:44:00,2300.05,2301.200025,2297.5,2296.35125,50,LONG,-242.43874999999662,-106425.48749998456
cash_ACC,RSI2,2024-11-08 11:50:00,2024-11-08 12:04:00,2291.5,2292.6457499999997,2287.7,2286.55615,50,LONG,-304.47999999998956,-106729.96749998456
cash_ACC,RSI2,2024-11-08 12:07:00,2024-11-08 12:08:00,2285.0,2286.1425,2288.4,2287.2558000000004,50,LONG,55.66500000002179,-106674.30249998454
cash_ACC,RSI2,2024-11-08 12:25:00,2024-11-08 12:31:00,2291.8,2292.9459,2292.3,2291.15385,50,LONG,-89.60250000000087,-106763.90499998454
cash_ACC,RSI2,2024-11-08 12:40:00,2024-11-08 12:45:00,2294.55,2295.697275,2295.95,2294.802025,50,LONG,-44.76250000000164,-106808.66749998454
cash_ACC,RSI2,2024-11-08 12:53:00,2024-11-08 12:55:00,2291.35,2292.4956749999997,2293.05,2291.9034750000005,50,LONG,-29.609999999956926,-106838.2774999845
cash_ACC,RSI2,2024-11-08 13:00:00,2024-11-08 13:10:00,2290.0,2291.145,2290.95,2289.804525,50,LONG,-67.02374999999847,-106905.30124998449
cash_ACC,RSI2,2024-11-08 13:41:00,2024-11-08 13:44:00,2288.05,2289.1940250000002,2291.35,2290.204325,50,LONG,50.51499999999578,-106854.78624998449
cash_ACC,RSI2,2024-11-08 13:48:00,2024-11-08 13:52:00,2288.35,2289.494175,2291.3,2290.1543500000002,50,LONG,33.00875000002179,-106821.77749998447
cash_ACC,RSI2,2024-11-08 13:56:00,2024-11-08 13:59:00,2287.15,2288.293575,2288.9,2287.7555500000003,50,LONG,-26.901249999991705,-106848.67874998446
cash_ACC,RSI2,2024-11-08 14:13:00,2024-11-08 14:20:00,2288.0,2289.144,2288.0,2286.856,50,LONG,-114.39999999997781,-106963.07874998444
cash_ACC,RSI2,2024-11-08 14:37:00,2024-11-08 14:38:00,2292.0,2293.1459999999997,2293.8,2292.6531000000004,50,LONG,-24.644999999964057,-106987.7237499844
cash_ACC,RSI2,2024-11-08 14:47:00,2024-11-08 15:00:00,2294.55,2295.697275,2293.0,2291.8535,50,LONG,-192.18874999999116,-107179.91249998439
cash_ACC,RSI2,2024-11-08 15:16:00,2024-11-11 09:20:00,2291.6,2292.7457999999997,2275.75,2274.612125,50,LONG,-906.6837499999792,-108086.59624998437
cash_ACC,RSI2,2024-11-11 09:25:00,2024-11-11 09:28:00,2266.05,2267.1830250000003,2273.45,2272.313275,50,LONG,256.51249999998527,-107830.08374998439
cash_ACC,RSI2,2024-11-11 09:39:00,2024-11-11 09:44:00,2275.0,2276.1375,2272.2,2271.0639,50,LONG,-253.67999999998574,-108083.76374998438
cash_ACC,RSI2,2024-11-11 10:01:00,2024-11-11 10:05:00,2273.2,2274.3365999999996,2274.0,2272.8630000000003,50,LONG,-73.67999999996755,-108157.44374998435
cash_ACC,RSI2,2024-11-11 10:13:00,2024-11-11 10:18:00,2267.3,2268.43365,2272.65,2271.513675,50,LONG,154.00125000001026,-108003.44249998433
cash_ACC,RSI2,2024-11-11 10:44:00,2024-11-11 10:47:00,2281.3,2282.44065,2283.6,2282.4582,50,LONG,0.8775000000014188,-108002.56499998433
cash_ACC,RSI2,2024-11-11 10:52:00,2024-11-11 10:58:00,2279.4,2280.5397,2281.8,2280.6591000000003,50,LONG,5.970000000024811,-107996.5949999843
cash_ACC,RSI2,2024-11-11 11:37:00,2024-11-11 11:40:00,2286.3,2287.44315,2288.1,2286.95595,50,LONG,-24.36000000000149,-108020.9549999843
cash_ACC,RSI2,2024-11-11 11:56:00,2024-11-11 12:04:00,2291.35,2292.4956749999997,2287.45,2286.306275,50,LONG,-309.4699999999875,-108330.42499998429
cash_ACC,RSI2,2024-11-11 12:07:00,2024-11-11 12:14:00,2281.05,2282.190525,2277.15,2276.011425,50,LONG,-308.95499999999174,-108639.37999998427
cash_ACC,RSI2,2024-11-11 12:56:00,2024-11-11 13:02:00,2275.5,2276.63775,2275.9,2274.7620500000003,50,LONG,-93.78499999997985,-108733.16499998425
cash_ACC,RSI2,2024-11-11 13:19:00,2024-11-11 13:23:00,2272.8,2273.9364,2275.85,2274.712075,50,LONG,38.78374999999323,-108694.38124998426
cash_ACC,RSI2,2024-11-11 13:38:00,2024-11-11 13:52:00,2272.3,2273.43615,2269.1,2267.96545,50,LONG,-273.5349999999926,-108967.91624998425
cash_ACC,RSI2,2024-11-11 14:07:00,2024-11-11 14:19:00,2269.1,2270.2345499999997,2266.3,2265.1668500000005,50,LONG,-253.38499999995747,-109221.3012499842
cash_ACC,RSI2,2024-11-11 14:48:00,2024-11-11 15:04:00,2276.9,2278.03845,2273.2,2272.0634,50,LONG,-298.7525000000005,-109520.0537499842
cash_ACC,RSI2,2024-11-11 15:12:00,2024-11-11 15:17:00,2271.0,2272.1355,2270.95,2269.814525,50,LONG,-116.04875000000447,-109636.1024999842
cash_ACC,RSI2,2024-11-12 09:19:00,2024-11-12 09:24:00,2265.15,2266.282575,2270.45,2269.314775,50,LONG,151.6099999999824,-109484.49249998422
cash_ACC,RSI2,2024-11-12 09:37:00,2024-11-12 09:41:00,2267.0,2268.1335,2269.9,2268.7650500000004,50,LONG,31.577500000025793,-109452.91499998419
cash_ACC,RSI2,2024-11-12 09:44:00,2024-11-12 09:50:00,2264.1,2265.2320499999996,2262.95,2261.818525,50,LONG,-170.67624999997406,-109623.59124998417
cash_ACC,RSI2,2024-11-12 09:54:00,2024-11-12 09:56:00,2258.05,2259.179025,2261.7,2260.56915,50,LONG,69.5062499999949,-109554.08499998417
cash_ACC,RSI2,2024-11-12 10:36:00,2024-11-12 10:41:00,2281.65,2282.790825,2285.8,2284.6571000000004,50,LONG,93.31375000001572,-109460.77124998416
cash_ACC,RSI2,2024-11-12 10:59:00,2024-11-12 11:05:00,2284.0,2285.142,2287.0,2285.8565000000003,50,LONG,35.72500000002492,-109425.04624998414
cash_ACC,RSI2,2024-11-12 11:13:00,2024-11-12 11:20:00,2282.15,2283.291075,2281.95,2280.809025,50,LONG,-124.1025000000036,-109549.14874998415
cash_ACC,RSI2,2024-11-12 11:28:00,2024-11-12 11:31:00,2278.0,2279.1389999999997,2280.4,2279.2598000000003,50,LONG,6.040000000029977,-109543.10874998412
cash_ACC,RSI2,2024-11-12 11:59:00,2024-11-12 12:05:00,2281.35,2282.490675,2281.05,2279.9094750000004,50,LONG,-129.0599999999813,-109672.1687499841
cash_ACC,RSI2,2024-11-12 12:10:00,2024-11-12 12:15:00,2279.7,2280.83985,2280.9,2279.75955,50,LONG,-54.01499999998123,-109726.18374998409
cash_ACC,RSI2,2024-11-12 12:31:00,2024-11-12 12:35:00,2277.0,2278.1385,2278.35,2277.210825,50,LONG,-46.383749999995416,-109772.56749998408
cash_ACC,RSI2,2024-11-12 12:40:00,2024-11-12 12:47:00,2275.0,2276.1375,2275.25,2274.112375,50,LONG,-101.25624999998308,-109873.82374998406
cash_ACC,RSI2,2024-11-12 12:57:00,2024-11-12 13:01:00,2271.9,2273.03595,2274.85,2273.712575,50,LONG,33.83125000000291,-109839.99249998406
cash_ACC,RSI2,2024-11-12 13:15:00,2024-11-12 13:23:00,2271.0,2272.1355,2270.0,2268.8650000000002,50,LONG,-163.52499999998145,-110003.51749998404
cash_ACC,RSI2,2024-11-12 13:38:00,2024-11-12 13:45:00,2261.5,2262.63075,2267.35,2266.216325,50,LONG,179.27875000000313,-109824.23874998404
cash_ACC,RSI2,2024-11-12 13:59:00,2024-11-12 14:05:00,2266.0,2267.133,2268.8,2267.6656000000003,50,LONG,26.630000000022847,-109797.60874998402
cash_ACC,RSI2,2024-11-12 14:39:00,2024-11-12 14:45:00,2271.5,2272.63575,2270.95,2269.814525,50,LONG,-141.06125000000702,-109938.66999998403
cash_ACC,RSI2,2024-11-12 15:00:00,2024-11-12 15:02:00,2264.25,2265.382125,2269.75,2268.6151250000003,50,LONG,161.65000000000873,-109777.01999998403
cash_ACC,RSI2,2024-11-12 15:12:00,2024-11-12 15:15:00,2262.85,2263.981425,2265.85,2264.717075,50,LONG,36.78250000000389,-109740.23749998402
cash_ACC,RSI2,2024-11-12 15:28:00,2024-11-13 09:17:00,2260.1,2261.2300499999997,2261.3,2260.16935,50,LONG,-53.03499999997712,-109793.272499984
cash_ACC,RSI2,2024-11-13 09:27:00,2024-11-13 09:31:00,2258.5,2259.62925,2263.35,2262.218325,50,LONG,129.4537499999933,-109663.818749984
cash_ACC,RSI2,2024-11-13 09:35:00,2024-11-13 09:50:00,2252.85,2253.976425,2243.45,2242.328275,50,LONG,-582.4074999999993,-110246.226249984
cash_ACC,RSI2,2024-11-13 09:58:00,2024-11-13 09:59:00,2241.65,2242.770825,2245.5,2244.37725,50,LONG,80.32124999999724,-110165.904999984
cash_ACC,RSI2,2024-11-13 10:07:00,2024-11-13 10:09:00,2237.8,2238.9189,2241.05,2239.9294750000004,50,LONG,50.528750000012224,-110115.376249984
cash_ACC,RSI2,2024-11-13 10:15:00,2024-11-13 10:17:00,2236.8,2237.9184,2239.95,2238.8300249999998,50,LONG,45.58124999998654,-110069.794999984
cash_ACC,RSI2,2024-11-13 10:56:00,2024-11-13 11:00:00,2234.85,2235.967425,2234.8,2233.6826,50,LONG,-114.2412499999864,-110184.036249984
cash_ACC,RSI2,2024-11-13 11:03:00,2024-11-13 11:08:00,2229.3,2230.41465,2228.8,2227.6856000000002,50,LONG,-136.45249999999578,-110320.488749984
cash_ACC,RSI2,2024-11-13 11:27:00,2024-11-13 11:32:00,2225.85,2226.962925,2226.4,2225.2868000000003,50,LONG,-83.80624999997508,-110404.29499998398
cash_ACC,RSI2,2024-11-13 11:43:00,2024-11-13 11:45:00,2220.75,2221.8603749999997,2223.7,2222.58815,50,LONG,36.388750000014625,-110367.90624998396
cash_ACC,RSI2,2024-11-13 11:55:00,2024-11-13 11:56:00,2225.4,2226.5126999999998,2227.8,2226.6861000000004,50,LONG,8.670000000029177,-110359.23624998394
cash_ACC,RSI2,2024-11-13 12:06:00,2024-11-13 12:12:00,2222.7,2223.8113499999995,2222.75,2221.638625,50,LONG,-108.63624999997228,-110467.8724999839
cash_ACC,RSI2,2024-11-13 12:27:00,2024-11-13 12:30:00,2222.4,2223.5112,2225.0,2223.8875000000003,50,LONG,18.81500000001779,-110449.05749998389
cash_ACC,RSI2,2024-11-13 12:37:00,2024-11-13 12:45:00,2222.0,2223.111,2220.4,2219.2898,50,LONG,-191.05999999999312,-110640.11749998388
cash_ACC,RSI2,2024-11-13 12:47:00,2024-11-13 12:51:00,2215.1,2216.2075499999996,2216.9,2215.7915500000004,50,LONG,-20.799999999962893,-110660.91749998384
cash_ACC,RSI2,2024-11-13 13:02:00,2024-11-13 13:03:00,2213.25,2214.356625,2216.65,2215.5416750000004,50,LONG,59.252500000025066,-110601.66499998381
cash_ACC,RSI2,2024-11-13 13:10:00,2024-11-13 13:12:00,2212.2,2213.3061,2216.7,2215.59165,50,LONG,114.27750000000287,-110487.38749998382
cash_ACC,RSI2,2024-11-13 13:26:00,2024-11-13 13:30:00,2216.4,2217.5081999999998,2217.15,2216.0414250000003,50,LONG,-73.33874999997079,-110560.72624998378
cash_ACC,RSI2,2024-11-13 13:32:00,2024-11-13 13:36:00,2212.15,2213.256075,2214.95,2213.842525,50,LONG,29.32250000001204,-110531.40374998377
cash_ACC,RSI2,2024-11-13 13:53:00,2024-11-13 13:55:00,2221.45,2222.560725,2223.9,2222.78805,50,LONG,11.366250000014588,-110520.03749998375
cash_ACC,RSI2,2024-11-13 14:05:00,2024-11-13 14:27:00,2221.25,2222.360625,2200.0,2198.9,50,LONG,-1173.0312499999854,-111693.06874998374
cash_ACC,RSI2,2024-11-13 14:43:00,2024-11-13 14:47:00,2195.1,2196.19755,2195.15,2194.0524250000003,50,LONG,-107.25624999997763,-111800.32499998371
cash_ACC,RSI2,2024-11-13 14:52:00,2024-11-13 14:53:00,2192.8,2193.8964,2196.55,2195.4517250000004,50,LONG,77.76625000001332,-111722.5587499837
cash_ACC,RSI2,2024-11-14 09:18:00,2024-11-14 09:22:00,2193.0,2194.0965,2200.95,2199.849525,50,LONG,287.651249999999,-111434.9074999837
cash_ACC,RSI2,2024-11-14 09:28:00,2024-11-14 09:32:00,2194.6,2195.6973,2194.95,2193.852525,50,LONG,-92.23875000000135,-111527.1462499837
cash_ACC,RSI2,2024-11-14 09:40:00,2024-11-14 09:47:00,2186.0,2187.093,2189.05,2187.955475,50,LONG,43.123750000017935,-111484.0224999837
cash_ACC,RSI2,2024-11-14 10:17:00,2024-11-14 10:21:00,2208.3,2209.40415,2208.4,2207.2958000000003,50,LONG,-105.41749999997592,-111589.43999998368
cash_ACC,RSI2,2024-11-14 10:25:00,2024-11-14 10:31:00,2203.9,2205.00195,2206.95,2205.846525,50,LONG,42.228750000003856,-111547.21124998367
cash_ACC,RSI2,2024-11-14 10:39:00,2024-11-14 10:41:00,2203.8,2204.9019,2206.6,2205.4967,50,LONG,29.740000000015243,-111517.47124998365
cash_ACC,RSI2,2024-11-14 10:50:00,2024-11-14 10:53:00,2201.1,2202.2005499999996,2203.05,2201.948475,50,LONG,-12.603749999971114,-111530.07499998361
cash_ACC,RSI2,2024-11-14 10:59:00,2024-11-14 11:15:00,2199.65,2200.749825,2192.5,2191.40375,50,LONG,-467.3037499999964,-111997.3787499836
cash_ACC,RSI2,2024-11-14 11:20:00,2024-11-14 11:22:00,2188.15,2189.244075,2189.9,2188.8050500000004,50,LONG,-21.951249999983702,-112019.32999998359
cash_ACC,RSI2,2024-11-14 11:47:00,2024-11-14 11:58:00,2185.0,2186.0924999999997,2183.3,2182.2083500000003,50,LONG,-194.20749999997042,-112213.53749998356
cash_ACC,RSI2,2024-11-14 12:19:00,2024-11-14 12:32:00,2189.7,2190.7948499999998,2184.2,2183.1079,50,LONG,-384.34749999998985,-112597.88499998355
cash_ACC,RSI2,2024-11-14 12:57:00,2024-11-14 13:00:00,2190.2,2191.2951,2193.35,2192.253325,50,LONG,47.91125000001557,-112549.97374998353
cash_ACC,RSI2,2024-11-14 13:32:00,2024-11-14 13:43:00,2197.8,2198.8989,2195.4,2194.3023000000003,50,LONG,-229.82999999999265,-112779.80374998352
cash_ACC,RSI2,2024-11-14 13:48:00,2024-11-14 13:51:00,2190.3,2191.3951500000003,2192.95,2191.853525,50,LONG,22.918749999985266,-112756.88499998354
cash_ACC,RSI2,2024-11-14 14:11:00,2024-11-14 14:13:00,2192.0,2193.096,2193.5,2192.4032500000003,50,LONG,-34.637499999985266,-112791.52249998352
cash_ACC,RSI2,2024-11-14 14:41:00,2024-11-14 14:45:00,2186.55,2187.643275,2187.15,2186.056425,50,LONG,-79.34249999998428,-112870.8649999835
cash_ACC,RSI2,2024-11-14 14:46:00,2024-11-14 14:49:00,2185.25,2186.3426249999998,2186.4,2185.3068000000003,50,LONG,-51.79124999997384,-112922.65624998348
cash_ACC,RSI2,2024-11-14 14:54:00,2024-11-14 15:04:00,2185.1,2186.1925499999998,2184.35,2183.257825,50,LONG,-146.73624999998083,-113069.39249998347
cash_ACC,RSI2,2024-11-14 15:06:00,2024-11-14 15:07:00,2181.75,2182.840875,2185.55,2184.457225,50,LONG,80.81750000001193,-112988.57499998345
cash_ACC,RSI2,2024-11-18 09:19:00,2024-11-18 09:28:00,2186.85,2187.943425,2173.1,2172.01345,50,LONG,-796.4987500000007,-113785.07374998345
cash_ACC,RSI2,2024-11-18 09:39:00,2024-11-18 09:46:00,2166.6,2167.6832999999997,2166.95,2165.866525,50,LONG,-90.83874999998898,-113875.91249998345
cash_ACC,RSI2,2024-11-18 10:14:00,2024-11-18 10:22:00,2187.5,2188.59375,2190.0,2188.905,50,LONG,15.562500000010004,-113860.34999998343
cash_ACC,RSI2,2024-11-18 10:27:00,2024-11-18 10:31:00,2186.1,2187.19305,2187.75,2186.656125,50,LONG,-26.846249999994143,-113887.19624998342
cash_ACC,RSI2,2024-11-18 11:04:00,2024-11-18 11:07:00,2190.55,2191.645275,2190.85,2189.754575,50,LONG,-94.53499999999622,-113981.73124998342
cash_ACC,RSI2,2024-11-18 11:24:00,2024-11-18 11:27:00,2190.05,2191.1450250000003,2193.2,2192.1034,50,LONG,47.918749999985266,-113933.81249998344
cash_ACC,RSI2,2024-11-18 11:50:00,2024-11-18 11:55:00,2192.6,2193.6962999999996,2195.95,2194.852025,50,LONG,57.786250000026484,-113876.0262499834
cash_ACC,RSI2,2024-11-18 12:38:00,2024-11-18 12:41:00,2207.5,2208.6037499999998,2208.75,2207.645625,50,LONG,-47.90624999998272,-113923.93249998339
cash_ACC,RSI2,2024-11-18 12:51:00,2024-11-18 12:57:00,2205.6,2206.7027999999996,2205.0,2203.8975,50,LONG,-140.26499999997668,-114064.19749998336
cash_ACC,RSI2,2024-11-18 13:16:00,2024-11-18 13:22:00,2202.8,2203.9014,2203.8,2202.6981000000005,50,LONG,-60.16499999998359,-114124.36249998334
cash_ACC,RSI2,2024-11-18 13:32:00,2024-11-18 13:36:00,2201.0,2202.1005,2204.0,2202.898,50,LONG,39.87500000000637,-114084.48749998334
cash_ACC,RSI2,2024-11-18 14:06:00,2024-11-18 14:09:00,2204.95,2206.0524749999995,2205.6,2204.4972000000002,50,LONG,-77.76374999996278,-114162.25124998331
cash_ACC,RSI2,2024-11-18 14:12:00,2024-11-18 14:37:00,2200.45,2201.5502249999995,2180.4,2179.3098,50,LONG,-1112.0212499999752,-115274.27249998329
cash_ACC,RSI2,2024-11-18 14:41:00,2024-11-18 14:44:00,2177.0,2178.0885,2179.75,2178.6601250000003,50,LONG,28.58125000002474,-115245.69124998327
cash_ACC,RSI2,2024-11-18 15:07:00,2024-11-18 15:09:00,2185.05,2186.142525,2186.45,2185.3567749999997,50,LONG,-39.2875000000231,-115284.97874998329
cash_ACC,RSI2,2024-11-18 15:11:00,2024-11-18 15:13:00,2182.9,2183.99145,2187.15,2186.056425,50,LONG,103.24875000001157,-115181.72999998328
cash_ACC,RSI2,2024-11-18 15:22:00,2024-11-18 15:26:00,2188.0,2189.094,2188.65,2187.555675,50,LONG,-76.91624999999931,-115258.64624998327
cash_ACC,RSI2,2024-11-19 10:16:00,2024-11-19 10:21:00,2221.0,2222.1105,2222.6,2221.4887,50,LONG,-31.08999999999469,-115289.73624998327
cash_ACC,RSI2,2024-11-19 10:36:00,2024-11-19 10:43:00,2229.1,2230.2145499999997,2227.25,2226.136375,50,LONG,-203.90874999998232,-115493.64499998325
cash_ACC,RSI2,2024-11-19 10:46:00,2024-11-19 10:51:00,2225.0,2226.1124999999997,2224.6,2223.4877,50,LONG,-131.23999999997977,-115624.88499998323
cash_ACC,RSI2,2024-11-19 11:08:00,2024-11-19 11:14:00,2222.65,2223.761325,2221.9,2220.7890500000003,50,LONG,-148.61374999998134,-115773.4987499832
cash_ACC,RSI2,2024-11-19 11:41:00,2024-11-19 11:43:00,2221.15,2222.260575,2222.55,2221.4387250000004,50,LONG,-41.09249999996791,-115814.59124998318
cash_ACC,RSI2,2024-11-19 11:55:00,2024-11-19 12:01:00,2217.95,2219.058975,2215.9,2214.79205,50,LONG,-213.34624999999505,-116027.93749998318
cash_ACC,RSI2,2024-11-19 12:07:00,2024-11-19 12:14:00,2210.65,2211.755325,2213.65,2212.5431750000002,50,LONG,39.39250000000811,-115988.54499998318
cash_ACC,RSI2,2024-11-19 12:24:00,2024-11-19 12:32:00,2210.5,2211.60525,2211.05,2209.9444750000002,50,LONG,-83.03874999999152,-116071.58374998317
cash_ACC,RSI2,2024-11-19 12:40:00,2024-11-19 12:47:00,2211.05,2212.155525,2211.4,2210.2943,50,LONG,-93.0612500000052,-116164.64499998317
cash_ACC,RSI2,2024-11-19 13:20:00,2024-11-19 13:21:00,2214.0,2215.107,2216.7,2215.59165,50,LONG,24.232499999993706,-116140.41249998317
cash_ACC,RSI2,2024-11-19 13:28:00,2024-11-19 13:31:00,2215.85,2216.9579249999997,2218.0,2216.891,50,LONG,-3.34624999998141,-116143.75874998316
cash_ACC,RSI2,2024-11-19 13:39:00,2024-11-19 13:48:00,2217.9,2219.00895,2217.0,2215.8915,50,LONG,-155.87249999998676,-116299.63124998314
cash_ACC,RSI2,2024-11-19 14:04:00,2024-11-19 14:18:00,2215.95,2217.0579749999997,2213.4,2212.2933000000003,50,LONG,-238.23374999997213,-116537.86499998311
cash_ACC,RSI2,2024-11-19 14:23:00,2024-11-19 14:32:00,2210.7,2211.8053499999996,2210.0,2208.895,50,LONG,-145.51749999998265,-116683.3824999831
cash_ACC,RSI2,2024-11-19 14:42:00,2024-11-19 14:45:00,2208.0,2209.104,2210.6,2209.4947,50,LONG,19.535000000018954,-116663.84749998308
cash_ACC,RSI2,2024-11-19 14:54:00,2024-11-19 15:04:00,2201.2,2202.3005999999996,2189.95,2188.855025,50,LONG,-672.2787499999868,-117336.12624998306
cash_ACC,RSI2,2024-11-19 15:11:00,2024-11-19 15:14:00,2181.0,2182.0905,2185.05,2183.957475,50,LONG,93.3487500000183,-117242.77749998304
cash_ACC,RSI2,2024-11-21 09:15:00,2024-11-21 09:40:00,1967.15,1968.133575,1885.9,1884.9570500000002,50,LONG,-4158.826249999993,-121401.60374998304
cash_ACC,RSI2,2024-11-21 09:51:00,2024-11-21 09:59:00,1904.05,1905.0020249999998,1900.4,1899.4498,50,LONG,-277.611249999984,-121679.21499998303
cash_ACC,RSI2,2024-11-21 10:17:00,2024-11-21 10:19:00,1926.0,1926.963,1946.0,1945.027,50,LONG,903.2000000000039,-120776.01499998303
cash_ACC,RSI2,2024-11-21 10:39:00,2024-11-21 10:41:00,1944.3,1945.2721499999998,1957.95,1956.971025,50,LONG,584.9437500000136,-120191.07124998301
cash_ACC,RSI2,2024-11-21 11:09:00,2024-11-21 11:14:00,1976.35,1977.3381749999999,1980.1,1979.10995,50,LONG,88.58875000000808,-120102.482499983
cash_ACC,RSI2,2024-11-21 12:08:00,2024-11-21 12:10:00,2010.0,2011.0049999999999,2013.3,2012.2933500000001,50,LONG,64.4175000000132,-120038.06499998299
cash_ACC,RSI2,2024-11-21 12:17:00,2024-11-21 12:21:00,2011.0,2012.0055,2013.65,2012.6431750000002,50,LONG,31.883750000008604,-120006.18124998298
cash_ACC,RSI2,2024-11-21 12:43:00,2024-11-21 12:46:00,2026.45,2027.463225,2027.5,2026.4862500000002,50,LONG,-48.84874999999056,-120055.02999998297
cash_ACC,RSI2,2024-11-21 13:16:00,2024-11-21 13:17:00,2025.0,2026.0124999999998,2036.25,2035.2318750000002,50,LONG,460.96875000001774,-119594.06124998296
cash_ACC,RSI2,2024-11-21 14:00:00,2024-11-21 14:15:00,2038.35,2039.3691749999998,2039.1,2038.08045,50,LONG,-64.43624999999429,-119658.49749998296
cash_ACC,RSI2,2024-11-21 14:25:00,2024-11-21 14:29:00,2039.0,2040.0194999999999,2042.95,2041.9285250000003,50,LONG,95.45125000001917,-119563.04624998294
cash_ACC,RSI2,2024-11-21 14:34:00,2024-11-21 14:44:00,2035.45,2036.467725,2030.2,2029.1849000000002,50,LONG,-364.14124999998876,-119927.18749998293
cash_ACC,RSI2,2024-11-21 14:47:00,2024-11-21 14:50:00,2022.0,2023.011,2028.0,2026.986,50,LONG,198.75000000000682,-119728.43749998293
cash_ACC,RSI2,2024-11-21 15:03:00,2024-11-21 15:06:00,2030.8,2031.8154,2034.8,2033.7826,50,LONG,98.3600000000024,-119630.07749998293
cash_ACC,RSI2,2024-11-21 15:19:00,2024-11-21 15:29:00,2025.9,2026.91295,2011.0,2009.9945,50,LONG,-845.9224999999947,-120475.99999998293
cash_ACC,RSI2,2024-11-22 09:37:00,2024-11-22 09:46:00,2060.45,2061.480225,2055.75,2054.7221250000002,50,LONG,-337.9049999999779,-120813.90499998291
cash_ACC,RSI2,2024-11-22 09:49:00,2024-11-22 09:53:00,2044.1,2045.1220499999997,2048.4,2047.3758000000003,50,LONG,112.68750000002683,-120701.21749998289
cash_ACC,RSI2,2024-11-22 10:43:00,2024-11-22 10:49:00,2075.55,2076.587775,2079.05,2078.0104750000005,50,LONG,71.1350000000266,-120630.08249998286
cash_ACC,RSI2,2024-11-22 11:11:00,2024-11-22 11:14:00,2095.35,2096.3976749999997,2099.0,2097.9505,50,LONG,77.64125000001059,-120552.44124998285
cash_ACC,RSI2,2024-11-22 11:35:00,2024-11-22 11:40:00,2106.55,2107.603275,2107.0,2105.9465,50,LONG,-82.83874999999625,-120635.27999998284
cash_ACC,RSI2,2024-11-22 11:43:00,2024-11-22 11:50:00,2098.7,2099.7493499999996,2098.85,2097.800575,50,LONG,-97.43874999996933,-120732.71874998281
cash_ACC,RSI2,2024-11-22 12:27:00,2024-11-22 12:32:00,2108.3,2109.35415,2110.0,2108.945,50,LONG,-20.457499999997708,-120753.17624998282
cash_ACC,RSI2,2024-11-22 12:57:00,2024-11-22 12:58:00,2107.5,2108.55375,2111.25,2110.194375,50,LONG,82.03125,-120671.14499998282
cash_ACC,RSI2,2024-11-22 13:08:00,2024-11-22 13:21:00,2107.55,2108.603775,2104.85,2103.797575,50,LONG,-240.3099999999995,-120911.45499998282
cash_ACC,RSI2,2024-11-22 13:50:00,2024-11-22 13:58:00,2104.5,2105.5522499999997,2100.95,2099.899525,50,LONG,-282.6362499999959,-121194.09124998281
cash_ACC,RSI2,2024-11-22 14:13:00,2024-11-22 14:33:00,2101.1,2102.15055,2093.05,2092.0034750000004,50,LONG,-507.3537499999702,-121701.44499998278
cash_ACC,RSI2,2024-11-22 14:56:00,2024-11-22 15:05:00,2088.75,2089.794375,2085.15,2084.107425,50,LONG,-284.34749999998985,-121985.79249998277
cash_ACC,RSI2,2024-11-22 15:29:00,2024-11-25 09:15:00,2094.05,2095.097025,2127.45,2126.386275,50,LONG,1564.4624999999905,-120421.32999998277
cash_ACC,RSI2,2024-11-25 09:24:00,2024-11-25 09:28:00,2116.35,2117.4081749999996,2120.6,2119.5397,50,LONG,106.5762500000119,-120314.75374998276
cash_ACC,RSI2,2024-11-25 09:35:00,2024-11-25 09:37:00,2116.3,2117.35815,2118.75,2117.690625,50,LONG,16.62375000000793,-120298.12999998275
cash_ACC,RSI2,2024-11-25 09:39:00,2024-11-25 09:44:00,2110.15,2111.205075,2115.0,2113.9425,50,LONG,136.87125000001288,-120161.25874998274
cash_ACC,RSI2,2024-11-25 09:52:00,2024-11-25 09:55:00,2112.8,2113.8564,2119.45,2118.3902749999997,50,LONG,226.69374999998126,-119934.56499998276
cash_ACC,RSI2,2024-11-25 10:58:00,2024-11-25 11:02:00,2151.4,2152.4757,2153.25,2152.1733750000003,50,LONG,-15.116249999982756,-119949.68124998274
cash_ACC,RSI2,2024-11-25 11:16:00,2024-11-25 11:19:00,2155.3,2156.37765,2157.7,2156.62115,50,LONG,12.175000000002001,-119937.50624998273
cash_ACC,RSI2,2024-11-25 11:33:00,2024-11-25 11:53:00,2155.2,2156.2776,2145.0,2143.9275000000002,50,LONG,-617.5049999999828,-120555.01124998272
cash_ACC,RSI2,2024-11-25 12:16:00,2024-11-25 12:20:00,2150.15,2151.225075,2153.1,2152.02345,50,LONG,39.91875000001528,-120515.09249998271
cash_ACC,RSI2,2024-11-25 12:30:00,2024-11-25 12:33:00,2148.0,2149.074,2149.4,2148.3253000000004,50,LONG,-37.43499999998221,-120552.5274999827
cash_ACC,RSI2,2024-11-25 12:52:00,2024-11-25 13:11:00,2152.05,2153.126025,2139.9,2138.83005,50,LONG,-714.7987499999999,-121267.3262499827
cash_ACC,RSI2,2024-11-25 13:18:00,2024-11-25 13:21:00,2137.6,2138.6688,2137.8,2136.7311000000004,50,LONG,-96.88499999997475,-121364.21124998268
cash_ACC,RSI2,2024-11-25 13:43:00,2024-11-25 13:47:00,2141.05,2142.1205250000003,2142.95,2141.878525,50,LONG,-12.100000000009459,-121376.31124998268
cash_ACC,RSI2,2024-11-25 14:19:00,2024-11-25 14:20:00,2135.8,2136.8679,2137.25,2136.181375,50,LONG,-34.32625000000371,-121410.63749998268
cash_ACC,RSI2,2024-11-25 14:31:00,2024-11-25 14:36:00,2134.25,2135.317125,2135.5,2134.4322500000003,50,LONG,-44.2437499999869,-121454.88124998266
cash_ACC,RSI2,2024-11-25 15:02:00,2024-11-25 15:06:00,2137.5,2138.56875,2139.0,2137.9305,50,LONG,-31.912499999998545,-121486.79374998267
cash_ACC,RSI2,2024-11-25 15:22:00,2024-11-25 15:28:00,2143.0,2144.0715,2146.35,2145.276825,50,LONG,60.266249999995125,-121426.52749998267
cash_ACC,RSI2,2024-11-26 09:25:00,2024-11-26 09:30:00,2142.05,2143.121025,2146.0,2144.927,50,LONG,90.29875000001084,-121336.22874998265
cash_ACC,RSI2,2024-11-26 09:42:00,2024-11-26 09:52:00,2146.15,2147.223075,2137.15,2136.0814250000003,50,LONG,-557.0824999999786,-121893.31124998262
cash_ACC,RSI2,2024-11-26 09:56:00,2024-11-26 10:01:00,2128.3,2129.36415,2126.05,2124.9869750000003,50,LONG,-218.85874999998123,-122112.16999998261
cash_ACC,RSI2,2024-11-26 10:32:00,2024-11-26 10:37:00,2118.45,2119.509225,2119.0,2117.9405,50,LONG,-78.43624999998156,-122190.6062499826
cash_ACC,RSI2,2024-11-26 11:10:00,2024-11-26 11:11:00,2125.9,2126.96295,2128.0,2126.936,50,LONG,-1.347499999997126,-122191.9537499826
cash_ACC,RSI2,2024-11-26 11:44:00,2024-11-26 11:50:00,2128.7,2129.76435,2129.4,2128.3353,50,LONG,-71.45249999998668,-122263.40624998258
cash_ACC,RSI2,2024-11-26 11:57:00,2024-11-26 12:07:00,2128.3,2129.36415,2126.9,2125.83655,50,LONG,-176.37999999999465,-122439.78624998257
cash_ACC,RSI2,2024-11-26 12:19:00,2024-11-26 12:35:00,2125.7,2126.7628499999996,2117.0,2115.9415,50,LONG,-541.0674999999856,-122980.85374998256
cash_ACC,RSI2,2024-11-26 13:01:00,2024-11-26 13:15:00,2120.8,2121.8604,2118.5,2117.44075,50,LONG,-220.98249999999098,-123201.83624998256
cash_ACC,RSI2,2024-11-26 13:29:00,2024-11-26 13:31:00,2118.6,2119.6593,2119.85,2118.790075,50,LONG,-43.461249999995744,-123245.29749998255
cash_ACC,RSI2,2024-11-26 13:39:00,2024-11-26 13:45:00,2115.05,2116.107525,2116.45,2115.391775,50,LONG,-35.78749999999218,-123281.08499998254
cash_ACC,RSI2,2024-11-26 13:47:00,2024-11-26 13:49:00,2112.3,2113.35615,2116.15,2115.091925,50,LONG,86.78875000000517,-123194.29624998254
cash_ACC,RSI2,2024-11-26 14:09:00,2024-11-26 14:15:00,2115.5,2116.55775,2116.95,2115.891525,50,LONG,-33.31124999999702,-123227.60749998254
cash_ACC,RSI2,2024-11-26 15:02:00,2024-11-26 15:04:00,2116.0,2117.058,2120.65,2119.589675,50,LONG,126.58375000000888,-123101.02374998253
cash_ACC,RSI2,2024-11-26 15:13:00,2024-11-26 15:16:00,2115.7,2116.7578499999995,2115.9,2114.84205,50,LONG,-95.7899999999654,-123196.8137499825
cash_ACC,RSI2,2024-11-27 09:17:00,2024-11-27 09:23:00,2108.4,2109.4542,2110.0,2108.945,50,LONG,-25.459999999998217,-123222.27374998249
cash_ACC,RSI2,2024-11-27 09:48:00,2024-11-27 09:54:00,2119.2,2120.2596,2120.75,2119.689625,50,LONG,-28.49874999999429,-123250.77249998249
cash_ACC,RSI2,2024-11-27 10:24:00,2024-11-27 10:33:00,2137.2,2138.2686,2129.4,2128.3353,50,LONG,-496.6649999999845,-123747.43749998246
cash_ACC,RSI2,2024-11-27 10:49:00,2024-11-27 10:52:00,2131.9,2132.96595,2133.0,2131.9335,50,LONG,-51.62249999998494,-123799.05999998245
cash_ACC,RSI2,2024-11-27 11:07:00,2024-11-27 11:19:00,2131.85,2132.915925,2130.0,2128.935,50,LONG,-199.04624999999214,-123998.10624998243
cash_ACC,RSI2,2024-11-27 11:25:00,2024-11-27 11:26:00,2129.1,2130.16455,2132.1,2131.03395,50,LONG,43.470000000002074,-123954.63624998243
cash_ACC,RSI2,2024-11-27 11:47:00,2024-11-27 11:56:00,2161.95,2163.0309749999997,2152.5,2151.42375,50,LONG,-580.3612499999872,-124534.99749998242
cash_ACC,RSI2,2024-11-27 12:03:00,2024-11-27 12:05:00,2152.85,2153.9264249999997,2155.5,2154.42225,50,LONG,24.791250000021137,-124510.2062499824
cash_ACC,RSI2,2024-11-27 13:31:00,2024-11-27 13:36:00,2204.6,2205.7023,2206.75,2205.6466250000003,50,LONG,-2.7837499999805004,-124512.98999998238
cash_ACC,RSI2,2024-11-27 13:57:00,2024-11-27 14:03:00,2207.0,2208.1034999999997,2210.55,2209.4447250000003,50,LONG,67.06125000002885,-124445.92874998235
cash_ACC,RSI2,2024-11-27 14:15:00,2024-11-27 14:19:00,2199.55,2200.649775,2207.0,2205.8965000000003,50,LONG,262.3362500000212,-124183.59249998233
cash_ACC,RSI2,2024-11-27 14:38:00,2024-11-27 14:46:00,2223.45,2224.5617249999996,2228.1,2226.9859500000002,50,LONG,121.21125000003303,-124062.3812499823
cash_ACC,RSI2,2024-11-27 14:52:00,2024-11-27 15:01:00,2223.5,2224.61175,2206.5,2205.3967500000003,50,LONG,-960.7499999999845,-125023.13124998228
cash_ACC,RSI2,2024-11-27 15:15:00,2024-11-28 09:15:00,2202.75,2203.8513749999997,2203.65,2202.5481750000004,50,LONG,-65.15999999996893,-125088.29124998226
cash_ACC,RSI2,2024-11-28 09:26:00,2024-11-28 09:29:00,2203.3,2204.4016500000002,2205.05,2203.9474750000004,50,LONG,-22.708749999992506,-125110.99999998225
cash_ACC,RSI2,2024-11-28 09:56:00,2024-11-28 10:00:00,2221.8,2222.9109,2223.3,2222.1883500000004,50,LONG,-36.12749999997504,-125147.12749998222
cash_ACC,RSI2,2024-11-28 10:03:00,2024-11-28 10:13:00,2220.1,2221.2100499999997,2219.25,2218.140375,50,LONG,-153.48374999998668,-125300.6112499822
cash_ACC,RSI2,2024-11-28 10:21:00,2024-11-28 10:26:00,2212.45,2213.556225,2213.35,2212.243325,50,LONG,-65.64499999999498,-125366.2562499822
cash_ACC,RSI2,2024-11-28 10:31:00,2024-11-28 10:44:00,2211.45,2212.5557249999997,2206.75,2205.6466250000003,50,LONG,-345.4549999999699,-125711.71124998217
cash_ACC,RSI2,2024-11-28 10:48:00,2024-11-28 10:52:00,2200.8,2201.9004,2204.0,2202.898,50,LONG,49.880000000007385,-125661.83124998216
cash_ACC,RSI2,2024-11-28 11:04:00,2024-11-28 11:10:00,2201.6,2202.7007999999996,2199.8,2198.7001000000005,50,LONG,-200.0349999999571,-125861.86624998212
cash_ACC,RSI2,2024-11-28 11:55:00,2024-11-28 12:01:00,2204.5,2205.60225,2204.1,2202.99795,50,LONG,-130.21499999999833,-125992.08124998212
cash_ACC,RSI2,2024-11-28 12:12:00,2024-11-28 12:18:00,2201.2,2202.3005999999996,2203.4,2202.2983000000004,50,LONG,-0.11499999995976395,-125992.19624998208
cash_ACC,RSI2,2024-11-28 12:20:00,2024-11-28 12:24:00,2196.7,2197.7983499999996,2198.45,2197.350775,50,LONG,-22.378749999984393,-126014.57499998207
cash_ACC,RSI2,2024-11-28 12:28:00,2024-11-28 12:41:00,2196.15,2197.248075,2191.95,2190.854025,50,LONG,-319.70249999999396,-126334.27749998207
cash_ACC,RSI2,2024-11-28 12:59:00,2024-11-28 13:02:00,2194.8,2195.8974,2195.9,2194.8020500000002,50,LONG,-54.76749999997992,-126389.04499998206
cash_ACC,RSI2,2024-11-28 13:25:00,2024-11-28 13:26:00,2197.45,2198.5487249999996,2200.0,2198.9,50,LONG,17.563750000022083,-126371.48124998204
cash_ACC,RSI2,2024-11-28 13:32:00,2024-11-28 13:46:00,2198.0,2199.0989999999997,2193.9,2192.80305,50,LONG,-314.79749999998603,-126686.27874998203
cash_ACC,RSI2,2024-11-28 14:13:00,2024-11-28 14:16:00,2192.55,2193.646275,2200.15,2199.0499250000003,50,LONG,270.1825000000099,-126416.09624998202
cash_ACC,RSI2,2024-11-28 14:22:00,2024-11-28 14:26:00,2195.2,2196.2976,2196.6,2195.5017000000003,50,LONG,-39.79499999998097,-126455.891249982
cash_ACC,RSI2,2024-11-28 14:39:00,2024-11-28 14:51:00,2197.05,2198.148525,2192.0,2190.904,50,LONG,-362.22625000000335,-126818.117499982
cash_ACC,RSI2,2024-11-28 14:56:00,2024-11-28 15:03:00,2188.15,2189.244075,2187.85,2186.7560750000002,50,LONG,-124.39999999999145,-126942.517499982
cash_ACC,RSI2,2024-11-29 09:16:00,2024-11-29 09:18:00,2181.9,2182.99095,2187.7,2186.60615,50,LONG,180.7600000000093,-126761.75749998199
cash_ACC,RSI2,2024-11-29 09:33:00,2024-11-29 09:38:00,2196.8,2197.8984,2207.85,2206.746075,50,LONG,442.38374999999905,-126319.373749982
cash_ACC,RSI2,2024-11-29 10:06:00,2024-11-29 10:09:00,2213.1,2214.20655,2218.7,2217.59065,50,LONG,169.20500000001084,-126150.16874998198
cash_ACC,RSI2,2024-11-29 10:14:00,2024-11-29 10:19:00,2206.5,2207.6032499999997,2210.4,2209.2948,50,LONG,84.57750000002306,-126065.59124998195
cash_ACC,RSI2,2024-11-29 10:55:00,2024-11-29 11:17:00,2217.65,2218.758825,2210.5,2209.39475,50,LONG,-468.20374999999785,-126533.79499998195
cash_ACC,RSI2,2024-11-29 11:41:00,2024-11-29 11:59:00,2208.55,2209.654275,2201.0,2199.8995,50,LONG,-487.73874999999407,-127021.53374998194
cash_ACC,RSI2,2024-11-29 12:12:00,2024-11-29 12:15:00,2202.7,2203.8013499999997,2206.5,2205.3967500000003,50,LONG,79.77000000003045,-126941.76374998191
cash_ACC,RSI2,2024-11-29 12:33:00,2024-11-29 12:36:00,2205.55,2206.652775,2206.0,2204.897,50,LONG,-87.78875000000426,-127029.55249998192
cash_ACC,RSI2,2024-11-29 13:07:00,2024-11-29 13:11:00,2204.65,2205.752325,2205.05,2203.9474750000004,50,LONG,-90.24249999997664,-127119.7949999819
cash_ACC,RSI2,2024-11-29 13:44:00,2024-11-29 13:50:00,2207.85,2208.953925,2207.55,2206.446225,50,LONG,-125.38499999998294,-127245.17999998188
cash_ACC,RSI2,2024-11-29 14:08:00,2024-11-29 14:19:00,2224.75,2225.8623749999997,2225.0,2223.8875000000003,50,LONG,-98.74374999997144,-127343.92374998184
cash_ACC,RSI2,2024-11-29 14:45:00,2024-11-29 14:51:00,2230.0,2231.115,2228.9,2227.78555,50,LONG,-166.4724999999862,-127510.39624998183
cash_ACC,RSI2,2024-11-29 14:58:00,2024-11-29 15:18:00,2227.0,2228.1135,2221.85,2220.739075,50,LONG,-368.7212499999987,-127879.11749998183
cash_ACC,RSI2,2024-12-02 09:42:00,2024-12-02 09:46:00,2239.85,2240.969925,2243.35,2242.228325,50,LONG,62.92000000000826,-127816.19749998182
cash_ACC,RSI2,2024-12-02 09:54:00,2024-12-02 10:02:00,2241.15,2242.270575,2243.15,2242.0284250000004,50,LONG,-12.107499999979154,-127828.3049999818
cash_ACC,RSI2,2024-12-02 10:09:00,2024-12-02 10:11:00,2238.1,2239.2190499999997,2241.35,2240.2293250000002,50,LONG,50.51375000002736,-127777.79124998178
cash_ACC,RSI2,2024-12-02 10:22:00,2024-12-02 10:28:00,2241.3,2242.42065,2238.8,2237.6806,50,LONG,-237.00249999999414,-128014.79374998176
cash_ACC,RSI2,2024-12-02 10:37:00,2024-12-02 10:52:00,2237.05,2238.168525,2238.65,2237.5306750000004,50,LONG,-31.892499999980828,-128046.68624998175
cash_ACC,RSI2,2024-12-02 10:57:00,2024-12-02 10:58:00,2234.05,2235.167025,2239.45,2238.330275,50,LONG,158.16249999998035,-127888.52374998177
cash_ACC,RSI2,2024-12-02 11:09:00,2024-12-02 11:18:00,2238.45,2239.5692249999997,2233.9,2232.78305,50,LONG,-339.3087499999865,-128227.83249998176
cash_ACC,RSI2,2024-12-02 11:28:00,2024-12-02 11:34:00,2230.0,2231.115,2227.55,2226.4362250000004,50,LONG,-233.93874999997024,-128461.77124998173
cash_ACC,RSI2,2024-12-02 12:13:00,2024-12-02 12:19:00,2233.1,2234.2165499999996,2232.0,2230.884,50,LONG,-166.6274999999814,-128628.39874998172
cash_ACC,RSI2,2024-12-02 12:38:00,2024-12-02 12:42:00,2234.45,2235.567225,2234.3,2233.18285,50,LONG,-119.21874999998181,-128747.6174999817
cash_ACC,RSI2,2024-12-02 13:02:00,2024-12-02 13:04:00,2230.0,2231.115,2232.15,2231.033925,50,LONG,-4.0537499999800275,-128751.67124998168
cash_ACC,RSI2,2024-12-02 13:20:00,2024-12-02 13:22:00,2231.6,2232.7158,2237.2,2236.0814,50,LONG,168.2800000000043,-128583.39124998168
cash_ACC,RSI2,2024-12-02 13:31:00,2024-12-02 13:33:00,2234.25,2235.3671249999998,2236.0,2234.882,50,LONG,-24.256249999984902,-128607.64749998167
cash_ACC,RSI2,2024-12-02 13:51:00,2024-12-02 13:54:00,2237.55,2238.668775,2239.5,2238.38025,50,LONG,-14.426249999996799,-128622.07374998168
cash_ACC,RSI2,2024-12-02 14:07:00,2024-12-02 14:08:00,2237.7,2238.8188499999997,2239.3,2238.18035,50,LONG,-31.924999999978354,-128653.99874998165
cash_ACC,RSI2,2024-12-02 14:13:00,2024-12-02 14:18:00,2237.0,2238.1185,2236.8,2235.6816000000003,50,LONG,-121.8449999999848,-128775.84374998164
cash_ACC,RSI2,2024-12-02 14:24:00,2024-12-02 14:30:00,2235.1,2236.21755,2233.0,2231.8835,50,LONG,-216.7024999999967,-128992.54624998163
cash_ACC,RSI2,2024-12-02 14:41:00,2024-12-02 14:43:00,2234.5,2235.61725,2236.9,2235.78155,50,LONG,8.215000000018335,-128984.33124998162
cash_ACC,RSI2,2024-12-02 15:06:00,2024-12-02 15:13:00,2235.75,2236.867875,2235.95,2234.832025,50,LONG,-101.79249999998774,-129086.1237499816
cash_ACC,RSI2,2024-12-02 15:18:00,2024-12-02 15:24:00,2234.05,2235.167025,2235.2,2234.0824,50,LONG,-54.23125000002074,-129140.35499998163
cash_ACC,RSI2,2024-12-03 09:31:00,2024-12-03 09:33:00,2236.0,2237.118,2238.45,2237.330775,50,LONG,10.638749999998254,-129129.71624998163
cash_ACC,RSI2,2024-12-03 10:29:00,2024-12-03 10:38:00,2238.0,2239.1189999999997,2233.8,2232.6831,50,LONG,-321.7949999999746,-129451.5112499816
cash_ACC,RSI2,2024-12-03 10:43:00,2024-12-03 10:47:00,2232.0,2233.116,2232.55,2231.4337250000003,50,LONG,-84.11374999998316,-129535.62499998159
cash_ACC,RSI2,2024-12-03 12:22:00,2024-12-03 12:28:00,2295.8,2296.9479,2297.7,2296.55115,50,LONG,-19.837500000016917,-129555.46249998162
cash_ACC,RSI2,2024-12-03 12:36:00,2024-12-03 12:38:00,2292.8,2293.9464000000003,2296.0,2294.8520000000003,50,LONG,45.280000000002474,-129510.18249998162
cash_ACC,RSI2,2024-12-03 12:44:00,2024-12-03 12:47:00,2290.45,2291.5952249999996,2297.7,2296.55115,50,LONG,247.79625000001033,-129262.3862499816
cash_ACC,RSI2,2024-12-03 12:55:00,2024-12-03 13:03:00,2289.3,2290.44465,2292.6,2291.4537,50,LONG,50.452500000005784,-129211.9337499816
cash_ACC,RSI2,2024-12-03 13:12:00,2024-12-03 13:17:00,2289.2,2290.3446,2291.3,2290.1543500000002,50,LONG,-9.512499999982538,-129221.44624998159
cash_ACC,RSI2,2024-12-03 13:44:00,2024-12-03 13:50:00,2306.8,2307.9534,2307.45,2306.296275,50,LONG,-82.85624999998618,-129304.30249998157
cash_ACC,RSI2,2024-12-03 13:54:00,2024-12-03 14:00:00,2300.4,2301.5502,2300.0,2298.85,50,LONG,-135.01000000001113,-129439.31249998158
cash_ACC,RSI2,2024-12-03 14:12:00,2024-12-03 14:15:00,2295.9,2297.04795,2298.45,2297.300775,50,LONG,12.641250000001492,-129426.67124998158
cash_ACC,RSI2,2024-12-03 14:22:00,2024-12-03 14:26:00,2292.8,2293.9464000000003,2292.3,2291.15385,50,LONG,-139.62750000000597,-129566.29874998158
cash_ACC,RSI2,2024-12-03 14:34:00,2024-12-03 14:38:00,2289.15,2290.294575,2289.0,2287.8555,50,LONG,-121.95374999998876,-129688.25249998157
cash_ACC,RSI2,2024-12-03 14:54:00,2024-12-03 14:56:00,2286.65,2287.793325,2290.9,2289.75455,50,LONG,98.06125000000065,-129590.19124998157
cash_ACC,RSI2,2024-12-03 15:22:00,2024-12-04 09:33:00,2290.0,2291.145,2268.15,2267.015925,50,LONG,-1206.4537499999915,-130796.64499998155
cash_ACC,RSI2,2024-12-04 09:41:00,2024-12-04 09:44:00,2265.4,2266.5326999999997,2268.45,2267.315775,50,LONG,39.15375000001404,-130757.49124998154
cash_ACC,RSI2,2024-12-04 09:50:00,2024-12-04 09:54:00,2261.0,2262.1304999999998,2266.75,2265.616625,50,LONG,174.30625000001783,-130583.18499998152
cash_ACC,RSI2,2024-12-04 09:57:00,2024-12-04 10:09:00,2261.95,2263.080975,2256.85,2255.721575,50,LONG,-367.96999999999116,-130951.1549999815
cash_ACC,RSI2,2024-12-04 10:20:00,2024-12-04 10:23:00,2252.3,2253.4261500000002,2253.7,2252.57315,50,LONG,-42.650000000003274,-130993.80499998151
cash_ACC,RSI2,2024-12-04 10:43:00,2024-12-04 10:50:00,2250.1,2251.22505,2251.0,2249.8745,50,LONG,-67.5275000000056,-131061.33249998152
cash_ACC,RSI2,2024-12-04 10:57:00,2024-12-04 11:02:00,2245.55,2246.672775,2249.15,2248.0254250000003,50,LONG,67.63250000001335,-130993.69999998152
cash_ACC,RSI2,2024-12-04 11:08:00,2024-12-04 11:12:00,2248.0,2249.124,2249.9,2248.77505,50,LONG,-17.44749999998021,-131011.1474999815
cash_ACC,RSI2,2024-12-04 11:55:00,2024-12-04 12:04:00,2250.05,2251.175025,2248.55,2247.4257250000005,50,LONG,-187.46499999997468,-131198.61249998148
cash_ACC,RSI2,2024-12-04 12:31:00,2024-12-04 12:33:00,2253.0,2254.1265,2255.6,2254.4722,50,LONG,17.285000000015316,-131181.32749998147
cash_ACC,RSI2,2024-12-04 12:36:00,2024-12-04 12:38:00,2251.2,2252.3255999999997,2255.45,2254.322275,50,LONG,99.83375000001615,-131081.49374998146
cash_ACC,RSI2,2024-12-04 13:13:00,2024-12-04 13:26:00,2248.35,2249.474175,2248.85,2247.725575,50,LONG,-87.42999999999483,-131168.92374998145
cash_ACC,RSI2,2024-12-04 13:44:00,2024-12-04 13:45:00,2246.65,2247.773325,2247.85,2246.726075,50,LONG,-52.36250000000382,-131221.28624998147
cash_ACC,RSI2,2024-12-04 13:48:00,2024-12-04 13:52:00,2245.65,2246.772825,2246.5,2245.37675,50,LONG,-69.8037500000055,-131291.08999998146
cash_ACC,RSI2,2024-12-04 13:59:00,2024-12-04 14:10:00,2246.45,2247.5732249999996,2247.45,2246.326275,50,LONG,-62.34749999998712,-131353.43749998143
cash_ACC,RSI2,2024-12-04 14:19:00,2024-12-04 14:25:00,2240.0,2241.12,2242.85,2241.728575,50,LONG,30.42875000001004,-131323.0087499814
cash_ACC,RSI2,2024-12-04 14:45:00,2024-12-04 14:56:00,2239.7,2240.81985,2238.7,2237.58065,50,LONG,-161.95999999999913,-131484.9687499814
cash_ACC,RSI2,2024-12-05 09:19:00,2024-12-05 09:24:00,2237.15,2238.268575,2242.15,2241.028925,50,LONG,138.01750000000084,-131346.95124998142
cash_ACC,RSI2,2024-12-05 09:35:00,2024-12-05 09:36:00,2242.15,2243.271075,2244.1,2242.97795,50,LONG,-14.656250000007276,-131361.60749998142
cash_ACC,RSI2,2024-12-05 09:40:00,2024-12-05 09:53:00,2240.0,2241.12,2234.5,2233.38275,50,LONG,-386.8624999999838,-131748.4699999814
cash_ACC,RSI2,2024-12-05 10:17:00,2024-12-05 10:20:00,2238.2,2239.3190999999997,2241.5,2240.37925,50,LONG,53.00750000001244,-131695.4624999814
cash_ACC,RSI2,2024-12-05 10:41:00,2024-12-05 10:42:00,2250.25,2251.375125,2251.8,2250.6741,50,LONG,-35.05124999999225,-131730.5137499814
cash_ACC,RSI2,2024-12-05 10:57:00,2024-12-05 11:07:00,2257.35,2258.478675,2257.15,2256.0214250000004,50,LONG,-122.8624999999738,-131853.37624998135
cash_ACC,RSI2,2024-12-05 11:19:00,2024-12-05 11:23:00,2256.15,2257.278075,2257.5,2256.37125,50,LONG,-45.34125000000131,-131898.71749998134
cash_ACC,RSI2,2024-12-05 11:32:00,2024-12-05 11:35:00,2255.1,2256.2275499999996,2258.2,2257.0709,50,LONG,42.16750000002776,-131856.5499999813
cash_ACC,RSI2,2024-12-05 12:22:00,2024-12-05 12:26:00,2267.4,2268.5337,2268.2,2267.0659,50,LONG,-73.38999999999487,-131929.9399999813
cash_ACC,RSI2,2024-12-05 12:39:00,2024-12-05 12:44:00,2267.7,2268.8338499999995,2267.0,2265.8665,50,LONG,-148.3674999999721,-132078.30749998125
cash_ACC,RSI2,2024-12-05 12:47:00,2024-12-05 12:49:00,2265.55,2266.682775,2268.1,2266.9659500000002,50,LONG,14.158750000001419,-132064.14874998125
cash_ACC,RSI2,2024-12-05 13:20:00,2024-12-05 13:23:00,2262.75,2263.881375,2263.95,2262.818025,50,LONG,-53.167499999995016,-132117.31624998123
cash_ACC,RSI2,2024-12-05 13:48:00,2024-12-05 13:49:00,2261.6,2262.7308,2264.15,2263.017925,50,LONG,14.35625000001437,-132102.95999998122
cash_ACC,RSI2,2024-12-05 14:01:00,2024-12-05 14:05:00,2256.35,2257.4781749999997,2258.9,2257.77055,50,LONG,14.618750000022374,-132088.3412499812
cash_ACC,RSI2,2024-12-05 14:27:00,2024-12-05 14:28:00,2258.45,2259.5792249999995,2264.95,2263.817525,50,LONG,211.9150000000218,-131876.4262499812
cash_ACC,RSI2,2024-12-05 14:40:00,2024-12-05 14:42:00,2268.45,2269.5842249999996,2271.35,2270.214325,50,LONG,31.50500000001557,-131844.92124998118
cash_ACC,RSI2,2024-12-05 14:51:00,2024-12-05 15:03:00,2266.0,2267.133,2263.25,2262.118375,50,LONG,-250.7312499999898,-132095.65249998117
cash_ACC,RSI2,2024-12-05 15:26:00,2024-12-05 15:29:00,2267.2,2268.3335999999995,2269.95,2268.815025,50,LONG,24.071250000019973,-132071.58124998116
cash_ACC,RSI2,2024-12-06 09:21:00,2024-12-06 09:23:00,2267.35,2268.483675,2273.55,2272.4132250000002,50,LONG,196.47750000001452,-131875.10374998115
cash_ACC,RSI2,2024-12-06 09:29:00,2024-12-06 09:31:00,2268.3,2269.43415,2272.75,2271.613625,50,LONG,108.97374999999556,-131766.12999998115
cash_ACC,RSI2,2024-12-06 09:38:00,2024-12-06 09:42:00,2273.95,2275.0869749999997,2273.65,2272.513175,50,LONG,-128.68999999998323,-131894.81999998112
cash_ACC,RSI2,2024-12-06 09:45:00,2024-12-06 09:51:00,2268.6,2269.7342999999996,2268.5,2267.36575,50,LONG,-118.42749999998432,-132013.2474999811
cash_ACC,RSI2,2024-12-06 09:57:00,2024-12-06 10:00:00,2262.3,2263.43115,2266.0,2264.867,50,LONG,71.79250000001502,-131941.4549999811
cash_ACC,RSI2,2024-12-06 10:07:00,2024-12-06 10:10:00,2262.9,2264.03145,2268.45,2267.315775,50,LONG,164.21625000000404,-131777.2387499811
cash_ACC,RSI2,2024-12-06 10:18:00,2024-12-06 10:20:00,2265.5,2266.6327499999998,2268.45,2267.315775,50,LONG,34.15125000001353,-131743.08749998108
cash_ACC,RSI2,2024-12-06 10:30:00,2024-12-06 10:32:00,2268.95,2270.0844749999997,2272.0,2270.864,50,LONG,38.97625000001881,-131704.11124998107
cash_ACC,RSI2,2024-12-06 10:40:00,2024-12-06 10:41:00,2271.7,2272.8358499999995,2275.0,2273.8625,50,LONG,51.332500000035,-131652.77874998102
cash_ACC,RSI2,2024-12-06 10:47:00,2024-12-06 10:54:00,2273.4,2274.5367,2272.7,2271.56365,50,LONG,-148.65250000000287,-131801.43124998102
cash_ACC,RSI2,2024-12-06 11:10:00,2024-12-06 11:20:00,2268.3,2269.43415,2266.95,2265.8165249999997,50,LONG,-180.88125000001583,-131982.31249998102
cash_ACC,RSI2,2024-12-06 11:23:00,2024-12-06 11:32:00,2264.5,2265.6322499999997,2264.6,2263.4677,50,LONG,-108.22749999997541,-132090.539999981
cash_ACC,RSI2,2024-12-06 11:47:00,2024-12-06 11:53:00,2262.5,2263.63125,2262.6,2261.4687,50,LONG,-108.12750000000051,-132198.667499981
cash_ACC,RSI2,2024-12-06 12:08:00,2024-12-06 12:22:00,2264.7,2265.8323499999997,2262.3,2261.1688500000005,50,LONG,-233.17499999996016,-132431.84249998096
cash_ACC,RSI2,2024-12-06 12:47:00,2024-12-06 12:51:00,2265.75,2266.882875,2267.0,2265.8665,50,LONG,-50.8187499999849,-132482.66124998094
cash_ACC,RSI2,2024-12-06 13:02:00,2024-12-06 13:10:00,2266.7,2267.83335,2268.3,2267.1658500000003,50,LONG,-33.37499999997817,-132516.0362499809
cash_ACC,RSI2,2024-12-06 13:17:00,2024-12-06 13:31:00,2267.0,2268.1335,2265.9,2264.7670500000004,50,LONG,-168.32249999997657,-132684.3587499809
cash_ACC,RSI2,2024-12-06 13:38:00,2024-12-06 13:42:00,2261.0,2262.1304999999998,2263.0,2261.8685,50,LONG,-13.099999999985812,-132697.45874998087
cash_ACC,RSI2,2024-12-06 13:51:00,2024-12-06 13:59:00,2259.0,2260.1295,2260.0,2258.8700000000003,50,LONG,-62.97499999998308,-132760.43374998085
cash_ACC,RSI2,2024-12-06 14:25:00,2024-12-06 14:35:00,2258.7,2259.8293499999995,2255.75,2254.6221250000003,50,LONG,-260.3612499999599,-133020.7949999808
cash_ACC,RSI2,2024-12-09 09:24:00,2024-12-09 09:26:00,2263.35,2264.481675,2266.15,2265.0169250000004,50,LONG,26.762500000018008,-132994.0324999808
cash_ACC,RSI2,2024-12-09 09:29:00,2024-12-09 09:30:00,2260.45,2261.5802249999997,2267.0,2265.8665,50,LONG,214.31375000001935,-132779.71874998076
cash_ACC,RSI2,2024-12-09 09:35:00,2024-12-09 09:41:00,2261.9,2263.03095,2267.65,2266.516175,50,LONG,174.26125000001775,-132605.45749998075
cash_ACC,RSI2,2024-12-09 09:49:00,2024-12-09 09:53:00,2261.85,2262.980925,2260.95,2259.819525,50,LONG,-158.0699999999979,-132763.52749998076
cash_ACC,RSI2,2024-12-09 10:00:00,2024-12-09 10:13:00,2254.95,2256.0774749999996,2250.5,2249.37475,50,LONG,-335.1362499999823,-133098.66374998074
cash_ACC,RSI2,2024-12-09 10:34:00,2024-12-09 10:37:00,2256.15,2257.278075,2259.0,2257.8705,50,LONG,29.62124999999105,-133069.04249998074
cash_ACC,RSI2,2024-12-09 10:51:00,2024-12-09 10:54:00,2249.2,2250.3246,2256.15,2255.021925,50,LONG,234.86625000000458,-132834.17624998075
cash_ACC,RSI2,2024-12-09 11:09:00,2024-12-09 11:16:00,2264.9,2266.03245,2264.65,2263.517675,50,LONG,-125.73875000000498,-132959.91499998077
cash_ACC,RSI2,2024-12-09 11:39:00,2024-12-09 11:41:00,2266.35,2267.483175,2267.0,2265.8665,50,LONG,-80.83374999998796,-133040.74874998076
cash_ACC,RSI2,2024-12-09 11:49:00,2024-12-09 11:58:00,2264.45,2265.5822249999997,2265.5,2264.3672500000002,50,LONG,-60.74874999997064,-133101.49749998073
cash_ACC,RSI2,2024-12-09 12:01:00,2024-12-09 12:06:00,2263.9,2265.03195,2267.4,2266.2663000000002,50,LONG,61.71750000000884,-133039.77999998073
cash_ACC,RSI2,2024-12-09 12:12:00,2024-12-09 12:14:00,2265.0,2266.1324999999997,2266.45,2265.316775,50,LONG,-40.78624999999647,-133080.56624998074
cash_ACC,RSI2,2024-12-09 12:18:00,2024-12-09 12:22:00,2264.15,2265.282075,2265.6,2264.4672,50,LONG,-40.743750000001455,-133121.30999998073
cash_ACC,RSI2,2024-12-09 12:37:00,2024-12-09 12:38:00,2260.8,2261.9304,2263.25,2262.118375,50,LONG,9.398749999991196,-133111.91124998074
cash_ACC,RSI2,2024-12-09 13:04:00,2024-12-09 13:07:00,2264.2,2265.3320999999996,2264.7,2263.56765,50,LONG,-88.22249999998348,-133200.1337499807
cash_ACC,RSI2,2024-12-09 13:29:00,2024-12-09 13:32:00,2260.65,2261.780325,2263.35,2262.218325,50,LONG,21.899999999982356,-133178.23374998072
cash_ACC,RSI2,2024-12-09 13:36:00,2024-12-09 13:42:00,2260.75,2261.8803749999997,2261.2,2260.0694,50,LONG,-90.54874999999356,-133268.7824999807
cash_ACC,RSI2,2024-12-09 13:48:00,2024-12-09 13:55:00,2259.55,2260.679775,2258.65,2257.520675,50,LONG,-157.95499999999265,-133426.7374999807
cash_ACC,RSI2,2024-12-09 14:01:00,2024-12-09 14:02:00,2257.85,2258.978925,2259.65,2258.520175,50,LONG,-22.937499999989086,-133449.6749999807
cash_ACC,RSI2,2024-12-09 14:19:00,2024-12-09 14:32:00,2253.85,2254.976925,2253.2,2252.0733999999998,50,LONG,-145.17625000000862,-133594.8512499807
cash_ACC,RSI2,2024-12-09 15:13:00,2024-12-09 15:17:00,2259.0,2260.1295,2261.0,2259.8695000000002,50,LONG,-12.999999999988177,-133607.8512499807
cash_ACC,RSI2,2024-12-10 09:18:00,2024-12-10 09:20:00,2256.95,2258.078475,2266.7,2265.5666499999998,50,LONG,374.4087499999978,-133233.4424999807
cash_ACC,RSI2,2024-12-10 09:26:00,2024-12-10 09:28:00,2254.35,2255.477175,2261.75,2260.619125,50,LONG,257.09750000000895,-132976.3449999807
cash_ACC,RSI2,2024-12-10 09:56:00,2024-12-10 10:00:00,2265.0,2266.1324999999997,2266.35,2265.216825,50,LONG,-45.78374999998687,-133022.12874998068
cash_ACC,RSI2,2024-12-10 10:05:00,2024-12-10 10:08:00,2262.7,2263.8313499999995,2264.25,2263.117875,50,LONG,-35.6737499999781,-133057.80249998067
cash_ACC,RSI2,2024-12-10 10:36:00,2024-12-10 10:48:00,2264.0,2265.132,2261.0,2259.8695000000002,50,LONG,-263.1249999999909,-133320.92749998067
cash_ACC,RSI2,2024-12-10 10:53:00,2024-12-10 10:55:00,2257.5,2258.62875,2259.2,2258.0704,50,LONG,-27.91749999998956,-133348.84499998065
cash_ACC,RSI2,2024-12-10 11:01:00,2024-12-10 11:04:00,2257.65,2258.778825,2258.15,2257.0209250000003,50,LONG,-87.89499999998043,-133436.73999998064
cash_ACC,RSI2,2024-12-10 11:09:00,2024-12-10 11:10:00,2256.5,2257.6282499999998,2258.0,2256.871,50,LONG,-37.8624999999829,-133474.60249998062
cash_ACC,RSI2,2024-12-10 11:15:00,2024-12-10 11:17:00,2257.0,2258.1285,2257.7,2256.5711499999998,50,LONG,-77.86750000000211,-133552.46999998062
cash_ACC,RSI2,2024-12-10 11:20:00,2024-12-10 11:23:00,2254.85,2255.9774249999996,2255.55,2254.4222250000003,50,LONG,-77.75999999996657,-133630.2299999806
cash_ACC,RSI2,2024-12-10 11:33:00,2024-12-10 11:39:00,2254.0,2255.127,2253.75,2252.623125,50,LONG,-125.193749999994,-133755.4237499806
cash_ACC,RSI2,2024-12-10 11:44:00,2024-12-10 11:46:00,2251.15,2252.275575,2252.75,2251.623625,50,LONG,-32.597499999997126,-133788.0212499806
cash_ACC,RSI2,2024-12-10 11:50:00,2024-12-10 11:54:00,2248.3,2249.4241500000003,2249.35,2248.225325,50,LONG,-59.94125000001986,-133847.96249998064
cash_ACC,RSI2,2024-12-10 12:09:00,2024-12-10 12:13:00,2248.2,2249.3241,2250.75,2249.624625,50,LONG,15.026250000005348,-133832.93624998064
cash_ACC,RSI2,2024-12-10 12:32:00,2024-12-10 12:38:00,2246.9,2248.02345,2246.9,2245.77655,50,LONG,-112.3450000000048,-133945.28124998065
cash_ACC,RSI2,2024-12-10 12:45:00,2024-12-10 12:47:00,2241.25,2242.370625,2248.05,2246.925975,50,LONG,227.76750000000447,-133717.51374998063
cash_ACC,RSI2,2024-12-10 13:04:00,2024-12-10 13:08:00,2244.15,2245.272075,2245.2,2244.0774,50,LONG,-59.733749999986685,-133777.2474999806
cash_ACC,RSI2,2024-12-10 13:29:00,2024-12-10 13:31:00,2241.1,2242.22055,2242.65,2241.528675,50,LONG,-34.59374999999909,-133811.8412499806
cash_ACC,RSI2,2024-12-10 13:38:00,2024-12-10 13:42:00,2242.05,2243.171025,2242.05,2240.9289750000003,50,LONG,-112.10249999999178,-133923.9437499806
cash_ACC,RSI2,2024-12-10 13:44:00,2024-12-10 13:53:00,2238.6,2239.7192999999997,2240.05,2238.9299750000005,50,LONG,-39.46624999996402,-133963.40999998056
cash_ACC,RSI2,2024-12-10 13:58:00,2024-12-10 13:59:00,2239.0,2240.1195,2240.7,2239.57965,50,LONG,-26.99249999998301,-133990.40249998056
cash_ACC,RSI2,2024-12-10 14:16:00,2024-12-10 14:17:00,2240.05,2241.170025,2241.25,2240.129375,50,LONG,-52.03249999999571,-134042.43499998056
cash_ACC,RSI2,2024-12-10 15:02:00,2024-12-10 15:06:00,2245.1,2246.22255,2248.55,2247.4257250000005,50,LONG,60.158750000027794,-133982.27624998052
cash_ACC,RSI2,2024-12-11 09:31:00,2024-12-11 09:37:00,2280.95,2282.0904749999995,2278.8,2277.6606,50,LONG,-221.4937499999678,-134203.7699999805
cash_ACC,RSI2,2024-12-11 09:43:00,2024-12-11 09:46:00,2272.6,2273.7362999999996,2273.5,2272.3632500000003,50,LONG,-68.65249999996195,-134272.42249998046
cash_ACC,RSI2,2024-12-11 09:54:00,2024-12-11 09:57:00,2276.6,2277.7383,2280.0,2278.86,50,LONG,56.08500000000731,-134216.33749998044
cash_ACC,RSI2,2024-12-11 10:06:00,2024-12-11 10:09:00,2280.0,2281.14,2282.75,2281.6086250000003,50,LONG,23.431250000021464,-134192.9062499804
cash_ACC,RSI2,2024-12-11 10:24:00,2024-12-11 10:42:00,2285.0,2286.1425,2277.4,2276.2613,50,LONG,-494.0599999999904,-134686.9662499804
cash_ACC,RSI2,2024-12-11 10:48:00,2024-12-11 10:57:00,2274.55,2275.687275,2272.55,2271.4137250000003,50,LONG,-213.67749999999432,-134900.6437499804
cash_ACC,RSI2,2024-12-11 11:04:00,2024-12-11 11:09:00,2269.35,2270.4846749999997,2270.8,2269.6646000000005,50,LONG,-41.00374999995893,-134941.64749998035
cash_ACC,RSI2,2024-12-11 11:19:00,2024-12-11 11:22:00,2270.95,2272.085475,2272.0,2270.864,50,LONG,-61.07374999999138,-135002.72124998033
cash_ACC,RSI2,2024-12-11 11:24:00,2024-12-11 11:34:00,2269.4,2270.5347,2263.2,2262.0684,50,LONG,-423.3150000000023,-135426.03624998033
cash_ACC,RSI2,2024-12-11 11:47:00,2024-12-11 11:49:00,2262.3,2263.43115,2265.55,2264.417225,50,LONG,49.30375000001277,-135376.7324999803
cash_ACC,RSI2,2024-12-11 11:59:00,2024-12-11 12:01:00,2261.55,2262.6807750000003,2263.8,2262.6681000000003,50,LONG,-0.6337499999972351,-135377.36624998032
cash_ACC,RSI2,2024-12-11 12:22:00,2024-12-11 12:28:00,2258.4,2259.5292,2257.5,2256.37125,50,LONG,-157.89749999999003,-135535.2637499803
cash_ACC,RSI2,2024-12-11 12:31:00,2024-12-11 12:34:00,2254.8,2255.9274,2257.65,2256.5211750000003,50,LONG,29.688750000013897,-135505.5749999803
cash_ACC,RSI2,2024-12-11 12:38:00,2024-12-11 12:44:00,2255.95,2257.0779749999997,2256.75,2255.621625,50,LONG,-72.81749999997373,-135578.39249998028
cash_ACC,RSI2,2024-12-11 12:55:00,2024-12-11 12:56:00,2255.35,2256.4776749999996,2256.7,2255.57165,50,LONG,-45.30124999998861,-135623.69374998027
cash_ACC,RSI2,2024-12-11 13:03:00,2024-12-11 13:04:00,2255.1,2256.2275499999996,2256.05,2254.921975,50,LONG,-65.27874999997039,-135688.97249998024
cash_ACC,RSI2,2024-12-11 13:13:00,2024-12-11 13:16:00,2256.35,2257.4781749999997,2257.0,2255.8715,50,LONG,-80.33374999997704,-135769.30624998023
cash_ACC,RSI2,2024-12-11 13:22:00,2024-12-11 13:24:00,2255.3,2256.42765,2255.95,2254.822025,50,LONG,-80.28125000000728,-135849.58749998023
cash_ACC,RSI2,2024-12-11 13:43:00,2024-12-11 13:47:00,2257.1,2258.22855,2257.85,2256.721075,50,LONG,-75.37374999999429,-135924.96124998023
cash_ACC,RSI2,2024-12-11 14:41:00,2024-12-11 14:46:00,2254.8,2255.9274,2256.05,2254.921975,50,LONG,-50.271249999991596,-135975.23249998022
cash_ACC,RSI2,2024-12-11 14:51:00,2024-12-11 14:55:00,2254.0,2255.127,2254.0,2252.873,50,LONG,-112.69999999999527,-136087.9324999802
cash_ACC,RSI2,2024-12-11 15:08:00,2024-12-11 15:17:00,2251.0,2252.1255,2250.65,2249.524675,50,LONG,-130.0412499999993,-136217.9737499802
cash_ACC,RSI2,2024-12-11 15:22:00,2024-12-11 15:26:00,2247.6,2248.7237999999998,2249.6,2248.4752,50,LONG,-12.429999999994834,-136230.4037499802
cash_ACC,RSI2,2024-12-11 15:28:00,2024-12-11 15:29:00,2247.0,2248.1234999999997,2254.25,2253.122875,50,LONG,249.96875000001637,-135980.43499998018
cash_ACC,RSI2,2024-12-12 09:20:00,2024-12-12 09:27:00,2237.95,2239.0689749999997,2236.5,2235.38175,50,LONG,-184.36124999998356,-136164.79624998017
cash_ACC,RSI2,2024-12-12 09:39:00,2024-12-12 09:50:00,2231.95,2233.0659749999995,2229.45,2228.335275,50,LONG,-236.53499999998076,-136401.33124998014
cash_ACC,RSI2,2024-12-12 10:08:00,2024-12-12 10:15:00,2232.0,2233.116,2231.7,2230.58415,50,LONG,-126.59249999999247,-136527.92374998014
cash_ACC,RSI2,2024-12-12 10:26:00,2024-12-12 10:31:00,2231.45,2232.5657249999995,2233.8,2232.6831,50,LONG,5.868750000036016,-136522.05499998012
cash_ACC,RSI2,2024-12-12 11:06:00,2024-12-12 11:10:00,2245.7,2246.8228499999996,2249.1,2247.97545,50,LONG,57.63000000001739,-136464.4249999801
cash_ACC,RSI2,2024-12-12 11:23:00,2024-12-12 11:31:00,2252.8,2253.9264000000003,2254.35,2253.222825,50,LONG,-35.178750000022774,-136499.60374998013
cash_ACC,RSI2,2024-12-12 11:33:00,2024-12-12 11:37:00,2251.25,2252.3756249999997,2252.05,2250.923975,50,LONG,-72.58249999997588,-136572.18624998012
cash_ACC,RSI2,2024-12-12 11:40:00,2024-12-12 11:43:00,2246.0,2247.123,2250.45,2249.324775,50,LONG,110.08874999999989,-136462.09749998013
cash_ACC,RSI2,2024-12-12 11:52:00,2024-12-12 12:00:00,2248.5,2249.62425,2250.0,2248.875,50,LONG,-37.46249999999236,-136499.55999998012
cash_ACC,RSI2,2024-12-12 12:02:00,2024-12-12 12:07:00,2245.0,2246.1225,2248.35,2247.225825,50,LONG,55.16625000000204,-136444.3937499801
cash_ACC,RSI2,2024-12-12 12:24:00,2024-12-12 12:26:00,2244.05,2245.172025,2246.95,2245.826525,50,LONG,32.72500000000491,-136411.6687499801
cash_ACC,RSI2,2024-12-12 12:40:00,2024-12-12 12:44:00,2247.75,2248.8738749999998,2254.9,2253.77255,50,LONG,244.93375000001834,-136166.73499998008
cash_ACC,RSI2,2024-12-12 12:56:00,2024-12-12 13:11:00,2251.95,2253.0759749999997,2246.65,2245.526675,50,LONG,-377.4649999999838,-136544.19999998008
cash_ACC,RSI2,2024-12-12 13:25:00,2024-12-12 13:32:00,2242.55,2243.671275,2243.3,2242.17835,50,LONG,-74.64625000000069,-136618.84624998007
cash_ACC,RSI2,2024-12-12 13:43:00,2024-12-12 13:55:00,2240.1,2241.22005,2237.1,2235.98145,50,LONG,-261.9299999999839,-136880.77624998006
cash_ACC,RSI2,2024-12-12 13:59:00,2024-12-12 14:07:00,2233.0,2234.1165,2234.75,2233.632625,50,LONG,-24.193749999994907,-136904.96999998007
cash_ACC,RSI2,2024-12-12 14:20:00,2024-12-12 14:31:00,2232.35,2233.4661749999996,2232.05,2230.9339750000004,50,LONG,-126.60999999995965,-137031.57999998002
cash_ACC,RSI2,2024-12-12 14:35:00,2024-12-12 14:38:00,2229.6,2230.7147999999997,2230.55,2229.4347250000005,50,LONG,-64.00374999996075,-137095.58374998
cash_ACC,RSI2,2024-12-12 14:44:00,2024-12-12 14:55:00,2230.8,2231.9154,2229.95,2228.835025,50,LONG,-154.01875000000018,-137249.60249997998
cash_ACC,RSI2,2024-12-12 15:24:00,2024-12-13 09:15:00,2227.5,2228.61375,2228.95,2227.835525,50,LONG,-38.91125000000102,-137288.51374998
cash_ACC,RSI2,2024-12-13 09:19:00,2024-12-13 09:21:00,2222.25,2223.361125,2228.2,2227.0859,50,LONG,186.2387500000068,-137102.27499997997
cash_ACC,RSI2,2024-12-13 09:54:00,2024-12-13 09:57:00,2218.55,2219.659275,2221.75,2220.639125,50,LONG,48.99250000000848,-137053.28249997995
cash_ACC,RSI2,2024-12-13 10:07:00,2024-12-13 10:22:00,2214.7,2215.8073499999996,2204.2,2203.0978999999998,50,LONG,-635.4724999999917,-137688.75499997995
cash_ACC,RSI2,2024-12-13 10:26:00,2024-12-13 10:27:00,2201.25,2202.350625,2203.7,2202.59815,50,LONG,12.376249999988431,-137676.37874997995
cash_ACC,RSI2,2024-12-13 10:31:00,2024-12-13 10:34:00,2199.55,2200.649775,2200.0,2198.9,50,LONG,-87.48874999998861,-137763.86749997994
cash_ACC,RSI2,2024-12-13 11:07:00,2024-12-13 11:10:00,2209.1,2210.20455,2212.2,2211.0939,50,LONG,44.46749999999611,-137719.39999997994
cash_ACC,RSI2,2024-12-13 11:22:00,2024-12-13 11:26:00,2215.95,2217.0579749999997,2218.75,2217.640625,50,LONG,29.13250000001426,-137690.26749997993
cash_ACC,RSI2,2024-12-13 11:40:00,2024-12-13 11:42:00,2217.15,2218.258575,2219.0,2217.8905,50,LONG,-18.403749999993124,-137708.67124997993
cash_ACC,RSI2,2024-12-13 12:05:00,2024-12-13 12:10:00,2222.75,2223.861375,2224.65,2223.537675,50,LONG,-16.184999999995853,-137724.85624997993
cash_ACC,RSI2,2024-12-13 12:24:00,2024-12-13 12:26:00,2224.6,2225.7122999999997,2228.55,2227.4357250000003,50,LONG,86.17125000002943,-137638.6849999799
cash_ACC,RSI2,2024-12-13 12:32:00,2024-12-13 12:39:00,2223.4,2224.5117,2221.95,2220.8390249999998,50,LONG,-183.6337500000127,-137822.3187499799
cash_ACC,RSI2,2024-12-13 13:16:00,2024-12-13 13:24:00,2227.65,2228.763825,2227.8,2226.6861000000004,50,LONG,-103.88624999998228,-137926.20499997988
cash_ACC,RSI2,2024-12-13 13:28:00,2024-12-13 13:30:00,2226.95,2228.0634749999995,2229.45,2228.335275,50,LONG,13.590000000021973,-137912.61499997985
cash_ACC,RSI2,2024-12-13 14:47:00,2024-12-13 14:49:00,2228.85,2229.9644249999997,2231.6,2230.4842,50,LONG,25.98875000001044,-137886.62624997983
cash_ACC,RSI2,2024-12-13 15:25:00,2024-12-16 09:15:00,2250.65,2251.775325,2264.05,2262.9179750000003,50,LONG,557.1325000000115,-137329.49374997983
cash_ACC,RSI2,2024-12-16 09:29:00,2024-12-16 09:36:00,2259.95,2261.0799749999996,2260.0,2258.8700000000003,50,LONG,-110.49874999996518,-137439.9924999798
cash_ACC,RSI2,2024-12-16 09:51:00,2024-12-16 10:00:00,2261.6,2262.7308,2258.0,2256.871,50,LONG,-292.98999999998614,-137732.9824999798
cash_ACC,RSI2,2024-12-16 10:12:00,2024-12-16 10:17:00,2253.25,2254.376625,2251.8,2250.6741,50,LONG,-185.1262499999848,-137918.10874997976
cash_ACC,RSI2,2024-12-16 10:28:00,2024-12-16 10:33:00,2248.3,2249.4241500000003,2249.8,2248.6751000000004,50,LONG,-37.45249999999487,-137955.56124997974
cash_ACC,RSI2,2024-12-16 10:43:00,2024-12-16 10:48:00,2247.2,2248.3235999999997,2247.45,2246.326275,50,LONG,-99.86624999999094,-138055.42749997973
cash_ACC,RSI2,2024-12-16 10:59:00,2024-12-16 11:03:00,2247.75,2248.8738749999998,2250.9,2249.77455,50,LONG,45.03375000001597,-138010.39374997973
cash_ACC,RSI2,2024-12-16 11:13:00,2024-12-16 11:19:00,2244.65,2245.772325,2244.9,2243.7775500000002,50,LONG,-99.73874999998316,-138110.13249997972
cash_ACC,RSI2,2024-12-16 11:43:00,2024-12-16 11:48:00,2240.0,2241.12,2242.3,2241.1788500000002,50,LONG,2.9425000000173895,-138107.18999997972
cash_ACC,RSI2,2024-12-16 11:54:00,2024-12-16 12:07:00,2240.0,2241.12,2238.75,2237.6306250000002,50,LONG,-174.46874999998272,-138281.6587499797
cash_ACC,RSI2,2024-12-16 12:31:00,2024-12-16 12:34:00,2240.8,2241.9204,2242.8,2241.6786,50,LONG,-12.089999999989232,-138293.74874997968
cash_ACC,RSI2,2024-12-16 12:51:00,2024-12-16 12:55:00,2241.6,2242.7207999999996,2243.7,2242.57815,50,LONG,-7.132499999988795,-138300.88124997966
cash_ACC,RSI2,2024-12-16 13:26:00,2024-12-16 13:38:00,2242.0,2243.121,2240.2,2239.0798999999997,50,LONG,-202.05500000001848,-138502.93624997968
cash_ACC,RSI2,2024-12-16 14:26:00,2024-12-16 14:33:00,2250.25,2251.375125,2251.7,2250.57415,50,LONG,-40.048750000005384,-138542.9849999797
cash_ACC,RSI2,2024-12-16 15:06:00,2024-12-16 15:15:00,2250.45,2251.5752249999996,2247.45,2246.326275,50,LONG,-262.44749999998476,-138805.43249997968
cash_ACC,RSI2,2024-12-17 09:23:00,2024-12-17 09:33:00,2240.55,2241.670275,2240.0,2238.88,50,LONG,-139.5137499999919,-138944.94624997966
cash_ACC,RSI2,2024-12-17 09:38:00,2024-12-17 09:42:00,2236.1,2237.21805,2236.35,2235.231825,50,LONG,-99.3112500000052,-139044.25749997966
cash_ACC,RSI2,2024-12-17 09:45:00,2024-12-17 09:51:00,2232.45,2233.5662249999996,2234.55,2233.432725,50,LONG,-6.674999999972897,-139050.93249997962
cash_ACC,RSI2,2024-12-17 10:21:00,2024-12-17 10:28:00,2228.1,2229.2140499999996,2231.1,2229.98445,50,LONG,38.52000000001681,-139012.4124999796
cash_ACC,RSI2,2024-12-17 10:31:00,2024-12-17 10:35:00,2228.6,2229.7142999999996,2230.25,2229.134875,50,LONG,-28.971249999972315,-139041.38374997958
cash_ACC,RSI2,2024-12-17 10:54:00,2024-12-17 10:58:00,2232.15,2233.266075,2234.3,2233.18285,50,LONG,-4.161249999992833,-139045.54499997958
cash_ACC,RSI2,2024-12-17 11:05:00,2024-12-17 11:08:00,2231.05,2232.165525,2233.45,2232.333275,50,LONG,8.387500000003456,-139037.15749997957
cash_ACC,RSI2,2024-12-17 11:26:00,2024-12-17 11:38:00,2232.0,2233.116,2229.05,2227.935475,50,LONG,-259.02624999998807,-139296.18374997957
cash_ACC,RSI2,2024-12-17 11:41:00,2024-12-17 11:54:00,2225.05,2226.162525,2220.0,2218.8900000000003,50,LONG,-363.626249999993,-139659.80999997957
cash_ACC,RSI2,2024-12-17 12:01:00,2024-12-17 12:04:00,2216.55,2217.6582750000002,2218.1,2216.99095,50,LONG,-33.36625000001732,-139693.1762499796
cash_ACC,RSI2,2024-12-17 12:15:00,2024-12-17 12:23:00,2214.15,2215.257075,2214.5,2213.39275,50,LONG,-93.2162500000004,-139786.39249997959
cash_ACC,RSI2,2024-12-17 12:39:00,2024-12-17 12:53:00,2214.5,2215.60725,2212.3,2211.19385,50,LONG,-220.66999999999553,-140007.06249997957
cash_ACC,RSI2,2024-12-17 13:05:00,2024-12-17 13:07:00,2209.9,2211.00495,2210.75,2209.644625,50,LONG,-68.01625000000513,-140075.07874997958
cash_ACC,RSI2,2024-12-17 13:17:00,2024-12-17 13:23:00,2207.35,2208.4536749999997,2204.95,2203.847525,50,LONG,-230.3074999999808,-140305.38624997955
cash_ACC,RSI2,2024-12-17 13:32:00,2024-12-17 13:35:00,2203.0,2204.1014999999998,2203.3,2202.19835,50,LONG,-95.15749999998206,-140400.54374997952
cash_ACC,RSI2,2024-12-17 13:45:00,2024-12-17 13:48:00,2204.05,2205.152025,2206.85,2205.746575,50,LONG,29.727500000012697,-140370.8162499795
cash_ACC,RSI2,2024-12-17 13:57:00,2024-12-17 13:59:00,2203.65,2204.751825,2206.05,2204.9469750000003,50,LONG,9.757500000023356,-140361.05874997948
cash_ACC,RSI2,2024-12-17 14:04:00,2024-12-17 14:10:00,2203.1,2204.2015499999998,2203.7,2202.59815,50,LONG,-80.16999999999825,-140441.22874997946
cash_ACC,RSI2,2024-12-17 14:43:00,2024-12-17 14:46:00,2201.0,2202.1005,2203.7,2202.59815,50,LONG,24.882499999989705,-140416.34624997948
cash_ACC,RSI2,2024-12-17 15:13:00,2024-12-17 15:25:00,2200.5,2201.60025,2198.0,2196.9010000000003,50,LONG,-234.96249999998327,-140651.30874997948
cash_ACC,RSI2,2024-12-18 09:15:00,2024-12-18 09:27:00,2192.75,2193.846375,2184.85,2183.757575,50,LONG,-504.4399999999996,-141155.74874997948
cash_ACC,RSI2,2024-12-18 09:52:00,2024-12-18 10:03:00,2189.6,2190.6947999999998,2182.45,2181.358775,50,LONG,-466.8012499999804,-141622.54999997947
cash_ACC,RSI2,2024-12-18 10:28:00,2024-12-18 10:30:00,2183.65,2184.741825,2185.15,2184.0574250000004,50,LONG,-34.219999999982065,-141656.76999997944
cash_ACC,RSI2,2024-12-18 10:48:00,2024-12-18 10:59:00,2184.25,2185.3421249999997,2181.35,2180.259325,50,LONG,-254.13999999998396,-141910.90999997943
cash_ACC,RSI2,2024-12-18 11:06:00,2024-12-18 11:12:00,2175.65,2176.737825,2174.9,2173.81255,50,LONG,-146.2637500000028,-142057.17374997944
cash_ACC,RSI2,2024-12-18 11:16:00,2024-12-18 11:27:00,2173.05,2174.136525,2170.25,2169.164875,50,LONG,-248.5824999999977,-142305.75624997943
cash_ACC,RSI2,2024-12-18 11:31:00,2024-12-18 11:35:00,2166.15,2167.233075,2165.9,2164.81705,50,LONG,-120.80124999999953,-142426.55749997942
cash_ACC,RSI2,2024-12-18 11:40:00,2024-12-18 11:56:00,2162.45,2163.5312249999997,2149.9,2148.8250500000004,50,LONG,-735.3087499999674,-143161.8662499794
cash_ACC,RSI2,2024-12-18 12:06:00,2024-12-18 12:08:00,2148.55,2149.624275,2156.8,2155.7216000000003,50,LONG,304.86625000000913,-142856.99999997937
cash_ACC,RSI2,2024-12-18 12:24:00,2024-12-18 12:26:00,2154.25,2155.327125,2156.45,2155.371775,50,LONG,2.232500000013715,-142854.76749997935
cash_ACC,RSI2,2024-12-18 12:36:00,2024-12-18 12:40:00,2153.3,2154.37665,2156.15,2155.071925,50,LONG,34.76375000000189,-142820.00374997934
cash_ACC,RSI2,2024-12-18 12:45:00,2024-12-18 12:54:00,2152.0,2153.076,2150.55,2149.4747250000005,50,LONG,-180.0637499999766,-143000.0674999793
cash_ACC,RSI2,2024-12-18 13:27:00,2024-12-18 13:45:00,2151.0,2152.0755,2144.65,2143.577675,50,LONG,-424.89124999999603,-143424.9587499793
cash_ACC,RSI2,2024-12-18 14:07:00,2024-12-18 14:15:00,2147.2,2148.2735999999995,2148.0,2146.926,50,LONG,-67.3799999999801,-143492.33874997927
cash_ACC,RSI2,2024-12-18 14:31:00,2024-12-18 14:36:00,2144.0,2145.0719999999997,2142.65,2141.578675,50,LONG,-174.66624999997293,-143667.00499997925
cash_ACC,RSI2,2024-12-18 14:38:00,2024-12-18 14:41:00,2139.05,2140.119525,2140.0,2138.9300000000003,50,LONG,-59.476249999988795,-143726.48124997923
cash_ACC,RSI2,2024-12-18 14:55:00,2024-12-18 15:00:00,2141.5,2142.57075,2142.45,2141.378775,50,LONG,-59.59874999998647,-143786.0799999792
cash_ACC,RSI2,2024-12-18 15:08:00,2024-12-18 15:13:00,2140.0,2141.0699999999997,2141.15,2140.0794250000004,50,LONG,-49.52874999996766,-143835.60874997918
cash_ACC,RSI2,2024-12-18 15:25:00,2024-12-18 15:28:00,2140.7,2141.77035,2141.3,2140.2293500000005,50,LONG,-77.04999999996289,-143912.65874997913
cash_ACC,RSI2,2024-12-19 09:15:00,2024-12-19 09:23:00,2118.95,2120.009475,2112.6,2111.5437,50,LONG,-423.28874999998334,-144335.9474999791
cash_ACC,RSI2,2024-12-19 09:29:00,2024-12-19 09:33:00,2105.0,2106.0525,2107.6,2106.5462,50,LONG,24.685000000022228,-144311.2624999791
cash_ACC,RSI2,2024-12-19 09:48:00,2024-12-19 09:53:00,2113.15,2114.206575,2114.85,2113.792575,50,LONG,-20.700000000010732,-144331.9624999791
cash_ACC,RSI2,2024-12-19 10:01:00,2024-12-19 10:05:00,2111.0,2112.0555,2113.7,2112.64315,50,LONG,29.38249999999698,-144302.5799999791
cash_ACC,RSI2,2024-12-19 10:10:00,2024-12-19 10:14:00,2109.7,2110.75485,2109.9,2108.8450500000004,50,LONG,-95.4899999999725,-144398.06999997905
cash_ACC,RSI2,2024-12-19 10:38:00,2024-12-19 10:40:00,2118.0,2119.0589999999997,2119.45,2118.3902749999997,50,LONG,-33.436249999999745,-144431.50624997905
cash_ACC,RSI2,2024-12-19 10:47:00,2024-12-19 10:56:00,2116.05,2117.108025,2115.25,2114.192375,50,LONG,-145.7824999999957,-144577.28874997905
cash_ACC,RSI2,2024-12-19 11:04:00,2024-12-19 11:09:00,2114.1,2115.15705,2114.6,2113.5427,50,LONG,-80.71749999999156,-144658.00624997905
cash_ACC,RSI2,2024-12-19 11:36:00,2024-12-19 11:42:00,2119.1,2120.15955,2120.4,2119.3398,50,LONG,-40.9874999999829,-144698.99374997904
cash_ACC,RSI2,2024-12-19 11:50:00,2024-12-19 12:16:00,2119.4,2120.4597,2114.15,2113.0929250000004,50,LONG,-368.33874999997533,-145067.332499979
cash_ACC,RSI2,2024-12-19 12:33:00,2024-12-19 12:38:00,2112.4,2113.4562,2113.05,2111.993475,50,LONG,-73.1362499999932,-145140.468749979
cash_ACC,RSI2,2024-12-19 12:44:00,2024-12-19 12:48:00,2111.2,2112.2555999999995,2116.95,2115.891525,50,LONG,181.79625000002488,-144958.67249997897
cash_ACC,RSI2,2024-12-19 13:03:00,2024-12-19 13:05:00,2118.0,2119.0589999999997,2120.9,2119.83955,50,LONG,39.027500000020154,-144919.64499997895
cash_ACC,RSI2,2024-12-19 13:38:00,2024-12-19 13:49:00,2117.0,2118.0585,2115.55,2114.4922250000004,50,LONG,-178.31374999998388,-145097.95874997892
cash_ACC,RSI2,2024-12-19 14:22:00,2024-12-19 14:25:00,2111.9,2112.95595,2113.3,2112.24335,50,LONG,-35.629999999991924,-145133.58874997892
cash_ACC,RSI2,2024-12-19 14:40:00,2024-12-19 14:43:00,2110.65,2111.705325,2112.6,2111.5437,50,LONG,-8.08124999998654,-145141.6699999789
cash_ACC,RSI2,2024-12-19 15:19:00,2024-12-19 15:22:00,2113.2,2114.2565999999997,2114.95,2113.8925249999998,50,LONG,-18.203749999997854,-145159.8737499789
cash_ACC,RSI2,2024-12-20 09:27:00,2024-12-20 09:32:00,2112.55,2113.606275,2112.45,2111.393775,50,LONG,-110.62500000000455,-145270.4987499789
cash_ACC,RSI2,2024-12-20 09:48:00,2024-12-20 09:51:00,2110.7,2111.75535,2112.7,2111.64365,50,LONG,-5.584999999996398,-145276.0837499789
cash_ACC,RSI2,2024-12-20 10:22:00,2024-12-20 10:29:00,2112.9,2113.95645,2110.5,2109.44475,50,LONG,-225.58500000000095,-145501.66874997888
cash_ACC,RSI2,2024-12-20 11:17:00,2024-12-20 11:20:00,2114.15,2115.207075,2115.55,2114.4922250000004,50,LONG,-35.74249999996937,-145537.41124997885
cash_ACC,RSI2,2024-12-20 12:08:00,2024-12-20 12:17:00,2128.0,2129.064,2124.1,2123.03795,50,LONG,-301.30249999999705,-145838.71374997884
cash_ACC,RSI2,2024-12-20 12:41:00,2024-12-20 12:51:00,2121.2,2122.2605999999996,2116.55,2115.4917250000003,50,LONG,-338.4437499999649,-146177.1574999788
cash_ACC,RSI2,2024-12-20 12:55:00,2024-12-20 13:08:00,2114.85,2115.907425,2109.8,2108.7451,50,LONG,-358.1162499999891,-146535.2737499788
cash_ACC,RSI2,2024-12-20 13:37:00,2024-12-20 13:57:00,2103.0,2104.0515,2090.5,2089.4547500000003,50,LONG,-729.8374999999851,-147265.1112499788
cash_ACC,RSI2,2024-12-20 14:07:00,2024-12-20 14:18:00,2084.1,2085.14205,2085.2,2084.1574,50,LONG,-49.232499999993706,-147314.34374997878
cash_ACC,RSI2,2024-12-20 14:29:00,2024-12-20 14:32:00,2083.7,2084.74185,2085.15,2084.107425,50,LONG,-31.721249999986867,-147346.06499997876
cash_ACC,RSI2,2024-12-20 14:37:00,2024-12-20 14:42:00,2082.15,2083.191075,2083.0,2081.9585,50,LONG,-61.628749999999854,-147407.69374997876
cash_ACC,RSI2,2024-12-20 14:48:00,2024-12-20 14:50:00,2081.0,2082.0405,2083.9,2082.8580500000003,50,LONG,40.877500000010514,-147366.81624997876
cash_ACC,RSI2,2024-12-20 15:00:00,2024-12-20 15:18:00,2075.5,2076.53775,2060.2,2059.1699,50,LONG,-868.3925000000045,-148235.20874997877
cash_ACC,RSI2,2024-12-20 15:24:00,2024-12-20 15:25:00,2058.45,2059.4792249999996,2062.55,2061.5187250000004,50,LONG,101.97500000003856,-148133.23374997874
cash_ACC,RSI2,2024-12-23 09:27:00,2024-12-23 09:30:00,2063.7,2064.7318499999997,2067.45,2066.416275,50,LONG,84.2212500000187,-148049.0124999787
cash_ACC,RSI2,2024-12-23 09:40:00,2024-12-23 09:42:00,2052.0,2053.026,2062.9,2061.86855,50,LONG,442.12750000001506,-147606.8849999787
cash_ACC,RSI2,2024-12-23 10:28:00,2024-12-23 10:29:00,2077.6,2078.6387999999997,2080.9,2079.85955,50,LONG,61.03750000002037,-147545.84749997867
cash_ACC,RSI2,2024-12-23 11:13:00,2024-12-23 11:15:00,2099.2,2100.2495999999996,2103.4,2102.3483,50,LONG,104.93500000002314,-147440.91249997864
cash_ACC,RSI2,2024-12-23 11:24:00,2024-12-23 11:29:00,2102.0,2103.051,2103.0,2101.9485,50,LONG,-55.12499999999818,-147496.03749997864
cash_ACC,RSI2,2024-12-23 11:58:00,2024-12-23 12:13:00,2105.6,2106.6528,2101.5,2100.44925,50,LONG,-310.17749999998614,-147806.21499997863
cash_ACC,RSI2,2024-12-23 12:24:00,2024-12-23 12:36:00,2103.05,2104.101525,2100.85,2099.799575,50,LONG,-215.09750000000167,-148021.31249997864
cash_ACC,RSI2,2024-12-23 12:39:00,2024-12-23 12:41:00,2097.6,2098.6488,2102.0,2100.949,50,LONG,115.01000000000658,-147906.30249997863
cash_ACC,RSI2,2024-12-23 12:48:00,2024-12-23 12:55:00,2100.6,2101.6503,2100.45,2099.399775,50,LONG,-112.52624999999625,-148018.82874997862
cash_ACC,RSI2,2024-12-23 12:57:00,2024-12-23 13:02:00,2096.75,2097.798375,2099.4,2098.3503,50,LONG,27.596250000010514,-147991.23249997862
cash_ACC,RSI2,2024-12-23 13:08:00,2024-12-23 13:16:00,2092.05,2093.0960250000003,2092.2,2091.1539,50,LONG,-97.10625000002437,-148088.33874997863
cash_ACC,RSI2,2024-12-23 13:33:00,2024-12-23 13:38:00,2089.8,2090.8449,2090.65,2089.604675,50,LONG,-62.01125000000047,-148150.34999997864
cash_ACC,RSI2,2024-12-23 13:54:00,2024-12-23 14:06:00,2097.45,2098.498725,2093.8,2092.7531000000004,50,LONG,-287.2812499999782,-148437.6312499786
cash_ACC,RSI2,2024-12-23 14:12:00,2024-12-23 14:13:00,2092.85,2093.896425,2093.95,2092.903025,50,LONG,-49.66999999999189,-148487.3012499786
cash_ACC,RSI2,2024-12-23 14:49:00,2024-12-23 14:51:00,2098.2,2099.2490999999995,2099.7,2098.65015,50,LONG,-29.94749999998021,-148517.24874997858
cash_ACC,RSI2,2024-12-23 15:18:00,2024-12-24 09:21:00,2101.35,2102.400675,2096.25,2095.201875,50,LONG,-359.93999999998323,-148877.18874997855
cash_ACC,RSI2,2024-12-24 09:32:00,2024-12-24 09:35:00,2085.4,2086.4427,2086.5,2085.4567500000003,50,LONG,-49.29749999998876,-148926.48624997854
cash_ACC,RSI2,2024-12-24 10:14:00,2024-12-24 10:19:00,2098.55,2099.599275,2101.5,2100.44925,50,LONG,42.49875000000429,-148883.98749997854
cash_ACC,RSI2,2024-12-24 10:42:00,2024-12-24 10:54:00,2103.55,2104.601775,2098.35,2097.300825,50,LONG,-365.0475000000142,-149249.03499997855
cash_ACC,RSI2,2024-12-24 11:11:00,2024-12-24 11:13:00,2094.0,2095.047,2097.5,2096.45125,50,LONG,70.21250000000236,-149178.82249997856
cash_ACC,RSI2,2024-12-24 11:32:00,2024-12-24 11:34:00,2097.1,2098.14855,2099.2,2098.1504,50,LONG,0.09250000000520231,-149178.72999997856
cash_ACC,RSI2,2024-12-24 11:52:00,2024-12-24 11:58:00,2102.5,2103.55125,2102.55,2101.4987250000004,50,LONG,-102.62624999998025,-149281.35624997853
cash_ACC,RSI2,2024-12-24 12:04:00,2024-12-24 12:26:00,2100.25,2101.3001249999998,2094.9,2093.85255,50,LONG,-372.3787499999844,-149653.7349999785
cash_ACC,RSI2,2024-12-24 12:43:00,2024-12-24 12:45:00,2096.1,2097.14805,2098.1,2097.05095,50,LONG,-4.8549999999977445,-149658.58999997852
cash_ACC,RSI2,2024-12-24 13:04:00,2024-12-24 13:10:00,2095.55,2096.597775,2094.95,2093.902525,50,LONG,-134.76250000001073,-149793.35249997853
cash_ACC,RSI2,2024-12-24 13:12:00,2024-12-24 13:15:00,2093.0,2094.0465,2093.7,2092.65315,50,LONG,-69.66749999999138,-149863.0199999785
cash_ACC,RSI2,2024-12-24 13:28:00,2024-12-24 14:04:00,2095.2,2096.2475999999997,2077.0,2075.9615,50,LONG,-1014.3049999999903,-150877.3249999785
cash_ACC,RSI2,2024-12-24 14:09:00,2024-12-24 14:12:00,2075.0,2076.0375,2077.2,2076.1614,50,LONG,6.1950000000024374,-150871.1299999785
cash_ACC,RSI2,2024-12-24 14:17:00,2024-12-24 14:21:00,2075.3,2076.33765,2077.0,2075.9615,50,LONG,-18.80750000000262,-150889.9374999785
cash_ACC,RSI2,2024-12-24 14:33:00,2024-12-24 14:39:00,2075.75,2076.787875,2075.95,2074.912025,50,LONG,-93.79249999999502,-150983.72999997847
cash_ACC,RSI2,2024-12-24 15:28:00,2024-12-26 09:15:00,2078.3,2079.3391500000002,2082.45,2081.408775,50,LONG,103.48124999998163,-150880.2487499785
cash_ACC,RSI2,2024-12-26 09:25:00,2024-12-26 09:29:00,2077.0,2078.0385,2078.65,2077.6106750000004,50,LONG,-21.39124999998785,-150901.63999997848
cash_ACC,RSI2,2024-12-26 09:33:00,2024-12-26 09:39:00,2075.95,2076.9879749999996,2078.1,2077.06095,50,LONG,3.6487500000248474,-150897.99124997846
cash_ACC,RSI2,2024-12-26 09:50:00,2024-12-26 09:53:00,2083.05,2084.0915250000003,2086.7,2085.65665,50,LONG,78.25624999998126,-150819.73499997848
cash_ACC,RSI2,2024-12-26 10:01:00,2024-12-26 10:03:00,2083.2,2084.2416,2085.8,2084.7571000000003,50,LONG,25.775000000021464,-150793.95999997846
cash_ACC,RSI2,2024-12-26 10:19:00,2024-12-26 10:24:00,2080.5,2081.54025,2080.8,2079.7596000000003,50,LONG,-89.0324999999848,-150882.99249997843
cash_ACC,RSI2,2024-12-26 10:38:00,2024-12-26 10:46:00,2080.2,2081.2400999999995,2080.35,2079.309825,50,LONG,-96.51374999998552,-150979.5062499784
cash_ACC,RSI2,2024-12-26 10:48:00,2024-12-26 10:53:00,2072.35,2073.3861749999996,2076.0,2074.962,50,LONG,78.7912500000175,-150900.7149999784
cash_ACC,RSI2,2024-12-26 11:18:00,2024-12-26 11:24:00,2081.35,2082.3906749999996,2081.3,2080.2593500000003,50,LONG,-106.56624999996893,-151007.28124997838
cash_ACC,RSI2,2024-12-26 11:30:00,2024-12-26 11:32:00,2078.7,2079.73935,2080.7,2079.65965,50,LONG,-3.9849999999887586,-151011.26624997836
cash_ACC,RSI2,2024-12-26 11:38:00,2024-12-26 11:46:00,2074.55,2075.587275,2076.9,2075.86155,50,LONG,13.713750000010805,-150997.55249997834
cash_ACC,RSI2,2024-12-26 11:50:00,2024-12-26 11:52:00,2075.05,2076.087525,2076.35,2075.311825,50,LONG,-38.78499999998439,-151036.3374999783
cash_ACC,RSI2,2024-12-26 12:11:00,2024-12-26 12:16:00,2073.8,2074.8369000000002,2074.7,2073.6626499999998,50,LONG,-58.71250000002419,-151095.04999997834
cash_ACC,RSI2,2024-12-26 13:34:00,2024-12-26 13:41:00,2089.5,2090.54475,2088.3,2087.2558500000005,50,LONG,-164.44499999997788,-151259.4949999783
cash_ACC,RSI2,2024-12-26 13:51:00,2024-12-26 13:53:00,2091.15,2092.195575,2093.7,2092.65315,50,LONG,22.878749999995307,-151236.6162499783
cash_ACC,RSI2,2024-12-26 13:57:00,2024-12-26 14:01:00,2091.15,2092.195575,2091.95,2090.904025,50,LONG,-64.57750000001852,-151301.19374997832
cash_ACC,RSI2,2024-12-26 14:11:00,2024-12-26 14:17:00,2092.5,2093.54625,2091.55,2090.504225,50,LONG,-152.10124999998698,-151453.2949999783
cash_ACC,RSI2,2024-12-26 14:31:00,2024-12-26 14:33:00,2090.0,2091.045,2094.4,2093.3528,50,LONG,115.39000000000215,-151337.9049999783
cash_ACC,RSI2,2024-12-26 15:00:00,2024-12-26 15:03:00,2092.15,2093.196075,2093.95,2092.903025,50,LONG,-14.652499999988322,-151352.55749997828
cash_ACC,RSI2,2024-12-26 15:09:00,2024-12-26 15:12:00,2089.65,2090.694825,2092.0,2090.954,50,LONG,12.958750000007058,-151339.59874997826
cash_ACC,RSI2,2024-12-26 15:15:00,2024-12-26 15:23:00,2085.15,2086.192575,2088.15,2087.1059250000003,50,LONG,45.667500000013206,-151293.93124997825
cash_ACC,RSI2,2024-12-27 09:57:00,2024-12-27 10:02:00,2096.8,2097.8484,2097.6,2096.5512,50,LONG,-64.85999999999876,-151358.79124997824
cash_ACC,RSI2,2024-12-27 10:10:00,2024-12-27 10:17:00,2096.4,2097.4482,2094.1,2093.0529500000002,50,LONG,-219.7624999999789,-151578.55374997822
cash_ACC,RSI2,2024-12-27 10:40:00,2024-12-27 10:43:00,2092.1,2093.14605,2094.45,2093.402775,50,LONG,12.836250000009386,-151565.7174999782
cash_ACC,RSI2,2024-12-27 11:13:00,2024-12-27 11:17:00,2093.1,2094.14655,2094.15,2093.102925,50,LONG,-52.18124999998963,-151617.8987499782
cash_ACC,RSI2,2024-12-27 11:23:00,2024-12-27 11:33:00,2090.65,2091.695325,2085.0,2083.9575,50,LONG,-386.89125000000786,-152004.7899999782
cash_ACC,RSI2,2024-12-27 11:38:00,2024-12-27 11:42:00,2080.1,2081.14005,2083.75,2082.708125,50,LONG,78.40375000000677,-151926.3862499782
cash_ACC,RSI2,2024-12-27 11:46:00,2024-12-27 11:53:00,2081.6,2082.6407999999997,2081.7,2080.65915,50,LONG,-99.08249999998588,-152025.4687499782
cash_ACC,RSI2,2024-12-27 11:57:00,2024-12-27 12:03:00,2079.1,2080.13955,2079.15,2078.1104250000003,50,LONG,-101.45624999997835,-152126.9249999782
cash_ACC,RSI2,2024-12-27 12:29:00,2024-12-27 12:32:00,2075.1,2076.13755,2077.65,2076.611175,50,LONG,23.681250000004184,-152103.2437499782
cash_ACC,RSI2,2024-12-27 12:40:00,2024-12-27 13:03:00,2074.0,2075.037,2066.75,2065.716625,50,LONG,-466.01874999998927,-152569.26249997818
cash_ACC,RSI2,2024-12-27 13:54:00,2024-12-27 13:55:00,2070.5,2071.53525,2071.0,2069.9645,50,LONG,-78.53749999999309,-152647.7999999782
cash_ACC,RSI2,2024-12-27 14:06:00,2024-12-27 14:18:00,2068.8,2069.8344,2067.2,2066.1664,50,LONG,-183.400000000006,-152831.19999997818
cash_ACC,RSI2,2024-12-27 14:50:00,2024-12-27 15:00:00,2066.5,2067.53325,2065.5,2064.46725,50,LONG,-153.29999999999018,-152984.49999997817
cash_ACC,RSI2,2024-12-30 09:15:00,2024-12-30 09:16:00,2063.85,2064.8819249999997,2068.1,2067.06595,50,LONG,109.20125000002372,-152875.29874997816
cash_ACC,RSI2,2024-12-30 09:39:00,2024-12-30 09:45:00,2083.05,2084.0915250000003,2082.0,2080.9590000000003,50,LONG,-156.62624999999935,-153031.92499997816
cash_ACC,RSI2,2024-12-30 09:57:00,2024-12-30 10:01:00,2089.05,2090.094525,2093.0,2091.9535,50,LONG,92.94875000000502,-152938.97624997815
cash_ACC,RSI2,2024-12-30 10:07:00,2024-12-30 10:11:00,2086.3,2087.34315,2089.5,2088.45525,50,LONG,55.60499999999138,-152883.37124997817
cash_ACC,RSI2,2024-12-30 10:19:00,2024-12-30 10:22:00,2086.55,2087.593275,2088.15,2087.1059250000003,50,LONG,-24.367499999993925,-152907.73874997816
cash_ACC,RSI2,2024-12-30 10:41:00,2024-12-30 10:44:00,2098.9,2099.94945,2101.5,2100.44925,50,LONG,24.99000000000251,-152882.74874997817
cash_ACC,RSI2,2024-12-30 10:55:00,2024-12-30 11:04:00,2101.45,2102.500725,2097.05,2096.0014750000005,50,LONG,-324.9624999999696,-153207.71124997814
cash_ACC,RSI2,2024-12-30 11:28:00,2024-12-30 11:48:00,2090.65,2091.695325,2083.0,2081.9585,50,LONG,-486.8412499999977,-153694.55249997813
cash_ACC,RSI2,2024-12-30 12:21:00,2024-12-30 12:26:00,2089.55,2090.594775,2089.2,2088.1554,50,LONG,-121.96874999999636,-153816.52124997813
cash_ACC,RSI2,2024-12-30 12:29:00,2024-12-30 12:38:00,2083.0,2084.0415,2082.0,2080.9590000000003,50,LONG,-154.12499999997635,-153970.6462499781
cash_ACC,RSI2,2024-12-30 12:48:00,2024-12-30 12:51:00,2080.3,2081.34015,2081.1,2080.05945,50,LONG,-64.03499999998985,-154034.6812499781
cash_ACC,RSI2,2024-12-30 13:01:00,2024-12-30 13:05:00,2076.0,2077.038,2075.5,2074.46225,50,LONG,-128.78749999999854,-154163.4687499781
cash_ACC,RSI2,2024-12-30 13:22:00,2024-12-30 13:30:00,2076.65,2077.688325,2074.95,2073.9125249999997,50,LONG,-188.79000000001724,-154352.25874997812
cash_ACC,RSI2,2024-12-30 13:44:00,2024-12-30 13:57:00,2070.05,2071.085025,2067.0,2065.9665,50,LONG,-255.92624999999316,-154608.1849999781
cash_ACC,RSI2,2024-12-30 14:10:00,2024-12-30 14:12:00,2064.0,2065.0319999999997,2066.3,2065.2668500000004,50,LONG,11.74250000003667,-154596.44249997806
cash_ACC,RSI2,2024-12-30 14:22:00,2024-12-30 14:24:00,2063.2,2064.2315999999996,2064.5,2063.4677500000003,50,LONG,-38.19249999996828,-154634.63499997804
cash_ACC,RSI2,2024-12-30 14:29:00,2024-12-30 14:31:00,2061.6,2062.6308,2064.0,2062.9680000000003,50,LONG,16.86000000001968,-154617.77499997802
cash_ACC,RSI2,2024-12-30 14:52:00,2024-12-30 14:54:00,2064.05,2065.082025,2067.0,2065.9665,50,LONG,44.223749999991924,-154573.55124997802
cash_ACC,RSI2,2024-12-30 15:01:00,2024-12-30 15:04:00,2061.0,2062.0305,2066.0,2064.967,50,LONG,146.82500000001255,-154426.726249978
cash_ACC,RSI2,2024-12-30 15:08:00,2024-12-30 15:09:00,2061.25,2062.280625,2064.35,2063.317825,50,LONG,51.86000000001059,-154374.866249978
cash_ACC,RSI2,2024-12-30 15:12:00,2024-12-30 15:15:00,2056.05,2057.0780250000003,2058.35,2057.3208250000002,50,LONG,12.139999999999418,-154362.726249978
cash_ACC,RSI2,2024-12-31 09:25:00,2024-12-31 09:36:00,2056.75,2057.778375,2058.25,2057.220875,50,LONG,-27.874999999994543,-154390.601249978
cash_ACC,RSI2,2024-12-31 09:42:00,2024-12-31 09:49:00,2053.15,2054.176575,2054.8,2053.7726000000002,50,LONG,-20.19874999998592,-154410.799999978
cash_ACC,RSI2,2024-12-31 10:05:00,2024-12-31 10:13:00,2047.0,2048.0235,2043.3,2042.27835,50,LONG,-287.257499999987,-154698.05749997796
cash_ACC,RSI2,2024-12-31 10:28:00,2024-12-31 10:36:00,2044.3,2045.3221499999997,2045.75,2044.7271250000001,50,LONG,-29.751249999981155,-154727.80874997794
cash_ACC,RSI2,2024-12-31 10:43:00,2024-12-31 10:47:00,2042.05,2043.0710249999997,2043.25,2042.2283750000001,50,LONG,-42.1324999999797,-154769.9412499779
cash_ACC,RSI2,2024-12-31 11:04:00,2024-12-31 11:08:00,2042.0,2043.021,2043.85,2042.8280750000001,50,LONG,-9.646249999991596,-154779.5874999779
cash_ACC,RSI2,2024-12-31 11:27:00,2024-12-31 11:34:00,2058.0,2059.029,2057.85,2056.821075,50,LONG,-110.39625000000797,-154889.98374997792
cash_ACC,RSI2,2024-12-31 11:38:00,2024-12-31 11:43:00,2052.2,2053.2261,2054.8,2053.7726000000002,50,LONG,27.325000000018917,-154862.6587499779
cash_ACC,RSI2,2024-12-31 11:48:00,2024-12-31 11:57:00,2051.0,2052.0254999999997,2048.0,2046.976,50,LONG,-252.47499999998126,-155115.1337499779
cash_ACC,RSI2,2024-12-31 12:17:00,2024-12-31 12:19:00,2047.05,2048.073525,2048.15,2047.1259250000003,50,LONG,-47.37999999997555,-155162.51374997786
cash_ACC,RSI2,2024-12-31 13:03:00,2024-12-31 13:06:00,2049.0,2050.0245,2051.05,2050.024475,50,LONG,-0.0012499999911597115,-155162.51499997787
cash_ACC,RSI2,2024-12-31 13:19:00,2024-12-31 13:22:00,2047.7,2048.72385,2050.35,2049.324825,50,LONG,30.04875000001448,-155132.46624997785
cash_ACC,RSI2,2024-12-31 13:31:00,2024-12-31 13:32:00,2053.2,2054.2265999999995,2055.3,2054.27235,50,LONG,2.287500000034015,-155130.17874997781
cash_ACC,RSI2,2024-12-31 14:10:00,2024-12-31 14:25:00,2061.55,2062.580775,2057.85,2056.821075,50,LONG,-287.9850000000033,-155418.16374997783
cash_ACC,RSI2,2024-12-31 14:52:00,2024-12-31 15:06:00,2059.0,2060.0295,2053.35,2052.323325,50,LONG,-385.3087500000129,-155803.47249997786
cash_ACC,RSI2,2024-12-31 15:11:00,2024-12-31 15:14:00,2052.05,2053.076025,2054.1,2053.07295,50,LONG,-0.1537499999813008,-155803.62624997782
cash_ACC,RSI2,2025-01-01 09:24:00,2025-01-01 09:29:00,2048.95,2049.9744749999995,2050.0,2048.975,50,LONG,-49.97374999998101,-155853.5999999778
cash_ACC,RSI2,2025-01-01 09:33:00,2025-01-01 09:36:00,2046.8,2047.8233999999998,2050.5,2049.4747500000003,50,LONG,82.5675000000274,-155771.03249997777
cash_ACC,RSI2,2025-01-01 09:44:00,2025-01-01 09:58:00,2050.75,2051.7753749999997,2040.15,2039.1299250000002,50,LONG,-632.2724999999764,-156403.30499997773
cash_ACC,RSI2,2025-01-01 10:04:00,2025-01-01 10:10:00,2035.95,2036.967975,2038.45,2037.4307750000003,50,LONG,23.14000000001215,-156380.16499997771
cash_ACC,RSI2,2025-01-01 11:05:00,2025-01-01 11:13:00,2047.3,2048.32365,2048.15,2047.1259250000003,50,LONG,-59.886249999976826,-156440.0512499777
cash_ACC,RSI2,2025-01-01 11:25:00,2025-01-01 11:32:00,2045.25,2046.2726249999998,2043.1,2042.07845,50,LONG,-209.70874999999296,-156649.7599999777
cash_ACC,RSI2,2025-01-01 11:52:00,2025-01-01 11:55:00,2048.25,2049.274125,2050.0,2048.975,50,LONG,-14.956250000000182,-156664.71624997768
cash_ACC,RSI2,2025-01-01 12:42:00,2025-01-01 12:46:00,2054.0,2055.027,2054.3,2053.2728500000003,50,LONG,-87.7074999999877,-156752.42374997766
cash_ACC,RSI2,2025-01-01 12:50:00,2025-01-01 12:53:00,2051.4,2052.4257,2054.25,2053.222875,50,LONG,39.8587500000076,-156712.56499997765
cash_ACC,RSI2,2025-01-01 12:57:00,2025-01-01 13:02:00,2051.0,2052.0254999999997,2050.7,2049.67465,50,LONG,-117.54249999999047,-156830.10749997763
cash_ACC,RSI2,2025-01-01 13:11:00,2025-01-01 13:15:00,2048.0,2049.024,2049.1,2048.07545,50,LONG,-47.42750000000342,-156877.53499997762
cash_ACC,RSI2,2025-01-01 14:11:00,2025-01-01 14:29:00,2056.3,2057.3281500000003,2052.1,2051.07395,50,LONG,-312.7100000000155,-157190.24499997764
cash_ACC,RSI2,2025-01-01 15:03:00,2025-01-01 15:08:00,2053.5,2054.52675,2052.55,2051.5237250000005,50,LONG,-150.15124999997624,-157340.3962499776
cash_ACC,RSI2,2025-01-02 09:29:00,2025-01-02 09:32:00,2056.0,2057.028,2059.0,2057.9705,50,LONG,47.12500000000546,-157293.2712499776
cash_ACC,RSI2,2025-01-02 09:44:00,2025-01-02 09:46:00,2056.65,2057.678325,2058.3,2057.2708500000003,50,LONG,-20.3737499999761,-157313.64499997758
cash_ACC,RSI2,2025-01-02 09:50:00,2025-01-02 09:55:00,2053.65,2054.676825,2049.65,2048.625175,50,LONG,-302.58249999999407,-157616.22749997757
cash_ACC,RSI2,2025-01-02 10:00:00,2025-01-02 10:03:00,2046.8,2047.8233999999998,2048.5,2047.47575,50,LONG,-17.382499999985157,-157633.60999997755
cash_ACC,RSI2,2025-01-02 10:30:00,2025-01-02 10:36:00,2044.0,2045.022,2044.6,2043.5777,50,LONG,-72.21499999999423,-157705.82499997754
cash_ACC,RSI2,2025-01-02 10:58:00,2025-01-02 11:01:00,2045.9,2046.92295,2047.2,2046.1764,50,LONG,-37.32749999999214,-157743.15249997753
cash_ACC,RSI2,2025-01-02 11:20:00,2025-01-02 11:23:00,2042.05,2043.0710249999997,2043.95,2042.9280250000002,50,LONG,-7.149999999978718,-157750.3024999775
cash_ACC,RSI2,2025-01-02 11:31:00,2025-01-02 11:37:00,2044.3,2045.3221499999997,2045.0,2043.9775000000002,50,LONG,-67.23249999997734,-157817.53499997748
cash_ACC,RSI2,2025-01-02 11:47:00,2025-01-02 11:52:00,2042.0,2043.021,2042.35,2041.328825,50,LONG,-84.60874999999533,-157902.14374997746
cash_ACC,RSI2,2025-01-02 12:14:00,2025-01-02 12:25:00,2064.2,2065.2320999999997,2065.05,2064.017475,50,LONG,-60.73124999998072,-157962.87499997744
cash_ACC,RSI2,2025-01-02 12:35:00,2025-01-02 12:37:00,2063.85,2064.8819249999997,2065.0,2063.9675,50,LONG,-45.721249999974134,-158008.59624997742
cash_ACC,RSI2,2025-01-02 12:44:00,2025-01-02 12:45:00,2063.45,2064.4817249999996,2065.25,2064.217375,50,LONG,-13.21749999997337,-158021.8137499774
cash_ACC,RSI2,2025-01-02 12:50:00,2025-01-02 12:52:00,2062.05,2063.081025,2063.15,2062.118425,50,LONG,-48.129999999991924,-158069.9437499774
cash_ACC,RSI2,2025-01-02 13:23:00,2025-01-02 13:26:00,2076.05,2077.088025,2077.0,2075.9615,50,LONG,-56.32625000000644,-158126.2699999774
cash_ACC,RSI2,2025-01-02 13:45:00,2025-01-02 13:48:00,2077.15,2078.188575,2077.95,2076.911025,50,LONG,-63.87750000001233,-158190.1474999774
cash_ACC,RSI2,2025-01-02 14:21:00,2025-01-02 14:30:00,2078.2,2079.2391,2077.3,2076.26135,50,LONG,-148.887499999978,-158339.0349999774
cash_ACC,RSI2,2025-01-02 14:45:00,2025-01-02 14:58:00,2075.55,2076.587775,2070.75,2069.714625,50,LONG,-343.6574999999948,-158682.6924999774
cash_ACC,RSI2,2025-01-02 15:09:00,2025-01-02 15:12:00,2069.55,2070.5847750000003,2070.4,2069.3648000000003,50,LONG,-60.998749999998836,-158743.6912499774
cash_ACC,RSI2,2025-01-02 15:14:00,2025-01-02 15:18:00,2066.45,2067.4832249999995,2069.55,2068.515225,50,LONG,51.60000000003038,-158692.09124997735
cash_ACC,RSI2,2025-01-03 09:51:00,2025-01-03 10:00:00,2069.05,2070.084525,2071.9,2070.86405,50,LONG,38.97624999999607,-158653.11499997735
cash_ACC,RSI2,2025-01-03 10:07:00,2025-01-03 10:11:00,2070.0,2071.035,2071.95,2070.914025,50,LONG,-6.048749999990832,-158659.16374997734
cash_ACC,RSI2,2025-01-03 10:17:00,2025-01-03 10:21:00,2065.7,2066.73285,2067.8,2066.7661000000003,50,LONG,1.6625000000203727,-158657.50124997733
cash_ACC,RSI2,2025-01-03 10:46:00,2025-01-03 10:49:00,2063.5,2064.53175,2066.0,2064.967,50,LONG,21.762499999999818,-158635.73874997732
cash_ACC,RSI2,2025-01-03 10:54:00,2025-01-03 10:56:00,2062.7,2063.7313499999996,2064.95,2063.917525,50,LONG,9.308750000013788,-158626.4299999773
cash_ACC,RSI2,2025-01-03 11:39:00,2025-01-03 11:42:00,2066.1,2067.13305,2069.0,2067.9655000000002,50,LONG,41.62250000001677,-158584.80749997727
cash_ACC,RSI2,2025-01-03 11:56:00,2025-01-03 11:57:00,2067.25,2068.283625,2068.7,2067.66565,50,LONG,-30.898750000005748,-158615.70624997726
cash_ACC,RSI2,2025-01-03 12:02:00,2025-01-03 12:12:00,2067.65,2068.683825,2064.85,2063.817575,50,LONG,-243.31250000000182,-158859.01874997726
cash_ACC,RSI2,2025-01-03 12:16:00,2025-01-03 12:23:00,2062.85,2063.8814249999996,2062.75,2061.718625,50,LONG,-108.13999999998032,-158967.15874997724
cash_ACC,RSI2,2025-01-03 12:28:00,2025-01-03 12:32:00,2057.65,2058.678825,2059.2,2058.1704,50,LONG,-25.421249999999418,-158992.57999997726
cash_ACC,RSI2,2025-01-03 12:44:00,2025-01-03 12:45:00,2058.0,2059.029,2059.5,2058.4702500000003,50,LONG,-27.93749999998454,-159020.51749997723
cash_ACC,RSI2,2025-01-03 13:26:00,2025-01-03 13:28:00,2057.85,2058.878925,2058.65,2057.620675,50,LONG,-62.91249999999309,-159083.42999997723
cash_ACC,RSI2,2025-01-03 13:31:00,2025-01-03 13:38:00,2057.1,2058.12855,2057.15,2056.1214250000003,50,LONG,-100.35624999998163,-159183.78624997722
cash_ACC,RSI2,2025-01-03 13:56:00,2025-01-03 14:06:00,2055.5,2056.5277499999997,2055.0,2053.9725000000003,50,LONG,-127.76249999997162,-159311.5487499772
cash_ACC,RSI2,2025-01-03 14:10:00,2025-01-03 14:12:00,2050.8,2051.8254,2053.65,2052.623175,50,LONG,39.88875000000007,-159271.6599999772
cash_ACC,RSI2,2025-01-03 14:51:00,2025-01-03 14:54:00,2057.7,2058.7288499999995,2059.95,2058.920025,50,LONG,9.558750000019245,-159262.10124997716
cash_ACC,RSI2,2025-01-03 15:01:00,2025-01-03 15:09:00,2056.9,2057.92845,2058.0,2056.971,50,LONG,-47.872499999994034,-159309.97374997716
cash_ACC,RSI2,2025-01-03 15:18:00,2025-01-06 09:22:00,2054.05,2055.077025,2047.4,2046.3763000000001,50,LONG,-435.036249999996,-159745.00999997716
cash_ACC,RSI2,2025-01-06 09:26:00,2025-01-06 09:31:00,2035.5,2036.51775,2034.95,2033.9325250000002,50,LONG,-129.26124999999047,-159874.27124997714
cash_ACC,RSI2,2025-01-06 09:34:00,2025-01-06 09:39:00,2028.35,2029.3641749999997,2032.75,2031.733625,50,LONG,118.4725000000185,-159755.7987499771
cash_ACC,RSI2,2025-01-06 09:46:00,2025-01-06 09:48:00,2026.15,2027.163075,2029.05,2028.0354750000001,50,LONG,43.620000000009895,-159712.1787499771
cash_ACC,RSI2,2025-01-06 09:55:00,2025-01-06 10:00:00,2022.8,2023.8113999999998,2031.1,2030.08445,50,LONG,313.65250000001197,-159398.52624997706
cash_ACC,RSI2,2025-01-06 10:23:00,2025-01-06 10:29:00,2035.0,2036.0175,2036.0,2034.9820000000002,50,LONG,-51.77499999998645,-159450.30124997706
cash_ACC,RSI2,2025-01-06 10:44:00,2025-01-06 11:15:00,2033.85,2034.8669249999998,1993.8,1992.8031,50,LONG,-2103.191249999986,-161553.49249997703
cash_ACC,RSI2,2025-01-06 11:42:00,2025-01-06 11:58:00,2004.0,2005.002,1994.0,1993.0030000000002,50,LONG,-599.9499999999898,-162153.442499977
cash_ACC,RSI2,2025-01-06 12:19:00,2025-01-06 12:21:00,2001.25,2002.250625,2005.75,2004.747125,50,LONG,124.82500000000982,-162028.617499977
cash_ACC,RSI2,2025-01-06 12:28:00,2025-01-06 12:32:00,2003.0,2004.0014999999999,2006.1,2005.09695,50,LONG,54.77250000001277,-161973.84499997698
cash_ACC,RSI2,2025-01-06 12:46:00,2025-01-06 12:52:00,2003.3,2004.3016499999999,2008.05,2007.045975,50,LONG,137.21625000000586,-161836.62874997698
cash_ACC,RSI2,2025-01-06 13:11:00,2025-01-06 13:34:00,2005.3,2006.3026499999999,1994.0,1993.0030000000002,50,LONG,-664.9824999999851,-162501.61124997697
cash_ACC,RSI2,2025-01-06 13:43:00,2025-01-06 13:56:00,1993.35,1994.3466749999998,1987.1,1986.10645,50,LONG,-412.0112499999891,-162913.62249997695
cash_ACC,RSI2,2025-01-06 14:13:00,2025-01-06 14:20:00,1991.1,1992.0955499999998,1990.0,1989.005,50,LONG,-154.52749999998332,-163068.14999997694
cash_ACC,RSI2,2025-01-06 14:26:00,2025-01-06 14:29:00,1987.0,1987.9934999999998,1987.9,1986.9060500000003,50,LONG,-54.37249999997675,-163122.5224999769
cash_ACC,RSI2,2025-01-06 14:34:00,2025-01-06 14:42:00,1984.9,1985.89245,1981.0,1980.0095000000001,50,LONG,-294.14749999999685,-163416.6699999769
cash_ACC,RSI2,2025-01-06 15:05:00,2025-01-06 15:09:00,1983.5,1984.49175,1986.1,1985.10695,50,LONG,30.760000000009313,-163385.9099999769
cash_ACC,RSI2,2025-01-06 15:13:00,2025-01-06 15:17:00,1981.3,1982.29065,1982.0,1981.009,50,LONG,-64.08249999999498,-163449.99249997688
cash_ACC,RSI2,2025-01-07 09:46:00,2025-01-07 10:01:00,2020.0,2021.01,2009.95,2008.9450250000002,50,LONG,-603.2487499999888,-164053.24124997688
cash_ACC,RSI2,2025-01-07 10:08:00,2025-01-07 10:10:00,2002.5,2003.5012499999998,2006.05,2005.046975,50,LONG,77.28625000000875,-163975.95499997688
cash_ACC,RSI2,2025-01-07 10:18:00,2025-01-07 10:24:00,2007.2,2008.2035999999998,2009.95,2008.9450250000002,50,LONG,37.07125000001952,-163938.88374997687
cash_ACC,RSI2,2025-01-07 10:38:00,2025-01-07 10:40:00,2010.25,2011.255125,2012.0,2010.9940000000001,50,LONG,-13.056249999988268,-163951.93999997686
cash_ACC,RSI2,2025-01-07 10:52:00,2025-01-07 11:00:00,2012.15,2013.1560749999999,2015.6,2014.5922,50,LONG,71.80625000000873,-163880.13374997687
cash_ACC,RSI2,2025-01-07 11:06:00,2025-01-07 11:16:00,2013.8,2014.8068999999998,2005.9,2004.8970500000003,50,LONG,-495.49249999997755,-164375.62624997683
cash_ACC,RSI2,2025-01-07 11:44:00,2025-01-07 11:47:00,2013.7,2014.70685,2015.15,2014.1424250000002,50,LONG,-28.22124999999005,-164403.84749997684
cash_ACC,RSI2,2025-01-07 11:50:00,2025-01-07 11:54:00,2012.6,2013.6062999999997,2014.85,2013.8425750000001,50,LONG,11.813750000021628,-164392.0337499768
cash_ACC,RSI2,2025-01-07 11:58:00,2025-01-07 12:01:00,2010.5,2011.50525,2012.3,2011.29385,50,LONG,-10.569999999995616,-164402.6037499768
cash_ACC,RSI2,2025-01-07 12:13:00,2025-01-07 12:26:00,2007.2,2008.2035999999998,2003.95,2002.9480250000001,50,LONG,-262.77874999998403,-164665.3824999768
cash_ACC,RSI2,2025-01-07 12:39:00,2025-01-07 12:44:00,2005.8,2006.8029,2008.2,2007.1959000000002,50,LONG,19.650000000012824,-164645.7324999768
cash_ACC,RSI2,2025-01-07 12:55:00,2025-01-07 12:56:00,2007.0,2008.0034999999998,2008.4,2007.3958000000002,50,LONG,-30.38499999997839,-164676.11749997677
cash_ACC,RSI2,2025-01-07 12:58:00,2025-01-07 13:01:00,2004.45,2005.452225,2006.95,2005.946525,50,LONG,24.71500000000333,-164651.40249997677
cash_ACC,RSI2,2025-01-07 13:19:00,2025-01-07 13:21:00,2005.0,2006.0024999999998,2008.45,2007.4457750000001,50,LONG,72.16375000001563,-164579.23874997676
cash_ACC,RSI2,2025-01-07 13:44:00,2025-01-07 13:46:00,2011.45,2012.455725,2012.6,2011.5937000000001,50,LONG,-43.10124999999516,-164622.33999997677
cash_ACC,RSI2,2025-01-07 13:48:00,2025-01-07 13:57:00,2009.55,2010.5547749999998,2004.65,2003.6476750000002,50,LONG,-345.35499999998365,-164967.69499997675
cash_ACC,RSI2,2025-01-07 14:22:00,2025-01-07 14:30:00,2009.4,2010.4047,2008.25,2007.245875,50,LONG,-157.94124999999894,-165125.63624997676
cash_ACC,RSI2,2025-01-07 14:35:00,2025-01-07 14:40:00,2006.55,2007.5532749999998,2007.9,2006.8960500000003,50,LONG,-32.86124999997355,-165158.49749997674
cash_ACC,RSI2,2025-01-07 15:06:00,2025-01-07 15:10:00,2016.05,2017.0580249999998,2017.4,2016.3913000000002,50,LONG,-33.33624999997937,-165191.83374997674
cash_ACC,RSI2,2025-01-07 15:21:00,2025-01-07 15:25:00,2016.95,2017.958475,2018.9,2017.8905500000003,50,LONG,-3.3962499999802276,-165195.22999997673
cash_ACC,RSI2,2025-01-07 15:29:00,2025-01-08 09:15:00,2008.3,2009.30415,2028.45,2027.4357750000001,50,LONG,906.5812500000106,-164288.6487499767
cash_ACC,RSI2,2025-01-08 09:21:00,2025-01-08 09:25:00,2008.65,2009.654325,2011.5,2010.4942500000002,50,LONG,41.99625000001106,-164246.65249997668
cash_ACC,RSI2,2025-01-08 10:06:00,2025-01-08 10:11:00,2019.45,2020.459725,2019.85,2018.840075,50,LONG,-80.98249999999325,-164327.63499997667
cash_ACC,RSI2,2025-01-08 10:21:00,2025-01-08 10:29:00,2019.0,2020.0095,2021.35,2020.339325,50,LONG,16.4912500000014,-164311.14374997668
cash_ACC,RSI2,2025-01-08 10:34:00,2025-01-08 10:45:00,2017.4,2018.4087,2016.8,2015.7916,50,LONG,-130.85499999999683,-164441.9987499767
cash_ACC,RSI2,2025-01-08 10:49:00,2025-01-08 10:54:00,2013.95,2014.9569749999998,2013.3,2012.2933500000001,50,LONG,-133.18124999998417,-164575.17999997668
cash_ACC,RSI2,2025-01-08 11:22:00,2025-01-08 11:26:00,2013.0,2014.0065,2015.05,2014.042475,50,LONG,1.798750000000382,-164573.3812499767
cash_ACC,RSI2,2025-01-08 11:37:00,2025-01-08 11:52:00,2017.95,2018.958975,2013.55,2012.5432250000001,50,LONG,-320.78749999999445,-164894.1687499767
cash_ACC,RSI2,2025-01-08 12:01:00,2025-01-08 12:09:00,2015.05,2016.057525,2018.35,2017.340825,50,LONG,64.16500000000269,-164830.0037499767
cash_ACC,RSI2,2025-01-08 12:14:00,2025-01-08 12:22:00,2013.3,2014.3066499999998,2013.1,2012.09345,50,LONG,-110.6599999999844,-164940.66374997667
cash_ACC,RSI2,2025-01-08 12:26:00,2025-01-08 12:35:00,2011.0,2012.0055,2007.25,2006.2463750000002,50,LONG,-287.95624999999063,-165228.61999997665
cash_ACC,RSI2,2025-01-08 12:49:00,2025-01-08 12:50:00,2006.0,2007.003,2010.35,2009.3448250000001,50,LONG,117.09125000000995,-165111.52874997666
cash_ACC,RSI2,2025-01-08 13:01:00,2025-01-08 13:06:00,2009.0,2010.0044999999998,2010.45,2009.4447750000002,50,LONG,-27.986249999980828,-165139.51499997664
cash_ACC,RSI2,2025-01-08 13:18:00,2025-01-08 13:20:00,2007.5,2008.5037499999999,2011.7,2010.6941500000003,50,LONG,109.52000000002045,-165029.99499997662
cash_ACC,RSI2,2025-01-08 13:37:00,2025-01-08 13:42:00,2009.4,2010.4047,2009.95,2008.9450250000002,50,LONG,-72.98374999999169,-165102.9787499766
cash_ACC,RSI2,2025-01-08 14:27:00,2025-01-08 14:44:00,2019.3,2020.30965,2014.1,2013.09295,50,LONG,-360.8349999999973,-165463.8137499766
cash_ACC,RSI2,2025-01-08 15:01:00,2025-01-08 15:08:00,2009.05,2010.0545249999998,2010.7,2009.6946500000001,50,LONG,-17.993749999982356,-165481.8074999766
cash_ACC,RSI2,2025-01-08 15:14:00,2025-01-08 15:23:00,2009.0,2010.0044999999998,2006.5,2005.49675,50,LONG,-225.387499999988,-165707.19499997658
cash_ACC,RSI2,2025-01-08 15:29:00,2025-01-09 09:37:00,2005.6,2006.6028,1979.25,1978.260375,50,LONG,-1417.121249999991,-167124.31624997657
cash_ACC,RSI2,2025-01-09 09:49:00,2025-01-09 09:52:00,1974.2,1975.1870999999999,1974.05,1973.062975,50,LONG,-106.20624999999109,-167230.52249997656
cash_ACC,RSI2,2025-01-09 10:02:00,2025-01-09 10:10:00,1972.7,1973.68635,1975.6,1974.6122,50,LONG,46.29250000000411,-167184.22999997655
cash_ACC,RSI2,2025-01-09 10:15:00,2025-01-09 10:27:00,1974.0,1974.9869999999999,1965.7,1964.7171500000002,50,LONG,-513.4924999999839,-167697.72249997655
cash_ACC,RSI2,2025-01-09 10:44:00,2025-01-09 10:56:00,1969.0,1969.9844999999998,1964.0,1963.018,50,LONG,-348.32499999998845,-168046.04749997653
cash_ACC,RSI2,2025-01-09 10:59:00,2025-01-09 11:08:00,1958.95,1959.929475,1955.05,1954.0724750000002,50,LONG,-292.8499999999872,-168338.8974999765
cash_ACC,RSI2,2025-01-09 11:45:00,2025-01-09 11:55:00,1960.25,1961.2301249999998,1958.25,1957.2708750000002,50,LONG,-197.9624999999828,-168536.8599999765
cash_ACC,RSI2,2025-01-09 11:56:00,2025-01-09 12:04:00,1956.15,1957.128075,1957.95,1956.971025,50,LONG,-7.852500000001328,-168544.7124999765
cash_ACC,RSI2,2025-01-09 12:29:00,2025-01-09 12:34:00,1958.4,1959.3792,1959.75,1958.770125,50,LONG,-30.453750000003765,-168575.16624997652
cash_ACC,RSI2,2025-01-09 12:51:00,2025-01-09 12:56:00,1960.0,1960.9799999999998,1960.2,1959.2199,50,LONG,-88.00499999998692,-168663.1712499765
cash_ACC,RSI2,2025-01-09 13:16:00,2025-01-09 13:20:00,1960.0,1960.9799999999998,1960.9,1959.9195500000003,50,LONG,-53.02249999997457,-168716.19374997646
cash_ACC,RSI2,2025-01-09 13:27:00,2025-01-09 13:30:00,1960.1,1961.0800499999998,1960.85,1959.869575,50,LONG,-60.523749999993015,-168776.71749997645
cash_ACC,RSI2,2025-01-09 13:33:00,2025-01-09 13:36:00,1958.0,1958.9789999999998,1961.0,1960.0195,50,LONG,52.02500000001464,-168724.69249997643
cash_ACC,RSI2,2025-01-09 13:57:00,2025-01-09 14:00:00,1967.8,1968.7839,1969.0,1968.0155000000002,50,LONG,-38.419999999985066,-168763.1124999764
cash_ACC,RSI2,2025-01-09 14:07:00,2025-01-09 14:09:00,1969.0,1969.9844999999998,1970.7,1969.7146500000001,50,LONG,-13.49249999998392,-168776.6049999764
cash_ACC,RSI2,2025-01-09 14:28:00,2025-01-09 14:36:00,1967.65,1968.633825,1970.45,1969.4647750000001,50,LONG,41.54750000001286,-168735.0574999764
cash_ACC,RSI2,2025-01-09 14:57:00,2025-01-09 15:08:00,1974.3,1975.2871499999999,1971.75,1970.7641250000001,50,LONG,-226.1512499999867,-168961.2087499764
cash_ACC,RSI2,2025-01-10 09:15:00,2025-01-10 09:20:00,1969.5,1970.4847499999998,1970.05,1969.064975,50,LONG,-70.98874999999225,-169032.19749997638
cash_ACC,RSI2,2025-01-10 09:32:00,2025-01-10 09:40:00,1960.05,1961.0300249999998,1961.85,1960.869075,50,LONG,-8.047499999986485,-169040.24499997636
cash_ACC,RSI2,2025-01-10 09:46:00,2025-01-10 10:06:00,1959.55,1960.5297749999997,1937.35,1936.381325,50,LONG,-1207.4224999999842,-170247.66749997635
cash_ACC,RSI2,2025-01-10 10:16:00,2025-01-10 10:19:00,1927.45,1928.4137249999999,1933.3,1932.33335,50,LONG,195.9812500000112,-170051.68624997634
cash_ACC,RSI2,2025-01-10 10:28:00,2025-01-10 10:31:00,1936.75,1937.718375,1939.9,1938.9300500000002,50,LONG,60.58375000001206,-169991.10249997632
cash_ACC,RSI2,2025-01-10 11:21:00,2025-01-10 11:29:00,1959.05,1960.029525,1958.9,1957.9205500000003,50,LONG,-105.44874999998228,-170096.5512499763
cash_ACC,RSI2,2025-01-10 11:33:00,2025-01-10 11:45:00,1956.2,1957.1780999999999,1951.55,1950.574225,50,LONG,-330.19374999998945,-170426.74499997628
cash_ACC,RSI2,2025-01-10 11:54:00,2025-01-10 12:01:00,1952.85,1953.8264249999997,1955.5,1954.5222500000002,50,LONG,34.79125000002341,-170391.95374997627
cash_ACC,RSI2,2025-01-10 12:05:00,2025-01-10 12:12:00,1950.95,1951.925475,1951.5,1950.5242500000002,50,LONG,-70.06124999999201,-170462.01499997627
cash_ACC,RSI2,2025-01-10 12:21:00,2025-01-10 12:37:00,1952.25,1953.226125,1950.95,1949.974525,50,LONG,-162.5799999999913,-170624.59499997625
cash_ACC,RSI2,2025-01-10 12:38:00,2025-01-10 12:42:00,1946.15,1947.123075,1948.0,1947.026,50,LONG,-4.853749999995216,-170629.44874997626
cash_ACC,RSI2,2025-01-10 12:48:00,2025-01-10 12:50:00,1946.95,1947.9234749999998,1950.05,1949.074975,50,LONG,57.57500000000846,-170571.87374997625
cash_ACC,RSI2,2025-01-10 13:00:00,2025-01-10 13:13:00,1947.05,1948.0235249999998,1947.65,1946.6761750000003,50,LONG,-67.36749999997755,-170639.2412499762
cash_ACC,RSI2,2025-01-10 13:23:00,2025-01-10 13:25:00,1946.6,1947.5732999999998,1950.5,1949.52475,50,LONG,97.5725000000125,-170541.6687499762
cash_ACC,RSI2,2025-01-10 13:29:00,2025-01-10 13:32:00,1944.85,1945.8224249999998,1948.25,1947.275875,50,LONG,72.67250000001013,-170468.9962499762
cash_ACC,RSI2,2025-01-10 13:41:00,2025-01-10 13:44:00,1944.05,1945.0220249999998,1945.7,1944.7271500000002,50,LONG,-14.743749999979627,-170483.73999997618
cash_ACC,RSI2,2025-01-10 13:54:00,2025-01-10 14:10:00,1941.85,1942.8209249999998,1938.25,1937.2808750000002,50,LONG,-277.0024999999805,-170760.74249997616
cash_ACC,RSI2,2025-01-10 14:14:00,2025-01-10 14:18:00,1931.75,1932.7158749999999,1933.0,1932.0335,50,LONG,-34.11874999999327,-170794.86124997615
cash_ACC,RSI2,2025-01-10 14:25:00,2025-01-10 14:27:00,1929.9,1930.86495,1931.55,1930.584225,50,LONG,-14.036249999992378,-170808.89749997616
cash_ACC,RSI2,2025-01-10 14:31:00,2025-01-10 14:40:00,1929.05,1930.0145249999998,1928.0,1927.036,50,LONG,-148.92624999998816,-170957.82374997615
cash_ACC,RSI2,2025-01-10 14:47:00,2025-01-10 14:51:00,1928.9,1929.86445,1929.9,1928.9350500000003,50,LONG,-46.46999999998798,-171004.29374997615
cash_ACC,RSI2,2025-01-10 15:00:00,2025-01-10 15:02:00,1928.0,1928.964,1929.05,1928.085475,50,LONG,-43.926249999992706,-171048.21999997614
cash_ACC,RSI2,2025-01-10 15:28:00,2025-01-10 15:29:00,1927.05,1928.0135249999998,1934.75,1933.782625,50,LONG,288.4550000000104,-170759.76499997612
cash_ACC,RSI2,2025-01-13 09:15:00,2025-01-13 09:19:00,1901.0,1901.9505,1904.9,1903.94755,50,LONG,99.8525000000086,-170659.9124999761
cash_ACC,RSI2,2025-01-13 09:31:00,2025-01-13 09:32:00,1892.95,1893.896475,1899.15,1898.2004250000002,50,LONG,215.19750000001068,-170444.7149999761
cash_ACC,RSI2,2025-01-13 09:36:00,2025-01-13 09:42:00,1890.0,1890.945,1890.65,1889.7046750000002,50,LONG,-62.01624999998785,-170506.7312499761
cash_ACC,RSI2,2025-01-13 10:01:00,2025-01-13 10:02:00,1897.3,1898.2486499999998,1903.1,1902.14845,50,LONG,194.99000000000706,-170311.74124997607
cash_ACC,RSI2,2025-01-13 10:13:00,2025-01-13 10:15:00,1898.3,1899.2491499999999,1900.15,1899.1999250000001,50,LONG,-2.461249999987558,-170314.20249997606
cash_ACC,RSI2,2025-01-13 10:18:00,2025-01-13 10:21:00,1892.6,1893.5462999999997,1896.9,1895.9515500000002,50,LONG,120.26250000002392,-170193.93999997605
cash_ACC,RSI2,2025-01-13 10:39:00,2025-01-13 10:46:00,1903.7,1904.65185,1907.0,1906.0465000000002,50,LONG,69.73250000000917,-170124.20749997604
cash_ACC,RSI2,2025-01-13 10:56:00,2025-01-13 11:05:00,1897.0,1897.9485,1897.0,1896.0515,50,LONG,-94.84999999999673,-170219.05749997604
cash_ACC,RSI2,2025-01-13 11:08:00,2025-01-13 11:14:00,1892.35,1893.2961749999997,1891.65,1890.7041750000003,50,LONG,-129.5999999999708,-170348.65749997602
cash_ACC,RSI2,2025-01-13 11:25:00,2025-01-13 11:34:00,1890.7,1891.64535,1890.0,1889.055,50,LONG,-129.5174999999972,-170478.174999976
cash_ACC,RSI2,2025-01-13 12:19:00,2025-01-13 12:38:00,1893.0,1893.9464999999998,1893.0,1892.0535000000002,50,LONG,-94.64999999997872,-170572.82499997597
cash_ACC,RSI2,2025-01-13 12:44:00,2025-01-13 12:52:00,1891.5,1892.4457499999999,1888.95,1888.0055250000003,50,LONG,-222.01124999998,-170794.83624997595
cash_ACC,RSI2,2025-01-13 13:20:00,2025-01-13 13:21:00,1884.65,1885.592325,1888.9,1887.9555500000001,50,LONG,118.16125000000284,-170676.67499997595
cash_ACC,RSI2,2025-01-13 13:37:00,2025-01-13 13:55:00,1885.5,1886.44275,1872.45,1871.5137750000001,50,LONG,-746.4487499999905,-171423.12374997593
cash_ACC,RSI2,2025-01-13 14:11:00,2025-01-13 14:16:00,1867.25,1868.183625,1870.05,1869.114975,50,LONG,46.56750000000329,-171376.55624997593
cash_ACC,RSI2,2025-01-13 14:21:00,2025-01-13 14:36:00,1863.8,1864.7318999999998,1844.4,1843.4778000000001,50,LONG,-1062.7049999999826,-172439.2612499759
cash_ACC,RSI2,2025-01-13 15:01:00,2025-01-13 15:09:00,1856.65,1857.578325,1858.65,1857.7206750000003,50,LONG,7.117500000015298,-172432.1437499759
cash_ACC,RSI2,2025-01-14 09:34:00,2025-01-14 09:36:00,1893.25,1894.1966249999998,1897.35,1896.401325,50,LONG,110.2350000000115,-172321.90874997588
cash_ACC,RSI2,2025-01-14 10:05:00,2025-01-14 10:09:00,1898.6,1899.5493,1903.6,1902.6482,50,LONG,154.94500000000926,-172166.96374997587
cash_ACC,RSI2,2025-01-14 10:18:00,2025-01-14 10:21:00,1899.5,1900.44975,1903.2,1902.2484000000002,50,LONG,89.93250000000899,-172077.03124997587
cash_ACC,RSI2,2025-01-14 10:26:00,2025-01-14 10:28:00,1893.85,1894.7969249999999,1899.0,1898.0505,50,LONG,162.67875000000913,-171914.35249997585
cash_ACC,RSI2,2025-01-14 11:09:00,2025-01-14 11:13:00,1939.15,1940.119575,1939.1,1938.13045,50,LONG,-99.45624999999154,-172013.80874997584
cash_ACC,RSI2,2025-01-14 11:27:00,2025-01-14 11:35:00,1933.0,1933.9665,1934.75,1933.782625,50,LONG,-9.19374999999718,-172023.00249997585
cash_ACC,RSI2,2025-01-14 11:39:00,2025-01-14 11:45:00,1929.2,1930.1645999999998,1926.7,1925.73665,50,LONG,-221.39749999998912,-172244.39999997584
cash_ACC,RSI2,2025-01-14 11:52:00,2025-01-14 11:54:00,1922.95,1923.9114749999999,1924.4,1923.4378000000002,50,LONG,-23.683749999986503,-172268.08374997583
cash_ACC,RSI2,2025-01-14 12:08:00,2025-01-14 12:25:00,1920.0,1920.9599999999998,1916.25,1915.2918750000001,50,LONG,-283.40624999998454,-172551.4899999758
cash_ACC,RSI2,2025-01-14 12:32:00,2025-01-14 12:35:00,1914.8,1915.7574,1916.0,1915.0420000000001,50,LONG,-35.76999999999089,-172587.2599999758
cash_ACC,RSI2,2025-01-14 12:58:00,2025-01-14 13:02:00,1921.0,1921.9605,1921.1,1920.1394500000001,50,LONG,-91.05249999998932,-172678.3124999758
cash_ACC,RSI2,2025-01-14 13:34:00,2025-01-14 13:39:00,1931.9,1932.8659499999999,1933.0,1932.0335,50,LONG,-41.622499999994034,-172719.93499997578
cash_ACC,RSI2,2025-01-14 13:56:00,2025-01-14 13:59:00,1932.15,1933.116075,1934.5,1933.53275,50,LONG,20.833750000008422,-172699.10124997576
cash_ACC,RSI2,2025-01-14 14:38:00,2025-01-14 14:44:00,1945.15,1946.122575,1947.0,1946.0265000000002,50,LONG,-4.803749999996398,-172703.90499997576
cash_ACC,RSI2,2025-01-15 09:28:00,2025-01-15 09:30:00,1951.0,1951.9754999999998,1954.15,1953.1729250000003,50,LONG,59.871250000026066,-172644.03374997573
cash_ACC,RSI2,2025-01-15 10:03:00,2025-01-15 10:08:00,1960.25,1961.2301249999998,1961.95,1960.969025,50,LONG,-13.05499999998574,-172657.08874997572
cash_ACC,RSI2,2025-01-15 10:37:00,2025-01-15 10:38:00,1953.4,1954.3767,1957.2,1956.2214000000001,50,LONG,92.23500000000513,-172564.8537499757
cash_ACC,RSI2,2025-01-15 10:58:00,2025-01-15 11:00:00,1952.6,1953.5762999999997,1956.05,1955.071975,50,LONG,74.78375000001733,-172490.06999997568
cash_ACC,RSI2,2025-01-15 11:04:00,2025-01-15 11:06:00,1953.75,1954.7268749999998,1955.5,1954.5222500000002,50,LONG,-10.231249999981173,-172500.30124997566
cash_ACC,RSI2,2025-01-15 11:25:00,2025-01-15 11:39:00,1959.4,1960.3797,1955.35,1954.372325,50,LONG,-300.36874999999554,-172800.66999997565
cash_ACC,RSI2,2025-01-15 12:07:00,2025-01-15 12:08:00,1956.05,1957.0280249999998,1957.9,1956.9210500000002,50,LONG,-5.348749999984648,-172806.01874997563
cash_ACC,RSI2,2025-01-15 12:13:00,2025-01-15 12:27:00,1953.65,1954.626825,1956.8,1955.8216,50,LONG,59.7387499999968,-172746.27999997564
cash_ACC,RSI2,2025-01-15 12:51:00,2025-01-15 13:17:00,1967.35,1968.3336749999999,1954.0,1953.0230000000001,50,LONG,-765.533749999986,-173511.8137499756
cash_ACC,RSI2,2025-01-15 13:20:00,2025-01-15 13:24:00,1948.0,1948.974,1950.75,1949.774625,50,LONG,40.03125000000409,-173471.7824999756
cash_ACC,RSI2,2025-01-15 13:30:00,2025-01-15 13:32:00,1946.3,1947.2731499999998,1950.6,1949.6247,50,LONG,117.57750000001579,-173354.2049999756
cash_ACC,RSI2,2025-01-15 13:45:00,2025-01-15 13:48:00,1950.0,1950.975,1952.35,1951.3738250000001,50,LONG,19.94125000001077,-173334.2637499756
cash_ACC,RSI2,2025-01-15 14:11:00,2025-01-15 14:18:00,1960.0,1960.9799999999998,1956.45,1955.4717750000002,50,LONG,-275.4112499999792,-173609.67499997557
cash_ACC,RSI2,2025-01-15 14:49:00,2025-01-15 14:54:00,1962.7,1963.6813499999998,1964.9,1963.9175500000001,50,LONG,11.810000000014043,-173597.86499997554
cash_ACC,RSI2,2025-01-16 09:26:00,2025-01-16 09:28:00,2034.1,2035.1170499999998,2043.4,2042.3783000000003,50,LONG,363.06250000002365,-173234.8024999755
cash_ACC,RSI2,2025-01-16 09:34:00,2025-01-16 09:36:00,2040.1,2041.1200499999998,2045.05,2044.027475,50,LONG,145.37125000001652,-173089.4312499755
cash_ACC,RSI2,2025-01-16 09:43:00,2025-01-16 09:47:00,2033.5,2034.5167499999998,2032.0,2030.9840000000002,50,LONG,-176.63749999998117,-173266.06874997547
cash_ACC,RSI2,2025-01-16 10:09:00,2025-01-16 10:11:00,2026.35,2027.3631749999997,2034.0,2032.9830000000002,50,LONG,280.9912500000223,-172985.07749997545
cash_ACC,RSI2,2025-01-16 10:20:00,2025-01-16 10:30:00,2030.05,2031.0650249999999,2029.65,2028.6351750000001,50,LONG,-121.49249999998801,-173106.56999997544
cash_ACC,RSI2,2025-01-16 10:31:00,2025-01-16 10:35:00,2025.5,2026.5127499999999,2027.45,2026.4362750000003,50,LONG,-3.823749999980919,-173110.39374997542
cash_ACC,RSI2,2025-01-16 10:41:00,2025-01-16 10:58:00,2022.5,2023.5112499999998,2012.45,2011.4437750000002,50,LONG,-603.3737499999802,-173713.7674999754
cash_ACC,RSI2,2025-01-16 11:05:00,2025-01-16 11:08:00,2008.6,2009.6042999999997,2009.55,2008.545225,50,LONG,-52.9537499999833,-173766.72124997538
cash_ACC,RSI2,2025-01-16 11:34:00,2025-01-16 11:38:00,2013.5,2014.5067499999998,2014.75,2013.742625,50,LONG,-38.20624999998472,-173804.92749997537
cash_ACC,RSI2,2025-01-16 11:45:00,2025-01-16 11:51:00,2012.0,2013.0059999999999,2009.35,2008.345325,50,LONG,-233.03374999999278,-174037.96124997537
cash_ACC,RSI2,2025-01-16 12:03:00,2025-01-16 12:13:00,2007.35,2008.3536749999998,2007.0,2005.9965000000002,50,LONG,-117.85874999998214,-174155.81999997536
cash_ACC,RSI2,2025-01-16 12:15:00,2025-01-16 12:30:00,2004.0,2005.002,1996.45,1995.4517750000002,50,LONG,-477.5112499999864,-174633.33124997534
cash_ACC,RSI2,2025-01-16 12:36:00,2025-01-16 12:39:00,1996.55,1997.5482749999999,1999.75,1998.750125,50,LONG,60.092500000007476,-174573.23874997534
cash_ACC,RSI2,2025-01-16 13:07:00,2025-01-16 13:10:00,1997.7,1998.69885,1997.6,1996.6012,50,LONG,-104.88249999999653,-174678.12124997535
cash_ACC,RSI2,2025-01-16 13:35:00,2025-01-16 13:48:00,1996.9,1997.89845,1994.7,1993.7026500000002,50,LONG,-209.78999999998678,-174887.91124997532
cash_ACC,RSI2,2025-01-16 14:19:00,2025-01-16 14:24:00,1993.25,1994.246625,1995.0,1994.0025,50,LONG,-12.206249999996999,-174900.1174999753
cash_ACC,RSI2,2025-01-16 14:31:00,2025-01-16 14:42:00,1991.85,1992.8459249999999,1990.0,1989.005,50,LONG,-192.04624999998714,-175092.1637499753
cash_ACC,RSI2,2025-01-16 14:53:00,2025-01-16 14:59:00,1988.2,1989.1941,1988.35,1987.355825,50,LONG,-91.91374999999198,-175184.07749997528
cash_ACC,RSI2,2025-01-17 09:16:00,2025-01-17 09:18:00,1982.1,1983.0910499999998,1990.2,1989.2049000000002,50,LONG,305.6925000000206,-174878.38499997524
cash_ACC,RSI2,2025-01-17 09:37:00,2025-01-17 09:45:00,1989.05,1990.0445249999998,1989.55,1988.555225,50,LONG,-74.4649999999865,-174952.84999997524
cash_ACC,RSI2,2025-01-17 10:10:00,2025-01-17 10:19:00,2000.6,2001.6002999999998,1998.5,1997.5007500000002,50,LONG,-204.97749999998405,-175157.82749997522
cash_ACC,RSI2,2025-01-17 10:34:00,2025-01-17 10:45:00,1994.2,1995.1970999999999,1990.0,1989.005,50,LONG,-309.60499999998774,-175467.4324999752
cash_ACC,RSI2,2025-01-17 10:57:00,2025-01-17 11:00:00,1986.05,1987.043025,1987.6,1986.6062,50,LONG,-21.841249999999945,-175489.2737499752
cash_ACC,RSI2,2025-01-17 11:08:00,2025-01-17 11:10:00,1984.1,1985.0920499999997,1986.0,1985.007,50,LONG,-4.252499999984138,-175493.52624997517
cash_ACC,RSI2,2025-01-17 11:23:00,2025-01-17 11:25:00,1986.05,1987.043025,1988.35,1987.355825,50,LONG,15.640000000007603,-175477.88624997516
cash_ACC,RSI2,2025-01-17 11:30:00,2025-01-17 11:32:00,1986.2,1987.1931,1989.25,1988.2553750000002,50,LONG,53.11375000001135,-175424.77249997514
cash_ACC,RSI2,2025-01-17 11:43:00,2025-01-17 11:52:00,1987.0,1987.9934999999998,1986.35,1985.356825,50,LONG,-131.83374999998705,-175556.60624997513
cash_ACC,RSI2,2025-01-17 12:10:00,2025-01-17 12:13:00,1983.7,1984.69185,1986.55,1985.5567250000001,50,LONG,43.24375000001055,-175513.3624999751
cash_ACC,RSI2,2025-01-17 12:25:00,2025-01-17 12:29:00,1986.7,1987.69335,1988.1,1987.1059500000001,50,LONG,-29.369999999994434,-175542.7324999751
cash_ACC,RSI2,2025-01-17 12:40:00,2025-01-17 13:03:00,1987.2,1988.1935999999998,1984.5,1983.5077500000002,50,LONG,-234.29249999998092,-175777.02499997508
cash_ACC,RSI2,2025-01-17 13:14:00,2025-01-17 13:16:00,1983.35,1984.341675,1984.4,1983.4078000000002,50,LONG,-46.69374999998581,-175823.71874997506
cash_ACC,RSI2,2025-01-17 13:18:00,2025-01-17 13:30:00,1982.0,1982.991,1979.1,1978.1104500000001,50,LONG,-244.02749999999287,-176067.74624997505
cash_ACC,RSI2,2025-01-17 13:37:00,2025-01-17 13:39:00,1977.9,1978.88895,1979.65,1978.6601750000002,50,LONG,-11.438749999990705,-176079.18499997506
cash_ACC,RSI2,2025-01-17 15:15:00,2025-01-17 15:27:00,2013.4,2014.4067,2007.5,2006.4962500000001,50,LONG,-395.52249999999276,-176474.70749997505
cash_ACC,RSI2,2025-01-17 15:28:00,2025-01-20 09:41:00,2002.25,2003.251125,1984.7,1983.70765,50,LONG,-977.1737499999972,-177451.88124997503
cash_ACC,RSI2,2025-01-20 10:45:00,2025-01-20 10:46:00,1999.0,1999.9995,2002.25,2001.248875,50,LONG,62.468750000005,-177389.41249997503
cash_ACC,RSI2,2025-01-20 11:12:00,2025-01-20 11:16:00,2003.6,2004.6018,2003.65,2002.6481750000003,50,LONG,-97.68124999998236,-177487.09374997503
cash_ACC,RSI2,2025-01-20 12:57:00,2025-01-20 12:59:00,2006.4,2007.4032,2008.9,2007.8955500000002,50,LONG,24.61750000001075,-177462.476249975
cash_ACC,RSI2,2025-01-20 13:23:00,2025-01-20 13:30:00,2007.05,2008.0535249999998,2006.55,2005.5467250000002,50,LONG,-125.33999999998287,-177587.816249975
cash_ACC,RSI2,2025-01-20 14:28:00,2025-01-20 14:33:00,2005.15,2006.152575,2006.0,2004.997,50,LONG,-57.778749999999945,-177645.594999975
cash_ACC,RSI2,2025-01-20 15:03:00,2025-01-20 15:09:00,2012.5,2013.50625,2012.95,2011.9435250000001,50,LONG,-78.13624999998865,-177723.73124997498
cash_ACC,RSI2,2025-01-20 15:13:00,2025-01-20 15:19:00,2011.2,2012.2056,2008.15,2007.1459250000003,50,LONG,-252.98374999998714,-177976.71499997497
cash_ACC,RSI2,2025-01-20 15:25:00,2025-01-20 15:26:00,2002.75,2003.7513749999998,2006.3,2005.2968500000002,50,LONG,77.27375000001757,-177899.44124997495
cash_ACC,RSI2,2025-01-21 09:56:00,2025-01-21 09:58:00,2046.85,2047.8734249999998,2051.0,2049.9745000000003,50,LONG,105.05375000002459,-177794.38749997492
cash_ACC,RSI2,2025-01-21 10:07:00,2025-01-21 10:11:00,2039.15,2040.169575,2043.55,2042.528225,50,LONG,117.93250000000626,-177676.45499997493
cash_ACC,RSI2,2025-01-21 10:15:00,2025-01-21 10:25:00,2038.0,2039.0189999999998,2035.0,2033.9825,50,LONG,-251.82499999998527,-177928.2799999749
cash_ACC,RSI2,2025-01-21 10:28:00,2025-01-21 10:36:00,2030.0,2031.0149999999999,2024.9,2023.8875500000001,50,LONG,-356.3724999999863,-178284.6524999749
cash_ACC,RSI2,2025-01-21 10:45:00,2025-01-21 10:47:00,2024.0,2025.012,2025.85,2024.837075,50,LONG,-8.74625000000151,-178293.3987499749
cash_ACC,RSI2,2025-01-21 11:08:00,2025-01-21 11:12:00,2026.15,2027.163075,2028.35,2027.335825,50,LONG,8.637500000008913,-178284.7612499749
cash_ACC,RSI2,2025-01-21 11:22:00,2025-01-21 11:27:00,2026.25,2027.263125,2027.9,2026.8860500000003,50,LONG,-18.853749999982483,-178303.61499997487
cash_ACC,RSI2,2025-01-21 11:40:00,2025-01-21 11:41:00,2034.1,2035.1170499999998,2035.8,2034.7821000000001,50,LONG,-16.747499999985394,-178320.36249997487
cash_ACC,RSI2,2025-01-21 11:57:00,2025-01-21 11:59:00,2044.5,2045.52225,2046.35,2045.326825,50,LONG,-9.771249999994325,-178330.13374997486
cash_ACC,RSI2,2025-01-21 12:06:00,2025-01-21 12:26:00,2042.85,2043.8714249999998,2028.25,2027.235875,50,LONG,-831.777499999987,-179161.91124997486
cash_ACC,RSI2,2025-01-21 13:06:00,2025-01-21 13:23:00,2036.25,2037.2681249999998,2031.7,2030.68415,50,LONG,-329.1987499999891,-179491.10999997484
cash_ACC,RSI2,2025-01-21 13:51:00,2025-01-21 14:04:00,2035.15,2036.167575,2033.4,2032.3833000000002,50,LONG,-189.2137499999876,-179680.32374997484
cash_ACC,RSI2,2025-01-21 14:06:00,2025-01-21 14:09:00,2030.15,2031.165075,2031.5,2030.4842500000002,50,LONG,-34.0412499999843,-179714.36499997482
cash_ACC,RSI2,2025-01-21 14:33:00,2025-01-21 14:46:00,2025.2,2026.2125999999998,2012.8,2011.7936,50,LONG,-720.9499999999935,-180435.3149999748
cash_ACC,RSI2,2025-01-21 15:06:00,2025-01-21 15:07:00,2016.3,2017.3081499999998,2018.15,2017.1409250000002,50,LONG,-8.361249999984466,-180443.6762499748
cash_ACC,RSI2,2025-01-21 15:22:00,2025-01-21 15:25:00,2015.65,2016.657825,2016.45,2015.4417750000002,50,LONG,-60.80249999998841,-180504.47874997478
cash_ACC,RSI2,2025-01-22 09:20:00,2025-01-22 09:22:00,1995.05,1996.047525,2006.15,2005.1469250000002,50,LONG,454.97000000001435,-180049.50874997478
cash_ACC,RSI2,2025-01-22 09:46:00,2025-01-22 09:54:00,1993.65,1994.646825,1995.0,1994.0025,50,LONG,-32.216249999999036,-180081.72499997477
cash_ACC,RSI2,2025-01-22 10:14:00,2025-01-22 10:18:00,2003.75,2004.751875,2004.15,2003.1479250000002,50,LONG,-80.19749999998567,-180161.92249997475
cash_ACC,RSI2,2025-01-22 10:38:00,2025-01-22 10:43:00,2005.75,2006.752875,2003.6,2002.5982,50,LONG,-207.73374999999987,-180369.65624997477
cash_ACC,RSI2,2025-01-22 10:52:00,2025-01-22 10:55:00,2003.5,2004.50175,2005.0,2003.9975000000002,50,LONG,-25.21249999998645,-180394.86874997476
cash_ACC,RSI2,2025-01-22 11:10:00,2025-01-22 11:14:00,2000.75,2001.7503749999998,2002.8,2001.7986,50,LONG,2.411250000011478,-180392.45749997476
cash_ACC,RSI2,2025-01-22 11:19:00,2025-01-22 11:25:00,1998.0,1998.9989999999998,1997.85,1996.851075,50,LONG,-107.39624999998796,-180499.85374997475
cash_ACC,RSI2,2025-01-22 11:32:00,2025-01-22 11:36:00,1992.75,1993.746375,1991.45,1990.454275,50,LONG,-164.60499999999456,-180664.45874997473
cash_ACC,RSI2,2025-01-22 11:42:00,2025-01-22 11:43:00,1988.95,1989.944475,1992.1,1991.10395,50,LONG,57.97374999999647,-180606.48499997472
cash_ACC,RSI2,2025-01-22 12:02:00,2025-01-22 12:05:00,1988.15,1989.144075,1989.35,1988.355325,50,LONG,-39.43749999999682,-180645.92249997472
cash_ACC,RSI2,2025-01-22 12:08:00,2025-01-22 12:12:00,1983.3,1984.29165,1987.25,1986.2563750000002,50,LONG,98.23625000001357,-180547.6862499747
cash_ACC,RSI2,2025-01-22 12:23:00,2025-01-22 12:30:00,1983.0,1983.9914999999999,1982.35,1981.358825,50,LONG,-131.63374999999178,-180679.3199999747
cash_ACC,RSI2,2025-01-22 12:37:00,2025-01-22 12:42:00,1980.7,1981.6903499999999,1981.35,1980.3593250000001,50,LONG,-66.55124999998634,-180745.87124997468
cash_ACC,RSI2,2025-01-22 12:50:00,2025-01-22 12:57:00,1977.7,1978.68885,1977.45,1976.4612750000001,50,LONG,-111.3787499999944,-180857.24999997468
cash_ACC,RSI2,2025-01-22 13:02:00,2025-01-22 13:04:00,1974.95,1975.937475,1976.0,1975.0120000000002,50,LONG,-46.27374999998892,-180903.52374997467
cash_ACC,RSI2,2025-01-22 13:24:00,2025-01-22 13:33:00,1977.6,1978.5887999999998,1975.4,1974.4123000000002,50,LONG,-208.8249999999789,-181112.34874997466
cash_ACC,RSI2,2025-01-22 13:35:00,2025-01-22 13:37:00,1971.1,1972.0855499999998,1974.4,1973.4128000000003,50,LONG,66.3625000000252,-181045.98624997464
cash_ACC,RSI2,2025-01-22 14:49:00,2025-01-22 14:52:00,1993.65,1994.646825,1995.3,1994.3023500000002,50,LONG,-17.223749999993743,-181063.20999997464
cash_ACC,RSI2,2025-01-22 15:08:00,2025-01-22 15:12:00,1998.25,1999.2491249999998,2001.55,2000.549225,50,LONG,65.00500000000784,-180998.20499997464
cash_ACC,RSI2,2025-01-22 15:18:00,2025-01-22 15:23:00,1998.85,1999.8494249999999,1999.3,1998.30035,50,LONG,-77.45374999999513,-181075.65874997462
cash_ACC,RSI2,2025-01-23 09:19:00,2025-01-23 09:31:00,1989.75,1990.7448749999999,1987.6,1986.6062,50,LONG,-206.93374999999605,-181282.59249997462
cash_ACC,RSI2,2025-01-23 10:18:00,2025-01-23 10:21:00,2018.95,2019.9594749999999,2020.0,2018.99,50,LONG,-48.47374999999374,-181331.06624997462
cash_ACC,RSI2,2025-01-23 10:45:00,2025-01-23 10:48:00,2022.0,2023.011,2026.9,2025.8865500000002,50,LONG,143.77750000001015,-181187.28874997463
cash_ACC,RSI2,2025-01-23 10:52:00,2025-01-23 10:56:00,2023.0,2024.0114999999998,2022.3,2021.2888500000001,50,LONG,-136.13249999998516,-181323.4212499746
cash_ACC,RSI2,2025-01-23 11:04:00,2025-01-23 11:06:00,2021.35,2022.360675,2025.0,2023.9875000000002,50,LONG,81.34125000001404,-181242.07999997458
cash_ACC,RSI2,2025-01-23 11:12:00,2025-01-23 11:15:00,2021.95,2022.960975,2023.35,2022.338325,50,LONG,-31.132500000001073,-181273.2124999746
cash_ACC,RSI2,2025-01-23 11:38:00,2025-01-23 11:52:00,2024.45,2025.462225,2014.25,2013.2428750000001,50,LONG,-610.9674999999925,-181884.17999997459
cash_ACC,RSI2,2025-01-23 12:25:00,2025-01-23 12:29:00,2015.9,2016.90795,2019.2,2018.1904000000002,50,LONG,64.12250000000768,-181820.0574999746
cash_ACC,RSI2,2025-01-23 12:53:00,2025-01-23 12:56:00,2018.4,2019.4092,2019.8,2018.7901000000002,50,LONG,-30.95499999999447,-181851.01249997457
cash_ACC,RSI2,2025-01-23 13:02:00,2025-01-23 13:04:00,2015.9,2016.90795,2018.3,2017.29085,50,LONG,19.145000000003165,-181831.86749997459
cash_ACC,RSI2,2025-01-23 13:12:00,2025-01-23 13:16:00,2018.15,2019.159075,2018.2,2017.1909,50,LONG,-98.40874999999869,-181930.2762499746
cash_ACC,RSI2,2025-01-23 13:28:00,2025-01-23 13:35:00,2015.5,2016.50775,2015.0,2013.9925,50,LONG,-125.76249999999618,-182056.03874997457
cash_ACC,RSI2,2025-01-23 14:15:00,2025-01-23 14:18:00,2026.5,2027.51325,2031.0,2029.9845,50,LONG,123.56250000000273,-181932.47624997457
cash_ACC,RSI2,2025-01-23 14:49:00,2025-01-23 14:55:00,2040.75,2041.7703749999998,2043.25,2042.2283750000001,50,LONG,22.900000000015552,-181909.57624997455
cash_ACC,RSI2,2025-01-23 15:25:00,2025-01-23 15:29:00,2042.4,2043.4212,2046.05,2045.026975,50,LONG,80.28874999999971,-181829.28749997454
cash_ACC,RSI2,2025-01-24 09:28:00,2025-01-24 09:37:00,2050.2,2051.2250999999997,2055.35,2054.322325,50,LONG,154.86125000002176,-181674.42624997452
cash_ACC,RSI2,2025-01-24 09:47:00,2025-01-24 10:04:00,2050.0,2051.025,2040.15,2039.1299250000002,50,LONG,-594.7537499999953,-182269.17999997453
cash_ACC,RSI2,2025-01-24 10:46:00,2025-01-24 10:57:00,2054.05,2055.077025,2051.35,2050.324325,50,LONG,-237.63500000000022,-182506.81499997454
cash_ACC,RSI2,2025-01-24 11:11:00,2025-01-24 11:13:00,2047.1,2048.12355,2051.05,2050.024475,50,LONG,95.04625000001852,-182411.76874997452
cash_ACC,RSI2,2025-01-24 11:49:00,2025-01-24 12:02:00,2056.5,2057.52825,2051.7,2050.67415,50,LONG,-342.70500000000084,-182754.4737499745
cash_ACC,RSI2,2025-01-24 12:13:00,2025-01-24 12:14:00,2051.25,2052.2756249999998,2054.0,2052.973,50,LONG,34.86875000000964,-182719.6049999745
cash_ACC,RSI2,2025-01-24 12:31:00,2025-01-24 12:46:00,2053.15,2054.176575,2051.3,2050.27435,50,LONG,-195.11124999999083,-182914.71624997447
cash_ACC,RSI2,2025-01-24 13:00:00,2025-01-24 13:10:00,2050.1,2051.1250499999996,2049.95,2048.925025,50,LONG,-110.00124999998206,-183024.71749997445
cash_ACC,RSI2,2025-01-24 13:16:00,2025-01-24 13:18:00,2043.35,2044.3716749999999,2048.05,2047.0259750000002,50,LONG,132.7150000000188,-182892.00249997442
cash_ACC,RSI2,2025-01-24 13:33:00,2025-01-24 13:36:00,2048.0,2049.024,2050.1,2049.07495,50,LONG,2.5475000000142245,-182889.4549999744
cash_ACC,RSI2,2025-01-24 13:44:00,2025-01-24 13:46:00,2044.65,2045.672325,2046.85,2045.826575,50,LONG,7.712500000002365,-182881.7424999744
cash_ACC,RSI2,2025-01-24 13:52:00,2025-01-24 13:53:00,2045.15,2046.172575,2048.9,2047.8755500000002,50,LONG,85.14875000000757,-182796.5937499744
cash_ACC,RSI2,2025-01-24 13:59:00,2025-01-24 14:01:00,2046.3,2047.32315,2048.1,2047.07595,50,LONG,-12.360000000001037,-182808.9537499744
cash_ACC,RSI2,2025-01-24 14:09:00,2025-01-24 14:18:00,2049.3,2050.32465,2049.4,2048.3753,50,LONG,-97.46749999999338,-182906.4212499744
cash_ACC,RSI2,2025-01-24 14:23:00,2025-01-24 14:27:00,2048.35,2049.374175,2049.05,2048.0254750000004,50,LONG,-67.43499999997766,-182973.85624997437
cash_ACC,RSI2,2025-01-24 14:37:00,2025-01-24 14:43:00,2048.5,2049.52425,2049.25,2048.225375,50,LONG,-64.94374999999764,-183038.79999997438
cash_ACC,RSI2,2025-01-24 15:23:00,2025-01-27 09:22:00,2056.1,2057.12805,2024.0,2022.988,50,LONG,-1707.0024999999873,-184745.80249997435
cash_ACC,RSI2,2025-01-27 09:26:00,2025-01-27 09:31:00,2016.55,2017.5582749999999,2019.9,2018.8900500000002,50,LONG,66.58875000001672,-184679.21374997433
cash_ACC,RSI2,2025-01-27 09:55:00,2025-01-27 09:57:00,2036.25,2037.2681249999998,2040.0,2038.98,50,LONG,85.59375000000955,-184593.61999997433
cash_ACC,RSI2,2025-01-27 10:00:00,2025-01-27 10:03:00,2034.0,2035.0169999999998,2035.8,2034.7821000000001,50,LONG,-11.744999999984884,-184605.36499997432
cash_ACC,RSI2,2025-01-27 10:15:00,2025-01-27 10:23:00,2032.15,2033.166075,2030.35,2029.334825,50,LONG,-191.5625000000091,-184796.92749997432
cash_ACC,RSI2,2025-01-27 10:27:00,2025-01-27 10:31:00,2025.2,2026.2125999999998,2028.25,2027.235875,50,LONG,51.16375000001199,-184745.7637499743
cash_ACC,RSI2,2025-01-27 10:53:00,2025-01-27 10:57:00,2029.95,2030.9649749999999,2033.7,2032.68315,50,LONG,85.90875000001006,-184659.8549999743
cash_ACC,RSI2,2025-01-27 11:40:00,2025-01-27 11:44:00,2043.55,2044.571775,2047.3,2046.27635,50,LONG,85.22875000001022,-184574.6262499743
cash_ACC,RSI2,2025-01-27 12:33:00,2025-01-27 12:47:00,2054.2,2055.2270999999996,2049.5,2048.47525,50,LONG,-337.59249999998246,-184912.21874997427
cash_ACC,RSI2,2025-01-27 12:52:00,2025-01-27 12:56:00,2047.6,2048.6238,2047.55,2046.526225,50,LONG,-104.87874999998894,-185017.09749997425
cash_ACC,RSI2,2025-01-27 13:17:00,2025-01-27 13:20:00,2049.1,2050.12455,2049.95,2048.925025,50,LONG,-59.97624999999971,-185077.07374997425
cash_ACC,RSI2,2025-01-27 13:23:00,2025-01-27 13:26:00,2046.45,2047.473225,2046.85,2045.826575,50,LONG,-82.33249999999543,-185159.40624997424
cash_ACC,RSI2,2025-01-27 13:35:00,2025-01-27 13:37:00,2028.8,2029.8143999999998,2050.0,2048.975,50,LONG,958.0300000000079,-184201.37624997424
cash_ACC,RSI2,2025-01-27 13:52:00,2025-01-27 13:58:00,2047.1,2048.12355,2050.9,2049.87455,50,LONG,87.55000000001019,-184113.82624997423
cash_ACC,RSI2,2025-01-27 14:12:00,2025-01-27 14:17:00,2050.25,2051.2751249999997,2049.8,2048.7751000000003,50,LONG,-125.00124999996842,-184238.8274999742
cash_ACC,RSI2,2025-01-27 14:22:00,2025-01-27 14:41:00,2043.1,2044.1215499999998,2003.35,2002.348325,50,LONG,-2088.6612499999956,-186327.4887499742
cash_ACC,RSI2,2025-01-27 14:48:00,2025-01-27 14:51:00,1983.1,1984.0915499999999,1989.75,1988.7551250000001,50,LONG,233.17875000001322,-186094.30999997418
cash_ACC,RSI2,2025-01-27 14:59:00,2025-01-27 15:02:00,1991.3,1992.2956499999998,1998.7,1997.7006500000002,50,LONG,270.2500000000214,-185824.05999997415
cash_ACC,RSI2,2025-01-27 15:24:00,2025-01-27 15:28:00,1992.65,1993.646325,1996.05,1995.051975,50,LONG,70.28250000000753,-185753.77749997415
cash_ACC,RSI2,2025-01-28 09:32:00,2025-01-28 09:35:00,1994.3,1995.2971499999999,1996.4,1995.4018,50,LONG,5.232500000010987,-185748.54499997414
cash_ACC,RSI2,2025-01-28 09:42:00,2025-01-28 09:48:00,1980.65,1981.640325,1972.95,1971.9635250000001,50,LONG,-483.8399999999979,-186232.38499997414
cash_ACC,RSI2,2025-01-28 09:54:00,2025-01-28 09:58:00,1966.1,1967.0830499999997,1971.15,1970.1644250000002,50,LONG,154.06875000002174,-186078.3162499741
cash_ACC,RSI2,2025-01-28 10:15:00,2025-01-28 10:19:00,1974.65,1975.637325,1975.0,1974.0125,50,LONG,-81.24124999999367,-186159.5574999741
cash_ACC,RSI2,2025-01-28 11:11:00,2025-01-28 11:14:00,1990.1,1991.09505,1991.1,1990.10445,50,LONG,-49.529999999992924,-186209.0874999741
cash_ACC,RSI2,2025-01-28 11:19:00,2025-01-28 11:20:00,1988.85,1989.8444249999998,1990.85,1989.854575,50,LONG,0.5075000000147156,-186208.57999997408
cash_ACC,RSI2,2025-01-28 11:35:00,2025-01-28 11:37:00,1986.5,1987.49325,1987.55,1986.556225,50,LONG,-46.851249999997435,-186255.4312499741
cash_ACC,RSI2,2025-01-28 12:01:00,2025-01-28 12:03:00,2002.6,2003.6012999999998,2007.15,2006.1464250000001,50,LONG,127.25625000001628,-186128.1749999741
cash_ACC,RSI2,2025-01-28 12:23:00,2025-01-28 12:27:00,2008.75,2009.754375,2010.1,2009.09495,50,LONG,-32.97125000000278,-186161.1462499741
cash_ACC,RSI2,2025-01-28 12:52:00,2025-01-28 12:54:00,2017.55,2018.5587749999997,2020.0,2018.99,50,LONG,21.561250000013388,-186139.58499997406
cash_ACC,RSI2,2025-01-28 13:22:00,2025-01-28 13:47:00,2038.0,2039.0189999999998,2015.95,2014.942025,50,LONG,-1203.848749999986,-187343.43374997404
cash_ACC,RSI2,2025-01-28 14:11:00,2025-01-28 14:13:00,2021.4,2022.4107,2022.75,2021.7386250000002,50,LONG,-33.60374999998612,-187377.03749997402
cash_ACC,RSI2,2025-01-28 14:37:00,2025-01-28 14:42:00,2027.85,2028.8639249999999,2028.65,2027.6356750000002,50,LONG,-61.41249999998308,-187438.449999974
cash_ACC,RSI2,2025-01-28 14:46:00,2025-01-28 14:56:00,2023.45,2024.461725,2009.75,2008.7451250000001,50,LONG,-785.8299999999872,-188224.27999997398
cash_ACC,RSI2,2025-01-28 15:00:00,2025-01-28 15:07:00,2004.25,2005.252125,2001.0,1999.9995000000001,50,LONG,-262.63124999999263,-188486.911249974
cash_ACC,RSI2,2025-01-28 15:28:00,2025-01-29 09:15:00,1994.05,1995.0470249999998,2007.95,2006.9460250000002,50,LONG,594.9500000000171,-187891.96124997397
cash_ACC,RSI2,2025-01-29 09:59:00,2025-01-29 10:02:00,2020.1,2021.1100499999998,2021.75,2020.739125,50,LONG,-18.546249999985776,-187910.50749997396
cash_ACC,RSI2,2025-01-29 10:26:00,2025-01-29 10:41:00,2016.05,2017.0580249999998,2012.0,2010.9940000000001,50,LONG,-303.2012499999837,-188213.70874997394
cash_ACC,RSI2,2025-01-29 10:45:00,2025-01-29 10:49:00,2006.35,2007.3531749999997,2006.85,2005.846575,50,LONG,-75.32999999998538,-188289.03874997393
cash_ACC,RSI2,2025-01-29 11:13:00,2025-01-29 11:15:00,2006.2,2007.2031,2008.05,2007.045975,50,LONG,-7.856249999997544,-188296.89499997394
cash_ACC,RSI2,2025-01-29 11:24:00,2025-01-29 11:26:00,2002.6,2003.6012999999998,2008.15,2007.1459250000003,50,LONG,177.23125000002256,-188119.66374997393
cash_ACC,RSI2,2025-01-29 11:48:00,2025-01-29 11:54:00,2009.15,2010.154575,2007.95,2006.9460250000002,50,LONG,-160.4274999999916,-188280.09124997392
cash_ACC,RSI2,2025-01-29 12:08:00,2025-01-29 12:11:00,2003.0,2004.0014999999999,2005.45,2004.4472750000002,50,LONG,22.288750000018354,-188257.8024999739
cash_ACC,RSI2,2025-01-29 13:03:00,2025-01-29 13:12:00,2024.55,2025.5622749999998,2022.7,2021.68865,50,LONG,-193.681249999986,-188451.4837499739
cash_ACC,RSI2,2025-01-29 13:18:00,2025-01-29 13:21:00,2014.75,2015.757375,2018.45,2017.4407750000003,50,LONG,84.17000000001735,-188367.3137499739
cash_ACC,RSI2,2025-01-29 14:05:00,2025-01-29 14:40:00,2008.2,2009.2041,1996.4,1995.4018,50,LONG,-690.1149999999916,-189057.4287499739
cash_ACC,RSI2,2025-01-29 14:49:00,2025-01-29 14:50:00,1995.8,1996.7978999999998,1997.8,1996.8011000000001,50,LONG,0.16000000001668013,-189057.26874997388
cash_ACC,RSI2,2025-01-29 15:05:00,2025-01-29 15:07:00,2003.5,2004.50175,2005.7,2004.6971500000002,50,LONG,9.770000000014534,-189047.49874997386
cash_ACC,RSI2,2025-01-29 15:15:00,2025-01-29 15:21:00,2003.35,2004.351675,2000.95,1999.9495250000002,50,LONG,-220.10749999998325,-189267.60624997385
cash_ACC,RSI2,2025-01-30 09:15:00,2025-01-30 09:29:00,1991.5,1992.4957499999998,1977.7,1976.71115,50,LONG,-789.2299999999864,-190056.83624997383
cash_ACC,RSI2,2025-01-30 10:11:00,2025-01-30 10:17:00,1986.15,1987.143075,1985.95,1984.9570250000002,50,LONG,-109.30249999998978,-190166.13874997382
cash_ACC,RSI2,2025-01-30 10:25:00,2025-01-30 10:35:00,1980.35,1981.3401749999998,1980.45,1979.4597750000003,50,LONG,-94.0199999999777,-190260.1587499738
cash_ACC,RSI2,2025-01-30 10:39:00,2025-01-30 10:42:00,1975.5,1976.4877499999998,1979.5,1978.51025,50,LONG,101.12500000001319,-190159.0337499738
cash_ACC,RSI2,2025-01-30 10:53:00,2025-01-30 11:10:00,1975.0,1975.9875,1958.5,1957.5207500000001,50,LONG,-923.337499999991,-191082.3712499738
cash_ACC,RSI2,2025-01-30 11:18:00,2025-01-30 11:19:00,1961.45,1962.430725,1965.25,1964.2673750000001,50,LONG,91.83250000000953,-190990.53874997378
cash_ACC,RSI2,2025-01-30 11:52:00,2025-01-30 11:57:00,1964.5,1965.4822499999998,1964.05,1963.0679750000002,50,LONG,-120.7137499999817,-191111.25249997378
cash_ACC,RSI2,2025-01-30 12:14:00,2025-01-30 12:16:00,1965.0,1965.9824999999998,1966.15,1965.1669250000002,50,LONG,-40.7787499999813,-191152.03124997375
cash_ACC,RSI2,2025-01-30 13:14:00,2025-01-30 13:17:00,1976.8,1977.7884,1978.55,1977.560725,50,LONG,-11.383749999993142,-191163.41499997373
cash_ACC,RSI2,2025-01-30 13:26:00,2025-01-30 13:31:00,1967.65,1968.633825,1971.3,1970.31435,50,LONG,84.0262500000108,-191079.3887499737
cash_ACC,RSI2,2025-01-30 13:51:00,2025-01-30 13:54:00,1973.9,1974.88695,1974.9,1973.9125500000002,50,LONG,-48.719999999991614,-191128.1087499737
cash_ACC,RSI2,2025-01-30 14:08:00,2025-01-30 14:10:00,1974.15,1975.137075,1976.55,1975.561725,50,LONG,21.232499999996435,-191106.87624997372
cash_ACC,RSI2,2025-01-30 14:15:00,2025-01-30 14:17:00,1975.1,1976.0875499999997,1978.45,1977.4607750000002,50,LONG,68.66125000002512,-191038.2149999737
cash_ACC,RSI2,2025-01-30 14:26:00,2025-01-30 14:31:00,1979.15,1980.139575,1982.9,1981.90855,50,LONG,88.44875000000911,-190949.76624997368
cash_ACC,RSI2,2025-01-30 15:13:00,2025-01-30 15:17:00,1991.0,1991.9955,1994.75,1993.752625,50,LONG,87.85625000000437,-190861.90999997366
cash_ACC,RSI2,2025-01-30 15:28:00,2025-01-31 09:16:00,1989.8,1990.7948999999999,1997.75,1996.751125,50,LONG,297.81125000000657,-190564.09874997367
cash_ACC,RSI2,2025-01-31 09:32:00,2025-01-31 09:39:00,2004.25,2005.252125,1997.85,1996.851075,50,LONG,-420.05249999999705,-190984.15124997366
cash_ACC,RSI2,2025-01-31 09:56:00,2025-01-31 10:01:00,1998.5,1999.4992499999998,1999.5,1998.50025,50,LONG,-49.949999999989814,-191034.10124997364
cash_ACC,RSI2,2025-01-31 10:09:00,2025-01-31 10:11:00,1994.35,1995.3471749999999,1996.2,1995.2019000000003,50,LONG,-7.263749999981428,-191041.36499997362
cash_ACC,RSI2,2025-01-31 10:39:00,2025-01-31 10:44:00,2000.8,2001.8003999999999,2000.7,1999.6996500000002,50,LONG,-105.03749999998035,-191146.4024999736
cash_ACC,RSI2,2025-01-31 10:51:00,2025-01-31 10:54:00,1994.5,1995.49725,1996.0,1995.0020000000002,50,LONG,-24.76249999998572,-191171.16499997358
cash_ACC,RSI2,2025-01-31 11:10:00,2025-01-31 11:21:00,2001.0,2002.0004999999999,2001.65,2000.6491750000002,50,LONG,-67.56624999998166,-191238.73124997356
cash_ACC,RSI2,2025-01-31 11:30:00,2025-01-31 11:44:00,1999.6,2000.5997999999997,1994.45,1993.4527750000002,50,LONG,-357.3512499999765,-191596.08249997353
cash_ACC,RSI2,2025-01-31 11:58:00,2025-01-31 12:08:00,1994.4,1995.3971999999999,1995.0,1994.0025,50,LONG,-69.73499999999149,-191665.81749997352
cash_ACC,RSI2,2025-01-31 12:12:00,2025-01-31 12:13:00,1993.05,1994.0465249999997,1994.7,1993.7026500000002,50,LONG,-17.193749999978536,-191683.0112499735
cash_ACC,RSI2,2025-01-31 12:28:00,2025-01-31 12:33:00,1994.8,1995.7974,1999.15,1998.1504250000003,50,LONG,117.65125000001717,-191565.35999997347
cash_ACC,RSI2,2025-01-31 13:04:00,2025-01-31 13:09:00,2000.95,2001.9504749999999,2002.65,2001.6486750000001,50,LONG,-15.089999999986503,-191580.44999997347
cash_ACC,RSI2,2025-01-31 13:29:00,2025-01-31 13:31:00,2009.0,2010.0044999999998,2012.75,2011.743625,50,LONG,86.95625000001428,-191493.49374997345
cash_ACC,RSI2,2025-01-31 13:35:00,2025-01-31 13:41:00,2010.4,2011.4052,2010.6,2009.5947,50,LONG,-90.524999999991,-191584.01874997345
cash_ACC,RSI2,2025-01-31 13:43:00,2025-01-31 13:50:00,2006.15,2007.153075,2008.4,2007.3958000000002,50,LONG,12.13625000001457,-191571.88249997344
cash_ACC,RSI2,2025-01-31 13:56:00,2025-01-31 13:59:00,2002.15,2003.151075,2003.25,2002.2483750000001,50,LONG,-45.1349999999934,-191617.01749997342
cash_ACC,RSI2,2025-01-31 14:16:00,2025-01-31 14:23:00,1998.8,1999.7993999999999,2001.5,2000.49925,50,LONG,34.99250000000984,-191582.0249999734
cash_ACC,RSI2,2025-01-31 14:47:00,2025-01-31 14:50:00,2007.0,2008.0034999999998,2008.05,2007.045975,50,LONG,-47.87624999999025,-191629.9012499734
cash_ACC,RSI2,2025-01-31 15:05:00,2025-01-31 15:08:00,2006.0,2007.003,2007.25,2006.2463750000002,50,LONG,-37.831249999987904,-191667.73249997338
cash_ACC,RSI2,2025-02-01 09:29:00,2025-02-01 09:30:00,2019.0,2020.0095,2024.95,2023.937525,50,LONG,196.40125000000808,-191471.3312499734
cash_ACC,RSI2,2025-02-01 09:38:00,2025-02-01 09:43:00,2020.0,2021.01,2020.0,2018.99,50,LONG,-100.99999999999909,-191572.3312499734
cash_ACC,RSI2,2025-02-01 10:01:00,2025-02-01 10:08:00,2020.3,2021.3101499999998,2021.0,2019.9895000000001,50,LONG,-66.03249999998297,-191638.36374997336
cash_ACC,RSI2,2025-02-01 10:20:00,2025-02-01 10:26:00,2019.6,2020.6097999999997,2020.5,2019.4897500000002,50,LONG,-56.00249999997686,-191694.36624997333
cash_ACC,RSI2,2025-02-01 10:48:00,2025-02-01 10:54:00,2023.0,2024.0114999999998,2023.0,2021.9885000000002,50,LONG,-101.14999999998417,-191795.51624997333
cash_ACC,RSI2,2025-02-01 11:02:00,2025-02-01 11:10:00,2017.9,2018.90895,2015.3,2014.2923500000002,50,LONG,-230.82999999999174,-192026.3462499733
cash_ACC,RSI2,2025-02-01 11:28:00,2025-02-01 11:31:00,2007.65,2008.6538249999999,2015.3,2014.2923500000002,50,LONG,281.926250000015,-191744.4199999733
cash_ACC,RSI2,2025-02-01 11:45:00,2025-02-01 11:57:00,2019.0,2020.0095,2001.55,2000.549225,50,LONG,-973.0137499999955,-192717.43374997328
cash_ACC,RSI2,2025-02-01 12:08:00,2025-02-01 12:11:00,1996.4,1997.3982,2003.0,2001.9985000000001,50,LONG,230.01500000000306,-192487.41874997327
cash_ACC,RSI2,2025-02-01 12:28:00,2025-02-01 12:37:00,2000.05,2001.0500249999998,1994.25,1993.2528750000001,50,LONG,-389.85749999998234,-192877.27624997325
cash_ACC,RSI2,2025-02-01 12:47:00,2025-02-01 12:53:00,1986.45,1987.443225,1987.75,1986.756125,50,LONG,-34.35499999999365,-192911.63124997323
cash_ACC,RSI2,2025-02-01 13:01:00,2025-02-01 13:02:00,1983.1,1984.0915499999999,1985.9,1984.9070500000003,50,LONG,40.77500000001919,-192870.8562499732
cash_ACC,RSI2,2025-02-01 13:08:00,2025-02-01 13:14:00,1972.85,1973.8364249999997,1969.35,1968.365325,50,LONG,-273.55499999998756,-193144.4112499732
cash_ACC,RSI2,2025-02-01 14:03:00,2025-02-01 14:09:00,1982.55,1983.5412749999998,1984.75,1983.7576250000002,50,LONG,10.817500000018754,-193133.5937499732
cash_ACC,RSI2,2025-02-01 15:12:00,2025-02-01 15:22:00,1998.85,1999.8494249999999,2002.8,2001.7986,50,LONG,97.45875000000979,-193036.13499997318
cash_ACC,RSI2,2025-02-03 09:18:00,2025-02-03 09:23:00,1980.25,1981.2401249999998,1978.65,1977.6606750000003,50,LONG,-178.97249999997484,-193215.10749997315
cash_ACC,RSI2,2025-02-03 09:37:00,2025-02-03 09:46:00,1980.0,1980.9899999999998,1980.25,1979.2598750000002,50,LONG,-86.50624999997945,-193301.61374997313
cash_ACC,RSI2,2025-02-03 09:49:00,2025-02-03 09:54:00,1970.8,1971.7853999999998,1973.95,1972.9630250000002,50,LONG,58.881250000024465,-193242.7324999731
cash_ACC,RSI2,2025-02-03 10:15:00,2025-02-03 10:26:00,1984.7,1985.69235,1981.0,1980.0095000000001,50,LONG,-284.14249999999583,-193526.87499997308
cash_ACC,RSI2,2025-02-03 10:28:00,2025-02-03 10:34:00,1975.4,1976.3877,1980.0,1979.0100000000002,50,LONG,131.11500000001115,-193395.75999997306
cash_ACC,RSI2,2025-02-03 10:40:00,2025-02-03 10:43:00,1977.15,1978.138575,1979.75,1978.760125,50,LONG,31.07750000000351,-193364.68249997305
cash_ACC,RSI2,2025-02-03 10:54:00,2025-02-03 10:57:00,1979.1,1980.0895499999997,1982.95,1981.9585250000002,50,LONG,93.4487500000273,-193271.233749973
cash_ACC,RSI2,2025-02-03 11:03:00,2025-02-03 11:08:00,1980.65,1981.640325,1981.1,1980.10945,50,LONG,-76.54375000000755,-193347.77749997302
cash_ACC,RSI2,2025-02-03 11:22:00,2025-02-03 11:30:00,1983.2,1984.1915999999999,1980.9,1979.9095500000003,50,LONG,-214.1024999999786,-193561.879999973
cash_ACC,RSI2,2025-02-03 11:42:00,2025-02-03 11:44:00,1977.55,1978.5387749999998,1980.3,1979.30985,50,LONG,38.55375000001686,-193523.32624997298
cash_ACC,RSI2,2025-02-03 11:58:00,2025-02-03 12:00:00,1977.65,1978.638825,1978.8,1977.8106,50,LONG,-41.411249999998745,-193564.73749997298
cash_ACC,RSI2,2025-02-03 12:14:00,2025-02-03 12:27:00,1975.3,1976.2876499999998,1969.55,1968.565225,50,LONG,-386.12124999998514,-193950.85874997298
cash_ACC,RSI2,2025-02-03 12:37:00,2025-02-03 12:39:00,1970.0,1970.985,1971.6,1970.6142,50,LONG,-18.53999999999587,-193969.39874997298
cash_ACC,RSI2,2025-02-03 12:43:00,2025-02-03 12:45:00,1968.0,1968.984,1972.4,1971.4138000000003,50,LONG,121.49000000001706,-193847.90874997296
cash_ACC,RSI2,2025-02-03 12:48:00,2025-02-03 12:59:00,1965.55,1966.532775,1959.35,1958.370325,50,LONG,-408.1224999999904,-194256.03124997296
cash_ACC,RSI2,2025-02-03 13:18:00,2025-02-03 13:22:00,1966.0,1966.983,1970.6,1969.6147,50,LONG,131.58500000000686,-194124.44624997294
cash_ACC,RSI2,2025-02-03 13:52:00,2025-02-03 14:00:00,1971.35,1972.3356749999998,1968.0,1967.016,50,LONG,-265.9837499999867,-194390.42999997293
cash_ACC,RSI2,2025-02-03 14:18:00,2025-02-03 14:24:00,1976.15,1977.138075,1975.85,1974.862075,50,LONG,-113.80000000000337,-194504.22999997294
cash_ACC,RSI2,2025-02-03 14:43:00,2025-02-03 14:48:00,1978.25,1979.2391249999998,1980.3,1979.30985,50,LONG,3.536250000013297,-194500.69374997294
cash_ACC,RSI2,2025-02-03 15:23:00,2025-02-04 09:15:00,1988.8,1989.7943999999998,2012.0,2010.9940000000001,50,LONG,1059.9800000000187,-193440.71374997293
cash_ACC,RSI2,2025-02-04 09:28:00,2025-02-04 09:38:00,2003.9,2004.90195,2002.15,2001.1489250000002,50,LONG,-187.6512499999876,-193628.36499997292
cash_ACC,RSI2,2025-02-04 10:14:00,2025-02-04 10:20:00,2027.45,2028.4637249999998,2032.9,2031.8835500000002,50,LONG,170.99125000002005,-193457.3737499729
cash_ACC,RSI2,2025-02-04 10:39:00,2025-02-04 10:44:00,2026.75,2027.763375,2027.3,2026.28635,50,LONG,-73.85124999999562,-193531.2249999729
cash_ACC,RSI2,2025-02-04 11:12:00,2025-02-04 11:17:00,2036.75,2037.7683749999999,2040.75,2039.7296250000002,50,LONG,98.06250000001455,-193433.1624999729
cash_ACC,RSI2,2025-02-04 11:33:00,2025-02-04 11:35:00,2037.75,2038.768875,2040.5,2039.4797500000002,50,LONG,35.54375000001073,-193397.6187499729
cash_ACC,RSI2,2025-02-04 11:40:00,2025-02-04 11:41:00,2038.35,2039.3691749999998,2041.0,2039.9795000000001,50,LONG,30.5162500000165,-193367.10249997288
cash_ACC,RSI2,2025-02-04 11:45:00,2025-02-04 11:55:00,2036.1,2037.1180499999998,2035.55,2034.5322250000002,50,LONG,-129.29124999998294,-193496.39374997286
cash_ACC,RSI2,2025-02-04 12:02:00,2025-02-04 12:05:00,2031.3,2032.3156499999998,2033.8,2032.7831,50,LONG,23.372500000016316,-193473.02124997284
cash_ACC,RSI2,2025-02-04 12:09:00,2025-02-04 12:14:00,2032.5,2033.51625,2034.8,2033.7826,50,LONG,13.317500000005111,-193459.70374997283
cash_ACC,RSI2,2025-02-04 12:29:00,2025-02-04 12:31:00,2030.55,2031.565275,2032.45,2031.4337750000002,50,LONG,-6.57499999998663,-193466.27874997281
cash_ACC,RSI2,2025-02-04 13:14:00,2025-02-04 13:27:00,2033.6,2034.6167999999998,2029.6,2028.5852,50,LONG,-301.5799999999899,-193767.8587499728
cash_ACC,RSI2,2025-02-04 13:44:00,2025-02-04 13:47:00,2028.0,2029.014,2030.55,2029.534725,50,LONG,26.036250000004202,-193741.8224999728
cash_ACC,RSI2,2025-02-04 14:11:00,2025-02-04 14:36:00,2028.15,2029.164075,2026.0,2024.987,50,LONG,-208.85374999999158,-193950.67624997278
cash_ACC,RSI2,2025-02-04 15:03:00,2025-02-04 15:13:00,2025.1,2026.1125499999998,2025.95,2024.9370250000002,50,LONG,-58.77624999998261,-194009.45249997277
cash_ACC,RSI2,2025-02-04 15:22:00,2025-02-04 15:25:00,2025.55,2026.5627749999999,2026.35,2025.336825,50,LONG,-61.29749999998921,-194070.74999997276
cash_ACC,RSI2,2025-02-05 09:31:00,2025-02-05 09:36:00,2033.9,2034.91695,2039.2,2038.1804000000002,50,LONG,163.1725000000074,-193907.57749997274
cash_ACC,RSI2,2025-02-05 09:55:00,2025-02-05 10:00:00,2040.6,2041.6202999999998,2037.3,2036.28135,50,LONG,-266.94749999999203,-194174.52499997272
cash_ACC,RSI2,2025-02-05 10:05:00,2025-02-05 10:09:00,2030.05,2031.0650249999999,2033.25,2032.233375,50,LONG,58.417500000007294,-194116.1074999727
cash_ACC,RSI2,2025-02-05 10:36:00,2025-02-05 10:39:00,2052.75,2053.776375,2053.9,2052.87305,50,LONG,-45.166249999988395,-194161.2737499727
cash_ACC,RSI2,2025-02-05 11:05:00,2025-02-05 11:11:00,2055.1,2056.1275499999997,2055.0,2053.9725000000003,50,LONG,-107.75249999996959,-194269.02624997267
cash_ACC,RSI2,2025-02-05 11:30:00,2025-02-05 11:34:00,2058.0,2059.029,2059.4,2058.3703,50,LONG,-32.93499999999767,-194301.96124997266
cash_ACC,RSI2,2025-02-05 11:41:00,2025-02-05 11:46:00,2057.6,2058.6288,2055.2,2054.1724,50,LONG,-222.82000000000153,-194524.78124997267
cash_ACC,RSI2,2025-02-05 11:49:00,2025-02-05 12:02:00,2052.55,2053.576275,2047.5,2046.4762500000002,50,LONG,-355.0012499999866,-194879.78249997267
cash_ACC,RSI2,2025-02-05 12:44:00,2025-02-05 12:53:00,2047.05,2048.073525,2049.05,2048.0254750000004,50,LONG,-2.4024999999710417,-194882.18499997264
cash_ACC,RSI2,2025-02-05 13:24:00,2025-02-05 13:25:00,2057.7,2058.7288499999995,2061.2,2060.1693999999998,50,LONG,72.02750000001288,-194810.1574999726
cash_ACC,RSI2,2025-02-05 13:41:00,2025-02-05 13:46:00,2057.65,2058.678825,2062.0,2060.969,50,LONG,114.50875000000451,-194695.6487499726
cash_ACC,RSI2,2025-02-05 13:59:00,2025-02-05 14:00:00,2057.15,2058.178575,2059.2,2058.1704,50,LONG,-0.40874999999687134,-194696.0574999726
cash_ACC,RSI2,2025-02-05 14:10:00,2025-02-05 14:20:00,2055.0,2056.0274999999997,2053.55,2052.5232250000004,50,LONG,-175.21374999996624,-194871.27124997257
cash_ACC,RSI2,2025-02-05 14:24:00,2025-02-05 14:25:00,2051.1,2052.1255499999997,2052.85,2051.823575,50,LONG,-15.098749999992833,-194886.36999997258
cash_ACC,RSI2,2025-02-05 14:43:00,2025-02-05 14:47:00,2055.6,2056.6277999999998,2055.35,2054.322325,50,LONG,-115.27374999998301,-195001.64374997257
cash_ACC,RSI2,2025-02-05 14:52:00,2025-02-05 15:09:00,2051.5,2052.52575,2047.45,2046.4262750000003,50,LONG,-304.97374999997646,-195306.61749997255
cash_ACC,RSI2,2025-02-05 15:15:00,2025-02-05 15:17:00,2045.0,2046.0224999999998,2046.25,2045.226875,50,LONG,-39.78124999998727,-195346.39874997255
cash_ACC,RSI2,2025-02-05 15:23:00,2025-02-05 15:25:00,2044.9,2045.92245,2046.55,2045.5267250000002,50,LONG,-19.786249999992833,-195366.18499997255
cash_ACC,RSI2,2025-02-06 09:21:00,2025-02-06 09:23:00,2042.9,2043.92145,2045.35,2044.327325,50,LONG,20.29374999999618,-195345.89124997257
cash_ACC,RSI2,2025-02-06 09:26:00,2025-02-06 09:42:00,2040.0,2041.02,2027.4,2026.3863000000001,50,LONG,-731.6849999999931,-196077.57624997257
cash_ACC,RSI2,2025-02-06 09:50:00,2025-02-06 10:03:00,2028.65,2029.664325,2014.0,2012.9930000000002,50,LONG,-833.5662499999899,-196911.14249997257
cash_ACC,RSI2,2025-02-06 10:14:00,2025-02-06 10:16:00,2015.55,2016.5577749999998,2017.6,2016.5912,50,LONG,1.671250000015334,-196909.47124997256
cash_ACC,RSI2,2025-02-06 10:33:00,2025-02-06 10:38:00,2019.45,2020.459725,2019.0,2017.9905,50,LONG,-123.4612499999912,-197032.93249997255
cash_ACC,RSI2,2025-02-06 10:44:00,2025-02-06 10:59:00,2018.95,2019.9594749999999,2011.5,2010.4942500000002,50,LONG,-473.26124999998456,-197506.19374997253
cash_ACC,RSI2,2025-02-06 11:07:00,2025-02-06 11:08:00,2007.75,2008.7538749999999,2011.2,2010.1944,50,LONG,72.02625000001035,-197434.1674999725
cash_ACC,RSI2,2025-02-06 11:18:00,2025-02-06 11:20:00,2010.1,2011.10505,2012.8,2011.7936,50,LONG,34.427500000003874,-197399.73999997252
cash_ACC,RSI2,2025-02-06 11:27:00,2025-02-06 11:35:00,2010.85,2011.8554249999997,2011.6,2010.5942,50,LONG,-63.06124999998701,-197462.80124997252
cash_ACC,RSI2,2025-02-06 11:52:00,2025-02-06 11:58:00,2005.5,2006.5027499999999,2003.95,2002.9480250000001,50,LONG,-177.73624999998674,-197640.5374999725
cash_ACC,RSI2,2025-02-06 12:01:00,2025-02-06 12:11:00,2001.0,2002.0004999999999,1996.95,1995.9515250000002,50,LONG,-302.448749999985,-197942.98624997248
cash_ACC,RSI2,2025-02-06 12:32:00,2025-02-06 12:38:00,1995.25,1996.247625,1996.05,1995.051975,50,LONG,-59.78249999999434,-198002.76874997249
cash_ACC,RSI2,2025-02-06 12:58:00,2025-02-06 13:06:00,1994.4,1995.3971999999999,1994.6,1993.6027,50,LONG,-89.72499999999854,-198092.4937499725
cash_ACC,RSI2,2025-02-06 13:14:00,2025-02-06 13:18:00,1995.0,1995.9975,1995.0,1994.0025,50,LONG,-99.74999999999454,-198192.2437499725
cash_ACC,RSI2,2025-02-06 13:36:00,2025-02-06 13:41:00,1994.5,1995.49725,1995.1,1994.10245,50,LONG,-69.73999999999023,-198261.98374997248
cash_ACC,RSI2,2025-02-06 13:49:00,2025-02-06 13:56:00,1993.05,1994.0465249999997,1989.45,1988.4552750000003,50,LONG,-279.56249999997453,-198541.54624997245
cash_ACC,RSI2,2025-02-06 14:07:00,2025-02-06 14:15:00,1990.25,1991.245125,1990.0,1989.005,50,LONG,-112.00624999999036,-198653.55249997243
cash_ACC,RSI2,2025-02-06 14:52:00,2025-02-06 14:54:00,1991.3,1992.2956499999998,1992.9,1991.9035500000002,50,LONG,-19.604999999978645,-198673.1574999724
cash_ACC,RSI2,2025-02-06 15:12:00,2025-02-06 15:16:00,1994.25,1995.2471249999999,1994.05,1993.052975,50,LONG,-109.70749999999043,-198782.8649999724
cash_ACC,RSI2,2025-02-06 15:20:00,2025-02-06 15:22:00,1990.5,1991.49525,1992.55,1991.553725,50,LONG,2.923750000002201,-198779.94124997238
cash_ACC,RSI2,2025-02-07 09:17:00,2025-02-07 09:21:00,1992.15,1993.1460749999999,1997.65,1996.6511750000002,50,LONG,175.25500000001557,-198604.68624997238
cash_ACC,RSI2,2025-02-07 09:45:00,2025-02-07 10:05:00,1997.05,1998.048525,1987.0,1986.0065000000002,50,LONG,-602.101249999987,-199206.78749997236
cash_ACC,RSI2,2025-02-07 10:18:00,2025-02-07 10:29:00,1980.45,1981.4402249999998,1978.05,1977.060975,50,LONG,-218.96249999998645,-199425.74999997235
cash_ACC,RSI2,2025-02-07 11:05:00,2025-02-07 11:10:00,2000.05,2001.0500249999998,2001.45,2000.4492750000002,50,LONG,-30.037499999980355,-199455.78749997233
cash_ACC,RSI2,2025-02-07 11:35:00,2025-02-07 11:36:00,2013.35,2014.3566749999998,2015.3,2014.2923500000002,50,LONG,-3.2162499999799365,-199459.0037499723
cash_ACC,RSI2,2025-02-07 11:39:00,2025-02-07 11:42:00,2010.25,2011.255125,2013.25,2012.243375,50,LONG,49.412500000005366,-199409.5912499723
cash_ACC,RSI2,2025-02-07 11:50:00,2025-02-07 11:59:00,2011.8,2012.8058999999998,2009.5,2008.4952500000002,50,LONG,-215.53249999998343,-199625.12374997226
cash_ACC,RSI2,2025-02-07 12:05:00,2025-02-07 12:07:00,2006.0,2007.003,2007.55,2006.546225,50,LONG,-22.83874999999398,-199647.96249997226
cash_ACC,RSI2,2025-02-07 12:12:00,2025-02-07 12:28:00,1998.5,1999.4992499999998,1992.95,1991.9535250000001,50,LONG,-377.286249999986,-200025.24874997223
cash_ACC,RSI2,2025-02-07 12:40:00,2025-02-07 12:41:00,1997.15,1998.148575,2002.0,2000.999,50,LONG,142.52125000000433,-199882.72749997224
cash_ACC,RSI2,2025-02-07 13:12:00,2025-02-07 13:15:00,1998.3,1999.2991499999998,2002.55,2001.548725,50,LONG,112.47875000001386,-199770.24874997223
cash_ACC,RSI2,2025-02-07 13:26:00,2025-02-07 13:28:00,2000.25,2001.2501249999998,2001.25,2000.249375,50,LONG,-50.0374999999849,-199820.2862499722
cash_ACC,RSI2,2025-02-07 13:51:00,2025-02-07 13:59:00,2000.05,2001.0500249999998,1996.55,1995.551725,50,LONG,-274.91499999998723,-200095.2012499722
cash_ACC,RSI2,2025-02-07 14:07:00,2025-02-07 14:29:00,1993.5,1994.4967499999998,1984.3,1983.3078500000001,50,LONG,-559.4449999999824,-200654.64624997217
cash_ACC,RSI2,2025-02-07 14:43:00,2025-02-07 14:47:00,1986.6,1987.5932999999998,1989.95,1988.9550250000002,50,LONG,68.08625000002166,-200586.55999997215
cash_ACC,RSI2,2025-02-07 15:18:00,2025-02-07 15:26:00,1996.8,1997.7984,1999.15,1998.1504250000003,50,LONG,17.601250000018354,-200568.95874997214
cash_ACC,RSI2,2025-02-10 09:26:00,2025-02-10 09:50:00,1991.45,1992.445725,1982.75,1981.7586250000002,50,LONG,-534.3549999999937,-201103.31374997212
cash_ACC,RSI2,2025-02-10 10:04:00,2025-02-10 10:12:00,1979.85,1980.8399249999998,1976.3,1975.31185,50,LONG,-276.40374999998585,-201379.71749997212
cash_ACC,RSI2,2025-02-10 10:33:00,2025-02-10 10:37:00,1976.8,1977.7884,1978.1,1977.11095,50,LONG,-33.8724999999954,-201413.58999997212
cash_ACC,RSI2,2025-02-10 10:42:00,2025-02-10 10:51:00,1976.85,1977.8384249999997,1973.8,1972.8131,50,LONG,-251.26624999998057,-201664.8562499721
cash_ACC,RSI2,2025-02-10 11:01:00,2025-02-10 11:08:00,1970.05,1971.035025,1973.55,1972.563225,50,LONG,76.41000000000986,-201588.4462499721
cash_ACC,RSI2,2025-02-10 11:19:00,2025-02-10 11:21:00,1967.75,1968.733875,1970.0,1969.015,50,LONG,14.056250000010095,-201574.38999997207
cash_ACC,RSI2,2025-02-10 11:26:00,2025-02-10 11:28:00,1966.2,1967.1831,1968.75,1967.765625,50,LONG,29.12625000000162,-201545.26374997207
cash_ACC,RSI2,2025-02-10 11:41:00,2025-02-10 11:45:00,1966.95,1967.933475,1967.5,1966.5162500000001,50,LONG,-70.86124999999583,-201616.12499997206
cash_ACC,RSI2,2025-02-10 11:54:00,2025-02-10 12:04:00,1964.45,1965.432225,1961.15,1960.1694250000003,50,LONG,-263.13999999998714,-201879.26499997205
cash_ACC,RSI2,2025-02-10 12:18:00,2025-02-10 12:21:00,1961.0,1961.9805,1964.0,1963.018,50,LONG,51.87500000000682,-201827.38999997205
cash_ACC,RSI2,2025-02-10 12:37:00,2025-02-10 12:38:00,1963.15,1964.1315749999999,1964.7,1963.71765,50,LONG,-20.696249999991778,-201848.08624997202
cash_ACC,RSI2,2025-02-10 12:53:00,2025-02-10 12:55:00,1967.6,1968.5837999999999,1971.45,1970.464275,50,LONG,94.02375000000802,-201754.062499972
cash_ACC,RSI2,2025-02-10 13:00:00,2025-02-10 13:08:00,1968.7,1969.68435,1968.3,1967.31585,50,LONG,-118.425000000002,-201872.487499972
cash_ACC,RSI2,2025-02-10 13:20:00,2025-02-10 13:26:00,1964.5,1965.4822499999998,1966.7,1965.71665,50,LONG,11.720000000013897,-201860.767499972
cash_ACC,RSI2,2025-02-10 13:33:00,2025-02-10 13:37:00,1964.95,1965.9324749999998,1965.95,1964.9670250000001,50,LONG,-48.272499999984575,-201909.03999997198
cash_ACC,RSI2,2025-02-10 13:56:00,2025-02-10 14:07:00,1965.4,1966.3826999999999,1962.3,1961.31885,50,LONG,-253.19249999998874,-202162.23249997196
cash_ACC,RSI2,2025-02-10 14:47:00,2025-02-10 14:50:00,1963.0,1963.9814999999999,1965.0,1964.0175000000002,50,LONG,1.800000000014279,-202160.43249997194
cash_ACC,RSI2,2025-02-10 15:05:00,2025-02-10 15:08:00,1964.25,1965.232125,1964.6,1963.6177,50,LONG,-80.72124999999915,-202241.15374997194
cash_ACC,RSI2,2025-02-10 15:16:00,2025-02-10 15:26:00,1961.15,1962.130575,1961.05,1960.069475,50,LONG,-103.05499999999483,-202344.20874997193
cash_ACC,RSI2,2025-02-11 09:16:00,2025-02-11 09:17:00,1955.0,1955.9775,1965.0,1964.0175000000002,50,LONG,402.00000000000955,-201942.20874997193
cash_ACC,RSI2,2025-02-11 09:21:00,2025-02-11 09:28:00,1946.2,1947.1731,1946.3,1945.3268500000001,50,LONG,-92.31249999999136,-202034.52124997193
cash_ACC,RSI2,2025-02-11 09:47:00,2025-02-11 10:01:00,1955.25,1956.227625,1949.9,1948.9250500000003,50,LONG,-365.1287499999853,-202399.6499999719
cash_ACC,RSI2,2025-02-11 10:11:00,2025-02-11 10:21:00,1951.25,1952.2256249999998,1946.5,1945.5267500000002,50,LONG,-334.94374999997945,-202734.5937499719
cash_ACC,RSI2,2025-02-11 10:35:00,2025-02-11 10:36:00,1947.6,1948.5738,1949.1,1948.12545,50,LONG,-22.41749999999456,-202757.01124997187
cash_ACC,RSI2,2025-02-11 10:39:00,2025-02-11 10:50:00,1945.3,1946.2726499999999,1942.85,1941.878575,50,LONG,-219.7037499999965,-202976.71499997185
cash_ACC,RSI2,2025-02-11 11:14:00,2025-02-11 11:18:00,1951.15,1952.125575,1951.9,1950.9240500000003,50,LONG,-60.076249999985976,-203036.79124997184
cash_ACC,RSI2,2025-02-11 11:24:00,2025-02-11 11:36:00,1947.6,1948.5738,1941.85,1940.879075,50,LONG,-384.73624999999174,-203421.52749997182
cash_ACC,RSI2,2025-02-11 12:17:00,2025-02-11 12:25:00,1958.0,1958.9789999999998,1956.0,1955.0220000000002,50,LONG,-197.84999999998263,-203619.3774999718
cash_ACC,RSI2,2025-02-11 12:37:00,2025-02-11 12:40:00,1948.05,1949.024025,1951.0,1950.0245000000002,50,LONG,50.02375000001393,-203569.35374997178
cash_ACC,RSI2,2025-02-11 12:47:00,2025-02-11 12:52:00,1947.65,1948.623825,1947.5,1946.5262500000001,50,LONG,-104.87874999998894,-203674.23249997175
cash_ACC,RSI2,2025-02-11 12:56:00,2025-02-11 13:15:00,1943.3,1944.27165,1932.5,1931.53375,50,LONG,-636.8949999999927,-204311.12749997174
cash_ACC,RSI2,2025-02-11 13:29:00,2025-02-11 13:31:00,1932.3,1933.26615,1935.6,1934.6322,50,LONG,68.30250000000433,-204242.82499997175
cash_ACC,RSI2,2025-02-11 13:49:00,2025-02-11 13:58:00,1934.1,1935.0670499999999,1935.75,1934.7821250000002,50,LONG,-14.246249999985139,-204257.07124997175
cash_ACC,RSI2,2025-02-11 14:02:00,2025-02-11 14:10:00,1933.5,1934.4667499999998,1933.0,1932.0335,50,LONG,-121.66249999999081,-204378.73374997173
cash_ACC,RSI2,2025-02-11 14:17:00,2025-02-11 14:24:00,1931.7,1932.6658499999999,1931.25,1930.2843750000002,50,LONG,-119.0737499999841,-204497.8074999717
cash_ACC,RSI2,2025-02-11 14:37:00,2025-02-11 14:40:00,1925.2,1926.1625999999999,1929.5,1928.5352500000001,50,LONG,118.63250000001244,-204379.1749999717
cash_ACC,RSI2,2025-02-11 14:58:00,2025-02-11 15:00:00,1935.05,1936.0175249999998,1939.9,1938.9300500000002,50,LONG,145.62625000002072,-204233.54874997167
cash_ACC,RSI2,2025-02-11 15:14:00,2025-02-11 15:24:00,1935.0,1935.9675,1934.55,1933.582725,50,LONG,-119.23874999999953,-204352.78749997166
cash_ACC,RSI2,2025-02-11 15:28:00,2025-02-12 09:16:00,1931.25,1932.2156249999998,1935.0,1934.0325,50,LONG,90.84375000001046,-204261.94374997166
cash_ACC,RSI2,2025-02-12 09:22:00,2025-02-12 09:42:00,1932.0,1932.966,1899.25,1898.300375,50,LONG,-1733.2812499999932,-205995.22499997166
cash_ACC,RSI2,2025-02-12 09:57:00,2025-02-12 10:05:00,1883.55,1884.491775,1880.75,1879.809625,50,LONG,-234.10749999999325,-206229.33249997164
cash_ACC,RSI2,2025-02-12 10:14:00,2025-02-12 10:17:00,1875.45,1876.387725,1881.1,1880.15945,50,LONG,188.58625000000302,-206040.74624997165
cash_ACC,RSI2,2025-02-12 10:31:00,2025-02-12 10:32:00,1882.8,1883.7413999999999,1887.05,1886.106475,50,LONG,118.25375000000804,-205922.49249997165
cash_ACC,RSI2,2025-02-12 10:44:00,2025-02-12 10:46:00,1899.8,1900.7498999999998,1905.95,1904.9970250000001,50,LONG,212.3562500000162,-205710.13624997163
cash_ACC,RSI2,2025-02-12 11:01:00,2025-02-12 11:07:00,1907.8,1908.7539,1911.0,1910.0445000000002,50,LONG,64.53000000001339,-205645.6062499716
cash_ACC,RSI2,2025-02-12 11:34:00,2025-02-12 11:39:00,1918.25,1919.2091249999999,1918.95,1917.9905250000002,50,LONG,-60.92999999998483,-205706.5362499716
cash_ACC,RSI2,2025-02-12 12:18:00,2025-02-12 12:26:00,1927.9,1928.86395,1926.9,1925.9365500000001,50,LONG,-146.36999999999034,-205852.9062499716
cash_ACC,RSI2,2025-02-12 12:43:00,2025-02-12 12:44:00,1928.5,1929.46425,1931.3,1930.33435,50,LONG,43.50500000000466,-205809.4012499716
cash_ACC,RSI2,2025-02-12 12:58:00,2025-02-12 13:00:00,1936.0,1936.9679999999998,1937.65,1936.6811750000002,50,LONG,-14.34124999998403,-205823.7424999716
cash_ACC,RSI2,2025-02-12 13:34:00,2025-02-12 13:37:00,1939.5,1940.46975,1941.05,1940.079475,50,LONG,-19.51374999999871,-205843.2562499716
cash_ACC,RSI2,2025-02-12 13:41:00,2025-02-12 13:44:00,1936.75,1937.718375,1937.05,1936.081475,50,LONG,-81.84499999999844,-205925.1012499716
cash_ACC,RSI2,2025-02-12 13:48:00,2025-02-12 13:55:00,1931.75,1932.7158749999999,1929.9,1928.9350500000003,50,LONG,-189.04124999997975,-206114.14249997158
cash_ACC,RSI2,2025-02-12 14:12:00,2025-02-12 14:13:00,1920.55,1921.5102749999999,1922.75,1921.7886250000001,50,LONG,13.91750000001366,-206100.22499997157
cash_ACC,RSI2,2025-02-12 14:25:00,2025-02-12 14:29:00,1918.7,1919.65935,1921.95,1920.989025,50,LONG,66.48375000000897,-206033.74124997156
cash_ACC,RSI2,2025-02-12 14:47:00,2025-02-12 14:52:00,1917.0,1917.9585,1919.4,1918.4403000000002,50,LONG,24.090000000012424,-206009.65124997153
cash_ACC,RSI2,2025-02-13 09:24:00,2025-02-13 09:29:00,1937.0,1937.9685,1939.5,1938.53025,50,LONG,28.08750000000373,-205981.56374997154
cash_ACC,RSI2,2025-02-13 09:49:00,2025-02-13 09:53:00,1951.0,1951.9754999999998,1952.7,1951.7236500000001,50,LONG,-12.592499999982465,-205994.1562499715
cash_ACC,RSI2,2025-02-13 09:57:00,2025-02-13 10:01:00,1947.75,1948.723875,1949.25,1948.2753750000002,50,LONG,-22.424999999986994,-206016.5812499715
cash_ACC,RSI2,2025-02-13 10:09:00,2025-02-13 10:15:00,1947.7,1948.67385,1949.5,1948.5252500000001,50,LONG,-7.429999999988013,-206024.0112499715
cash_ACC,RSI2,2025-02-13 10:26:00,2025-02-13 10:32:00,1942.25,1943.2211249999998,1944.1,1943.12795,50,LONG,-4.658749999987322,-206028.66999997146
cash_ACC,RSI2,2025-02-13 10:57:00,2025-02-13 11:00:00,1942.85,1943.8214249999999,1944.95,1943.9775250000002,50,LONG,7.805000000018936,-206020.86499997144
cash_ACC,RSI2,2025-02-13 11:11:00,2025-02-13 11:15:00,1943.0,1943.9714999999999,1943.7,1942.7281500000001,50,LONG,-62.16749999998683,-206083.03249997142
cash_ACC,RSI2,2025-02-13 11:17:00,2025-02-13 11:28:00,1941.05,1942.020525,1936.75,1935.781625,50,LONG,-311.9449999999915,-206394.9774999714
cash_ACC,RSI2,2025-02-13 11:48:00,2025-02-13 11:50:00,1940.6,1941.5702999999999,1944.5,1943.5277500000002,50,LONG,97.87250000001677,-206297.10499997137
cash_ACC,RSI2,2025-02-13 12:05:00,2025-02-13 12:18:00,1943.15,1944.121575,1936.55,1935.581725,50,LONG,-426.9924999999944,-206724.09749997137
cash_ACC,RSI2,2025-02-13 12:23:00,2025-02-13 12:26:00,1935.1,1936.0675499999998,1935.95,1934.9820250000002,50,LONG,-54.276249999975335,-206778.37374997133
cash_ACC,RSI2,2025-02-13 12:36:00,2025-02-13 12:44:00,1937.85,1938.8189249999998,1937.5,1936.53125,50,LONG,-114.38374999999041,-206892.7574999713
cash_ACC,RSI2,2025-02-13 12:48:00,2025-02-13 12:49:00,1935.15,1936.117575,1937.4,1936.4313000000002,50,LONG,15.686250000010205,-206877.0712499713
cash_ACC,RSI2,2025-02-13 12:53:00,2025-02-13 12:57:00,1934.65,1935.617325,1935.35,1934.382325,50,LONG,-61.749999999995,-206938.8212499713
cash_ACC,RSI2,2025-02-13 13:14:00,2025-02-13 13:20:00,1934.8,1935.7674,1934.6,1933.6327,50,LONG,-106.73499999999194,-207045.5562499713
cash_ACC,RSI2,2025-02-13 13:24:00,2025-02-13 13:31:00,1932.5,1933.46625,1932.25,1931.283875,50,LONG,-109.11874999999327,-207154.6749999713
cash_ACC,RSI2,2025-02-13 13:35:00,2025-02-13 13:43:00,1926.0,1926.963,1926.0,1925.037,50,LONG,-96.29999999999654,-207250.97499997128
cash_ACC,RSI2,2025-02-13 13:47:00,2025-02-13 13:51:00,1924.45,1925.412225,1924.0,1923.038,50,LONG,-118.7112500000012,-207369.68624997127
cash_ACC,RSI2,2025-02-13 14:07:00,2025-02-13 14:14:00,1924.65,1925.612325,1924.15,1923.1879250000002,50,LONG,-121.21999999999389,-207490.90624997127
cash_ACC,RSI2,2025-02-13 14:21:00,2025-02-13 14:39:00,1922.2,1923.1611,1914.65,1913.6926750000002,50,LONG,-473.42124999998987,-207964.32749997126
cash_ACC,RSI2,2025-02-13 14:58:00,2025-02-13 15:03:00,1914.4,1915.3572,1916.0,1915.0420000000001,50,LONG,-15.75999999998885,-207980.08749997124
cash_ACC,RSI2,2025-02-14 09:20:00,2025-02-14 09:37:00,1913.05,1914.0065249999998,1903.5,1902.54825,50,LONG,-572.9137499999865,-208553.00124997122
cash_ACC,RSI2,2025-02-14 09:54:00,2025-02-14 09:58:00,1898.65,1899.599325,1900.8,1899.8496,50,LONG,12.513750000005075,-208540.4874999712
cash_ACC,RSI2,2025-02-14 10:13:00,2025-02-14 10:17:00,1891.55,1892.4957749999999,1897.65,1896.7011750000001,50,LONG,210.27000000001408,-208330.2174999712
cash_ACC,RSI2,2025-02-14 10:26:00,2025-02-14 10:31:00,1896.4,1897.3482,1896.0,1895.0520000000001,50,LONG,-114.80999999998858,-208445.02749997118
cash_ACC,RSI2,2025-02-14 10:36:00,2025-02-14 10:53:00,1891.65,1892.5958249999999,1884.95,1884.0075250000002,50,LONG,-429.41499999998314,-208874.44249997116
cash_ACC,RSI2,2025-02-14 11:04:00,2025-02-14 11:12:00,1880.65,1881.590325,1887.15,1886.2064250000003,50,LONG,230.80500000002075,-208643.63749997114
cash_ACC,RSI2,2025-02-14 11:19:00,2025-02-14 11:21:00,1878.85,1879.7894249999997,1885.7,1884.7571500000001,50,LONG,248.3862500000214,-208395.25124997113
cash_ACC,RSI2,2025-02-14 11:29:00,2025-02-14 11:31:00,1878.7,1879.63935,1882.55,1881.608725,50,LONG,98.46875000000637,-208296.78249997113
cash_ACC,RSI2,2025-02-14 11:37:00,2025-02-14 11:41:00,1878.9,1879.83945,1882.65,1881.708675,50,LONG,93.46125000000711,-208203.32124997114
cash_ACC,RSI2,2025-02-14 11:56:00,2025-02-14 11:58:00,1884.15,1885.092075,1886.5,1885.5567500000002,50,LONG,23.233750000008513,-208180.08749997112
cash_ACC,RSI2,2025-02-14 12:01:00,2025-02-14 12:15:00,1881.0,1881.9405,1874.0,1873.063,50,LONG,-443.87499999999136,-208623.96249997112
cash_ACC,RSI2,2025-02-14 12:17:00,2025-02-14 12:20:00,1871.7,1872.63585,1872.65,1871.7136750000002,50,LONG,-46.108749999984866,-208670.0712499711
cash_ACC,RSI2,2025-02-14 12:31:00,2025-02-14 12:32:00,1873.0,1873.9364999999998,1875.9,1874.96205,50,LONG,51.2775000000147,-208618.79374997108
cash_ACC,RSI2,2025-02-14 12:42:00,2025-02-14 12:46:00,1870.05,1870.985025,1869.9,1868.9650500000002,50,LONG,-100.9987499999852,-208719.79249997108
cash_ACC,RSI2,2025-02-14 12:49:00,2025-02-14 12:52:00,1867.3,1868.23365,1870.6,1869.6647,50,LONG,71.55250000000706,-208648.23999997106
cash_ACC,RSI2,2025-02-14 12:59:00,2025-02-14 13:05:00,1864.0,1864.9319999999998,1863.0,1862.0685,50,LONG,-143.17499999998518,-208791.41499997105
cash_ACC,RSI2,2025-02-14 13:30:00,2025-02-14 13:34:00,1872.3,1873.23615,1872.95,1872.013525,50,LONG,-61.131249999994,-208852.54624997106
cash_ACC,RSI2,2025-02-14 13:48:00,2025-02-14 13:56:00,1866.9,1867.83345,1863.65,1862.7181750000002,50,LONG,-255.76374999999416,-209108.30999997104
cash_ACC,RSI2,2025-02-14 14:04:00,2025-02-14 14:15:00,1858.9,1859.82945,1865.15,1864.2174250000003,50,LONG,219.3987500000162,-208888.91124997102
cash_ACC,RSI2,2025-02-14 14:24:00,2025-02-14 14:30:00,1870.8,1871.7353999999998,1873.1,1872.16345,50,LONG,21.402500000010605,-208867.50874997102
cash_ACC,RSI2,2025-02-14 14:46:00,2025-02-14 14:53:00,1879.8,1880.7398999999998,1881.25,1880.309375,50,LONG,-21.526249999988067,-208889.03499997102
cash_ACC,RSI2,2025-02-14 14:56:00,2025-02-14 15:00:00,1872.6,1873.5362999999998,1878.0,1877.0610000000001,50,LONG,176.23500000001968,-208712.799999971
cash_ACC,RSI2,2025-02-14 15:04:00,2025-02-14 15:08:00,1874.1,1875.03705,1874.75,1873.812625,50,LONG,-61.22124999999414,-208774.021249971
cash_ACC,RSI2,2025-02-14 15:21:00,2025-02-14 15:25:00,1871.55,1872.4857749999999,1874.2,1873.2629000000002,50,LONG,38.856250000014825,-208735.164999971
cash_ACC,RSI2,2025-02-17 09:15:00,2025-02-17 09:18:00,1850.0,1850.925,1862.15,1861.2189250000001,50,LONG,514.6962500000086,-208220.46874997098
cash_ACC,RSI2,2025-02-17 09:29:00,2025-02-17 09:35:00,1873.05,1873.9865249999998,1873.25,1872.3133750000002,50,LONG,-83.65749999998116,-208304.12624997096
cash_ACC,RSI2,2025-02-17 10:02:00,2025-02-17 10:04:00,1861.2,1862.1306,1867.7,1866.7661500000002,50,LONG,231.7775000000097,-208072.34874997096
cash_ACC,RSI2,2025-02-17 10:13:00,2025-02-17 10:16:00,1863.0,1863.9315,1865.05,1864.117475,50,LONG,9.29875000000493,-208063.04999997094
cash_ACC,RSI2,2025-02-17 10:25:00,2025-02-17 10:26:00,1869.7,1870.63485,1873.6,1872.6632,50,LONG,101.41750000000229,-207961.63249997093
cash_ACC,RSI2,2025-02-17 10:33:00,2025-02-17 10:35:00,1874.15,1875.087075,1876.05,1875.111975,50,LONG,1.2450000000058026,-207960.38749997094
cash_ACC,RSI2,2025-02-17 10:42:00,2025-02-17 10:44:00,1877.0,1877.9385,1882.95,1882.0085250000002,50,LONG,203.5012500000107,-207756.88624997094
cash_ACC,RSI2,2025-02-17 10:59:00,2025-02-17 11:07:00,1881.5,1882.44075,1882.5,1881.5587500000001,50,LONG,-44.099999999991724,-207800.98624997094
cash_ACC,RSI2,2025-02-17 11:12:00,2025-02-17 11:21:00,1877.0,1877.9385,1871.95,1871.0140250000002,50,LONG,-346.2237499999901,-208147.20999997092
cash_ACC,RSI2,2025-02-17 11:37:00,2025-02-17 11:42:00,1876.85,1877.7884249999997,1880.95,1880.0095250000002,50,LONG,111.05500000002166,-208036.1549999709
cash_ACC,RSI2,2025-02-17 11:51:00,2025-02-17 11:57:00,1879.35,1880.2896749999998,1881.45,1880.5092750000001,50,LONG,10.980000000017753,-208025.17499997088
cash_ACC,RSI2,2025-02-17 12:07:00,2025-02-17 12:08:00,1881.4,1882.3407,1885.95,1885.007025,50,LONG,133.31625000000713,-207891.85874997088
cash_ACC,RSI2,2025-02-17 12:21:00,2025-02-17 12:24:00,1885.45,1886.392725,1887.2,1886.2564000000002,50,LONG,-6.816249999985757,-207898.67499997086
cash_ACC,RSI2,2025-02-17 12:37:00,2025-02-17 12:41:00,1886.4,1887.3432,1889.2,1888.2554000000002,50,LONG,45.61000000001059,-207853.06499997084
cash_ACC,RSI2,2025-02-17 13:05:00,2025-02-17 13:13:00,1894.45,1895.397225,1893.95,1893.0030250000002,50,LONG,-119.7099999999864,-207972.77499997083
cash_ACC,RSI2,2025-02-17 13:30:00,2025-02-17 13:32:00,1892.1,1893.0460499999997,1893.45,1892.5032750000003,50,LONG,-27.13874999997188,-207999.91374997082
cash_ACC,RSI2,2025-02-17 13:46:00,2025-02-17 13:58:00,1900.85,1901.800425,1895.85,1894.902075,50,LONG,-344.91749999999683,-208344.83124997083
cash_ACC,RSI2,2025-02-17 14:08:00,2025-02-17 14:11:00,1895.05,1895.9975249999998,1897.65,1896.7011750000001,50,LONG,35.18250000001899,-208309.6487499708
cash_ACC,RSI2,2025-02-17 15:18:00,2025-02-17 15:22:00,1906.35,1907.3031749999998,1911.0,1910.0445000000002,50,LONG,137.06625000002077,-208172.58249997077
cash_ACC,RSI2,2025-02-18 09:15:00,2025-02-18 09:38:00,1896.95,1897.898475,1832.35,1831.433825,50,LONG,-3323.2324999999946,-211495.81499997075
cash_ACC,RSI2,2025-02-18 10:07:00,2025-02-18 10:15:00,1843.45,1844.371725,1835.85,1834.932075,50,LONG,-471.98250000000144,-211967.79749997077
cash_ACC,RSI2,2025-02-18 10:28:00,2025-02-18 10:29:00,1830.0,1830.915,1834.0,1833.083,50,LONG,108.400000000006,-211859.39749997077
cash_ACC,RSI2,2025-02-18 10:38:00,2025-02-18 10:40:00,1829.05,1829.9645249999999,1831.75,1830.834125,50,LONG,43.48000000001093,-211815.91749997076
cash_ACC,RSI2,2025-02-18 11:05:00,2025-02-18 11:16:00,1847.9,1848.82395,1841.0,1840.0795,50,LONG,-437.22249999999576,-212253.13999997076
cash_ACC,RSI2,2025-02-18 11:27:00,2025-02-18 11:29:00,1840.65,1841.570325,1847.5,1846.57625,50,LONG,250.29625000000806,-212002.84374997075
cash_ACC,RSI2,2025-02-18 11:36:00,2025-02-18 11:42:00,1842.0,1842.9209999999998,1843.6,1842.6782,50,LONG,-12.13999999998805,-212014.98374997074
cash_ACC,RSI2,2025-02-18 11:51:00,2025-02-18 12:00:00,1842.2,1843.1210999999998,1843.5,1842.57825,50,LONG,-27.142499999990832,-212042.12624997072
cash_ACC,RSI2,2025-02-18 12:10:00,2025-02-18 12:12:00,1849.3,1850.2246499999999,1851.55,1850.624225,50,LONG,19.97875000000704,-212022.1474999707
cash_ACC,RSI2,2025-02-18 12:17:00,2025-02-18 12:25:00,1848.8,1849.7243999999998,1850.85,1849.924575,50,LONG,10.008750000008604,-212012.1387499707
cash_ACC,RSI2,2025-02-18 12:39:00,2025-02-18 12:45:00,1847.4,1848.3237,1845.25,1844.327375,50,LONG,-199.81624999999212,-212211.9549999707
cash_ACC,RSI2,2025-02-18 13:29:00,2025-02-18 13:33:00,1856.15,1857.078075,1859.8,1858.8701,50,LONG,89.60125000000971,-212122.3537499707
cash_ACC,RSI2,2025-02-18 14:07:00,2025-02-18 14:08:00,1857.3,1858.2286499999998,1861.25,1860.319375,50,LONG,104.53625000001239,-212017.8174999707
cash_ACC,RSI2,2025-02-18 14:56:00,2025-02-18 15:00:00,1872.8,1873.7363999999998,1876.3,1875.36185,50,LONG,81.2725000000114,-211936.54499997068
cash_ACC,RSI2,2025-02-18 15:16:00,2025-02-18 15:26:00,1880.45,1881.3902249999999,1879.45,1878.510275,50,LONG,-143.99749999998903,-212080.54249997067
cash_ACC,RSI2,2025-02-18 15:28:00,2025-02-19 09:15:00,1875.0,1875.9375,1879.5,1878.56025,50,LONG,131.13749999999982,-211949.40499997066
cash_ACC,RSI2,2025-02-19 09:51:00,2025-02-19 09:53:00,1895.1,1896.0475499999998,1900.0,1899.0500000000002,50,LONG,150.1225000000204,-211799.28249997064
cash_ACC,RSI2,2025-02-19 10:09:00,2025-02-19 10:14:00,1897.0,1897.9485,1898.6,1897.6507,50,LONG,-14.890000000002601,-211814.17249997065
cash_ACC,RSI2,2025-02-19 10:35:00,2025-02-19 10:39:00,1896.25,1897.198125,1898.75,1897.800625,50,LONG,30.12500000000955,-211784.04749997065
cash_ACC,RSI2,2025-02-19 10:44:00,2025-02-19 10:57:00,1897.1,1898.0485499999998,1890.2,1889.2549000000001,50,LONG,-439.6824999999808,-212223.72999997064
cash_ACC,RSI2,2025-02-19 11:07:00,2025-02-19 11:13:00,1890.0,1890.945,1888.6,1887.6557,50,LONG,-164.4649999999956,-212388.19499997064
cash_ACC,RSI2,2025-02-19 11:17:00,2025-02-19 11:21:00,1884.0,1884.942,1883.4,1882.4583000000002,50,LONG,-124.18499999998858,-212512.37999997064
cash_ACC,RSI2,2025-02-19 11:50:00,2025-02-19 11:53:00,1880.85,1881.790425,1882.8,1881.8586,50,LONG,3.4087500000055115,-212508.97124997064
cash_ACC,RSI2,2025-02-19 12:08:00,2025-02-19 12:09:00,1876.75,1877.688375,1879.85,1878.910075,50,LONG,61.085000000002765,-212447.88624997064
cash_ACC,RSI2,2025-02-19 12:24:00,2025-02-19 12:31:00,1877.55,1878.4887749999998,1877.5,1876.5612500000002,50,LONG,-96.37624999998025,-212544.26249997062
cash_ACC,RSI2,2025-02-19 12:35:00,2025-02-19 12:36:00,1873.0,1873.9364999999998,1876.95,1876.0115250000001,50,LONG,103.75125000001617,-212440.5112499706
cash_ACC,RSI2,2025-02-19 12:40:00,2025-02-19 12:47:00,1870.75,1871.6853749999998,1870.1,1869.16495,50,LONG,-126.02124999998523,-212566.53249997058
cash_ACC,RSI2,2025-02-19 13:07:00,2025-02-19 13:12:00,1863.15,1864.081575,1865.85,1864.917075,50,LONG,41.77500000000691,-212524.75749997058
cash_ACC,RSI2,2025-02-19 13:24:00,2025-02-19 13:26:00,1862.7,1863.6313499999999,1865.0,1864.0675,50,LONG,21.80750000001126,-212502.94999997056
cash_ACC,RSI2,2025-02-19 13:44:00,2025-02-19 13:51:00,1865.6,1866.5327999999997,1864.7,1863.7676500000002,50,LONG,-138.2574999999747,-212641.20749997054
cash_ACC,RSI2,2025-02-19 13:54:00,2025-02-19 14:00:00,1862.0,1862.9309999999998,1863.4,1862.4683000000002,50,LONG,-23.1349999999793,-212664.34249997052
cash_ACC,RSI2,2025-02-19 14:18:00,2025-02-19 14:21:00,1862.95,1863.881475,1864.2,1863.2679,50,LONG,-30.67874999999276,-212695.0212499705
cash_ACC,RSI2,2025-02-19 14:29:00,2025-02-19 14:34:00,1861.0,1861.9305,1861.95,1861.019025,50,LONG,-45.57374999999411,-212740.5949999705
cash_ACC,RSI2,2025-02-19 14:42:00,2025-02-19 14:44:00,1861.4,1862.3307,1862.55,1861.618725,50,LONG,-35.598749999996926,-212776.1937499705
cash_ACC,RSI2,2025-02-19 14:58:00,2025-02-19 15:01:00,1866.55,1867.4832749999998,1869.3,1868.36535,50,LONG,44.10375000001068,-212732.08999997049
cash_ACC,RSI2,2025-02-19 15:15:00,2025-02-19 15:21:00,1865.7,1866.63285,1866.5,1865.5667500000002,50,LONG,-53.30499999998892,-212785.39499997048
cash_ACC,RSI2,2025-02-20 09:19:00,2025-02-20 09:27:00,1861.65,1862.580825,1863.0,1862.0685,50,LONG,-25.616249999995944,-212811.01124997047
cash_ACC,RSI2,2025-02-20 09:50:00,2025-02-20 09:53:00,1864.3,1865.2321499999998,1868.0,1867.066,50,LONG,91.69250000001057,-212719.31874997047
cash_ACC,RSI2,2025-02-20 10:52:00,2025-02-20 10:55:00,1873.9,1874.83695,1876.0,1875.0620000000001,50,LONG,11.252500000011878,-212708.06624997046
cash_ACC,RSI2,2025-02-20 11:21:00,2025-02-20 11:24:00,1877.55,1878.4887749999998,1879.15,1878.2104250000002,50,LONG,-13.917499999979555,-212721.98374997044
cash_ACC,RSI2,2025-02-20 11:48:00,2025-02-20 11:49:00,1883.35,1884.2916749999997,1885.15,1884.2074250000003,50,LONG,-4.212499999971442,-212726.1962499704
cash_ACC,RSI2,2025-02-20 12:04:00,2025-02-20 12:06:00,1881.7,1882.64085,1884.35,1883.407825,50,LONG,38.34875000000011,-212687.8474999704
cash_ACC,RSI2,2025-02-20 12:16:00,2025-02-20 12:19:00,1880.6,1881.5403,1881.75,1880.809125,50,LONG,-36.55874999999469,-212724.4062499704
cash_ACC,RSI2,2025-02-20 12:30:00,2025-02-20 12:35:00,1881.45,1882.390725,1880.9,1879.9595500000003,50,LONG,-121.5587499999856,-212845.9649999704
cash_ACC,RSI2,2025-02-20 12:49:00,2025-02-20 13:00:00,1879.2,1880.1396,1876.1,1875.16195,50,LONG,-248.88250000000198,-213094.8474999704
cash_ACC,RSI2,2025-02-20 13:05:00,2025-02-20 13:07:00,1872.0,1872.936,1874.5,1873.56275,50,LONG,31.337500000006457,-213063.5099999704
cash_ACC,RSI2,2025-02-20 13:11:00,2025-02-20 13:15:00,1872.05,1872.986025,1872.0,1871.064,50,LONG,-96.10124999999243,-213159.6112499704
cash_ACC,RSI2,2025-02-20 14:06:00,2025-02-20 14:10:00,1881.5,1882.44075,1882.65,1881.708675,50,LONG,-36.60374999999476,-213196.2149999704
cash_ACC,RSI2,2025-02-20 14:43:00,2025-02-20 14:46:00,1883.5,1884.44175,1886.05,1885.1069750000001,50,LONG,33.26125000000957,-213162.9537499704
cash_ACC,RSI2,2025-02-20 14:51:00,2025-02-20 15:00:00,1885.0,1885.9424999999999,1887.1,1886.15645,50,LONG,10.697500000003402,-213152.25624997038
cash_ACC,RSI2,2025-02-20 15:18:00,2025-02-20 15:24:00,1886.6,1887.5432999999998,1886.0,1885.057,50,LONG,-124.31499999999005,-213276.57124997038
cash_ACC,RSI2,2025-02-20 15:28:00,2025-02-21 09:15:00,1882.15,1883.091075,1890.0,1889.055,50,LONG,298.1962500000009,-212978.37499997037
cash_ACC,RSI2,2025-02-21 09:26:00,2025-02-21 09:31:00,1892.25,1893.196125,1893.1,1892.15345,50,LONG,-52.13374999999587,-213030.50874997038
cash_ACC,RSI2,2025-02-21 09:40:00,2025-02-21 09:46:00,1883.2,1884.1416,1883.5,1882.55825,50,LONG,-79.1674999999941,-213109.67624997036
cash_ACC,RSI2,2025-02-21 09:54:00,2025-02-21 09:56:00,1873.3,1874.2366499999998,1880.15,1879.209925,50,LONG,248.66375000001426,-212861.01249997035
cash_ACC,RSI2,2025-02-21 10:13:00,2025-02-21 10:17:00,1870.0,1870.935,1874.25,1873.312875,50,LONG,118.89375000000655,-212742.11874997034
cash_ACC,RSI2,2025-02-21 10:24:00,2025-02-21 10:28:00,1870.9,1871.83545,1871.8,1870.8641,50,LONG,-48.56750000000147,-212790.68624997034
cash_ACC,RSI2,2025-02-21 11:26:00,2025-02-21 11:27:00,1869.1,1870.0345499999999,1871.15,1870.2144250000001,50,LONG,8.993750000013279,-212781.69249997032
cash_ACC,RSI2,2025-02-21 11:47:00,2025-02-21 11:54:00,1875.0,1875.9375,1875.8,1874.8621,50,LONG,-53.76999999999725,-212835.4624999703
cash_ACC,RSI2,2025-02-21 11:57:00,2025-02-21 11:59:00,1872.0,1872.936,1875.0,1874.0625,50,LONG,56.32500000000391,-212779.1374999703
cash_ACC,RSI2,2025-02-21 12:39:00,2025-02-21 12:42:00,1882.0,1882.9409999999998,1884.9,1883.95755,50,LONG,50.82750000001397,-212728.30999997028
cash_ACC,RSI2,2025-02-21 13:00:00,2025-02-21 13:07:00,1881.15,1882.090575,1880.2,1879.2599000000002,50,LONG,-141.53374999998505,-212869.84374997026
cash_ACC,RSI2,2025-02-21 13:20:00,2025-02-21 13:25:00,1880.0,1880.9399999999998,1881.65,1880.7091750000002,50,LONG,-11.541249999982028,-212881.38499997024
cash_ACC,RSI2,2025-02-21 13:29:00,2025-02-21 13:30:00,1877.65,1878.588825,1880.9,1879.9595500000003,50,LONG,68.53625000001102,-212812.84874997023
cash_ACC,RSI2,2025-02-21 13:35:00,2025-02-21 13:38:00,1876.9,1877.83845,1880.0,1879.0600000000002,50,LONG,61.07750000001033,-212751.77124997022
cash_ACC,RSI2,2025-02-21 14:03:00,2025-02-21 14:05:00,1880.6,1881.5403,1884.05,1883.1079750000001,50,LONG,78.38375000001179,-212673.3874999702
cash_ACC,RSI2,2025-02-21 14:25:00,2025-02-21 14:36:00,1882.05,1882.9910249999998,1883.7,1882.7581500000001,50,LONG,-11.64374999998472,-212685.0312499702
cash_ACC,RSI2,2025-02-21 14:52:00,2025-02-21 14:55:00,1882.9,1883.84145,1883.3,1882.35835,50,LONG,-74.15499999999611,-212759.1862499702
cash_ACC,RSI2,2025-02-21 14:58:00,2025-02-21 15:00:00,1882.0,1882.9409999999998,1882.75,1881.8086250000001,50,LONG,-56.618749999984175,-212815.8049999702
cash_ACC,RSI2,2025-02-21 15:16:00,2025-02-21 15:20:00,1881.0,1881.9405,1882.8,1881.8586,50,LONG,-4.094999999995252,-212819.8999999702
cash_ACC,RSI2,2025-02-24 09:15:00,2025-02-24 09:27:00,1873.15,1874.086575,1862.2,1861.2689000000003,50,LONG,-640.883749999989,-213460.78374997017
cash_ACC,RSI2,2025-02-24 09:38:00,2025-02-24 09:45:00,1863.05,1863.981525,1861.95,1861.019025,50,LONG,-148.12499999999318,-213608.90874997017
cash_ACC,RSI2,2025-02-24 10:01:00,2025-02-24 10:08:00,1859.6,1860.5297999999998,1862.0,1861.0690000000002,50,LONG,26.96000000001959,-213581.94874997015
cash_ACC,RSI2,2025-02-24 10:58:00,2025-02-24 11:03:00,1871.5,1872.4357499999999,1872.5,1871.56375,50,LONG,-43.59999999999218,-213625.54874997016
cash_ACC,RSI2,2025-02-24 11:23:00,2025-02-24 11:26:00,1877.25,1878.188625,1879.5,1878.56025,50,LONG,18.581249999999727,-213606.96749997017
cash_ACC,RSI2,2025-02-24 11:52:00,2025-02-24 12:02:00,1880.7,1881.64035,1878.8,1877.8606,50,LONG,-188.9874999999961,-213795.95499997016
cash_ACC,RSI2,2025-02-24 12:04:00,2025-02-24 12:09:00,1874.45,1875.387225,1873.05,1872.113475,50,LONG,-163.68749999999181,-213959.64249997016
cash_ACC,RSI2,2025-02-24 12:21:00,2025-02-24 12:34:00,1870.1,1871.0350499999997,1863.3,1862.36835,50,LONG,-433.3349999999882,-214392.97749997015
cash_ACC,RSI2,2025-02-24 13:02:00,2025-02-24 13:07:00,1865.2,1866.1326,1866.7,1865.7666500000003,50,LONG,-18.297499999982847,-214411.27499997013
cash_ACC,RSI2,2025-02-24 13:17:00,2025-02-24 13:27:00,1864.55,1865.4822749999998,1861.9,1860.9690500000002,50,LONG,-225.66124999998465,-214636.9362499701
cash_ACC,RSI2,2025-02-24 13:38:00,2025-02-24 13:47:00,1855.0,1855.9275,1854.3,1853.37285,50,LONG,-127.73250000000189,-214764.66874997012
cash_ACC,RSI2,2025-02-24 14:01:00,2025-02-24 14:14:00,1853.3,1854.2266499999998,1848.85,1847.925575,50,LONG,-315.05374999999276,-215079.7224999701
cash_ACC,RSI2,2025-02-24 14:48:00,2025-02-24 14:49:00,1851.9,1852.82595,1855.05,1854.1224750000001,50,LONG,64.82625000001008,-215014.8962499701
cash_ACC,RSI2,2025-02-24 14:56:00,2025-02-24 14:58:00,1853.2,1854.1266,1855.15,1854.2224250000002,50,LONG,4.7912500000052205,-215010.1049999701
cash_ACC,RSI2,2025-02-24 15:04:00,2025-02-24 15:08:00,1851.25,1852.1756249999999,1852.75,1851.823625,50,LONG,-17.599999999993088,-215027.7049999701
cash_ACC,RSI2,2025-02-24 15:18:00,2025-02-24 15:24:00,1850.3,1851.2251499999998,1851.0,1850.0745000000002,50,LONG,-57.532499999979336,-215085.23749997007
cash_ACC,RSI2,2025-02-24 15:29:00,2025-02-25 09:15:00,1847.0,1847.9234999999999,1855.15,1854.2224250000002,50,LONG,314.94625000001406,-214770.29124997006
cash_ACC,RSI2,2025-02-25 09:22:00,2025-02-25 09:29:00,1843.3,1844.22165,1842.3,1841.37885,50,LONG,-142.13999999999487,-214912.43124997005
cash_ACC,RSI2,2025-02-25 09:51:00,2025-02-25 09:55:00,1853.2,1854.1266,1856.4,1855.4718000000003,50,LONG,67.26000000001022,-214845.17124997004
cash_ACC,RSI2,2025-02-25 09:59:00,2025-02-25 10:03:00,1850.5,1851.42525,1849.9,1848.9750500000002,50,LONG,-122.5099999999884,-214967.68124997002
cash_ACC,RSI2,2025-02-25 10:19:00,2025-02-25 10:27:00,1851.1,1852.0255499999998,1849.95,1849.0250250000001,50,LONG,-150.02624999998488,-215117.70749997
cash_ACC,RSI2,2025-02-25 10:43:00,2025-02-25 10:52:00,1848.0,1848.924,1848.15,1847.2259250000002,50,LONG,-84.90374999998949,-215202.61124997
cash_ACC,RSI2,2025-02-25 10:58:00,2025-02-25 11:05:00,1845.85,1846.7729249999998,1844.55,1843.627725,50,LONG,-157.2599999999852,-215359.87124997
cash_ACC,RSI2,2025-02-25 11:13:00,2025-02-25 11:15:00,1841.2,1842.1206,1841.95,1841.029025,50,LONG,-54.578749999996035,-215414.44999996998
cash_ACC,RSI2,2025-02-25 11:17:00,2025-02-25 11:22:00,1839.45,1840.369725,1841.0,1840.0795,50,LONG,-14.5112499999982,-215428.96124997
cash_ACC,RSI2,2025-02-25 11:27:00,2025-02-25 11:32:00,1837.95,1838.8689749999999,1838.05,1837.130975,50,LONG,-86.89999999999145,-215515.86124996998
cash_ACC,RSI2,2025-02-25 11:50:00,2025-02-25 11:57:00,1840.15,1841.070075,1838.0,1837.0810000000001,50,LONG,-199.45374999999785,-215715.31499996997
cash_ACC,RSI2,2025-02-25 12:01:00,2025-02-25 12:04:00,1836.4,1837.3182,1836.9,1835.9815500000002,50,LONG,-66.8324999999868,-215782.14749996996
cash_ACC,RSI2,2025-02-25 12:32:00,2025-02-25 12:42:00,1838.65,1839.569325,1838.75,1837.830625,50,LONG,-86.93499999999403,-215869.08249996995
cash_ACC,RSI2,2025-02-25 13:13:00,2025-02-25 13:29:00,1842.85,1843.771425,1843.0,1842.0785,50,LONG,-84.6462499999916,-215953.72874996995
cash_ACC,RSI2,2025-02-25 13:47:00,2025-02-25 13:59:00,1845.05,1845.972525,1844.65,1843.727675,50,LONG,-112.24249999999074,-216065.97124996994
cash_ACC,RSI2,2025-02-25 14:02:00,2025-02-25 14:21:00,1843.95,1844.871975,1841.65,1840.7291750000002,50,LONG,-207.1399999999926,-216273.11124996992
cash_ACC,RSI2,2025-02-25 14:59:00,2025-02-25 15:06:00,1837.85,1838.7689249999999,1837.45,1836.531275,50,LONG,-111.88249999999016,-216384.9937499699
cash_ACC,RSI2,2025-02-25 15:09:00,2025-02-25 15:26:00,1836.85,1837.7684249999998,1831.95,1831.0340250000002,50,LONG,-336.7199999999798,-216721.71374996987
cash_ACC,RSI2,2025-02-25 15:28:00,2025-02-27 09:18:00,1830.0,1830.915,1828.7,1827.7856500000003,50,LONG,-156.4674999999852,-216878.18124996987
cash_ACC,RSI2,2025-02-27 09:38:00,2025-02-27 09:46:00,1821.35,1822.2606749999998,1812.9,1811.9935500000001,50,LONG,-513.3562499999812,-217391.53749996985
cash_ACC,RSI2,2025-02-27 10:24:00,2025-02-27 10:27:00,1815.85,1816.757925,1821.5,1820.58925,50,LONG,191.5662500000053,-217199.97124996985
cash_ACC,RSI2,2025-02-27 11:13:00,2025-02-27 11:25:00,1823.2,1824.1116,1817.45,1816.541275,50,LONG,-378.5162499999956,-217578.48749996984
cash_ACC,RSI2,2025-02-27 11:48:00,2025-02-27 11:53:00,1823.6,1824.5117999999998,1825.0,1824.0875,50,LONG,-21.214999999983775,-217599.70249996983
cash_ACC,RSI2,2025-02-27 12:10:00,2025-02-27 12:15:00,1820.0,1820.9099999999999,1821.85,1820.939075,50,LONG,1.4537500000074033,-217598.24874996982
cash_ACC,RSI2,2025-02-27 12:31:00,2025-02-27 12:40:00,1821.0,1821.9105,1821.05,1820.139475,50,LONG,-88.55125000000044,-217686.7999999698
cash_ACC,RSI2,2025-02-27 12:47:00,2025-02-27 12:55:00,1819.8,1820.7098999999998,1820.0,1819.0900000000001,50,LONG,-80.99499999998443,-217767.7949999698
cash_ACC,RSI2,2025-02-27 13:38:00,2025-02-27 13:44:00,1818.0,1818.9089999999999,1818.7,1817.7906500000001,50,LONG,-55.91749999998683,-217823.71249996978
cash_ACC,RSI2,2025-02-27 14:06:00,2025-02-27 14:16:00,1813.65,1814.556825,1814.4,1813.4928000000002,50,LONG,-53.2012499999837,-217876.91374996977
cash_ACC,RSI2,2025-02-27 14:27:00,2025-02-27 14:30:00,1815.0,1815.9074999999998,1817.75,1816.8411250000001,50,LONG,46.68125000001737,-217830.23249996974
cash_ACC,RSI2,2025-02-27 14:38:00,2025-02-27 14:43:00,1817.75,1818.6588749999999,1818.0,1817.0910000000001,50,LONG,-78.39374999998654,-217908.62624996973
cash_ACC,RSI2,2025-02-27 15:15:00,2025-02-27 15:19:00,1825.45,1826.362725,1825.45,1824.5372750000001,50,LONG,-91.27249999999094,-217999.89874996973
cash_ACC,RSI2,2025-02-28 09:15:00,2025-02-28 09:20:00,1806.4,1807.3032,1809.55,1808.645225,50,LONG,67.10124999999607,-217932.79749996972
cash_ACC,RSI2,2025-02-28 09:27:00,2025-02-28 09:39:00,1808.6,1809.5042999999998,1800.4,1799.4998000000003,50,LONG,-500.2249999999776,-218433.0224999697
cash_ACC,RSI2,2025-02-28 09:56:00,2025-02-28 10:05:00,1800.65,1801.550325,1801.0,1800.0995,50,LONG,-72.54124999999476,-218505.5637499697
cash_ACC,RSI2,2025-02-28 10:29:00,2025-02-28 10:36:00,1805.75,1806.652875,1808.75,1807.8456250000002,50,LONG,59.637500000008004,-218445.9262499697
cash_ACC,RSI2,2025-02-28 10:48:00,2025-02-28 10:55:00,1808.0,1808.904,1808.75,1807.8456250000002,50,LONG,-52.91874999999209,-218498.84499996967
cash_ACC,RSI2,2025-02-28 10:58:00,2025-02-28 11:02:00,1801.2,1802.1006,1806.15,1805.2469250000001,50,LONG,157.31625000000804,-218341.52874996967
cash_ACC,RSI2,2025-02-28 11:34:00,2025-02-28 11:38:00,1807.0,1807.9035,1808.1,1807.19595,50,LONG,-35.37749999999278,-218376.90624996967
cash_ACC,RSI2,2025-02-28 11:42:00,2025-02-28 11:45:00,1806.0,1806.9029999999998,1807.35,1806.4463250000001,50,LONG,-22.833749999983866,-218399.73999996966
cash_ACC,RSI2,2025-02-28 11:50:00,2025-02-28 11:52:00,1805.0,1805.9025,1806.6,1805.6967,50,LONG,-10.28999999999769,-218410.02999996967
cash_ACC,RSI2,2025-02-28 12:02:00,2025-02-28 12:09:00,1805.85,1806.7529249999998,1805.95,1805.047025,50,LONG,-85.29499999998507,-218495.32499996966
cash_ACC,RSI2,2025-02-28 12:24:00,2025-02-28 12:27:00,1806.0,1806.9029999999998,1809.7,1808.7951500000001,50,LONG,94.60750000001781,-218400.71749996964
cash_ACC,RSI2,2025-02-28 12:32:00,2025-02-28 12:44:00,1806.15,1807.053075,1805.85,1804.947075,50,LONG,-105.29999999999973,-218506.01749996963
cash_ACC,RSI2,2025-02-28 12:49:00,2025-02-28 12:51:00,1803.5,1804.40175,1805.85,1804.947075,50,LONG,27.2662500000024,-218478.75124996962
cash_ACC,RSI2,2025-02-28 13:42:00,2025-02-28 13:44:00,1806.0,1806.9029999999998,1807.65,1806.7461750000002,50,LONG,-7.841249999978572,-218486.59249996959
cash_ACC,RSI2,2025-02-28 14:01:00,2025-02-28 14:08:00,1806.9,1807.8034499999999,1809.65,1808.7451750000002,50,LONG,47.086250000018026,-218439.50624996956
cash_ACC,RSI2,2025-02-28 14:31:00,2025-02-28 14:36:00,1807.05,1807.953525,1807.7,1806.7961500000001,50,LONG,-57.86874999998872,-218497.37499996956
cash_ACC,RSI2,2025-02-28 15:01:00,2025-02-28 15:02:00,1818.05,1818.9590249999999,1821.95,1821.039025,50,LONG,104.00000000000773,-218393.37499996956
cash_ACC,RSI2,2025-02-28 15:15:00,2025-02-28 15:21:00,1815.85,1816.757925,1817.5,1816.5912500000002,50,LONG,-8.333749999985685,-218401.70874996955
cash_ACC,RSI2,2025-03-03 09:21:00,2025-03-03 09:36:00,1824.9,1825.81245,1807.8,1806.8961000000002,50,LONG,-945.8174999999869,-219347.52624996952
cash_ACC,RSI2,2025-03-03 09:45:00,2025-03-03 09:59:00,1799.8,1800.6998999999998,1795.7,1794.8021500000002,50,LONG,-294.8874999999816,-219642.4137499695
cash_ACC,RSI2,2025-03-03 10:01:00,2025-03-03 10:11:00,1793.0,1793.8964999999998,1787.0,1786.1065,50,LONG,-389.4999999999868,-220031.9137499695
cash_ACC,RSI2,2025-03-03 10:33:00,2025-03-03 10:37:00,1791.45,1792.345725,1794.15,1793.2529250000002,50,LONG,45.3600000000165,-219986.5537499695
cash_ACC,RSI2,2025-03-03 10:40:00,2025-03-03 10:47:00,1786.0,1786.8929999999998,1784.3,1783.40785,50,LONG,-174.25749999998743,-220160.81124996947
cash_ACC,RSI2,2025-03-03 10:52:00,2025-03-03 10:56:00,1780.75,1781.640375,1783.0,1782.1085,50,LONG,23.406250000005002,-220137.40499996947
cash_ACC,RSI2,2025-03-03 11:12:00,2025-03-03 11:14:00,1787.35,1788.2436749999997,1790.45,1789.554775,50,LONG,65.55500000001757,-220071.84999996945
cash_ACC,RSI2,2025-03-03 11:36:00,2025-03-03 11:43:00,1788.55,1789.4442749999998,1791.0,1790.1045000000001,50,LONG,33.01125000001548,-220038.83874996944
cash_ACC,RSI2,2025-03-03 12:01:00,2025-03-03 12:07:00,1792.25,1793.146125,1794.6,1793.7027,50,LONG,27.82875000000331,-220011.00999996942
cash_ACC,RSI2,2025-03-03 12:37:00,2025-03-03 12:41:00,1808.0,1808.904,1810.65,1809.7446750000001,50,LONG,42.03375000000733,-219968.97624996942
cash_ACC,RSI2,2025-03-03 12:53:00,2025-03-03 13:01:00,1813.35,1814.2566749999999,1814.75,1813.842625,50,LONG,-20.70249999999305,-219989.6787499694
cash_ACC,RSI2,2025-03-03 13:21:00,2025-03-03 13:34:00,1815.0,1815.9074999999998,1812.65,1811.7436750000002,50,LONG,-208.19124999998166,-220197.86999996938
cash_ACC,RSI2,2025-03-03 13:55:00,2025-03-03 14:04:00,1809.25,1810.154625,1809.0,1808.0955000000001,50,LONG,-102.95624999998836,-220300.82624996937
cash_ACC,RSI2,2025-03-03 14:07:00,2025-03-03 14:11:00,1805.75,1806.652875,1810.0,1809.095,50,LONG,122.10625000000164,-220178.71999996935
cash_ACC,RSI2,2025-03-03 14:17:00,2025-03-03 14:19:00,1809.3,1810.20465,1810.45,1809.544775,50,LONG,-32.99374999999145,-220211.71374996935
cash_ACC,RSI2,2025-03-03 15:10:00,2025-03-03 15:25:00,1828.95,1829.8644749999999,1822.65,1821.7386750000003,50,LONG,-406.2899999999786,-220618.00374996933
cash_ACC,RSI2,2025-03-04 09:15:00,2025-03-04 09:21:00,1805.9,1806.80295,1812.4,1811.4938000000002,50,LONG,234.5425000000091,-220383.46124996932
cash_ACC,RSI2,2025-03-04 10:06:00,2025-03-04 10:15:00,1832.1,1833.0160499999997,1829.25,1828.335375,50,LONG,-234.0337499999805,-220617.4949999693
cash_ACC,RSI2,2025-03-04 10:27:00,2025-03-04 10:33:00,1826.85,1827.7634249999999,1825.15,1824.2374250000003,50,LONG,-176.29999999998063,-220793.79499996928
cash_ACC,RSI2,2025-03-04 10:46:00,2025-03-04 10:48:00,1823.55,1824.4617749999998,1824.95,1824.0375250000002,50,LONG,-21.212499999978718,-220815.00749996924
cash_ACC,RSI2,2025-03-04 11:08:00,2025-03-04 11:13:00,1830.05,1830.9650249999997,1830.0,1829.085,50,LONG,-94.00124999998525,-220909.00874996922
cash_ACC,RSI2,2025-03-04 11:29:00,2025-03-04 11:30:00,1827.8,1828.7139,1829.7,1828.7851500000002,50,LONG,3.5625000000095497,-220905.44624996922
cash_ACC,RSI2,2025-03-04 11:38:00,2025-03-04 11:54:00,1828.6,1829.5142999999998,1820.0,1819.0900000000001,50,LONG,-521.2149999999838,-221426.6612499692
cash_ACC,RSI2,2025-03-04 12:01:00,2025-03-04 12:09:00,1818.5,1819.40925,1816.15,1815.2419250000003,50,LONG,-208.3662499999832,-221635.0274999692
cash_ACC,RSI2,2025-03-04 12:24:00,2025-03-04 12:26:00,1815.6,1816.5077999999999,1816.5,1815.59175,50,LONG,-45.80249999999069,-221680.8299999692
cash_ACC,RSI2,2025-03-04 12:39:00,2025-03-04 12:45:00,1818.55,1819.459275,1817.85,1816.941075,50,LONG,-125.90999999999894,-221806.7399999692
cash_ACC,RSI2,2025-03-04 12:54:00,2025-03-04 13:02:00,1813.1,1814.0065499999998,1813.05,1812.143475,50,LONG,-93.15374999998767,-221899.8937499692
cash_ACC,RSI2,2025-03-04 13:04:00,2025-03-04 13:07:00,1811.0,1811.9054999999998,1811.8,1810.8941,50,LONG,-50.56999999999334,-221950.4637499692
cash_ACC,RSI2,2025-03-04 13:21:00,2025-03-04 13:30:00,1811.95,1812.855975,1813.75,1812.843125,50,LONG,-0.6424999999921965,-221951.1062499692
cash_ACC,RSI2,2025-03-04 13:34:00,2025-03-04 13:42:00,1811.35,1812.2556749999999,1811.95,1811.0440250000001,50,LONG,-60.582499999986794,-222011.68874996918
cash_ACC,RSI2,2025-03-04 14:31:00,2025-03-04 14:34:00,1822.0,1822.9109999999998,1823.05,1822.138475,50,LONG,-38.62624999999298,-222050.31499996918
cash_ACC,RSI2,2025-03-04 14:38:00,2025-03-04 14:41:00,1820.95,1821.860475,1821.65,1820.7391750000002,50,LONG,-56.064999999989595,-222106.37999996918
cash_ACC,RSI2,2025-03-04 15:05:00,2025-03-04 15:20:00,1830.5,1831.4152499999998,1829.8,1828.8851,50,LONG,-126.50749999999107,-222232.88749996916
cash_ACC,RSI2,2025-03-05 09:32:00,2025-03-05 09:33:00,1831.2,1832.1155999999999,1837.75,1836.8311250000002,50,LONG,235.7762500000149,-221997.11124996914
cash_ACC,RSI2,2025-03-05 09:47:00,2025-03-05 09:48:00,1836.35,1837.2681749999997,1839.2,1838.2804,50,LONG,50.611250000019936,-221946.49999996912
cash_ACC,RSI2,2025-03-05 09:55:00,2025-03-05 09:59:00,1833.3,1834.2166499999998,1836.0,1835.082,50,LONG,43.267500000013115,-221903.2324999691
cash_ACC,RSI2,2025-03-05 10:04:00,2025-03-05 10:07:00,1831.3,1832.2156499999999,1833.5,1832.5832500000001,50,LONG,18.380000000013297,-221884.8524999691
cash_ACC,RSI2,2025-03-05 10:14:00,2025-03-05 10:21:00,1830.4,1831.3152,1830.45,1829.534775,50,LONG,-89.02124999999614,-221973.8737499691
cash_ACC,RSI2,2025-03-05 11:07:00,2025-03-05 11:12:00,1849.25,1850.1746249999999,1850.0,1849.075,50,LONG,-54.98124999999163,-222028.85499996907
cash_ACC,RSI2,2025-03-05 11:45:00,2025-03-05 11:50:00,1851.35,1852.2756749999999,1850.75,1849.8246250000002,50,LONG,-122.55249999998341,-222151.40749996906
cash_ACC,RSI2,2025-03-05 11:59:00,2025-03-05 12:10:00,1848.0,1848.924,1848.7,1847.77565,50,LONG,-57.417499999996835,-222208.82499996907
cash_ACC,RSI2,2025-03-05 12:24:00,2025-03-05 12:26:00,1848.05,1848.9740249999998,1850.05,1849.124975,50,LONG,7.547500000009677,-222201.27749996906
cash_ACC,RSI2,2025-03-05 12:44:00,2025-03-05 13:00:00,1850.35,1851.2751749999998,1844.15,1843.2279250000001,50,LONG,-402.3624999999811,-222603.63999996905
cash_ACC,RSI2,2025-03-05 13:08:00,2025-03-05 13:09:00,1842.2,1843.1210999999998,1844.3,1843.37785,50,LONG,12.837500000011914,-222590.80249996902
cash_ACC,RSI2,2025-03-05 13:32:00,2025-03-05 13:35:00,1844.85,1845.7724249999999,1845.8,1844.8771000000002,50,LONG,-44.766249999986485,-222635.568749969
cash_ACC,RSI2,2025-03-05 13:38:00,2025-03-05 13:45:00,1843.6,1844.5217999999998,1840.75,1839.829625,50,LONG,-234.60874999998396,-222870.177499969
cash_ACC,RSI2,2025-03-05 14:02:00,2025-03-05 14:05:00,1843.4,1844.3217,1844.05,1843.127975,50,LONG,-59.686249999992924,-222929.863749969
cash_ACC,RSI2,2025-03-05 14:15:00,2025-03-05 14:22:00,1842.0,1842.9209999999998,1842.1,1841.17895,50,LONG,-87.10249999999178,-223016.96624996897
cash_ACC,RSI2,2025-03-06 09:31:00,2025-03-06 09:35:00,1863.65,1864.581825,1863.4,1862.4683000000002,50,LONG,-105.6762499999877,-223122.64249996896
cash_ACC,RSI2,2025-03-06 09:48:00,2025-03-06 09:52:00,1866.95,1867.8834749999999,1866.6,1865.6667,50,LONG,-110.83874999999352,-223233.48124996896
cash_ACC,RSI2,2025-03-06 10:22:00,2025-03-06 10:26:00,1865.05,1865.982525,1869.35,1868.415325,50,LONG,121.64000000000215,-223111.84124996894
cash_ACC,RSI2,2025-03-06 10:51:00,2025-03-06 10:58:00,1867.45,1868.383725,1866.35,1865.416825,50,LONG,-148.3449999999948,-223260.18624996895
cash_ACC,RSI2,2025-03-06 11:46:00,2025-03-06 12:02:00,1871.0,1871.9354999999998,1869.2,1868.2654000000002,50,LONG,-183.50499999997965,-223443.69124996892
cash_ACC,RSI2,2025-03-06 12:16:00,2025-03-06 12:23:00,1866.1,1867.0330499999998,1868.3,1867.3658500000001,50,LONG,16.640000000018063,-223427.0512499689
cash_ACC,RSI2,2025-03-06 12:58:00,2025-03-06 13:01:00,1868.15,1869.084075,1869.1,1868.16545,50,LONG,-45.931250000001,-223472.9824999689
cash_ACC,RSI2,2025-03-06 13:29:00,2025-03-06 13:34:00,1869.3,1870.2346499999999,1870.0,1869.065,50,LONG,-58.48249999999098,-223531.46499996888
cash_ACC,RSI2,2025-03-06 13:39:00,2025-03-06 13:47:00,1868.7,1869.63435,1869.3,1868.36535,50,LONG,-63.45000000000027,-223594.9149999689
cash_ACC,RSI2,2025-03-06 13:57:00,2025-03-06 13:59:00,1866.9,1867.83345,1867.8,1866.8661,50,LONG,-48.3675000000062,-223643.2824999689
cash_ACC,RSI2,2025-03-06 14:24:00,2025-03-06 14:26:00,1871.0,1871.9354999999998,1873.0,1872.0635000000002,50,LONG,6.40000000001919,-223636.88249996887
cash_ACC,RSI2,2025-03-06 14:49:00,2025-03-06 14:55:00,1872.15,1873.086075,1872.3,1871.36385,50,LONG,-86.11124999999902,-223722.99374996885
cash_ACC,RSI2,2025-03-06 14:57:00,2025-03-06 15:04:00,1868.6,1869.5342999999998,1871.95,1871.0140250000002,50,LONG,73.98625000001857,-223649.00749996884
cash_ACC,RSI2,2025-03-06 15:19:00,2025-03-07 09:16:00,1869.0,1869.9344999999998,1872.2,1871.2639000000001,50,LONG,66.47000000001526,-223582.53749996884
cash_ACC,RSI2,2025-03-07 09:22:00,2025-03-07 09:29:00,1869.75,1870.684875,1870.0,1869.065,50,LONG,-80.99374999999327,-223663.53124996883
cash_ACC,RSI2,2025-03-07 09:37:00,2025-03-07 09:51:00,1866.05,1866.9830249999998,1865.9,1864.9670500000002,50,LONG,-100.79874999997855,-223764.32999996882
cash_ACC,RSI2,2025-03-07 09:57:00,2025-03-07 09:58:00,1861.7,1862.63085,1864.45,1863.5177750000003,50,LONG,44.34625000001233,-223719.98374996881
cash_ACC,RSI2,2025-03-07 10:34:00,2025-03-07 10:38:00,1874.25,1875.187125,1875.65,1874.7121750000001,50,LONG,-23.747499999990396,-223743.7312499688
cash_ACC,RSI2,2025-03-07 10:47:00,2025-03-07 10:49:00,1874.4,1875.3372,1879.6,1878.6602,50,LONG,166.15000000000464,-223577.58124996882
cash_ACC,RSI2,2025-03-07 10:54:00,2025-03-07 10:57:00,1874.7,1875.63735,1875.45,1874.512275,50,LONG,-56.25374999999622,-223633.83499996882
cash_ACC,RSI2,2025-03-07 11:07:00,2025-03-07 11:16:00,1875.6,1876.5377999999998,1876.4,1875.4618000000003,50,LONG,-53.799999999978354,-223687.6349999688
cash_ACC,RSI2,2025-03-07 11:23:00,2025-03-07 11:26:00,1873.5,1874.4367499999998,1874.55,1873.612725,50,LONG,-41.201249999994616,-223728.8362499688
cash_ACC,RSI2,2025-03-07 11:35:00,2025-03-07 11:37:00,1872.6,1873.5362999999998,1873.6,1872.6632,50,LONG,-43.65499999998974,-223772.4912499688
cash_ACC,RSI2,2025-03-07 11:45:00,2025-03-07 11:53:00,1870.65,1871.585325,1868.85,1867.915575,50,LONG,-183.4875000000011,-223955.97874996878
cash_ACC,RSI2,2025-03-07 12:07:00,2025-03-07 12:18:00,1867.7,1868.63385,1867.25,1866.316375,50,LONG,-115.87374999999156,-224071.85249996878
cash_ACC,RSI2,2025-03-07 12:51:00,2025-03-07 12:56:00,1870.3,1871.2351499999997,1872.45,1871.5137750000001,50,LONG,13.931250000018736,-224057.92124996876
cash_ACC,RSI2,2025-03-07 13:10:00,2025-03-07 13:12:00,1872.25,1873.186125,1873.3,1872.36335,50,LONG,-41.13874999999325,-224099.05999996874
cash_ACC,RSI2,2025-03-07 13:41:00,2025-03-07 13:43:00,1874.0,1874.937,1875.0,1874.0625,50,LONG,-43.72499999999491,-224142.78499996875
cash_ACC,RSI2,2025-03-07 13:52:00,2025-03-07 13:54:00,1872.0,1872.936,1875.0,1874.0625,50,LONG,56.32500000000391,-224086.45999996873
cash_ACC,RSI2,2025-03-07 13:57:00,2025-03-07 14:04:00,1870.7,1871.63535,1871.65,1870.7141750000003,50,LONG,-46.05874999998605,-224132.51874996873
cash_ACC,RSI2,2025-03-07 14:40:00,2025-03-07 14:42:00,1887.7,1888.64385,1888.45,1887.505775,50,LONG,-56.903749999992215,-224189.42249996873
cash_ACC,RSI2,2025-03-07 15:00:00,2025-03-07 15:05:00,1886.9,1887.84345,1887.0,1886.0565000000001,50,LONG,-89.34749999999667,-224278.76999996873
cash_ACC,RSI2,2025-03-07 15:15:00,2025-03-07 15:28:00,1884.9,1885.84245,1883.75,1882.808125,50,LONG,-151.71625000000404,-224430.48624996873
cash_ACC,RSI2,2025-03-10 09:16:00,2025-03-10 09:21:00,1873.25,1874.1866249999998,1881.85,1880.909075,50,LONG,336.1225000000104,-224094.36374996873
cash_ACC,RSI2,2025-03-10 09:59:00,2025-03-10 10:09:00,1910.75,1911.705375,1901.9,1900.9490500000002,50,LONG,-537.8162499999917,-224632.17999996874
cash_ACC,RSI2,2025-03-10 10:24:00,2025-03-10 10:31:00,1902.75,1903.7013749999999,1899.5,1898.55025,50,LONG,-257.55624999999327,-224889.73624996873
cash_ACC,RSI2,2025-03-10 10:38:00,2025-03-10 10:41:00,1894.95,1895.897475,1896.4,1895.4518000000003,50,LONG,-22.283749999985503,-224912.0199999687
cash_ACC,RSI2,2025-03-10 11:04:00,2025-03-10 11:05:00,1894.9,1895.84745,1896.0,1895.0520000000001,50,LONG,-39.772499999992306,-224951.7924999687
cash_ACC,RSI2,2025-03-10 11:12:00,2025-03-10 11:17:00,1894.2,1895.1471,1894.45,1893.5027750000002,50,LONG,-82.21624999998767,-225034.0087499687
cash_ACC,RSI2,2025-03-10 11:25:00,2025-03-10 11:27:00,1893.0,1893.9464999999998,1896.3,1895.35185,50,LONG,70.2675000000113,-224963.74124996868
cash_ACC,RSI2,2025-03-10 11:49:00,2025-03-10 11:52:00,1893.55,1894.4967749999998,1894.95,1894.002525,50,LONG,-24.712499999986903,-224988.45374996867
cash_ACC,RSI2,2025-03-10 11:59:00,2025-03-10 12:20:00,1891.35,1892.2956749999998,1881.85,1880.909075,50,LONG,-569.3299999999908,-225557.78374996866
cash_ACC,RSI2,2025-03-10 12:41:00,2025-03-10 12:57:00,1881.5,1882.44075,1880.95,1880.0095250000002,50,LONG,-121.56124999999065,-225679.34499996866
cash_ACC,RSI2,2025-03-10 13:13:00,2025-03-10 13:37:00,1880.75,1881.690375,1877.0,1876.0615,50,LONG,-281.443749999994,-225960.78874996866
cash_ACC,RSI2,2025-03-10 13:45:00,2025-03-10 13:47:00,1873.65,1874.586825,1875.15,1874.2124250000002,50,LONG,-18.719999999996162,-225979.50874996866
cash_ACC,RSI2,2025-03-10 13:51:00,2025-03-10 13:54:00,1872.0,1872.936,1874.15,1873.2129250000003,50,LONG,13.846250000017335,-225965.66249996863
cash_ACC,RSI2,2025-03-10 14:03:00,2025-03-10 14:08:00,1867.55,1868.483775,1870.35,1869.414825,50,LONG,46.55250000000706,-225919.1099999686
cash_ACC,RSI2,2025-03-10 14:20:00,2025-03-10 14:34:00,1871.2,1872.1355999999998,1862.5,1861.5687500000001,50,LONG,-528.3424999999852,-226447.4524999686
cash_ACC,RSI2,2025-03-10 14:38:00,2025-03-10 14:40:00,1859.65,1860.579825,1861.0,1860.0695,50,LONG,-25.51624999999831,-226472.9687499686
cash_ACC,RSI2,2025-03-10 15:15:00,2025-03-10 15:21:00,1858.2,1859.1290999999999,1857.5,1856.5712500000002,50,LONG,-127.89249999998447,-226600.86124996858
cash_ACC,RSI2,2025-03-10 15:28:00,2025-03-11 09:17:00,1857.45,1858.378725,1857.75,1856.8211250000002,50,LONG,-77.87999999999329,-226678.7412499686
cash_ACC,RSI2,2025-03-11 09:55:00,2025-03-11 09:57:00,1869.9,1870.83495,1875.2,1874.2624,50,LONG,171.37250000000677,-226507.3687499686
cash_ACC,RSI2,2025-03-11 10:07:00,2025-03-11 10:13:00,1869.25,1870.1846249999999,1873.45,1872.5132750000002,50,LONG,116.43250000001899,-226390.93624996857
cash_ACC,RSI2,2025-03-11 10:31:00,2025-03-11 10:36:00,1870.0,1870.935,1876.1,1875.16195,50,LONG,211.3474999999994,-226179.58874996856
cash_ACC,RSI2,2025-03-11 10:46:00,2025-03-11 10:48:00,1876.75,1877.688375,1881.85,1880.909075,50,LONG,161.03500000000395,-226018.55374996856
cash_ACC,RSI2,2025-03-11 11:15:00,2025-03-11 11:32:00,1887.0,1887.9434999999999,1884.1,1883.15795,50,LONG,-239.2774999999915,-226257.83124996856
cash_ACC,RSI2,2025-03-11 11:43:00,2025-03-11 11:45:00,1882.4,1883.3412,1885.35,1884.407325,50,LONG,53.30624999999145,-226204.52499996856
cash_ACC,RSI2,2025-03-11 12:02:00,2025-03-11 12:06:00,1888.85,1889.7944249999998,1890.4,1889.4548000000002,50,LONG,-16.98124999998072,-226221.50624996854
cash_ACC,RSI2,2025-03-11 12:18:00,2025-03-11 12:40:00,1886.9,1887.84345,1884.0,1883.058,50,LONG,-239.27250000000413,-226460.77874996854
cash_ACC,RSI2,2025-03-11 12:47:00,2025-03-11 12:55:00,1879.15,1880.089575,1881.85,1880.909075,50,LONG,40.97500000000309,-226419.80374996853
cash_ACC,RSI2,2025-03-11 12:59:00,2025-03-11 13:04:00,1875.85,1876.7879249999999,1877.4,1876.4613000000002,50,LONG,-16.33124999998472,-226436.13499996852
cash_ACC,RSI2,2025-03-11 13:09:00,2025-03-11 13:13:00,1872.7,1873.63635,1874.15,1873.2129250000003,50,LONG,-21.17124999998623,-226457.3062499685
cash_ACC,RSI2,2025-03-11 13:32:00,2025-03-11 13:35:00,1872.95,1873.886475,1874.1,1873.16295,50,LONG,-36.17625000000544,-226493.48249996852
cash_ACC,RSI2,2025-03-11 13:41:00,2025-03-11 13:43:00,1871.95,1872.885975,1873.0,1872.0635000000002,50,LONG,-41.12374999998565,-226534.60624996852
cash_ACC,RSI2,2025-03-11 14:28:00,2025-03-11 14:34:00,1879.05,1879.989525,1879.65,1878.7101750000002,50,LONG,-63.96749999998974,-226598.57374996852
cash_ACC,RSI2,2025-03-11 14:44:00,2025-03-11 14:47:00,1879.0,1879.9395,1880.0,1879.0600000000002,50,LONG,-43.974999999988995,-226642.5487499685
cash_ACC,RSI2,2025-03-11 14:54:00,2025-03-11 14:57:00,1877.65,1878.588825,1879.95,1879.010025,50,LONG,21.059999999999945,-226621.4887499685
cash_ACC,RSI2,2025-03-11 15:04:00,2025-03-11 15:25:00,1879.7,1880.63985,1879.65,1878.7101750000002,50,LONG,-96.48374999999305,-226717.97249996848
cash_ACC,RSI2,2025-03-12 09:22:00,2025-03-12 09:24:00,1873.9,1874.83695,1880.0,1879.0600000000002,50,LONG,211.15250000001424,-226506.81999996846
cash_ACC,RSI2,2025-03-12 09:43:00,2025-03-12 10:18:00,1876.45,1877.388225,1857.0,1856.0715,50,LONG,-1065.8362499999953,-227572.65624996845
cash_ACC,RSI2,2025-03-12 10:32:00,2025-03-12 10:36:00,1840.2,1841.1200999999999,1844.4,1843.4778000000001,50,LONG,117.8850000000125,-227454.77124996844
cash_ACC,RSI2,2025-03-12 10:48:00,2025-03-12 11:00:00,1840.25,1841.1701249999999,1831.6,1830.6842,50,LONG,-524.2962499999976,-227979.06749996843
cash_ACC,RSI2,2025-03-12 11:30:00,2025-03-12 11:34:00,1829.15,1830.0645749999999,1831.15,1830.234425,50,LONG,8.492500000011205,-227970.5749999684
cash_ACC,RSI2,2025-03-12 12:18:00,2025-03-12 12:21:00,1832.0,1832.916,1838.3,1837.38085,50,LONG,223.24250000000347,-227747.3324999684
cash_ACC,RSI2,2025-03-12 12:33:00,2025-03-12 12:38:00,1835.65,1836.567825,1836.5,1835.58175,50,LONG,-49.3037500000014,-227796.6362499684
cash_ACC,RSI2,2025-03-12 12:40:00,2025-03-12 12:44:00,1830.15,1831.065075,1835.8,1834.8821,50,LONG,190.8512500000029,-227605.7849999684
cash_ACC,RSI2,2025-03-12 13:32:00,2025-03-12 13:41:00,1855.7,1856.6278499999999,1852.95,1852.023525,50,LONG,-230.2162499999895,-227836.0012499684
cash_ACC,RSI2,2025-03-12 13:52:00,2025-03-12 13:58:00,1850.6,1851.5252999999998,1851.25,1850.3243750000001,50,LONG,-60.04624999998214,-227896.04749996838
cash_ACC,RSI2,2025-03-12 14:43:00,2025-03-12 14:48:00,1859.15,1860.079575,1859.9,1858.9700500000001,50,LONG,-55.47624999999243,-227951.5237499684
cash_ACC,RSI2,2025-03-12 15:14:00,2025-03-12 15:18:00,1865.1,1866.03255,1866.7,1865.7666500000003,50,LONG,-13.294999999982338,-227964.81874996837
cash_ACC,RSI2,2025-03-12 15:26:00,2025-03-13 09:15:00,1861.0,1861.9305,1871.0,1870.0645000000002,50,LONG,406.7000000000121,-227558.11874996836
cash_ACC,RSI2,2025-03-13 09:29:00,2025-03-13 09:38:00,1862.6,1863.5312999999999,1856.05,1855.121975,50,LONG,-420.46624999999267,-227978.58499996836
cash_ACC,RSI2,2025-03-13 09:48:00,2025-03-13 09:55:00,1850.05,1850.975025,1854.3,1853.37285,50,LONG,119.89125000000058,-227858.69374996837
cash_ACC,RSI2,2025-03-13 10:10:00,2025-03-13 10:12:00,1852.85,1853.7764249999998,1855.1,1854.17245,50,LONG,19.801250000011805,-227838.89249996835
cash_ACC,RSI2,2025-03-13 10:37:00,2025-03-13 10:53:00,1857.85,1858.7789249999998,1857.3,1856.3713500000001,50,LONG,-120.37874999998621,-227959.27124996833
cash_ACC,RSI2,2025-03-13 10:59:00,2025-03-13 11:04:00,1854.25,1855.177125,1853.1,1852.17345,50,LONG,-150.1837499999965,-228109.45499996832
cash_ACC,RSI2,2025-03-13 11:27:00,2025-03-13 11:30:00,1857.55,1858.4787749999998,1858.65,1857.7206750000003,50,LONG,-37.90499999997792,-228147.3599999683
cash_ACC,RSI2,2025-03-13 11:39:00,2025-03-13 11:45:00,1856.3,1857.22815,1856.65,1855.7216750000002,50,LONG,-75.3237499999841,-228222.68374996827
cash_ACC,RSI2,2025-03-13 12:10:00,2025-03-13 12:14:00,1858.65,1859.579325,1861.35,1860.419325,50,LONG,42.000000000007276,-228180.68374996827
cash_ACC,RSI2,2025-03-13 12:31:00,2025-03-13 12:44:00,1855.75,1856.6778749999999,1855.0,1854.0725,50,LONG,-130.26874999999336,-228310.95249996826
cash_ACC,RSI2,2025-03-13 13:01:00,2025-03-13 13:03:00,1860.0,1860.9299999999998,1861.0,1860.0695,50,LONG,-43.02499999998872,-228353.97749996826
cash_ACC,RSI2,2025-03-13 13:41:00,2025-03-13 13:55:00,1859.8,1860.7298999999998,1857.15,1856.2214250000002,50,LONG,-225.42374999998174,-228579.40124996824
cash_ACC,RSI2,2025-03-13 14:07:00,2025-03-13 14:13:00,1859.25,1860.179625,1860.0,1859.0700000000002,50,LONG,-55.48124999999118,-228634.88249996823
cash_ACC,RSI2,2025-03-13 14:21:00,2025-03-13 14:26:00,1856.0,1856.9279999999999,1858.9,1857.9705500000002,50,LONG,52.127500000017335,-228582.7549999682
cash_ACC,RSI2,2025-03-13 14:52:00,2025-03-13 14:53:00,1858.55,1859.479275,1860.85,1859.9195750000001,50,LONG,22.015000000010332,-228560.73999996818
cash_ACC,RSI2,2025-03-13 14:59:00,2025-03-13 15:09:00,1856.4,1857.3282,1855.35,1854.422325,50,LONG,-145.29374999999618,-228706.03374996816
cash_ACC,RSI2,2025-03-13 15:18:00,2025-03-13 15:20:00,1853.05,1853.9765249999998,1855.15,1854.2224250000002,50,LONG,12.295000000017353,-228693.73874996815
cash_ACC,RSI2,2025-03-13 15:27:00,2025-03-17 09:15:00,1853.05,1853.9765249999998,1862.0,1861.0690000000002,50,LONG,354.62375000001884,-228339.11499996812
cash_ACC,RSI2,2025-03-17 09:37:00,2025-03-17 09:41:00,1875.9,1876.83795,1878.55,1877.610725,50,LONG,38.638749999995525,-228300.47624996814
cash_ACC,RSI2,2025-03-17 09:49:00,2025-03-17 09:53:00,1876.0,1876.9379999999999,1876.05,1875.111975,50,LONG,-91.30124999999225,-228391.77749996813
cash_ACC,RSI2,2025-03-17 10:02:00,2025-03-17 10:22:00,1875.65,1876.587825,1873.0,1872.0635000000002,50,LONG,-226.21624999999312,-228617.99374996813
cash_ACC,RSI2,2025-03-17 10:27:00,2025-03-17 10:28:00,1870.6,1871.5352999999998,1872.55,1871.6137250000002,50,LONG,3.921250000018972,-228614.0724999681
cash_ACC,RSI2,2025-03-17 10:43:00,2025-03-17 10:45:00,1869.45,1870.384725,1872.55,1871.6137250000002,50,LONG,61.45000000001346,-228552.6224999681
cash_ACC,RSI2,2025-03-17 11:03:00,2025-03-17 11:15:00,1874.35,1875.2871749999997,1871.0,1870.0645000000002,50,LONG,-261.1337499999763,-228813.75624996808
cash_ACC,RSI2,2025-03-17 11:52:00,2025-03-17 11:59:00,1870.7,1871.63535,1870.55,1869.6147250000001,50,LONG,-101.03124999999409,-228914.78749996808
cash_ACC,RSI2,2025-03-17 12:14:00,2025-03-17 12:22:00,1868.1,1869.0340499999998,1866.3,1865.36685,50,LONG,-183.35999999998194,-229098.14749996806
cash_ACC,RSI2,2025-03-17 12:52:00,2025-03-17 12:57:00,1869.5,1870.43475,1870.25,1869.314875,50,LONG,-55.99374999999327,-229154.14124996806
cash_ACC,RSI2,2025-03-17 13:07:00,2025-03-17 13:11:00,1868.5,1869.4342499999998,1870.2,1869.2649000000001,50,LONG,-8.467499999983374,-229162.60874996803
cash_ACC,RSI2,2025-03-17 13:42:00,2025-03-17 13:45:00,1873.85,1874.7869249999999,1875.2,1874.2624,50,LONG,-26.226249999990614,-229188.834999968
cash_ACC,RSI2,2025-03-17 14:58:00,2025-03-17 15:00:00,1883.95,1884.891975,1885.45,1884.5072750000002,50,LONG,-19.234999999991942,-229208.069999968
cash_ACC,RSI2,2025-03-17 15:04:00,2025-03-17 15:06:00,1882.55,1883.4912749999999,1883.85,1882.908075,50,LONG,-29.159999999990305,-229237.229999968
cash_ACC,RSI2,2025-03-18 09:15:00,2025-03-18 09:16:00,1881.0,1881.9405,1889.4,1888.4553000000003,50,LONG,325.7400000000189,-228911.48999996798
cash_ACC,RSI2,2025-03-18 09:37:00,2025-03-18 09:38:00,1896.65,1897.598325,1900.1,1899.14995,50,LONG,77.58125000000291,-228833.908749968
cash_ACC,RSI2,2025-03-18 09:46:00,2025-03-18 09:51:00,1900.1,1901.0500499999998,1900.0,1899.0500000000002,50,LONG,-100.00249999998232,-228933.91124996796
cash_ACC,RSI2,2025-03-18 10:19:00,2025-03-18 10:27:00,1900.3,1901.2501499999998,1897.9,1896.9510500000001,50,LONG,-214.95499999998628,-229148.86624996795
cash_ACC,RSI2,2025-03-18 10:41:00,2025-03-18 10:49:00,1897.65,1898.598825,1895.5,1894.5522500000002,50,LONG,-202.3287499999924,-229351.19499996793
cash_ACC,RSI2,2025-03-18 10:56:00,2025-03-18 11:06:00,1893.5,1894.4467499999998,1893.0,1892.0535000000002,50,LONG,-119.66249999998126,-229470.8574999679
cash_ACC,RSI2,2025-03-18 11:11:00,2025-03-18 11:13:00,1890.7,1891.64535,1892.5,1891.55375,50,LONG,-4.579999999998563,-229475.4374999679
cash_ACC,RSI2,2025-03-18 11:18:00,2025-03-18 11:25:00,1890.5,1891.44525,1892.5,1891.55375,50,LONG,5.425000000002456,-229470.0124999679
cash_ACC,RSI2,2025-03-18 11:38:00,2025-03-18 11:45:00,1893.05,1893.9965249999998,1892.4,1891.4538000000002,50,LONG,-127.13624999997819,-229597.1487499679
cash_ACC,RSI2,2025-03-18 11:56:00,2025-03-18 12:09:00,1888.9,1889.84445,1886.4,1885.4568000000002,50,LONG,-219.3824999999947,-229816.5312499679
cash_ACC,RSI2,2025-03-18 12:20:00,2025-03-18 12:21:00,1883.45,1884.391725,1884.4,1883.4578000000001,50,LONG,-46.69624999999087,-229863.22749996788
cash_ACC,RSI2,2025-03-18 12:31:00,2025-03-18 12:32:00,1881.55,1882.4907749999998,1883.0,1882.0585,50,LONG,-21.613749999983156,-229884.84124996787
cash_ACC,RSI2,2025-03-18 13:05:00,2025-03-18 13:14:00,1880.5,1881.4402499999999,1880.5,1879.5597500000001,50,LONG,-94.02499999998781,-229978.86624996786
cash_ACC,RSI2,2025-03-18 14:04:00,2025-03-18 14:06:00,1879.5,1880.43975,1879.9,1878.9600500000001,50,LONG,-73.9849999999933,-230052.85124996785
cash_ACC,RSI2,2025-03-18 14:11:00,2025-03-18 14:13:00,1879.1,1880.0395499999997,1879.9,1878.9600500000001,50,LONG,-53.9749999999799,-230106.82624996782
cash_ACC,RSI2,2025-03-18 14:35:00,2025-03-18 14:37:00,1878.7,1879.63935,1879.2,1878.2604000000001,50,LONG,-68.94749999999021,-230175.7737499678
cash_ACC,RSI2,2025-03-18 14:51:00,2025-03-18 14:56:00,1877.15,1878.088575,1876.95,1876.0115250000001,50,LONG,-103.8524999999936,-230279.62624996778
cash_ACC,RSI2,2025-03-18 15:20:00,2025-03-18 15:25:00,1880.0,1880.9399999999998,1880.6,1879.6597,50,LONG,-64.01499999999487,-230343.64124996777
cash_ACC,RSI2,2025-03-19 09:24:00,2025-03-19 09:28:00,1888.0,1888.944,1889.3,1888.35535,50,LONG,-29.432499999995798,-230373.07374996776
cash_ACC,RSI2,2025-03-19 09:39:00,2025-03-19 09:42:00,1891.35,1892.2956749999998,1895.4,1894.4523000000002,50,LONG,107.83125000001519,-230265.24249996775
cash_ACC,RSI2,2025-03-19 10:11:00,2025-03-19 10:14:00,1898.2,1899.1490999999999,1899.0,1898.0505,50,LONG,-54.92999999999029,-230320.17249996774
cash_ACC,RSI2,2025-03-19 10:28:00,2025-03-19 10:30:00,1897.65,1898.598825,1901.25,1900.299375,50,LONG,85.02750000000106,-230235.14499996774
cash_ACC,RSI2,2025-03-19 10:48:00,2025-03-19 10:51:00,1902.0,1902.9509999999998,1903.0,1902.0485,50,LONG,-45.12499999998454,-230280.2699999677
cash_ACC,RSI2,2025-03-19 10:56:00,2025-03-19 11:06:00,1900.6,1901.5502999999999,1900.0,1899.0500000000002,50,LONG,-125.01499999998487,-230405.2849999677
cash_ACC,RSI2,2025-03-19 11:18:00,2025-03-19 11:20:00,1898.05,1898.9990249999998,1899.7,1898.75015,50,LONG,-12.44374999998854,-230417.72874996767
cash_ACC,RSI2,2025-03-19 11:23:00,2025-03-19 11:31:00,1896.65,1897.598325,1898.05,1897.100975,50,LONG,-24.86749999999347,-230442.59624996767
cash_ACC,RSI2,2025-03-19 11:58:00,2025-03-19 12:11:00,1896.05,1896.9980249999999,1899.65,1898.7001750000002,50,LONG,85.10750000001508,-230357.48874996766
cash_ACC,RSI2,2025-03-19 12:40:00,2025-03-19 12:43:00,1900.05,1901.0000249999998,1900.85,1899.899575,50,LONG,-55.02249999999549,-230412.51124996765
cash_ACC,RSI2,2025-03-19 12:44:00,2025-03-19 12:47:00,1897.65,1898.598825,1900.95,1899.9995250000002,50,LONG,70.03500000000713,-230342.47624996764
cash_ACC,RSI2,2025-03-19 13:03:00,2025-03-19 13:10:00,1900.0,1900.9499999999998,1900.0,1899.0500000000002,50,LONG,-94.99999999998181,-230437.4762499676
cash_ACC,RSI2,2025-03-19 13:18:00,2025-03-19 13:20:00,1898.95,1899.899475,1900.45,1899.4997750000002,50,LONG,-19.984999999985575,-230457.4612499676
cash_ACC,RSI2,2025-03-19 14:13:00,2025-03-19 14:21:00,1905.2,1906.1526,1903.5,1902.54825,50,LONG,-180.21749999999201,-230637.6787499676
cash_ACC,RSI2,2025-03-19 14:32:00,2025-03-19 14:36:00,1903.0,1903.9515,1902.95,1901.9985250000002,50,LONG,-97.64874999998483,-230735.3274999676
cash_ACC,RSI2,2025-03-19 14:57:00,2025-03-19 15:08:00,1906.15,1907.103075,1900.35,1899.399825,50,LONG,-385.1625000000013,-231120.4899999676
cash_ACC,RSI2,2025-03-19 15:11:00,2025-03-19 15:14:00,1899.4,1900.3497,1899.75,1898.8001250000002,50,LONG,-77.47874999998885,-231197.96874996758
cash_ACC,RSI2,2025-03-19 15:27:00,2025-03-20 09:15:00,1897.75,1898.6988749999998,1907.2,1906.2464000000002,50,LONG,377.37625000002026,-230820.59249996755
cash_ACC,RSI2,2025-03-20 09:26:00,2025-03-20 09:31:00,1899.0,1899.9495,1903.0,1902.0485,50,LONG,104.950000000008,-230715.64249996754
cash_ACC,RSI2,2025-03-20 09:42:00,2025-03-20 09:47:00,1900.05,1901.0000249999998,1902.6,1901.6487,50,LONG,32.43375000000697,-230683.20874996754
cash_ACC,RSI2,2025-03-20 10:02:00,2025-03-20 10:13:00,1897.7,1898.64885,1892.3,1891.35385,50,LONG,-364.75000000000364,-231047.95874996754
cash_ACC,RSI2,2025-03-20 10:37:00,2025-03-20 10:40:00,1895.3,1896.2476499999998,1895.9,1894.95205,50,LONG,-64.77999999998474,-231112.73874996754
cash_ACC,RSI2,2025-03-20 10:41:00,2025-03-20 10:55:00,1893.45,1894.3967249999998,1886.95,1886.0065250000002,50,LONG,-419.50999999997975,-231532.24874996752
cash_ACC,RSI2,2025-03-20 11:19:00,2025-03-20 11:23:00,1891.55,1892.4957749999999,1891.85,1890.904075,50,LONG,-79.58499999999731,-231611.8337499675
cash_ACC,RSI2,2025-03-20 12:04:00,2025-03-20 12:06:00,1892.0,1892.946,1892.4,1891.4538000000002,50,LONG,-74.60999999998421,-231686.4437499675
cash_ACC,RSI2,2025-03-20 12:14:00,2025-03-20 12:18:00,1889.7,1890.64485,1890.0,1889.055,50,LONG,-79.4924999999921,-231765.9362499675
cash_ACC,RSI2,2025-03-20 12:51:00,2025-03-20 12:55:00,1896.05,1896.9980249999999,1897.25,1896.301375,50,LONG,-34.83249999999316,-231800.76874996748
cash_ACC,RSI2,2025-03-20 13:01:00,2025-03-20 13:09:00,1893.9,1894.8469499999999,1894.9,1893.9525500000002,50,LONG,-44.719999999983884,-231845.48874996745
cash_ACC,RSI2,2025-03-20 13:21:00,2025-03-20 13:22:00,1895.2,1896.1476,1896.8,1895.8516,50,LONG,-14.800000000002456,-231860.28874996744
cash_ACC,RSI2,2025-03-20 13:30:00,2025-03-20 13:32:00,1896.4,1897.3482,1896.95,1896.0015250000001,50,LONG,-67.33374999998887,-231927.62249996743
cash_ACC,RSI2,2025-03-20 13:36:00,2025-03-20 13:47:00,1895.9,1896.84795,1893.0,1892.0535000000002,50,LONG,-239.7224999999935,-232167.34499996743
cash_ACC,RSI2,2025-03-20 13:54:00,2025-03-20 13:59:00,1892.65,1893.596325,1893.05,1892.1034750000001,50,LONG,-74.6424999999931,-232241.98749996742
cash_ACC,RSI2,2025-03-20 14:08:00,2025-03-20 14:12:00,1893.0,1893.9464999999998,1893.0,1892.0535000000002,50,LONG,-94.64999999997872,-232336.6374999674
cash_ACC,RSI2,2025-03-20 14:18:00,2025-03-20 14:23:00,1890.9,1891.84545,1893.05,1892.1034750000001,50,LONG,12.901250000004438,-232323.7362499674
cash_ACC,RSI2,2025-03-20 14:36:00,2025-03-20 14:45:00,1893.6,1894.5467999999998,1892.8,1891.8536000000001,50,LONG,-134.6599999999853,-232458.39624996737
cash_ACC,RSI2,2025-03-20 14:48:00,2025-03-20 14:50:00,1891.85,1892.795925,1892.95,1892.003525,50,LONG,-39.619999999990796,-232498.01624996736
cash_ACC,RSI2,2025-03-20 14:58:00,2025-03-20 15:02:00,1888.0,1888.944,1888.7,1887.75565,50,LONG,-59.417499999995016,-232557.43374996734
cash_ACC,RSI2,2025-03-20 15:16:00,2025-03-20 15:22:00,1887.95,1888.893975,1888.4,1887.4558000000002,50,LONG,-71.90874999998869,-232629.34249996734
cash_ACC,RSI2,2025-03-21 09:47:00,2025-03-21 09:58:00,1893.1,1894.0465499999998,1891.8,1890.8541,50,LONG,-159.62249999998903,-232788.96499996734
cash_ACC,RSI2,2025-03-21 11:10:00,2025-03-21 11:17:00,1898.3,1899.2491499999999,1896.75,1895.801625,50,LONG,-172.3762499999907,-232961.34124996734
cash_ACC,RSI2,2025-03-21 11:36:00,2025-03-21 11:50:00,1897.85,1898.7989249999998,1894.0,1893.053,50,LONG,-287.2962499999858,-233248.63749996733
cash_ACC,RSI2,2025-03-21 12:09:00,2025-03-21 12:11:00,1898.65,1899.599325,1900.95,1899.9995250000002,50,LONG,20.010000000013406,-233228.62749996732
cash_ACC,RSI2,2025-03-21 12:49:00,2025-03-21 12:51:00,1910.55,1911.5052749999998,1912.15,1911.1939250000003,50,LONG,-15.567499999974643,-233244.1949999673
cash_ACC,RSI2,2025-03-21 13:03:00,2025-03-21 13:09:00,1912.05,1913.006025,1912.5,1911.54375,50,LONG,-73.11374999999316,-233317.30874996728
cash_ACC,RSI2,2025-03-21 13:15:00,2025-03-21 13:22:00,1909.1,1910.0545499999998,1907.4,1906.4463000000003,50,LONG,-180.41249999997717,-233497.72124996726
cash_ACC,RSI2,2025-03-21 13:33:00,2025-03-21 13:39:00,1908.85,1909.8044249999998,1907.0,1906.0465000000002,50,LONG,-187.89624999998296,-233685.61749996725
cash_ACC,RSI2,2025-03-21 13:49:00,2025-03-21 13:56:00,1904.45,1905.402225,1904.1,1903.14795,50,LONG,-112.71375000000035,-233798.33124996725
cash_ACC,RSI2,2025-03-21 14:35:00,2025-03-21 14:43:00,1916.55,1917.508275,1915.95,1914.9920250000002,50,LONG,-125.81249999998363,-233924.14374996722
cash_ACC,RSI2,2025-03-21 15:15:00,2025-03-21 15:19:00,1915.05,1916.0075249999998,1915.6,1914.6422,50,LONG,-68.26624999998785,-233992.4099999672
cash_ACC,RSI2,2025-03-21 15:26:00,2025-03-21 15:28:00,1915.05,1916.0075249999998,1916.0,1915.0420000000001,50,LONG,-48.27624999998079,-234040.6862499672
cash_ACC,RSI2,2025-03-24 09:30:00,2025-03-24 09:42:00,1922.2,1923.1611,1915.55,1914.592225,50,LONG,-428.4437499999967,-234469.1299999672
cash_ACC,RSI2,2025-03-24 10:23:00,2025-03-24 10:26:00,1930.95,1931.915475,1932.35,1931.3838250000001,50,LONG,-26.58249999999498,-234495.7124999672
cash_ACC,RSI2,2025-03-24 10:29:00,2025-03-24 10:30:00,1929.05,1930.0145249999998,1935.35,1934.382325,50,LONG,218.3900000000108,-234277.32249996718
cash_ACC,RSI2,2025-03-24 10:38:00,2025-03-24 10:41:00,1932.0,1932.966,1932.9,1931.9335500000002,50,LONG,-51.62249999998494,-234328.94499996718
cash_ACC,RSI2,2025-03-24 10:45:00,2025-03-24 10:53:00,1929.0,1929.9644999999998,1928.1,1927.13595,50,LONG,-141.42749999998614,-234470.37249996717
cash_ACC,RSI2,2025-03-24 11:10:00,2025-03-24 11:15:00,1923.85,1924.8119249999997,1924.4,1923.4378000000002,50,LONG,-68.70624999997972,-234539.07874996716
cash_ACC,RSI2,2025-03-24 11:39:00,2025-03-24 11:41:00,1926.2,1927.1631,1928.5,1927.53575,50,LONG,18.632500000001073,-234520.44624996715
cash_ACC,RSI2,2025-03-24 12:03:00,2025-03-24 12:10:00,1927.5,1928.46375,1929.0,1928.0355000000002,50,LONG,-21.412499999985357,-234541.85874996713
cash_ACC,RSI2,2025-03-24 12:52:00,2025-03-24 12:59:00,1932.7,1933.66635,1933.9,1932.93305,50,LONG,-36.6649999999936,-234578.5237499671
cash_ACC,RSI2,2025-03-24 13:05:00,2025-03-24 13:11:00,1931.8,1932.7658999999999,1936.15,1935.181925,50,LONG,120.8012500000109,-234457.7224999671
cash_ACC,RSI2,2025-03-24 13:31:00,2025-03-24 13:39:00,1936.75,1937.718375,1937.0,1936.0315,50,LONG,-84.34374999999363,-234542.0662499671
cash_ACC,RSI2,2025-03-24 14:25:00,2025-03-24 14:32:00,1940.0,1940.9699999999998,1940.85,1939.879575,50,LONG,-54.521249999993415,-234596.58749996708
cash_ACC,RSI2,2025-03-24 14:35:00,2025-03-24 14:39:00,1937.5,1938.46875,1937.55,1936.5812250000001,50,LONG,-94.37624999999343,-234690.96374996708
cash_ACC,RSI2,2025-03-24 14:50:00,2025-03-24 14:51:00,1936.2,1937.1680999999999,1937.4,1936.4313000000002,50,LONG,-36.839999999983775,-234727.80374996708
cash_ACC,RSI2,2025-03-24 14:58:00,2025-03-24 15:09:00,1936.0,1936.9679999999998,1933.5,1932.5332500000002,50,LONG,-221.73749999998336,-234949.54124996706
cash_ACC,RSI2,2025-03-25 09:26:00,2025-03-25 09:30:00,1945.05,1946.0225249999999,1944.5,1943.5277500000002,50,LONG,-124.73874999998316,-235074.27999996705
cash_ACC,RSI2,2025-03-25 09:51:00,2025-03-25 09:57:00,1956.85,1957.8284249999997,1956.2,1955.2219000000002,50,LONG,-130.32624999997324,-235204.60624996704
cash_ACC,RSI2,2025-03-25 10:13:00,2025-03-25 10:21:00,1952.0,1952.9759999999999,1952.1,1951.12395,50,LONG,-92.60249999999814,-235297.20874996705
cash_ACC,RSI2,2025-03-25 10:36:00,2025-03-25 10:43:00,1949.75,1950.7248749999999,1943.2,1942.2284000000002,50,LONG,-424.82374999998456,-235722.03249996703
cash_ACC,RSI2,2025-03-25 10:55:00,2025-03-25 11:00:00,1946.1,1947.0730499999997,1947.6,1946.6262,50,LONG,-22.34249999999065,-235744.37499996703
cash_ACC,RSI2,2025-03-25 11:09:00,2025-03-25 11:10:00,1946.05,1947.0230249999997,1950.0,1949.025,50,LONG,100.09875000001784,-235644.27624996702
cash_ACC,RSI2,2025-03-25 11:23:00,2025-03-25 11:31:00,1944.8,1945.7723999999998,1943.5,1942.52825,50,LONG,-162.20749999998816,-235806.483749967
cash_ACC,RSI2,2025-03-25 11:43:00,2025-03-25 11:46:00,1940.55,1941.5202749999999,1943.25,1942.278375,50,LONG,37.90500000001202,-235768.578749967
cash_ACC,RSI2,2025-03-25 11:50:00,2025-03-25 11:53:00,1940.0,1940.9699999999998,1943.0,1942.0285000000001,50,LONG,52.9250000000161,-235715.653749967
cash_ACC,RSI2,2025-03-25 12:11:00,2025-03-25 12:14:00,1946.65,1947.623325,1948.0,1947.026,50,LONG,-29.866249999997763,-235745.519999967
cash_ACC,RSI2,2025-03-25 12:19:00,2025-03-25 12:22:00,1945.35,1946.322675,1946.35,1945.376825,50,LONG,-47.29249999999183,-235792.81249996697
cash_ACC,RSI2,2025-03-25 12:36:00,2025-03-25 12:38:00,1944.15,1945.122075,1946.8,1945.8266,50,LONG,35.226250000005166,-235757.58624996696
cash_ACC,RSI2,2025-03-25 12:43:00,2025-03-25 12:44:00,1944.65,1945.622325,1946.6,1945.6267,50,LONG,0.2187499999990905,-235757.36749996696
cash_ACC,RSI2,2025-03-25 12:49:00,2025-03-25 12:58:00,1944.5,1945.4722499999998,1945.85,1944.877075,50,LONG,-29.758749999984957,-235787.12624996694
cash_ACC,RSI2,2025-03-25 13:05:00,2025-03-25 13:13:00,1945.0,1945.9724999999999,1944.55,1943.577725,50,LONG,-119.7387499999877,-235906.86499996693
cash_ACC,RSI2,2025-03-25 13:16:00,2025-03-25 13:20:00,1941.0,1941.9705,1941.2,1940.2294000000002,50,LONG,-87.05499999998665,-235993.91999996692
cash_ACC,RSI2,2025-03-25 13:33:00,2025-03-25 13:35:00,1942.0,1942.971,1943.2,1942.2284000000002,50,LONG,-37.12999999999056,-236031.04999996693
cash_ACC,RSI2,2025-03-25 13:46:00,2025-03-25 13:47:00,1941.25,1942.220625,1943.1,1942.12845,50,LONG,-4.608749999999873,-236035.65874996694
cash_ACC,RSI2,2025-03-25 14:21:00,2025-03-25 14:33:00,1945.7,1946.67285,1944.35,1943.377825,50,LONG,-164.7512499999948,-236200.40999996694
cash_ACC,RSI2,2025-03-25 14:42:00,2025-03-25 14:57:00,1939.0,1939.9695,1936.65,1935.6816750000003,50,LONG,-214.39124999998285,-236414.80124996693
cash_ACC,RSI2,2025-03-25 15:04:00,2025-03-25 15:09:00,1932.75,1933.716375,1935.0,1934.0325,50,LONG,15.80625000000282,-236398.99499996693
cash_ACC,RSI2,2025-03-25 15:15:00,2025-03-25 15:28:00,1932.8,1933.7663999999997,1927.55,1926.586225,50,LONG,-359.0087499999868,-236758.0037499669
cash_ACC,RSI2,2025-03-26 09:31:00,2025-03-26 09:42:00,1940.0,1940.9699999999998,1939.2,1938.2304000000001,50,LONG,-136.97999999998274,-236894.9837499669
cash_ACC,RSI2,2025-03-26 09:45:00,2025-03-26 09:49:00,1931.95,1932.915975,1934.95,1933.9825250000001,50,LONG,53.327500000011696,-236841.65624996688
cash_ACC,RSI2,2025-03-26 10:24:00,2025-03-26 10:32:00,1945.45,1946.422725,1943.85,1942.878075,50,LONG,-177.23249999999098,-237018.88874996686
cash_ACC,RSI2,2025-03-26 10:40:00,2025-03-26 10:43:00,1943.5,1944.47175,1945.7,1944.7271500000002,50,LONG,12.770000000011805,-237006.11874996684
cash_ACC,RSI2,2025-03-26 11:02:00,2025-03-26 11:08:00,1947.0,1947.9734999999998,1943.35,1942.378325,50,LONG,-279.7587499999963,-237285.87749996685
cash_ACC,RSI2,2025-03-26 11:29:00,2025-03-26 11:30:00,1947.4,1948.3736999999999,1948.85,1947.875575,50,LONG,-24.90624999999227,-237310.78374996685
cash_ACC,RSI2,2025-03-26 11:46:00,2025-03-26 11:54:00,1945.9,1946.87295,1946.7,1945.72665,50,LONG,-57.31499999999414,-237368.09874996686
cash_ACC,RSI2,2025-03-26 11:58:00,2025-03-26 12:05:00,1942.35,1943.3211749999998,1941.5,1940.52925,50,LONG,-139.59624999998823,-237507.69499996686
cash_ACC,RSI2,2025-03-26 12:59:00,2025-03-26 13:13:00,1948.7,1949.67435,1942.0,1941.029,50,LONG,-432.2675000000004,-237939.96249996684
cash_ACC,RSI2,2025-03-26 13:18:00,2025-03-26 13:21:00,1939.15,1940.119575,1942.55,1941.578725,50,LONG,72.9575000000068,-237867.00499996683
cash_ACC,RSI2,2025-03-26 13:34:00,2025-03-26 13:49:00,1940.95,1941.920475,1938.3,1937.33085,50,LONG,-229.4812499999921,-238096.4862499668
cash_ACC,RSI2,2025-03-26 14:17:00,2025-03-26 14:21:00,1945.0,1945.9724999999999,1944.0,1943.028,50,LONG,-147.22499999999172,-238243.71124996681
cash_ACC,RSI2,2025-03-26 14:28:00,2025-03-26 14:37:00,1941.0,1941.9705,1939.75,1938.780125,50,LONG,-159.51874999999518,-238403.2299999668
cash_ACC,RSI2,2025-03-26 14:43:00,2025-03-26 14:48:00,1937.6,1938.5687999999998,1940.65,1939.679675,50,LONG,55.54375000001528,-238347.6862499668
cash_ACC,RSI2,2025-03-26 14:53:00,2025-03-26 15:07:00,1935.05,1936.0175249999998,1933.2,1932.2334,50,LONG,-189.2062499999838,-238536.89249996678
cash_ACC,RSI2,2025-03-26 15:16:00,2025-03-26 15:20:00,1932.15,1933.116075,1934.05,1933.082975,50,LONG,-1.6549999999938336,-238538.54749996678
cash_ACC,RSI2,2025-03-26 15:26:00,2025-03-26 15:29:00,1932.45,1933.416225,1936.65,1935.6816750000003,50,LONG,113.27250000001641,-238425.27499996676
cash_ACC,RSI2,2025-03-27 09:16:00,2025-03-27 09:18:00,1925.85,1926.8129249999997,1934.15,1933.1829250000003,50,LONG,318.50000000002865,-238106.77499996673
cash_ACC,RSI2,2025-03-27 09:42:00,2025-03-27 09:49:00,1939.45,1940.419725,1939.4,1938.4303000000002,50,LONG,-99.47124999998778,-238206.24624996673
cash_ACC,RSI2,2025-03-27 09:57:00,2025-03-27 10:04:00,1938.0,1938.9689999999998,1937.45,1936.481275,50,LONG,-124.38624999998638,-238330.6324999667
cash_ACC,RSI2,2025-03-27 10:15:00,2025-03-27 10:21:00,1934.05,1935.0170249999999,1935.1,1934.13245,50,LONG,-44.22874999999067,-238374.8612499667
cash_ACC,RSI2,2025-03-27 10:46:00,2025-03-27 11:00:00,1935.15,1936.117575,1933.9,1932.93305,50,LONG,-159.2262499999947,-238534.0874999667
cash_ACC,RSI2,2025-03-27 12:00:00,2025-03-27 12:11:00,1941.45,1942.420725,1940.85,1939.879575,50,LONG,-127.0575000000008,-238661.1449999667
cash_ACC,RSI2,2025-03-27 12:20:00,2025-03-27 12:41:00,1939.0,1939.9695,1937.2,1936.2314000000001,50,LONG,-186.9049999999902,-238848.0499999667
cash_ACC,RSI2,2025-03-27 12:52:00,2025-03-27 12:55:00,1937.55,1938.5187749999998,1938.5,1937.5307500000001,50,LONG,-49.40124999998261,-238897.4512499667
cash_ACC,RSI2,2025-03-27 13:03:00,2025-03-27 13:06:00,1936.65,1937.618325,1937.55,1936.5812250000001,50,LONG,-51.854999999989104,-238949.30624996667
cash_ACC,RSI2,2025-03-27 13:52:00,2025-03-27 13:55:00,1937.1,1938.0685499999997,1938.0,1937.0310000000002,50,LONG,-51.87749999997777,-239001.18374996664
cash_ACC,RSI2,2025-03-27 14:08:00,2025-03-27 14:09:00,1936.0,1936.9679999999998,1938.85,1937.880575,50,LONG,45.62875000000304,-238955.55499996664
cash_ACC,RSI2,2025-03-27 14:41:00,2025-03-27 14:48:00,1952.55,1953.526275,1955.7,1954.72215,50,LONG,59.79375000000573,-238895.76124996663
cash_ACC,RSI2,2025-03-27 15:00:00,2025-03-27 15:01:00,1958.2,1959.1790999999998,1960.75,1959.7696250000001,50,LONG,29.526250000014898,-238866.2349999666
cash_ACC,RSI2,2025-03-27 15:21:00,2025-03-27 15:27:00,1962.8,1963.7813999999998,1963.95,1962.9680250000001,50,LONG,-40.668749999986176,-238906.9037499666
cash_ACC,RSI2,2025-03-28 09:26:00,2025-03-28 09:32:00,1974.25,1975.2371249999999,1971.9,1970.91405,50,LONG,-216.1537499999895,-239123.05749996658
cash_ACC,RSI2,2025-03-28 09:36:00,2025-03-28 09:43:00,1968.25,1969.234125,1962.7,1961.7186500000003,50,LONG,-375.77374999998483,-239498.83124996658
cash_ACC,RSI2,2025-03-28 10:00:00,2025-03-28 10:02:00,1963.05,1964.0315249999999,1964.95,1963.9675250000003,50,LONG,-3.1999999999811735,-239502.03124996656
cash_ACC,RSI2,2025-03-28 10:05:00,2025-03-28 10:17:00,1961.9,1962.88095,1957.95,1956.971025,50,LONG,-295.4962499999965,-239797.52749996656
cash_ACC,RSI2,2025-03-28 10:44:00,2025-03-28 10:52:00,1965.1,1966.0825499999999,1964.95,1963.9675250000003,50,LONG,-105.75124999998025,-239903.27874996653
cash_ACC,RSI2,2025-03-28 11:05:00,2025-03-28 11:10:00,1958.15,1959.129075,1959.05,1958.070475,50,LONG,-52.930000000003474,-239956.20874996652
cash_ACC,RSI2,2025-03-28 11:13:00,2025-03-28 11:20:00,1952.0,1952.9759999999999,1952.55,1951.573725,50,LONG,-70.11374999999589,-240026.3224999665
cash_ACC,RSI2,2025-03-28 11:34:00,2025-03-28 11:36:00,1946.95,1947.9234749999998,1949.05,1948.075475,50,LONG,7.6000000000135515,-240018.7224999665
cash_ACC,RSI2,2025-03-28 11:40:00,2025-03-28 11:41:00,1947.85,1948.8239249999997,1951.65,1950.674175,50,LONG,92.51250000002074,-239926.2099999665
cash_ACC,RSI2,2025-03-28 12:14:00,2025-03-28 12:37:00,1950.3,1951.27515,1938.5,1937.5307500000001,50,LONG,-687.2199999999907,-240613.4299999665
cash_ACC,RSI2,2025-03-28 13:03:00,2025-03-28 13:06:00,1937.0,1937.9685,1937.65,1936.6811750000002,50,LONG,-64.36624999998912,-240677.7962499665
cash_ACC,RSI2,2025-03-28 13:11:00,2025-03-28 13:21:00,1934.2,1935.1671,1935.5,1934.5322500000002,50,LONG,-31.742499999984375,-240709.53874996648
cash_ACC,RSI2,2025-03-28 13:32:00,2025-03-28 13:34:00,1933.1,1934.0665499999998,1936.0,1935.0320000000002,50,LONG,48.27250000001868,-240661.26624996646
cash_ACC,RSI2,2025-03-28 13:41:00,2025-03-28 13:53:00,1931.1,1932.0655499999998,1929.45,1928.4852750000002,50,LONG,-179.0137499999787,-240840.27999996644
cash_ACC,RSI2,2025-03-28 13:58:00,2025-03-28 14:11:00,1926.0,1926.963,1924.75,1923.7876250000002,50,LONG,-158.76874999999018,-240999.04874996643
cash_ACC,RSI2,2025-03-28 14:34:00,2025-03-28 14:38:00,1932.45,1933.416225,1934.8,1933.8326,50,LONG,20.81875000000082,-240978.22999996642
cash_ACC,RSI2,2025-03-28 14:48:00,2025-03-28 14:50:00,1934.35,1935.317175,1937.75,1936.7811250000002,50,LONG,73.19750000001477,-240905.03249996642
cash_ACC,RSI2,2025-03-28 15:01:00,2025-03-28 15:04:00,1931.35,1932.3156749999998,1934.95,1933.9825250000001,50,LONG,83.34250000001475,-240821.6899999664
cash_ACC,RSI2,2025-04-01 09:37:00,2025-04-01 09:41:00,1955.8,1956.7778999999998,1957.2,1956.2214000000001,50,LONG,-27.824999999984357,-240849.51499996637
cash_ACC,RSI2,2025-04-01 09:49:00,2025-04-01 09:53:00,1953.0,1953.9765,1952.9,1951.9235500000002,50,LONG,-102.64749999998912,-240952.16249996636
cash_ACC,RSI2,2025-04-01 09:57:00,2025-04-01 09:59:00,1948.0,1948.974,1949.8,1948.8251,50,LONG,-7.444999999995616,-240959.60749996637
cash_ACC,RSI2,2025-04-01 10:11:00,2025-04-01 10:16:00,1948.25,1949.224125,1948.2,1947.2259000000001,50,LONG,-99.91124999999101,-241059.51874996637
cash_ACC,RSI2,2025-04-01 10:23:00,2025-04-01 10:36:00,1948.1,1949.0740499999997,1940.2,1939.2299,50,LONG,-492.2074999999836,-241551.72624996636
cash_ACC,RSI2,2025-04-01 10:56:00,2025-04-01 11:02:00,1941.25,1942.220625,1944.0,1943.028,50,LONG,40.36875000000464,-241511.35749996637
cash_ACC,RSI2,2025-04-01 12:01:00,2025-04-01 12:06:00,1940.5,1941.4702499999999,1941.25,1940.279375,50,LONG,-59.543749999988904,-241570.90124996635
cash_ACC,RSI2,2025-04-01 12:22:00,2025-04-01 12:26:00,1948.85,1949.8244249999998,1951.0,1950.0245000000002,50,LONG,10.003750000021228,-241560.89749996632
cash_ACC,RSI2,2025-04-01 12:49:00,2025-04-01 12:50:00,1953.0,1953.9765,1953.9,1952.92305,50,LONG,-52.672499999994216,-241613.5699999663
cash_ACC,RSI2,2025-04-01 13:00:00,2025-04-01 13:03:00,1950.2,1951.1751,1951.9,1950.9240500000003,50,LONG,-12.552499999981137,-241626.1224999663
cash_ACC,RSI2,2025-04-01 13:08:00,2025-04-01 13:11:00,1950.6,1951.5752999999997,1951.35,1950.374325,50,LONG,-60.048749999987194,-241686.17124996628
cash_ACC,RSI2,2025-04-01 13:19:00,2025-04-01 13:21:00,1946.25,1947.223125,1949.75,1948.7751250000001,50,LONG,77.60000000000673,-241608.57124996628
cash_ACC,RSI2,2025-04-01 13:26:00,2025-04-01 13:29:00,1947.0,1947.9734999999998,1948.5,1947.52575,50,LONG,-22.387499999990723,-241630.95874996626
cash_ACC,RSI2,2025-04-01 13:48:00,2025-04-01 13:50:00,1948.75,1949.7243749999998,1950.95,1949.974525,50,LONG,12.50750000001517,-241618.45124996625
cash_ACC,RSI2,2025-04-01 14:08:00,2025-04-01 14:12:00,1949.35,1950.3246749999998,1951.15,1950.1744250000002,50,LONG,-7.512499999984357,-241625.96374996623
cash_ACC,RSI2,2025-04-01 14:56:00,2025-04-01 14:58:00,1951.15,1952.125575,1952.8,1951.8236000000002,50,LONG,-15.098749999992833,-241641.06249996624
cash_ACC,RSI2,2025-04-01 15:13:00,2025-04-01 15:25:00,1951.05,1952.0255249999998,1951.35,1950.374325,50,LONG,-82.55999999998949,-241723.62249996624
cash_ACC,RSI2,2025-04-02 09:15:00,2025-04-02 09:26:00,1943.2,1944.1716,1933.65,1932.6831750000001,50,LONG,-574.421249999989,-242298.04374996622
cash_ACC,RSI2,2025-04-02 09:45:00,2025-04-02 09:53:00,1941.0,1941.9705,1939.0,1938.0305,50,LONG,-196.99999999999136,-242495.04374996622
cash_ACC,RSI2,2025-04-02 10:58:00,2025-04-02 10:59:00,1957.45,1958.428725,1959.0,1958.0205,50,LONG,-20.411249999995107,-242515.45499996623
cash_ACC,RSI2,2025-04-02 11:06:00,2025-04-02 11:11:00,1958.45,1959.4292249999999,1960.4,1959.4198000000001,50,LONG,-0.4712499999868669,-242515.9262499662
cash_ACC,RSI2,2025-04-02 11:26:00,2025-04-02 11:28:00,1958.2,1959.1790999999998,1959.05,1958.070475,50,LONG,-55.43124999999236,-242571.3574999662
cash_ACC,RSI2,2025-04-02 11:36:00,2025-04-02 11:44:00,1953.6,1954.5767999999998,1953.35,1952.373325,50,LONG,-110.17374999998992,-242681.53124996618
cash_ACC,RSI2,2025-04-02 12:46:00,2025-04-02 12:59:00,1971.7,1972.6858499999998,1966.95,1965.966525,50,LONG,-335.96624999998994,-243017.49749996618
cash_ACC,RSI2,2025-04-02 13:22:00,2025-04-02 13:33:00,1969.25,1970.2346249999998,1967.5,1966.5162500000001,50,LONG,-185.9187499999848,-243203.41624996616
cash_ACC,RSI2,2025-04-02 13:39:00,2025-04-02 13:42:00,1965.45,1966.432725,1966.65,1965.6666750000002,50,LONG,-38.30249999998614,-243241.71874996615
cash_ACC,RSI2,2025-04-02 13:53:00,2025-04-02 13:57:00,1964.05,1965.0320249999997,1965.0,1964.0175000000002,50,LONG,-50.7262499999797,-243292.44499996613
cash_ACC,RSI2,2025-04-02 14:05:00,2025-04-02 14:18:00,1963.0,1963.9814999999999,1962.85,1961.868575,50,LONG,-105.64624999999523,-243398.09124996612
cash_ACC,RSI2,2025-04-02 14:33:00,2025-04-02 14:35:00,1960.0,1960.9799999999998,1963.25,1962.268375,50,LONG,64.41875000001573,-243333.6724999661
cash_ACC,RSI2,2025-04-02 15:20:00,2025-04-02 15:25:00,1961.45,1962.430725,1962.9,1961.91855,50,LONG,-25.608749999992142,-243359.2812499661
cash_ACC,RSI2,2025-04-03 09:32:00,2025-04-03 09:36:00,1970.0,1970.985,1974.5,1973.51275,50,LONG,126.38750000000982,-243232.89374996608
cash_ACC,RSI2,2025-04-03 09:45:00,2025-04-03 10:07:00,1969.0,1969.9844999999998,1964.0,1963.018,50,LONG,-348.32499999998845,-243581.21874996606
cash_ACC,RSI2,2025-04-03 10:31:00,2025-04-03 10:33:00,1976.25,1977.2381249999999,1980.4,1979.4098000000001,50,LONG,108.58375000001388,-243472.63499996605
cash_ACC,RSI2,2025-04-03 10:47:00,2025-04-03 10:49:00,1977.05,1978.038525,1978.3,1977.31085,50,LONG,-36.38374999999314,-243509.01874996602
cash_ACC,RSI2,2025-04-03 11:14:00,2025-04-03 11:21:00,1977.3,1978.2886499999997,1976.1,1975.11195,50,LONG,-158.83499999998776,-243667.85374996602
cash_ACC,RSI2,2025-04-03 11:59:00,2025-04-03 12:01:00,1975.75,1976.7378749999998,1976.9,1975.9115500000003,50,LONG,-41.31624999997712,-243709.169999966
cash_ACC,RSI2,2025-04-03 12:25:00,2025-04-03 12:35:00,1987.0,1987.9934999999998,1985.95,1984.9570250000002,50,LONG,-151.82374999998274,-243860.99374996597
cash_ACC,RSI2,2025-04-03 12:50:00,2025-04-03 12:56:00,1983.55,1984.541775,1984.8,1983.8076,50,LONG,-36.70874999999114,-243897.70249996596
cash_ACC,RSI2,2025-04-03 13:21:00,2025-04-03 13:26:00,1984.05,1985.0420249999997,1986.95,1985.956525,50,LONG,45.725000000015825,-243851.97749996596
cash_ACC,RSI2,2025-04-03 13:54:00,2025-04-03 14:00:00,1992.5,1993.49625,1993.5,1992.5032500000002,50,LONG,-49.64999999998554,-243901.62749996595
cash_ACC,RSI2,2025-04-03 14:27:00,2025-04-03 14:37:00,1990.95,1991.945475,1989.0,1988.0055000000002,50,LONG,-196.99874999998883,-244098.62624996595
cash_ACC,RSI2,2025-04-03 14:41:00,2025-04-03 14:42:00,1986.2,1987.1931,1990.15,1989.1549250000003,50,LONG,98.09125000001586,-244000.53499996592
cash_ACC,RSI2,2025-04-04 09:15:00,2025-04-04 09:26:00,1989.95,1990.9449749999999,1978.8,1977.8106,50,LONG,-656.7187499999932,-244657.25374996592
cash_ACC,RSI2,2025-04-04 09:44:00,2025-04-04 09:56:00,1981.35,1982.3406749999997,1968.75,1967.765625,50,LONG,-728.7524999999846,-245386.0062499659
cash_ACC,RSI2,2025-04-04 10:02:00,2025-04-04 10:07:00,1966.4,1967.3832,1967.0,1966.0165000000002,50,LONG,-68.33499999999049,-245454.3412499659
cash_ACC,RSI2,2025-04-04 10:20:00,2025-04-04 10:22:00,1964.5,1965.4822499999998,1966.85,1965.866575,50,LONG,19.21625000001086,-245435.1249999659
cash_ACC,RSI2,2025-04-04 11:06:00,2025-04-04 11:08:00,1981.45,1982.440725,1986.15,1985.1569250000002,50,LONG,135.81000000001495,-245299.31499996586
cash_ACC,RSI2,2025-04-04 11:35:00,2025-04-04 11:39:00,1984.9,1985.89245,1985.0,1984.0075000000002,50,LONG,-94.24749999999449,-245393.56249996586
cash_ACC,RSI2,2025-04-04 11:57:00,2025-04-04 11:58:00,1979.55,1980.5397749999997,1981.05,1980.059475,50,LONG,-24.014999999985776,-245417.57749996585
cash_ACC,RSI2,2025-04-04 12:02:00,2025-04-04 12:07:00,1978.5,1979.4892499999999,1976.8,1975.8116,50,LONG,-183.8824999999929,-245601.45999996585
cash_ACC,RSI2,2025-04-04 12:20:00,2025-04-04 12:25:00,1975.0,1975.9875,1975.25,1974.262375,50,LONG,-86.25624999999673,-245687.71624996586
cash_ACC,RSI2,2025-04-04 12:32:00,2025-04-04 12:33:00,1973.1,1974.0865499999998,1974.35,1973.362825,50,LONG,-36.18624999999156,-245723.90249996586
cash_ACC,RSI2,2025-04-04 13:13:00,2025-04-04 13:19:00,1974.05,1975.0370249999999,1974.0,1973.0130000000001,50,LONG,-101.20124999998552,-245825.10374996584
cash_ACC,RSI2,2025-04-04 13:27:00,2025-04-04 13:29:00,1974.25,1975.2371249999999,1975.3,1974.3123500000002,50,LONG,-46.23874999998634,-245871.34249996583
cash_ACC,RSI2,2025-04-04 13:43:00,2025-04-04 13:50:00,1970.0,1970.985,1965.1,1964.11745,50,LONG,-343.37749999999687,-246214.71999996583
cash_ACC,RSI2,2025-04-04 13:57:00,2025-04-04 14:02:00,1964.55,1965.5322749999998,1967.15,1966.1664250000001,50,LONG,31.707500000015898,-246183.01249996581
cash_ACC,RSI2,2025-04-04 14:16:00,2025-04-04 14:19:00,1968.7,1969.68435,1969.85,1968.865075,50,LONG,-40.963750000003074,-246223.9762499658
cash_ACC,RSI2,2025-04-04 14:21:00,2025-04-04 14:29:00,1967.0,1967.9834999999998,1967.85,1966.866075,50,LONG,-55.8712499999956,-246279.8474999658
cash_ACC,RSI2,2025-04-04 14:44:00,2025-04-04 14:51:00,1961.55,1962.530775,1962.45,1961.468775,50,LONG,-53.09999999999491,-246332.9474999658
cash_ACC,RSI2,2025-04-04 14:56:00,2025-04-04 14:59:00,1955.1,1956.0775499999997,1957.95,1956.971025,50,LONG,44.67375000001539,-246288.2737499658
cash_ACC,RSI2,2025-04-04 15:12:00,2025-04-04 15:14:00,1965.25,1966.2326249999999,1967.9,1966.9160500000003,50,LONG,34.17125000001988,-246254.10249996578
cash_ACC,RSI2,2025-04-04 15:21:00,2025-04-04 15:22:00,1967.0,1967.9834999999998,1968.95,1967.965525,50,LONG,-0.8987499999875581,-246255.00124996578
cash_ACC,RSI2,2025-04-04 15:27:00,2025-04-07 09:21:00,1967.0,1967.9834999999998,1895.6,1894.6522,50,LONG,-3666.5649999999914,-249921.56624996578
cash_ACC,RSI2,2025-04-07 09:38:00,2025-04-07 09:45:00,1904.75,1905.7023749999998,1900.95,1899.9995250000002,50,LONG,-285.14249999998356,-250206.70874996576
cash_ACC,RSI2,2025-04-07 10:03:00,2025-04-07 10:18:00,1900.1,1901.0500499999998,1892.5,1891.55375,50,LONG,-474.8149999999896,-250681.52374996577
cash_ACC,RSI2,2025-04-07 10:48:00,2025-04-07 10:49:00,1911.4,1912.3557,1917.1,1916.14145,50,LONG,189.28750000000036,-250492.23624996576
cash_ACC,RSI2,2025-04-07 11:22:00,2025-04-07 11:26:00,1926.75,1927.7133749999998,1929.5,1928.5352500000001,50,LONG,41.093750000015916,-250451.14249996573
cash_ACC,RSI2,2025-04-07 11:32:00,2025-04-07 11:38:00,1923.35,1924.3116749999997,1927.9,1926.9360500000003,50,LONG,131.21875000002774,-250319.9237499657
cash_ACC,RSI2,2025-04-07 11:41:00,2025-04-07 11:55:00,1922.35,1923.3111749999998,1916.0,1915.0420000000001,50,LONG,-413.45874999998387,-250733.3824999657
cash_ACC,RSI2,2025-04-07 12:00:00,2025-04-07 12:03:00,1913.0,1913.9565,1914.5,1913.54275,50,LONG,-20.687499999996817,-250754.0699999657
cash_ACC,RSI2,2025-04-07 12:05:00,2025-04-07 12:22:00,1908.0,1908.954,1899.45,1898.500275,50,LONG,-522.6862499999925,-251276.7562499657
cash_ACC,RSI2,2025-04-07 12:34:00,2025-04-07 12:37:00,1896.75,1897.698375,1900.1,1899.14995,50,LONG,72.5787500000024,-251204.17749996568
cash_ACC,RSI2,2025-04-07 12:53:00,2025-04-07 13:09:00,1904.3,1905.2521499999998,1900.8,1899.8496,50,LONG,-270.1274999999896,-251474.30499996568
cash_ACC,RSI2,2025-04-07 13:11:00,2025-04-07 13:14:00,1898.0,1898.9489999999998,1900.5,1899.5497500000001,50,LONG,30.03750000001446,-251444.26749996567
cash_ACC,RSI2,2025-04-07 13:18:00,2025-04-07 13:24:00,1896.35,1897.298175,1900.25,1899.2998750000002,50,LONG,100.08500000001277,-251344.18249996565
cash_ACC,RSI2,2025-04-07 13:52:00,2025-04-07 14:00:00,1914.7,1915.65735,1915.2,1914.2424,50,LONG,-70.74749999999312,-251414.92999996565
cash_ACC,RSI2,2025-04-07 14:02:00,2025-04-07 14:04:00,1913.0,1913.9565,1915.0,1914.0425,50,LONG,4.300000000000637,-251410.62999996566
cash_ACC,RSI2,2025-04-07 14:10:00,2025-04-07 14:12:00,1913.3,1914.2566499999998,1914.85,1913.892575,50,LONG,-18.203749999986485,-251428.83374996565
cash_ACC,RSI2,2025-04-07 14:17:00,2025-04-07 14:19:00,1911.35,1912.3056749999998,1915.2,1914.2424,50,LONG,96.83625000001257,-251331.99749996563
cash_ACC,RSI2,2025-04-07 14:38:00,2025-04-07 14:42:00,1915.35,1916.3076749999998,1916.45,1915.4917750000002,50,LONG,-40.794999999980064,-251372.7924999656
cash_ACC,RSI2,2025-04-08 09:24:00,2025-04-08 09:26:00,1954.9,1955.87745,1960.95,1959.9695250000002,50,LONG,204.6037500000125,-251168.1887499656
cash_ACC,RSI2,2025-04-08 09:37:00,2025-04-08 09:39:00,1957.35,1958.3286749999997,1959.85,1958.870075,50,LONG,27.070000000014716,-251141.1187499656
cash_ACC,RSI2,2025-04-08 09:57:00,2025-04-08 10:00:00,1944.5,1945.4722499999998,1951.0,1950.0245000000002,50,LONG,227.61250000002065,-250913.50624996558
cash_ACC,RSI2,2025-04-08 10:31:00,2025-04-08 10:50:00,1955.45,1956.427725,1942.7,1941.7286500000002,50,LONG,-734.9537499999883,-251648.45999996556
cash_ACC,RSI2,2025-04-08 11:24:00,2025-04-08 11:31:00,1958.9,1959.87945,1957.8,1956.8211000000001,50,LONG,-152.91749999998956,-251801.37749996554
cash_ACC,RSI2,2025-04-08 11:40:00,2025-04-08 11:46:00,1954.5,1955.47725,1956.55,1955.571725,50,LONG,4.723750000005111,-251796.65374996554
cash_ACC,RSI2,2025-04-08 11:51:00,2025-04-08 11:52:00,1955.55,1956.5277749999998,1959.75,1958.770125,50,LONG,112.11750000001075,-251684.53624996552
cash_ACC,RSI2,2025-04-08 12:01:00,2025-04-08 12:03:00,1959.0,1959.9795,1964.4,1963.4178000000002,50,LONG,171.9150000000127,-251512.6212499655
cash_ACC,RSI2,2025-04-08 12:39:00,2025-04-08 12:43:00,1977.95,1978.938975,1979.45,1978.4602750000001,50,LONG,-23.93499999999449,-251536.5562499655
cash_ACC,RSI2,2025-04-08 13:08:00,2025-04-08 13:09:00,1977.0,1977.9885,1978.0,1977.0110000000002,50,LONG,-48.87499999998681,-251585.4312499655
cash_ACC,RSI2,2025-04-08 13:37:00,2025-04-08 13:47:00,1975.5,1976.4877499999998,1975.65,1974.6621750000002,50,LONG,-91.27874999998085,-251676.70999996547
cash_ACC,RSI2,2025-04-08 13:53:00,2025-04-08 13:57:00,1969.1,1970.0845499999998,1972.45,1971.4637750000002,50,LONG,68.96125000001803,-251607.74874996545
cash_ACC,RSI2,2025-04-08 14:23:00,2025-04-08 14:25:00,1977.65,1978.638825,1979.45,1978.4602750000001,50,LONG,-8.92749999999296,-251616.67624996544
cash_ACC,RSI2,2025-04-08 14:33:00,2025-04-08 14:46:00,1977.0,1977.9885,1976.6,1975.6117,50,LONG,-118.84000000000015,-251735.51624996544
cash_ACC,RSI2,2025-04-08 15:02:00,2025-04-08 15:08:00,1973.3,1974.2866499999998,1974.45,1973.4627750000002,50,LONG,-41.193749999979445,-251776.70999996542
cash_ACC,RSI2,2025-04-08 15:12:00,2025-04-08 15:17:00,1972.25,1973.236125,1972.25,1971.263875,50,LONG,-98.61249999999018,-251875.3224999654
cash_ACC,RSI2,2025-04-09 09:15:00,2025-04-09 09:18:00,1968.55,1969.5342749999998,1973.95,1972.9630250000002,50,LONG,171.43750000002456,-251703.88499996538
cash_ACC,RSI2,2025-04-09 09:26:00,2025-04-09 09:28:00,1966.65,1967.633325,1967.95,1966.9660250000002,50,LONG,-33.36499999999205,-251737.24999996537
cash_ACC,RSI2,2025-04-09 09:46:00,2025-04-09 09:53:00,1971.5,1972.4857499999998,1968.45,1967.4657750000001,50,LONG,-250.9987499999852,-251988.24874996537
cash_ACC,RSI2,2025-04-09 10:12:00,2025-04-09 10:17:00,1961.05,1962.030525,1961.85,1960.869075,50,LONG,-58.07249999999158,-252046.32124996535
cash_ACC,RSI2,2025-04-09 10:29:00,2025-04-09 10:37:00,1958.95,1959.929475,1957.45,1956.471275,50,LONG,-172.9099999999903,-252219.23124996535
cash_ACC,RSI2,2025-04-09 11:03:00,2025-04-09 11:05:00,1954.6,1955.5772999999997,1958.25,1957.2708750000002,50,LONG,84.67875000002323,-252134.55249996533
cash_ACC,RSI2,2025-04-09 11:09:00,2025-04-09 11:13:00,1954.55,1955.527275,1954.25,1953.272875,50,LONG,-112.71999999999025,-252247.27249996533
cash_ACC,RSI2,2025-04-09 11:51:00,2025-04-09 11:54:00,1974.65,1975.637325,1976.35,1975.361825,50,LONG,-13.774999999998272,-252261.04749996532
cash_ACC,RSI2,2025-04-09 12:11:00,2025-04-09 12:17:00,1974.0,1974.9869999999999,1974.95,1973.9625250000001,50,LONG,-51.22374999998556,-252312.2712499653
cash_ACC,RSI2,2025-04-09 12:54:00,2025-04-09 12:58:00,1977.8,1978.7888999999998,1979.05,1978.060475,50,LONG,-36.42124999998941,-252348.69249996528
cash_ACC,RSI2,2025-04-09 13:00:00,2025-04-09 13:01:00,1977.8,1978.7888999999998,1979.25,1978.260375,50,LONG,-26.426249999985885,-252375.11874996527
cash_ACC,RSI2,2025-04-09 13:24:00,2025-04-09 13:26:00,1980.0,1980.9899999999998,1982.4,1981.4088000000002,50,LONG,20.9400000000187,-252354.17874996524
cash_ACC,RSI2,2025-04-09 13:38:00,2025-04-09 13:42:00,1979.8,1980.7898999999998,1981.55,1980.559225,50,LONG,-11.533749999989595,-252365.71249996524
cash_ACC,RSI2,2025-04-09 14:31:00,2025-04-09 14:33:00,1985.85,1986.8429249999997,1988.8,1987.8056000000001,50,LONG,48.133750000022246,-252317.57874996524
cash_ACC,RSI2,2025-04-09 14:51:00,2025-04-09 15:02:00,1990.0,1990.995,1987.5,1986.5062500000001,50,LONG,-224.43749999998772,-252542.01624996524
cash_ACC,RSI2,2025-04-09 15:16:00,2025-04-11 09:15:00,1987.6,1988.5937999999999,1998.55,1997.550725,50,LONG,447.84625000000915,-252094.16999996523
cash_ACC,RSI2,2025-04-11 09:29:00,2025-04-11 09:33:00,1996.15,1997.148075,1999.75,1998.750125,50,LONG,80.10249999999814,-252014.06749996523
cash_ACC,RSI2,2025-04-11 09:47:00,2025-04-11 09:51:00,2000.5,2001.5002499999998,2001.3,2000.29935,50,LONG,-60.04499999999098,-252074.1124999652
cash_ACC,RSI2,2025-04-11 09:56:00,2025-04-11 10:04:00,1999.0,1999.9995,1994.9,1993.9025500000002,50,LONG,-304.8474999999826,-252378.95999996518
cash_ACC,RSI2,2025-04-11 10:18:00,2025-04-11 10:26:00,1983.1,1984.0915499999999,1985.4,1984.4073000000003,50,LONG,15.787500000021737,-252363.17249996515
cash_ACC,RSI2,2025-04-11 10:36:00,2025-04-11 10:43:00,1983.6,1984.5917999999997,1979.5,1978.51025,50,LONG,-304.0774999999826,-252667.24999996513
cash_ACC,RSI2,2025-04-11 11:46:00,2025-04-11 11:47:00,1996.05,1997.0480249999998,1997.85,1996.851075,50,LONG,-9.847499999989395,-252677.09749996514
cash_ACC,RSI2,2025-04-11 13:15:00,2025-04-11 13:21:00,2009.9,2010.9049499999999,2009.0,2007.9955000000002,50,LONG,-145.47249999998257,-252822.5699999651
cash_ACC,RSI2,2025-04-11 13:46:00,2025-04-11 13:51:00,2008.1,2009.1040499999997,2007.2,2006.1964000000003,50,LONG,-145.38249999997106,-252967.9524999651
cash_ACC,RSI2,2025-04-11 13:54:00,2025-04-11 13:58:00,2001.6,2002.6007999999997,2003.2,2002.1984000000002,50,LONG,-20.119999999974425,-252988.07249996506
cash_ACC,RSI2,2025-04-11 14:54:00,2025-04-11 14:58:00,2011.5,2012.5057499999998,2012.5,2011.49375,50,LONG,-50.59999999998581,-253038.67249996503
cash_ACC,RSI2,2025-04-11 15:07:00,2025-04-11 15:22:00,2006.05,2007.053025,2007.25,2006.2463750000002,50,LONG,-40.33249999998816,-253079.00499996502
cash_ACC,RSI2,2025-04-11 15:29:00,2025-04-15 09:15:00,2005.0,2006.0024999999998,2015.3,2014.2923500000002,50,LONG,414.4925000000171,-252664.512499965
cash_ACC,RSI2,2025-04-15 09:32:00,2025-04-15 09:36:00,2020.3,2021.3101499999998,2020.5,2019.4897500000002,50,LONG,-91.01999999998043,-252755.532499965
cash_ACC,RSI2,2025-04-15 09:54:00,2025-04-15 09:57:00,2016.6,2017.6082999999999,2017.0,2015.9915,50,LONG,-80.83999999998923,-252836.372499965
cash_ACC,RSI2,2025-04-15 10:19:00,2025-04-15 10:22:00,2021.2,2022.2105999999999,2022.9,2021.8885500000001,50,LONG,-16.10249999998814,-252852.47499996496
cash_ACC,RSI2,2025-04-15 10:26:00,2025-04-15 10:34:00,2019.5,2020.50975,2018.5,2017.4907500000002,50,LONG,-150.9499999999889,-253003.42499996495
cash_ACC,RSI2,2025-04-15 10:45:00,2025-04-15 10:49:00,2016.2,2017.2080999999998,2017.4,2016.3913000000002,50,LONG,-40.83999999998014,-253044.26499996491
cash_ACC,RSI2,2025-04-15 11:14:00,2025-04-15 11:18:00,2026.2,2027.2131,2027.3,2026.28635,50,LONG,-46.337499999992815,-253090.6024999649
cash_ACC,RSI2,2025-04-15 11:45:00,2025-04-15 11:50:00,2034.2,2035.2170999999998,2034.9,2033.8825500000003,50,LONG,-66.72749999997905,-253157.3299999649
cash_ACC,RSI2,2025-04-15 12:18:00,2025-04-15 12:30:00,2032.1,2033.1160499999999,2029.7,2028.6851500000002,50,LONG,-221.54499999998052,-253378.87499996487
cash_ACC,RSI2,2025-04-15 12:53:00,2025-04-15 12:55:00,2029.7,2030.7148499999998,2030.5,2029.48475,50,LONG,-61.504999999988286,-253440.37999996485
cash_ACC,RSI2,2025-04-15 13:37:00,2025-04-15 13:43:00,2034.0,2035.0169999999998,2034.6,2033.5827,50,LONG,-71.71499999999469,-253512.09499996484
cash_ACC,RSI2,2025-04-15 14:06:00,2025-04-15 14:08:00,2034.0,2035.0169999999998,2035.5,2034.48225,50,LONG,-26.737499999990177,-253538.83249996483
cash_ACC,RSI2,2025-04-16 09:16:00,2025-04-16 09:21:00,2047.4,2048.4237,2048.3,2047.2758500000002,50,LONG,-57.39249999998037,-253596.22499996482
cash_ACC,RSI2,2025-04-16 09:34:00,2025-04-16 09:36:00,2048.5,2049.52425,2050.9,2049.87455,50,LONG,17.515000000003056,-253578.7099999648
cash_ACC,RSI2,2025-04-16 09:59:00,2025-04-16 10:00:00,2052.0,2053.026,2054.4,2053.3728,50,LONG,17.34000000001288,-253561.36999996478
cash_ACC,RSI2,2025-04-16 10:16:00,2025-04-16 10:27:00,2054.0,2055.027,2046.6,2045.5767,50,LONG,-472.5149999999985,-254033.88499996476
cash_ACC,RSI2,2025-04-16 10:59:00,2025-04-16 11:06:00,2047.1,2048.12355,2046.3,2045.27685,50,LONG,-142.3349999999914,-254176.21999996476
cash_ACC,RSI2,2025-04-16 11:22:00,2025-04-16 11:26:00,2052.2,2053.2261,2052.4,2051.3738000000003,50,LONG,-92.61499999997795,-254268.83499996475
cash_ACC,RSI2,2025-04-16 11:32:00,2025-04-16 11:35:00,2051.3,2052.32565,2051.3,2050.27435,50,LONG,-102.56500000000415,-254371.39999996475
cash_ACC,RSI2,2025-04-16 11:40:00,2025-04-16 11:42:00,2050.0,2051.025,2050.9,2049.87455,50,LONG,-57.522500000004584,-254428.92249996474
cash_ACC,RSI2,2025-04-16 11:59:00,2025-04-16 12:03:00,2051.7,2052.72585,2053.3,2052.2733500000004,50,LONG,-22.624999999970896,-254451.5474999647
cash_ACC,RSI2,2025-04-16 12:16:00,2025-04-16 12:18:00,2050.4,2051.4252,2051.4,2050.3743000000004,50,LONG,-52.54499999998643,-254504.0924999647
cash_ACC,RSI2,2025-04-16 12:46:00,2025-04-16 12:52:00,2050.2,2051.2250999999997,2052.0,2050.974,50,LONG,-12.554999999974825,-254516.64749996466
cash_ACC,RSI2,2025-04-16 13:03:00,2025-04-16 13:05:00,2050.4,2051.4252,2051.5,2050.47425,50,LONG,-47.547499999996035,-254564.19499996465
cash_ACC,RSI2,2025-04-16 13:10:00,2025-04-16 13:13:00,2048.3,2049.32415,2050.7,2049.67465,50,LONG,17.525000000000546,-254546.66999996465
cash_ACC,RSI2,2025-04-16 13:20:00,2025-04-16 13:26:00,2050.0,2051.025,2051.1,2050.07445,50,LONG,-47.527500000001055,-254594.19749996465
cash_ACC,RSI2,2025-04-16 13:32:00,2025-04-16 13:34:00,2049.0,2050.0245,2050.5,2049.4747500000003,50,LONG,-27.48749999998381,-254621.68499996464
cash_ACC,RSI2,2025-04-16 14:03:00,2025-04-16 14:10:00,2057.6,2058.6288,2056.0,2054.972,50,LONG,-182.8399999999874,-254804.52499996463
cash_ACC,RSI2,2025-04-16 14:15:00,2025-04-16 14:21:00,2054.6,2055.6272999999997,2053.0,2051.9735,50,LONG,-182.6899999999796,-254987.2149999646
cash_ACC,RSI2,2025-04-16 14:34:00,2025-04-16 14:38:00,2052.5,2053.52625,2052.4,2051.3738000000003,50,LONG,-107.62249999997948,-255094.83749996457
cash_ACC,RSI2,2025-04-17 09:23:00,2025-04-17 09:26:00,2051.9,2052.92595,2056.1,2055.07195,50,LONG,107.30000000000928,-254987.53749996456
cash_ACC,RSI2,2025-04-17 09:52:00,2025-04-17 10:14:00,2058.7,2059.7293499999996,2049.1,2048.07545,50,LONG,-582.6949999999897,-255570.23249996454
cash_ACC,RSI2,2025-04-17 10:53:00,2025-04-17 10:56:00,2058.7,2059.7293499999996,2059.2,2058.1704,50,LONG,-77.94749999998203,-255648.17999996452
cash_ACC,RSI2,2025-04-17 11:03:00,2025-04-17 11:07:00,2056.3,2057.3281500000003,2060.0,2058.9700000000003,50,LONG,82.09249999999884,-255566.08749996452
cash_ACC,RSI2,2025-04-17 11:22:00,2025-04-17 11:25:00,2059.5,2060.5297499999997,2059.6,2058.5702,50,LONG,-97.97749999997905,-255664.0649999645
cash_ACC,RSI2,2025-04-17 11:55:00,2025-04-17 11:57:00,2054.3,2055.32715,2056.0,2054.972,50,LONG,-17.757499999993342,-255681.8224999645
cash_ACC,RSI2,2025-04-17 12:02:00,2025-04-17 12:08:00,2053.8,2054.8269,2055.0,2053.9725000000003,50,LONG,-42.7199999999857,-255724.54249996447
cash_ACC,RSI2,2025-04-17 12:16:00,2025-04-17 12:19:00,2055.1,2056.1275499999997,2056.9,2055.8715500000003,50,LONG,-12.799999999970169,-255737.34249996443
cash_ACC,RSI2,2025-04-17 12:59:00,2025-04-17 13:00:00,2060.5,2061.53025,2062.9,2061.86855,50,LONG,16.915000000017244,-255720.42749996443
cash_ACC,RSI2,2025-04-17 13:18:00,2025-04-17 13:25:00,2060.7,2061.73035,2061.2,2060.1693999999998,50,LONG,-78.0475000000024,-255798.47499996444
cash_ACC,RSI2,2025-04-17 14:02:00,2025-04-17 14:06:00,2063.3,2064.33165,2062.8,2061.7686000000003,50,LONG,-128.1524999999874,-255926.62749996444
cash_ACC,RSI2,2025-04-17 14:46:00,2025-04-17 14:49:00,2061.0,2062.0305,2062.9,2061.86855,50,LONG,-8.097499999985303,-255934.7249999644
cash_ACC,RSI2,2025-04-17 15:15:00,2025-04-21 09:15:00,2061.2,2062.2306,2068.4,2067.3658,50,LONG,256.7600000000084,-255677.9649999644
cash_ACC,RSI2,2025-04-21 10:04:00,2025-04-21 10:11:00,2084.0,2085.042,2085.0,2083.9575,50,LONG,-54.224999999996726,-255732.1899999644
cash_ACC,RSI2,2025-04-21 10:42:00,2025-04-21 10:47:00,2089.5,2090.54475,2090.0,2088.955,50,LONG,-79.48750000000473,-255811.67749996443
cash_ACC,RSI2,2025-04-21 11:11:00,2025-04-21 11:24:00,2093.4,2094.4467,2092.0,2090.954,50,LONG,-174.6349999999893,-255986.3124999644
cash_ACC,RSI2,2025-04-21 11:33:00,2025-04-21 11:34:00,2090.5,2091.5452499999997,2091.7,2090.65415,50,LONG,-44.554999999991196,-256030.8674999644
cash_ACC,RSI2,2025-04-21 11:37:00,2025-04-21 11:42:00,2089.1,2090.14455,2091.3,2090.25435,50,LONG,5.490000000008877,-256025.37749996438
cash_ACC,RSI2,2025-04-21 11:54:00,2025-04-21 12:03:00,2090.4,2091.4452,2088.1,2087.05595,50,LONG,-219.46250000000873,-256244.8399999644
cash_ACC,RSI2,2025-04-21 12:48:00,2025-04-21 12:54:00,2094.3,2095.34715,2094.8,2093.7526000000003,50,LONG,-79.72749999998996,-256324.56749996438
cash_ACC,RSI2,2025-04-21 13:02:00,2025-04-21 13:09:00,2090.2,2091.2450999999996,2090.8,2089.7546,50,LONG,-74.52499999997144,-256399.09249996435
cash_ACC,RSI2,2025-04-21 13:14:00,2025-04-21 13:16:00,2088.8,2089.8444,2090.2,2089.1549,50,LONG,-34.474999999997635,-256433.56749996435
cash_ACC,RSI2,2025-04-21 13:23:00,2025-04-21 13:29:00,2085.1,2086.1425499999996,2084.8,2083.7576000000004,50,LONG,-119.24749999996038,-256552.81499996432
cash_ACC,RSI2,2025-04-21 13:41:00,2025-04-21 13:49:00,2083.5,2084.54175,2082.2,2081.1589,50,LONG,-169.1424999999981,-256721.9574999643
cash_ACC,RSI2,2025-04-21 14:54:00,2025-04-21 14:55:00,2087.5,2088.54375,2088.3,2087.2558500000005,50,LONG,-64.3949999999677,-256786.35249996427
cash_ACC,RSI2,2025-04-21 15:01:00,2025-04-21 15:09:00,2087.5,2088.54375,2086.5,2085.4567500000003,50,LONG,-154.34999999997672,-256940.70249996425
cash_ACC,RSI2,2025-04-21 15:20:00,2025-04-21 15:25:00,2088.1,2089.14405,2090.9,2089.85455,50,LONG,35.52500000000691,-256905.17749996425
cash_ACC,RSI2,2025-04-22 09:15:00,2025-04-22 09:21:00,2083.0,2084.0415,2082.6,2081.5587,50,LONG,-124.1399999999885,-257029.31749996424
cash_ACC,RSI2,2025-04-22 09:54:00,2025-04-22 10:00:00,2095.6,2096.6477999999997,2097.3,2096.2513500000005,50,LONG,-19.82249999996384,-257049.1399999642
cash_ACC,RSI2,2025-04-22 10:24:00,2025-04-22 10:26:00,2096.9,2097.94845,2098.0,2096.951,50,LONG,-49.872499999992215,-257099.01249996418
cash_ACC,RSI2,2025-04-22 10:56:00,2025-04-22 10:58:00,2097.6,2098.6488,2100.0,2098.9500000000003,50,LONG,15.060000000016771,-257083.95249996416
cash_ACC,RSI2,2025-04-22 11:05:00,2025-04-22 11:13:00,2098.1,2099.14905,2097.1,2096.05145,50,LONG,-154.88000000000284,-257238.83249996416
cash_ACC,RSI2,2025-04-22 11:25:00,2025-04-22 11:32:00,2096.1,2097.14805,2092.5,2091.45375,50,LONG,-284.71499999998287,-257523.54749996416
cash_ACC,RSI2,2025-04-22 11:35:00,2025-04-22 11:40:00,2089.1,2090.14455,2090.8,2089.7546,50,LONG,-19.497499999988577,-257543.04499996416
cash_ACC,RSI2,2025-04-22 12:15:00,2025-04-22 12:20:00,2089.0,2090.0445,2090.6,2089.5547,50,LONG,-24.489999999991596,-257567.53499996415
cash_ACC,RSI2,2025-04-22 12:38:00,2025-04-22 12:48:00,2089.7,2090.7448499999996,2090.0,2088.955,50,LONG,-89.49249999998301,-257657.02749996414
cash_ACC,RSI2,2025-04-22 13:02:00,2025-04-22 13:04:00,2089.8,2090.8449,2092.0,2090.954,50,LONG,5.455000000006294,-257651.57249996412
cash_ACC,RSI2,2025-04-22 13:10:00,2025-04-22 13:14:00,2090.9,2091.94545,2090.6,2089.5547,50,LONG,-119.53750000000127,-257771.10999996413
cash_ACC,RSI2,2025-04-22 13:19:00,2025-04-22 13:24:00,2086.5,2087.5432499999997,2088.2,2087.1558999999997,50,LONG,-19.367499999998472,-257790.47749996412
cash_ACC,RSI2,2025-04-22 13:30:00,2025-04-22 13:33:00,2082.0,2083.0409999999997,2084.8,2083.7576000000004,50,LONG,35.83000000003267,-257754.64749996408
cash_ACC,RSI2,2025-04-22 13:40:00,2025-04-22 13:42:00,2083.0,2084.0415,2083.8,2082.7581000000005,50,LONG,-64.16999999996733,-257818.81749996403
cash_ACC,RSI2,2025-04-22 13:49:00,2025-04-22 13:53:00,2084.0,2085.042,2085.5,2084.45725,50,LONG,-29.237499999999272,-257848.05499996402
cash_ACC,RSI2,2025-04-22 14:09:00,2025-04-22 14:15:00,2082.1,2083.1410499999997,2081.2,2080.1594,50,LONG,-149.08249999998588,-257997.137499964
cash_ACC,RSI2,2025-04-22 14:32:00,2025-04-22 14:39:00,2083.3,2084.34165,2084.1,2083.05795,50,LONG,-64.18499999999767,-258061.322499964
cash_ACC,RSI2,2025-04-22 14:44:00,2025-04-22 14:50:00,2082.0,2083.0409999999997,2081.3,2080.2593500000003,50,LONG,-139.08249999997224,-258200.40499996397
cash_ACC,RSI2,2025-04-22 15:16:00,2025-04-22 15:19:00,2080.0,2081.04,2081.5,2080.4592500000003,50,LONG,-29.037499999981264,-258229.44249996395
cash_ACC,RSI2,2025-04-22 15:27:00,2025-04-22 15:28:00,2080.0,2081.04,2082.4,2081.3588000000004,50,LONG,15.940000000023247,-258213.5024999639
cash_ACC,RSI2,2025-04-23 09:30:00,2025-04-23 09:40:00,2075.0,2076.0375,2074.0,2072.963,50,LONG,-153.7249999999858,-258367.2274999639
cash_ACC,RSI2,2025-04-23 09:54:00,2025-04-23 10:24:00,2070.2,2071.2351,2052.6,2051.5737,50,LONG,-983.0699999999979,-259350.2974999639
cash_ACC,RSI2,2025-04-23 10:33:00,2025-04-23 10:40:00,2055.1,2056.1275499999997,2055.3,2054.27235,50,LONG,-92.75999999997566,-259443.05749996388
cash_ACC,RSI2,2025-04-23 10:49:00,2025-04-23 10:53:00,2052.3,2053.32615,2054.2,2053.1729,50,LONG,-7.662499999992178,-259450.71999996388
cash_ACC,RSI2,2025-04-23 11:24:00,2025-04-23 11:26:00,2055.7,2056.7278499999998,2057.8,2056.7711000000004,50,LONG,2.1625000000312866,-259448.55749996385
cash_ACC,RSI2,2025-04-23 11:29:00,2025-04-23 11:36:00,2053.8,2054.8269,2054.9,2053.87255,50,LONG,-47.717499999998836,-259496.27499996385
cash_ACC,RSI2,2025-04-23 11:41:00,2025-04-23 11:42:00,2051.3,2052.32565,2052.8,2051.7736000000004,50,LONG,-27.60249999998905,-259523.87749996383
cash_ACC,RSI2,2025-04-23 12:24:00,2025-04-23 12:32:00,2058.3,2059.32915,2051.5,2050.47425,50,LONG,-442.7449999999908,-259966.62249996382
cash_ACC,RSI2,2025-04-23 12:36:00,2025-04-23 12:39:00,2047.1,2048.12355,2051.5,2050.47425,50,LONG,117.53500000002077,-259849.0874999638
cash_ACC,RSI2,2025-04-23 13:12:00,2025-04-23 13:28:00,2061.1,2062.13055,2062.6,2061.5687,50,LONG,-28.092500000002474,-259877.1799999638
cash_ACC,RSI2,2025-04-23 13:44:00,2025-04-23 13:50:00,2067.4,2068.4337,2062.4,2061.3688,50,LONG,-353.2449999999926,-260230.42499996378
cash_ACC,RSI2,2025-04-23 13:53:00,2025-04-23 14:01:00,2054.0,2055.027,2053.4,2052.3733,50,LONG,-132.68499999999221,-260363.10999996378
cash_ACC,RSI2,2025-04-23 14:05:00,2025-04-23 14:10:00,2050.0,2051.025,2051.5,2050.47425,50,LONG,-27.537499999993997,-260390.6474999638
cash_ACC,RSI2,2025-04-23 14:30:00,2025-04-23 14:35:00,2048.0,2049.024,2048.5,2047.47575,50,LONG,-77.41249999999127,-260468.0599999638
cash_ACC,RSI2,2025-04-23 14:42:00,2025-04-23 14:50:00,2047.9,2048.92395,2046.4,2045.3768000000002,50,LONG,-177.35749999998234,-260645.41749996378
cash_ACC,RSI2,2025-04-24 09:31:00,2025-04-24 09:33:00,2078.2,2079.2391,2082.8,2081.7586,50,LONG,125.97500000001673,-260519.44249996377
cash_ACC,RSI2,2025-04-24 09:39:00,2025-04-24 09:42:00,2072.0,2073.036,2074.8,2073.7626000000005,50,LONG,36.330000000020846,-260483.11249996375
cash_ACC,RSI2,2025-04-24 10:00:00,2025-04-24 10:05:00,2082.4,2083.4411999999998,2083.2,2082.1584,50,LONG,-64.1399999999976,-260547.25249996374
cash_ACC,RSI2,2025-04-24 10:22:00,2025-04-24 10:23:00,2088.5,2089.54425,2091.0,2089.9545000000003,50,LONG,20.512500000018008,-260526.73999996373
cash_ACC,RSI2,2025-04-24 10:46:00,2025-04-24 10:55:00,2098.3,2099.34915,2098.2,2097.1509,50,LONG,-109.91249999999582,-260636.65249996373
cash_ACC,RSI2,2025-04-24 11:04:00,2025-04-24 11:09:00,2091.5,2092.5457499999998,2093.2,2092.1534,50,LONG,-19.61749999998119,-260656.26999996373
cash_ACC,RSI2,2025-04-24 11:22:00,2025-04-24 11:26:00,2084.4,2085.4422,2093.6,2092.5532,50,LONG,355.5499999999938,-260300.71999996374
cash_ACC,RSI2,2025-04-24 11:30:00,2025-04-24 11:34:00,2085.6,2086.6427999999996,2088.4,2087.3558000000003,50,LONG,35.65000000003238,-260265.0699999637
cash_ACC,RSI2,2025-04-24 11:46:00,2025-04-24 11:53:00,2086.1,2087.1430499999997,2087.6,2086.5562,50,LONG,-29.342499999984284,-260294.4124999637
cash_ACC,RSI2,2025-04-24 12:04:00,2025-04-24 12:05:00,2088.8,2089.8444,2092.3,2091.2538500000005,50,LONG,70.47250000002805,-260223.93999996368
cash_ACC,RSI2,2025-04-24 12:10:00,2025-04-24 12:15:00,2088.0,2089.044,2091.0,2089.9545000000003,50,LONG,45.525000000020555,-260178.41499996366
cash_ACC,RSI2,2025-04-24 12:22:00,2025-04-24 12:24:00,2089.1,2090.14455,2090.5,2089.4547500000003,50,LONG,-34.4899999999825,-260212.90499996365
cash_ACC,RSI2,2025-04-24 12:27:00,2025-04-24 12:28:00,2087.1,2088.14355,2091.6,2090.5542,50,LONG,120.53250000001299,-260092.37249996365
cash_ACC,RSI2,2025-04-24 12:47:00,2025-04-24 12:51:00,2087.1,2088.14355,2093.5,2092.45325,50,LONG,215.4850000000124,-259876.88749996363
cash_ACC,RSI2,2025-04-24 13:11:00,2025-04-24 13:15:00,2091.0,2092.0454999999997,2092.7,2091.6536499999997,50,LONG,-19.592499999998836,-259896.47999996363
cash_ACC,RSI2,2025-04-24 14:14:00,2025-04-24 14:27:00,2110.0,2111.055,2100.7,2099.64965,50,LONG,-570.2674999999999,-260466.74749996362
cash_ACC,RSI2,2025-04-24 14:34:00,2025-04-24 14:45:00,2091.7,2092.74585,2091.2,2090.1544,50,LONG,-129.57249999999476,-260596.31999996363
cash_ACC,RSI2,2025-04-24 14:50:00,2025-04-24 14:55:00,2080.8,2081.8404,2085.8,2084.7571000000003,50,LONG,145.83500000001095,-260450.4849999636
cash_ACC,RSI2,2025-04-24 15:09:00,2025-04-24 15:12:00,2058.4,2059.4292,2069.5,2068.46525,50,LONG,451.80250000000797,-259998.6824999636
cash_ACC,RSI2,2025-04-24 15:15:00,2025-04-24 15:18:00,2059.0,2060.0295,2063.4,2062.3683,50,LONG,116.9399999999996,-259881.74249996358
cash_ACC,RSI2,2025-04-24 15:25:00,2025-04-24 15:29:00,2062.2,2063.2310999999995,2065.0,2063.9675,50,LONG,36.82000000003427,-259844.92249996355
cash_ACC,RSI2,2025-04-25 09:15:00,2025-04-25 09:22:00,2009.2,2010.2046,2035.0,2033.9825,50,LONG,1188.8950000000023,-258656.02749996356
cash_ACC,RSI2,2025-04-25 09:29:00,2025-04-25 09:51:00,2022.6,2023.6112999999998,1976.0,1975.0120000000002,50,LONG,-2429.9649999999815,-261085.99249996353
cash_ACC,RSI2,2025-04-25 09:56:00,2025-04-25 10:07:00,1967.3,1968.2836499999999,1955.1,1954.12245,50,LONG,-708.059999999989,-261794.05249996352
cash_ACC,RSI2,2025-04-25 10:21:00,2025-04-25 10:23:00,1952.3,1953.27615,1956.4,1955.4218000000003,50,LONG,107.28250000001935,-261686.7699999635
cash_ACC,RSI2,2025-04-25 10:25:00,2025-04-25 10:32:00,1945.0,1945.9724999999999,1948.2,1947.2259000000001,50,LONG,62.67000000001417,-261624.09999996348
cash_ACC,RSI2,2025-04-25 10:55:00,2025-04-25 11:05:00,1946.6,1947.5732999999998,1944.5,1943.5277500000002,50,LONG,-202.27749999997968,-261826.37749996345
cash_ACC,RSI2,2025-04-25 11:11:00,2025-04-25 11:24:00,1940.7,1941.6703499999999,1936.1,1935.13195,50,LONG,-326.9199999999955,-262153.29749996343
cash_ACC,RSI2,2025-04-25 11:47:00,2025-04-25 11:51:00,1942.5,1943.4712499999998,1946.6,1945.6267,50,LONG,107.77250000001004,-262045.5249999634
cash_ACC,RSI2,2025-04-25 12:29:00,2025-04-25 12:34:00,1961.0,1961.9805,1964.9,1963.9175500000001,50,LONG,96.85250000001133,-261948.6724999634
cash_ACC,RSI2,2025-04-25 12:42:00,2025-04-25 12:48:00,1957.5,1958.47875,1956.9,1955.9215500000003,50,LONG,-127.85999999998694,-262076.5324999634
cash_ACC,RSI2,2025-04-25 12:56:00,2025-04-25 13:07:00,1952.5,1953.47625,1947.2,1946.2264000000002,50,LONG,-362.49249999998483,-262439.02499996335
cash_ACC,RSI2,2025-04-25 13:24:00,2025-04-25 13:31:00,1946.8,1947.7733999999998,1945.2,1944.2274000000002,50,LONG,-177.29999999997972,-262616.32499996334
cash_ACC,RSI2,2025-04-25 13:39:00,2025-04-25 13:46:00,1943.5,1944.47175,1943.9,1942.9280500000002,50,LONG,-77.18499999998585,-262693.50999996334
cash_ACC,RSI2,2025-04-25 14:04:00,2025-04-25 14:15:00,1948.3,1949.2741499999997,1943.9,1942.9280500000002,50,LONG,-317.3049999999762,-263010.81499996333
cash_ACC,RSI2,2025-04-25 14:22:00,2025-04-25 14:36:00,1943.7,1944.67185,1939.4,1938.4303000000002,50,LONG,-312.0774999999867,-263322.89249996335
cash_ACC,RSI2,2025-04-25 14:42:00,2025-04-25 14:44:00,1937.0,1937.9685,1938.7,1937.7306500000002,50,LONG,-11.892499999987649,-263334.78499996336
cash_ACC,RSI2,2025-04-25 15:01:00,2025-04-25 15:05:00,1938.4,1939.3692,1938.9,1937.9305500000003,50,LONG,-71.93249999999125,-263406.71749996336
cash_ACC,RSI2,2025-04-25 15:19:00,2025-04-25 15:29:00,1936.0,1936.9679999999998,1935.0,1934.0325,50,LONG,-146.774999999991,-263553.4924999633
cash_ACC,RSI2,2025-04-28 09:18:00,2025-04-28 09:27:00,1927.3,1928.2636499999999,1926.0,1925.037,50,LONG,-161.3324999999918,-263714.82499996334
cash_ACC,RSI2,2025-04-28 09:41:00,2025-04-28 09:43:00,1923.7,1924.66185,1926.5,1925.5367500000002,50,LONG,43.745000000012624,-263671.07999996335
cash_ACC,RSI2,2025-04-28 10:33:00,2025-04-28 10:34:00,1932.5,1933.46625,1937.5,1936.53125,50,LONG,153.25000000000273,-263517.82999996335
cash_ACC,RSI2,2025-04-28 11:11:00,2025-04-28 11:20:00,1936.6,1937.5683,1935.0,1934.0325,50,LONG,-176.78999999999405,-263694.6199999633
cash_ACC,RSI2,2025-04-28 11:30:00,2025-04-28 11:33:00,1935.0,1935.9675,1940.1,1939.12995,50,LONG,158.12250000000176,-263536.4974999633
cash_ACC,RSI2,2025-04-28 11:55:00,2025-04-28 12:00:00,1936.2,1937.1680999999999,1935.9,1934.9320500000001,50,LONG,-111.8024999999875,-263648.2999999633
cash_ACC,RSI2,2025-04-28 12:31:00,2025-04-28 12:36:00,1933.1,1934.0665499999998,1935.5,1934.5322500000002,50,LONG,23.285000000021228,-263625.0149999633
cash_ACC,RSI2,2025-04-28 12:42:00,2025-04-28 12:43:00,1935.1,1936.0675499999998,1936.5,1935.53175,50,LONG,-26.789999999982683,-263651.80499996326
cash_ACC,RSI2,2025-04-28 12:47:00,2025-04-28 12:52:00,1932.4,1933.3662,1935.2,1934.2324,50,LONG,43.31000000000813,-263608.49499996327
cash_ACC,RSI2,2025-04-28 13:03:00,2025-04-28 13:13:00,1936.0,1936.9679999999998,1931.6,1930.6342,50,LONG,-316.68999999999414,-263925.18499996327
cash_ACC,RSI2,2025-04-28 13:19:00,2025-04-28 13:24:00,1928.0,1928.964,1928.3,1927.3358500000002,50,LONG,-81.40749999998889,-264006.59249996324
cash_ACC,RSI2,2025-04-28 13:50:00,2025-04-28 13:57:00,1927.0,1927.9634999999998,1928.9,1927.9355500000001,50,LONG,-1.397499999984575,-264007.9899999632
cash_ACC,RSI2,2025-04-28 14:17:00,2025-04-28 14:23:00,1926.0,1926.963,1927.6,1926.6362,50,LONG,-16.34000000000242,-264024.3299999632
cash_ACC,RSI2,2025-04-28 14:37:00,2025-04-28 14:48:00,1921.4,1922.3607,1914.0,1913.0430000000001,50,LONG,-465.8849999999916,-264490.21499996324
cash_ACC,RSI2,2025-04-28 14:51:00,2025-04-28 14:53:00,1908.1,1909.0540499999997,1917.2,1916.2414,50,LONG,359.36750000001894,-264130.84749996325
cash_ACC,RSI2,2025-04-29 09:23:00,2025-04-29 09:45:00,1931.2,1932.1656,1917.6,1916.6412,50,LONG,-776.2200000000007,-264907.0674999632
cash_ACC,RSI2,2025-04-29 09:50:00,2025-04-29 09:53:00,1915.5,1916.4577499999998,1915.8,1914.8421,50,LONG,-80.78249999998661,-264987.8499999632
cash_ACC,RSI2,2025-04-29 10:16:00,2025-04-29 10:35:00,1912.6,1913.5562999999997,1905.6,1904.6472,50,LONG,-445.4549999999813,-265433.30499996315
cash_ACC,RSI2,2025-04-29 10:53:00,2025-04-29 10:58:00,1905.9,1906.85295,1907.3,1906.34635,50,LONG,-25.329999999996744,-265458.63499996316
cash_ACC,RSI2,2025-04-29 11:41:00,2025-04-29 11:44:00,1907.0,1907.9534999999998,1908.3,1907.3458500000002,50,LONG,-30.382499999984702,-265489.01749996317
cash_ACC,RSI2,2025-04-29 11:52:00,2025-04-29 12:01:00,1905.2,1906.1526,1902.6,1901.6487,50,LONG,-225.19499999999653,-265714.2124999632
cash_ACC,RSI2,2025-04-29 12:18:00,2025-04-29 12:23:00,1905.1,1906.0525499999999,1905.8,1904.8471,50,LONG,-60.2724999999964,-265774.4849999632
cash_ACC,RSI2,2025-04-29 12:46:00,2025-04-29 12:50:00,1908.4,1909.3542,1907.9,1906.9460500000002,50,LONG,-120.40749999998752,-265894.89249996317
cash_ACC,RSI2,2025-04-29 13:06:00,2025-04-29 13:17:00,1907.0,1907.9534999999998,1906.8,1905.8466,50,LONG,-105.34499999998843,-266000.23749996314
cash_ACC,RSI2,2025-04-29 13:35:00,2025-04-29 13:45:00,1905.0,1905.9524999999999,1905.0,1904.0475000000001,50,LONG,-95.24999999998727,-266095.48749996314
cash_ACC,RSI2,2025-04-29 14:13:00,2025-04-29 14:23:00,1903.8,1904.7518999999998,1905.0,1904.0475000000001,50,LONG,-35.219999999981155,-266130.7074999631
cash_ACC,RSI2,2025-04-29 14:29:00,2025-04-29 14:39:00,1901.3,1902.25065,1899.7,1898.75015,50,LONG,-175.02499999999372,-266305.7324999631
cash_ACC,RSI2,2025-04-29 15:01:00,2025-04-29 15:05:00,1898.5,1899.44925,1899.8,1898.8501,50,LONG,-29.957499999989068,-266335.68999996304
cash_ACC,RSI2,2025-04-29 15:13:00,2025-04-29 15:19:00,1895.0,1895.9475,1894.8,1893.8526000000002,50,LONG,-104.74499999999125,-266440.43499996304
cash_ACC,RSI2,2025-04-29 15:27:00,2025-04-30 09:19:00,1887.0,1887.9434999999999,1883.8,1882.8581000000001,50,LONG,-254.26999999998543,-266694.704999963
cash_ACC,RSI2,2025-04-30 09:25:00,2025-04-30 09:31:00,1883.3,1884.24165,1884.8,1883.8576,50,LONG,-19.202499999994416,-266713.907499963
cash_ACC,RSI2,2025-04-30 09:35:00,2025-04-30 09:39:00,1880.3,1881.2401499999999,1884.0,1883.058,50,LONG,90.89250000000675,-266623.014999963
cash_ACC,RSI2,2025-04-30 09:58:00,2025-04-30 10:07:00,1885.4,1886.3427,1883.2,1882.2584000000002,50,LONG,-204.21499999998787,-266827.22999996296
cash_ACC,RSI2,2025-04-30 10:20:00,2025-04-30 10:22:00,1883.1,1884.04155,1884.9,1883.95755,50,LONG,-4.199999999991633,-266831.429999963
cash_ACC,RSI2,2025-04-30 10:29:00,2025-04-30 10:37:00,1881.7,1882.64085,1883.0,1882.0585,50,LONG,-29.11749999999529,-266860.54749996297
cash_ACC,RSI2,2025-04-30 10:58:00,2025-04-30 11:13:00,1879.0,1879.9395,1876.7,1875.7616500000001,50,LONG,-208.89249999999038,-267069.439999963
cash_ACC,RSI2,2025-04-30 11:38:00,2025-04-30 11:48:00,1883.7,1884.64185,1884.4,1883.4578000000001,50,LONG,-59.20249999999214,-267128.642499963
cash_ACC,RSI2,2025-04-30 12:38:00,2025-04-30 12:41:00,1895.2,1896.1476,1898.0,1897.0510000000002,50,LONG,45.17000000000735,-267083.472499963
cash_ACC,RSI2,2025-04-30 12:51:00,2025-04-30 13:16:00,1899.4,1900.3497,1889.9,1888.9550500000003,50,LONG,-569.7324999999864,-267653.204999963
cash_ACC,RSI2,2025-04-30 13:24:00,2025-04-30 13:27:00,1887.2,1888.1435999999999,1889.5,1888.5552500000001,50,LONG,20.582500000011805,-267632.622499963
cash_ACC,RSI2,2025-04-30 13:44:00,2025-04-30 13:47:00,1887.6,1888.5437999999997,1888.9,1887.9555500000001,50,LONG,-29.41249999997808,-267662.03499996295
cash_ACC,RSI2,2025-04-30 14:05:00,2025-04-30 14:14:00,1893.7,1894.6468499999999,1894.5,1893.55275,50,LONG,-54.70499999998992,-267716.73999996297
cash_ACC,RSI2,2025-04-30 14:35:00,2025-04-30 14:45:00,1889.1,1890.0445499999998,1890.3,1889.3548500000002,50,LONG,-34.484999999983756,-267751.22499996296
cash_ACC,RSI2,2025-04-30 14:57:00,2025-04-30 14:58:00,1890.9,1891.84545,1892.4,1891.4538000000002,50,LONG,-19.582499999989977,-267770.807499963
cash_ACC,RSI2,2025-04-30 15:14:00,2025-05-02 09:15:00,1889.4,1890.3446999999999,1892.8,1891.8536000000001,50,LONG,75.44500000001335,-267695.36249996297
cash_ACC,RSI2,2025-05-02 10:12:00,2025-05-02 10:15:00,1882.4,1883.3412,1886.0,1885.057,50,LONG,85.78999999999724,-267609.572499963
cash_ACC,RSI2,2025-05-02 10:21:00,2025-05-02 10:23:00,1883.0,1883.9415,1884.7,1883.7576500000002,50,LONG,-9.192499999983283,-267618.764999963
cash_ACC,RSI2,2025-05-02 10:26:00,2025-05-02 10:32:00,1880.3,1881.2401499999999,1880.0,1879.0600000000002,50,LONG,-109.00749999998425,-267727.772499963
cash_ACC,RSI2,2025-05-02 10:48:00,2025-05-02 10:58:00,1878.0,1878.9389999999999,1875.2,1874.2624,50,LONG,-233.829999999989,-267961.602499963
cash_ACC,RSI2,2025-05-02 11:14:00,2025-05-02 11:17:00,1876.1,1877.0380499999999,1877.4,1876.4613000000002,50,LONG,-28.837499999985994,-267990.439999963
cash_ACC,RSI2,2025-05-02 11:19:00,2025-05-02 11:26:00,1872.6,1873.5362999999998,1874.9,1873.9625500000002,50,LONG,21.312500000021828,-267969.127499963
cash_ACC,RSI2,2025-05-02 11:34:00,2025-05-02 11:42:00,1876.6,1877.5382999999997,1874.5,1873.56275,50,LONG,-198.77749999998287,-268167.90499996295
cash_ACC,RSI2,2025-05-02 11:46:00,2025-05-02 11:51:00,1869.9,1870.83495,1871.9,1870.9640500000003,50,LONG,6.455000000016753,-268161.44999996293
cash_ACC,RSI2,2025-05-02 12:02:00,2025-05-02 12:14:00,1873.6,1874.5367999999999,1872.5,1871.56375,50,LONG,-148.6524999999915,-268310.1024999629
cash_ACC,RSI2,2025-05-02 12:23:00,2025-05-02 12:32:00,1867.3,1868.23365,1864.0,1863.0680000000002,50,LONG,-258.28249999998434,-268568.3849999629
cash_ACC,RSI2,2025-05-02 12:37:00,2025-05-02 12:42:00,1861.3,1862.2306499999997,1863.9,1862.9680500000002,50,LONG,36.87000000002172,-268531.5149999629
cash_ACC,RSI2,2025-05-02 13:24:00,2025-05-02 13:30:00,1867.1,1868.0335499999999,1867.3,1866.36635,50,LONG,-83.3599999999933,-268614.87499996286
cash_ACC,RSI2,2025-05-02 13:49:00,2025-05-02 13:51:00,1867.0,1867.9334999999999,1868.6,1867.6657,50,LONG,-13.389999999992597,-268628.2649999629
cash_ACC,RSI2,2025-05-02 14:00:00,2025-05-02 14:08:00,1868.2,1869.1341,1867.7,1866.7661500000002,50,LONG,-118.39749999999185,-268746.66249996284
cash_ACC,RSI2,2025-05-02 14:22:00,2025-05-02 14:27:00,1863.0,1863.9315,1864.0,1863.0680000000002,50,LONG,-43.174999999985175,-268789.8374999628
cash_ACC,RSI2,2025-05-02 15:04:00,2025-05-02 15:06:00,1865.9,1866.83295,1866.9,1865.96655,50,LONG,-43.31999999999425,-268833.15749996284
cash_ACC,RSI2,2025-05-02 15:14:00,2025-05-02 15:22:00,1864.4,1865.3322,1863.2,1862.2684000000002,50,LONG,-153.18999999999505,-268986.34749996284
cash_ACC,RSI2,2025-05-02 15:28:00,2025-05-02 15:29:00,1862.2,1863.1310999999998,1865.0,1864.0675,50,LONG,46.820000000013806,-268939.52749996283
cash_ACC,RSI2,2025-05-05 10:03:00,2025-05-05 10:09:00,1865.7,1866.63285,1868.4,1867.4658000000002,50,LONG,41.647500000010496,-268897.8799999628
cash_ACC,RSI2,2025-05-05 11:29:00,2025-05-05 11:32:00,1887.4,1888.3437,1890.4,1889.4548000000002,50,LONG,55.5550000000153,-268842.3249999628
cash_ACC,RSI2,2025-05-05 11:36:00,2025-05-05 11:42:00,1885.1,1886.04255,1886.5,1885.5567500000002,50,LONG,-24.289999999984957,-268866.6149999628
cash_ACC,RSI2,2025-05-05 11:48:00,2025-05-05 11:51:00,1885.0,1885.9424999999999,1886.9,1885.95655,50,LONG,0.7025000000112414,-268865.9124999628
cash_ACC,RSI2,2025-05-05 12:44:00,2025-05-05 12:53:00,1903.0,1903.9515,1900.9,1899.9495500000003,50,LONG,-200.0974999999812,-269066.00999996276
cash_ACC,RSI2,2025-05-05 12:58:00,2025-05-05 13:01:00,1897.0,1897.9485,1898.2,1897.2509000000002,50,LONG,-34.87999999998692,-269100.88999996276
cash_ACC,RSI2,2025-05-05 13:06:00,2025-05-05 13:08:00,1894.1,1895.04705,1897.8,1896.8511,50,LONG,90.20250000000942,-269010.68749996275
cash_ACC,RSI2,2025-05-05 13:16:00,2025-05-05 13:22:00,1896.9,1897.84845,1898.8,1897.8506,50,LONG,0.107500000001437,-269010.57999996276
cash_ACC,RSI2,2025-05-05 13:29:00,2025-05-05 13:31:00,1895.1,1896.0475499999998,1898.5,1897.55075,50,LONG,75.16000000001668,-268935.41999996273
cash_ACC,RSI2,2025-05-05 13:37:00,2025-05-05 13:40:00,1894.7,1895.64735,1897.6,1896.6512,50,LONG,50.19250000000284,-268885.2274999627
cash_ACC,RSI2,2025-05-05 14:12:00,2025-05-05 14:34:00,1891.8,1892.7459,1885.0,1884.0575000000001,50,LONG,-434.4199999999887,-269319.6474999627
cash_ACC,RSI2,2025-05-05 14:39:00,2025-05-05 14:42:00,1883.9,1884.84195,1884.9,1883.95755,50,LONG,-44.21999999999571,-269363.8674999627
cash_ACC,RSI2,2025-05-05 15:02:00,2025-05-05 15:03:00,1884.0,1884.942,1885.0,1884.0575000000001,50,LONG,-44.22499999999445,-269408.09249996266
cash_ACC,RSI2,2025-05-06 09:21:00,2025-05-06 09:27:00,1881.6,1882.5407999999998,1878.9,1877.9605500000002,50,LONG,-229.01249999997617,-269637.1049999626
cash_ACC,RSI2,2025-05-06 09:39:00,2025-05-06 09:44:00,1872.0,1872.936,1872.0,1871.064,50,LONG,-93.59999999999218,-269730.7049999626
cash_ACC,RSI2,2025-05-06 09:51:00,2025-05-06 10:03:00,1867.3,1868.23365,1864.0,1863.0680000000002,50,LONG,-258.28249999998434,-269988.98749996256
cash_ACC,RSI2,2025-05-06 10:15:00,2025-05-06 10:25:00,1862.7,1863.6313499999999,1863.8,1862.8681000000001,50,LONG,-38.162499999987176,-270027.14999996254
cash_ACC,RSI2,2025-05-06 11:03:00,2025-05-06 11:22:00,1867.8,1868.7339,1859.0,1858.0705,50,LONG,-533.1699999999955,-270560.3199999625
cash_ACC,RSI2,2025-05-06 11:32:00,2025-05-06 11:47:00,1857.0,1857.9285,1855.6,1854.6722,50,LONG,-162.8150000000005,-270723.1349999625
cash_ACC,RSI2,2025-05-06 12:42:00,2025-05-06 12:50:00,1867.1,1868.0335499999999,1863.9,1862.9680500000002,50,LONG,-253.27499999998508,-270976.4099999625
cash_ACC,RSI2,2025-05-06 12:54:00,2025-05-06 12:59:00,1861.7,1862.63085,1862.7,1861.7686500000002,50,LONG,-43.10999999999012,-271019.5199999625
cash_ACC,RSI2,2025-05-06 13:08:00,2025-05-06 13:12:00,1858.0,1858.9289999999999,1859.6,1858.6702,50,LONG,-12.93999999999187,-271032.4599999625
cash_ACC,RSI2,2025-05-06 13:21:00,2025-05-06 13:25:00,1860.0,1860.9299999999998,1860.7,1859.7696500000002,50,LONG,-58.01749999998265,-271090.47749996244
cash_ACC,RSI2,2025-05-06 13:59:00,2025-05-06 14:10:00,1861.2,1862.1306,1856.8,1855.8716,50,LONG,-312.9500000000007,-271403.42749996245
cash_ACC,RSI2,2025-05-06 14:18:00,2025-05-06 14:34:00,1855.5,1856.4277499999998,1853.0,1852.0735000000002,50,LONG,-217.7124999999819,-271621.1399999624
cash_ACC,RSI2,2025-05-06 14:47:00,2025-05-06 15:00:00,1850.2,1851.1251,1843.7,1842.77815,50,LONG,-417.34749999999394,-272038.4874999624
cash_ACC,RSI2,2025-05-06 15:16:00,2025-05-07 09:15:00,1846.2,1847.1231,1847.5,1846.57625,50,LONG,-27.34249999999747,-272065.82999996236
cash_ACC,RSI2,2025-05-07 09:32:00,2025-05-07 09:34:00,1848.0,1848.924,1852.2,1851.2739000000001,50,LONG,117.49500000000808,-271948.33499996236
cash_ACC,RSI2,2025-05-07 09:42:00,2025-05-07 09:56:00,1844.0,1844.9219999999998,1832.6,1831.6837,50,LONG,-661.9149999999877,-272610.24999996234
cash_ACC,RSI2,2025-05-07 10:06:00,2025-05-07 10:23:00,1835.5,1836.4177499999998,1827.1,1826.18645,50,LONG,-511.56499999999596,-273121.81499996234
cash_ACC,RSI2,2025-05-07 10:44:00,2025-05-07 10:47:00,1824.1,1825.0120499999998,1826.0,1825.087,50,LONG,3.7475000000085856,-273118.06749996234
cash_ACC,RSI2,2025-05-07 10:54:00,2025-05-07 10:56:00,1821.9,1822.81095,1825.0,1824.0875,50,LONG,63.827500000002146,-273054.23999996233
cash_ACC,RSI2,2025-05-07 11:46:00,2025-05-07 11:55:00,1841.2,1842.1206,1839.2,1838.2804,50,LONG,-192.0099999999934,-273246.24999996234
cash_ACC,RSI2,2025-05-07 12:39:00,2025-05-07 12:46:00,1842.8,1843.7214,1844.4,1843.4778000000001,50,LONG,-12.179999999989377,-273258.42999996233
cash_ACC,RSI2,2025-05-07 12:54:00,2025-05-07 12:57:00,1842.8,1843.7214,1843.2,1842.2784000000001,50,LONG,-72.14999999998781,-273330.5799999623
cash_ACC,RSI2,2025-05-07 13:05:00,2025-05-07 13:16:00,1839.2,1840.1196,1838.4,1837.4808000000003,50,LONG,-131.93999999998596,-273462.5199999623
cash_ACC,RSI2,2025-05-07 13:34:00,2025-05-07 13:39:00,1840.0,1840.9199999999998,1840.1,1839.17995,50,LONG,-87.00249999999414,-273549.5224999623
cash_ACC,RSI2,2025-05-07 14:19:00,2025-05-07 14:26:00,1841.2,1842.1206,1841.3,1840.3793500000002,50,LONG,-87.06249999999045,-273636.5849999623
cash_ACC,RSI2,2025-05-07 14:44:00,2025-05-07 14:49:00,1843.4,1844.3217,1843.5,1842.57825,50,LONG,-87.17249999999694,-273723.7574999623
cash_ACC,RSI2,2025-05-07 14:53:00,2025-05-07 14:57:00,1842.2,1843.1210999999998,1843.4,1842.4783000000002,50,LONG,-32.13999999998123,-273755.89749996224
cash_ACC,RSI2,2025-05-08 09:21:00,2025-05-08 09:23:00,1847.8,1848.7239,1853.5,1852.5732500000001,50,LONG,192.4675000000093,-273563.4299999622
cash_ACC,RSI2,2025-05-08 09:42:00,2025-05-08 09:46:00,1848.2,1849.1241,1849.5,1848.57525,50,LONG,-27.442499999995107,-273590.8724999622
cash_ACC,RSI2,2025-05-08 09:49:00,2025-05-08 09:51:00,1846.3,1847.2231499999998,1848.7,1847.77565,50,LONG,27.625000000011823,-273563.2474999622
cash_ACC,RSI2,2025-05-08 09:59:00,2025-05-08 10:07:00,1848.0,1848.924,1848.7,1847.77565,50,LONG,-57.417499999996835,-273620.6649999622
cash_ACC,RSI2,2025-05-08 10:33:00,2025-05-08 10:34:00,1854.5,1855.42725,1855.9,1854.97205,50,LONG,-22.759999999993852,-273643.4249999622
cash_ACC,RSI2,2025-05-08 10:58:00,2025-05-08 10:59:00,1853.3,1854.2266499999998,1855.3,1854.37235,50,LONG,7.285000000013042,-273636.1399999622
cash_ACC,RSI2,2025-05-08 11:02:00,2025-05-08 11:04:00,1849.1,1850.0245499999999,1854.9,1853.9725500000002,50,LONG,197.400000000016,-273438.73999996216
cash_ACC,RSI2,2025-05-08 11:12:00,2025-05-08 11:13:00,1850.8,1851.7253999999998,1853.3,1852.37335,50,LONG,32.397500000013224,-273406.34249996213
cash_ACC,RSI2,2025-05-08 11:30:00,2025-05-08 11:33:00,1852.1,1853.0260499999997,1852.3,1851.37385,50,LONG,-82.6099999999883,-273488.9524999621
cash_ACC,RSI2,2025-05-08 11:34:00,2025-05-08 11:37:00,1850.8,1851.7253999999998,1852.0,1851.074,50,LONG,-32.569999999986976,-273521.5224999621
cash_ACC,RSI2,2025-05-08 11:53:00,2025-05-08 12:02:00,1852.2,1853.1261,1852.0,1851.074,50,LONG,-102.6049999999941,-273624.1274999621
cash_ACC,RSI2,2025-05-08 12:17:00,2025-05-08 12:21:00,1852.3,1853.22615,1852.0,1851.074,50,LONG,-107.60749999999462,-273731.7349999621
cash_ACC,RSI2,2025-05-08 12:48:00,2025-05-08 12:52:00,1854.8,1855.7273999999998,1855.1,1854.17245,50,LONG,-77.74749999998676,-273809.4824999621
cash_ACC,RSI2,2025-05-08 12:53:00,2025-05-08 12:58:00,1852.2,1853.1261,1854.0,1853.073,50,LONG,-2.654999999992924,-273812.13749996206
cash_ACC,RSI2,2025-05-08 13:04:00,2025-05-08 13:08:00,1852.0,1852.926,1852.3,1851.37385,50,LONG,-77.60749999999916,-273889.74499996204
cash_ACC,RSI2,2025-05-08 13:17:00,2025-05-08 13:22:00,1847.2,1848.1236,1848.9,1847.97555,50,LONG,-7.402499999989232,-273897.147499962
cash_ACC,RSI2,2025-05-08 13:24:00,2025-05-08 13:47:00,1842.2,1843.1210999999998,1829.6,1828.6852000000001,50,LONG,-721.794999999986,-274618.942499962
cash_ACC,RSI2,2025-05-08 13:55:00,2025-05-08 14:03:00,1823.5,1824.41175,1823.4,1822.4883000000002,50,LONG,-96.17249999998876,-274715.114999962
cash_ACC,RSI2,2025-05-08 14:38:00,2025-05-08 14:44:00,1823.0,1823.9115,1823.0,1822.0885,50,LONG,-91.14999999999327,-274806.26499996195
cash_ACC,RSI2,2025-05-08 14:46:00,2025-05-08 14:56:00,1821.4,1822.3107,1815.5,1814.5922500000001,50,LONG,-385.9224999999924,-275192.18749996193
cash_ACC,RSI2,2025-05-08 15:18:00,2025-05-09 09:25:00,1811.9,1812.80595,1796.7,1795.80165,50,LONG,-850.2149999999915,-276042.4024999619
cash_ACC,RSI2,2025-05-09 09:29:00,2025-05-09 09:37:00,1790.8,1791.6953999999998,1793.7,1792.8031500000002,50,LONG,55.38750000001755,-275987.0149999619
cash_ACC,RSI2,2025-05-09 09:44:00,2025-05-09 09:52:00,1796.3,1797.19815,1787.7,1786.8061500000001,50,LONG,-519.5999999999913,-276506.61499996186
cash_ACC,RSI2,2025-05-09 09:58:00,2025-05-09 10:06:00,1785.0,1785.8925,1782.9,1782.0085500000002,50,LONG,-194.1974999999843,-276700.8124999619
cash_ACC,RSI2,2025-05-09 10:19:00,2025-05-09 10:23:00,1792.2,1793.0961,1795.7,1794.8021500000002,50,LONG,85.3025000000116,-276615.5099999619
cash_ACC,RSI2,2025-05-09 10:38:00,2025-05-09 10:42:00,1789.1,1789.99455,1790.8,1789.9046,50,LONG,-4.4974999999908505,-276620.0074999619
cash_ACC,RSI2,2025-05-09 10:53:00,2025-05-09 11:00:00,1788.6,1789.4942999999998,1789.3,1788.40535,50,LONG,-54.44749999999203,-276674.4549999619
cash_ACC,RSI2,2025-05-09 11:35:00,2025-05-09 11:38:00,1800.7,1801.60035,1801.4,1800.4993000000002,50,LONG,-55.05249999998796,-276729.5074999619
cash_ACC,RSI2,2025-05-09 11:43:00,2025-05-09 11:47:00,1800.3,1801.20015,1800.6,1799.6997000000001,50,LONG,-75.02249999998867,-276804.52999996184
cash_ACC,RSI2,2025-05-09 12:04:00,2025-05-09 12:08:00,1800.0,1800.8999999999999,1801.9,1800.9990500000001,50,LONG,4.95250000001306,-276799.57749996183
cash_ACC,RSI2,2025-05-09 12:18:00,2025-05-09 12:23:00,1803.7,1804.60185,1803.8,1802.8981,50,LONG,-85.187499999995,-276884.76499996183
cash_ACC,RSI2,2025-05-09 12:34:00,2025-05-09 12:41:00,1801.5,1802.4007499999998,1802.5,1801.59875,50,LONG,-40.09999999998399,-276924.8649999618
cash_ACC,RSI2,2025-05-09 12:56:00,2025-05-09 13:00:00,1802.2,1803.1010999999999,1804.4,1803.4978,50,LONG,19.83500000001186,-276905.0299999618
cash_ACC,RSI2,2025-05-09 13:21:00,2025-05-09 13:30:00,1801.5,1802.4007499999998,1801.0,1800.0995,50,LONG,-115.06249999998772,-277020.0924999618
cash_ACC,RSI2,2025-05-09 13:41:00,2025-05-09 13:44:00,1798.4,1799.2992,1800.7,1799.7996500000002,50,LONG,25.022500000011405,-276995.06999996176
cash_ACC,RSI2,2025-05-09 13:56:00,2025-05-09 14:02:00,1799.0,1799.8995,1800.0,1799.1000000000001,50,LONG,-39.97499999999263,-277035.04499996174
cash_ACC,RSI2,2025-05-09 14:23:00,2025-05-09 14:39:00,1801.8,1802.7008999999998,1802.2,1801.2989000000002,50,LONG,-70.09999999997945,-277105.1449999617
cash_ACC,RSI2,2025-05-09 15:29:00,2025-05-12 09:15:00,1810.1,1811.0050499999998,1852.9,1851.9735500000002,50,LONG,2048.42500000002,-275056.7199999617
cash_ACC,RSI2,2025-05-12 09:27:00,2025-05-12 09:31:00,1848.1,1849.0240499999998,1851.0,1850.0745000000002,50,LONG,52.5225000000205,-275004.19749996165
cash_ACC,RSI2,2025-05-12 10:14:00,2025-05-12 10:20:00,1857.6,1858.5287999999998,1861.6,1860.6692,50,LONG,107.02000000001135,-274897.17749996163
cash_ACC,RSI2,2025-05-12 10:26:00,2025-05-12 10:31:00,1860.1,1861.0300499999998,1862.0,1861.0690000000002,50,LONG,1.947500000017044,-274895.2299999616
cash_ACC,RSI2,2025-05-12 10:34:00,2025-05-12 10:40:00,1856.4,1857.3282,1856.0,1855.0720000000001,50,LONG,-112.8099999999904,-275008.0399999616
cash_ACC,RSI2,2025-05-12 10:59:00,2025-05-12 11:06:00,1857.6,1858.5287999999998,1861.0,1860.0695,50,LONG,77.03500000001213,-274931.0049999616
cash_ACC,RSI2,2025-05-12 11:20:00,2025-05-12 11:24:00,1862.0,1862.9309999999998,1862.5,1861.5687500000001,50,LONG,-68.11249999998381,-274999.1174999616
cash_ACC,RSI2,2025-05-12 11:28:00,2025-05-12 11:52:00,1860.3,1861.2301499999999,1853.0,1852.0735000000002,50,LONG,-457.8324999999836,-275456.94999996154
cash_ACC,RSI2,2025-05-12 11:59:00,2025-05-12 12:04:00,1850.6,1851.5252999999998,1856.2,1855.2719000000002,50,LONG,187.33000000001994,-275269.6199999615
cash_ACC,RSI2,2025-05-12 12:10:00,2025-05-12 12:14:00,1852.4,1853.3262,1854.0,1853.073,50,LONG,-12.659999999993943,-275282.2799999615
cash_ACC,RSI2,2025-05-12 12:27:00,2025-05-12 12:30:00,1851.4,1852.3257,1855.8,1854.8721,50,LONG,127.31999999999744,-275154.9599999615
cash_ACC,RSI2,2025-05-12 12:38:00,2025-05-12 12:45:00,1854.9,1855.82745,1855.2,1854.2724,50,LONG,-77.75249999999687,-275232.7124999615
cash_ACC,RSI2,2025-05-12 12:54:00,2025-05-12 12:57:00,1851.8,1852.7259,1853.8,1852.8731,50,LONG,7.360000000005584,-275225.3524999615
cash_ACC,RSI2,2025-05-12 13:32:00,2025-05-12 13:38:00,1855.3,1856.2276499999998,1855.7,1854.7721500000002,50,LONG,-72.77499999997872,-275298.12749996147
cash_ACC,RSI2,2025-05-12 14:40:00,2025-05-12 14:48:00,1859.0,1859.9295,1858.1,1857.17095,50,LONG,-137.9275000000007,-275436.05499996146
cash_ACC,RSI2,2025-05-12 15:07:00,2025-05-12 15:13:00,1859.6,1860.5297999999998,1859.4,1858.4703000000002,50,LONG,-102.97499999998081,-275539.02999996144
cash_ACC,RSI2,2025-05-13 09:31:00,2025-05-13 09:33:00,1861.1,1862.0305499999997,1868.6,1867.6657,50,LONG,281.7575000000147,-275257.27249996143
cash_ACC,RSI2,2025-05-13 09:40:00,2025-05-13 09:52:00,1863.9,1864.83195,1857.0,1856.0715,50,LONG,-438.0224999999996,-275695.29499996145
cash_ACC,RSI2,2025-05-13 10:18:00,2025-05-13 10:21:00,1860.0,1860.9299999999998,1861.0,1860.0695,50,LONG,-43.02499999998872,-275738.3199999614
cash_ACC,RSI2,2025-05-13 10:29:00,2025-05-13 10:33:00,1856.9,1857.82845,1859.9,1858.9700500000001,50,LONG,57.08000000000766,-275681.2399999614
cash_ACC,RSI2,2025-05-13 11:17:00,2025-05-13 11:20:00,1863.0,1863.9315,1864.5,1863.5677500000002,50,LONG,-18.187499999987722,-275699.4274999614
cash_ACC,RSI2,2025-05-13 11:24:00,2025-05-13 11:27:00,1861.9,1862.83095,1863.4,1862.4683000000002,50,LONG,-18.13249999999016,-275717.5599999614
cash_ACC,RSI2,2025-05-13 11:38:00,2025-05-13 11:43:00,1858.6,1859.5292999999997,1864.7,1863.7676500000002,50,LONG,211.91750000002685,-275505.64249996137
cash_ACC,RSI2,2025-05-13 11:57:00,2025-05-13 12:03:00,1863.6,1864.5317999999997,1863.9,1862.9680500000002,50,LONG,-78.18749999997863,-275583.82999996137
cash_ACC,RSI2,2025-05-13 12:51:00,2025-05-13 12:53:00,1864.4,1865.3322,1865.6,1864.6672,50,LONG,-33.24999999999818,-275617.07999996137
cash_ACC,RSI2,2025-05-13 13:19:00,2025-05-13 13:20:00,1865.6,1866.5327999999997,1866.8,1865.8666,50,LONG,-33.30999999998312,-275650.38999996136
cash_ACC,RSI2,2025-05-13 13:26:00,2025-05-13 13:28:00,1866.0,1866.933,1866.7,1865.7666500000003,50,LONG,-58.31749999998692,-275708.70749996137
cash_ACC,RSI2,2025-05-13 13:57:00,2025-05-13 14:01:00,1860.2,1861.1300999999999,1861.4,1860.4693000000002,50,LONG,-33.03999999998268,-275741.74749996135
cash_ACC,RSI2,2025-05-13 14:17:00,2025-05-13 14:24:00,1857.7,1858.62885,1856.4,1855.4718000000003,50,LONG,-157.85249999998996,-275899.5999999613
cash_ACC,RSI2,2025-05-13 14:41:00,2025-05-13 14:43:00,1855.5,1856.4277499999998,1856.8,1855.8716,50,LONG,-27.807499999994434,-275927.4074999613
cash_ACC,RSI2,2025-05-13 14:54:00,2025-05-13 15:07:00,1855.1,1856.0275499999998,1855.0,1854.0725,50,LONG,-97.75249999999005,-276025.1599999613
cash_ACC,RSI2,2025-05-13 15:14:00,2025-05-13 15:17:00,1853.2,1854.1266,1853.7,1852.7731500000002,50,LONG,-67.67249999999194,-276092.8324999613
cash_ACC,RSI2,2025-05-14 09:49:00,2025-05-14 09:54:00,1868.9,1869.83445,1868.7,1867.76565,50,LONG,-103.44000000000051,-276196.2724999613
cash_ACC,RSI2,2025-05-14 10:20:00,2025-05-14 10:22:00,1869.1,1870.0345499999999,1869.9,1868.9650500000002,50,LONG,-53.474999999980355,-276249.7474999613
cash_ACC,RSI2,2025-05-14 10:34:00,2025-05-14 10:39:00,1864.7,1865.6323499999999,1867.6,1866.6662000000001,50,LONG,51.69250000001284,-276198.0549999613
cash_ACC,RSI2,2025-05-14 11:06:00,2025-05-14 11:11:00,1868.7,1869.63435,1869.5,1868.56525,50,LONG,-53.454999999996744,-276251.5099999613
cash_ACC,RSI2,2025-05-14 11:35:00,2025-05-14 11:44:00,1868.7,1869.63435,1870.0,1869.065,50,LONG,-28.46749999999929,-276279.97749996133
cash_ACC,RSI2,2025-05-14 11:46:00,2025-05-14 11:51:00,1866.4,1867.3332,1865.8,1864.8671000000002,50,LONG,-123.30499999999347,-276403.2824999613
cash_ACC,RSI2,2025-05-14 12:10:00,2025-05-14 12:13:00,1866.1,1867.0330499999998,1868.0,1867.066,50,LONG,1.6475000000127693,-276401.6349999613
cash_ACC,RSI2,2025-05-14 12:20:00,2025-05-14 12:21:00,1865.2,1866.1326,1868.8,1867.8656,50,LONG,86.65000000000873,-276314.9849999613
cash_ACC,RSI2,2025-05-14 12:26:00,2025-05-14 12:30:00,1865.7,1866.63285,1869.2,1868.2654000000002,50,LONG,81.62750000001324,-276233.3574999613
cash_ACC,RSI2,2025-05-14 12:50:00,2025-05-14 12:59:00,1866.0,1866.933,1865.7,1864.7671500000001,50,LONG,-108.2924999999932,-276341.64999996126
cash_ACC,RSI2,2025-05-14 13:18:00,2025-05-14 13:25:00,1865.9,1866.83295,1864.9,1863.9675500000003,50,LONG,-143.26999999998407,-276484.9199999612
cash_ACC,RSI2,2025-05-14 13:45:00,2025-05-14 13:50:00,1864.2,1865.1321,1863.9,1862.9680500000002,50,LONG,-108.20249999999305,-276593.12249996123
cash_ACC,RSI2,2025-05-14 13:57:00,2025-05-14 14:01:00,1863.0,1863.9315,1864.0,1863.0680000000002,50,LONG,-43.174999999985175,-276636.2974999612
cash_ACC,RSI2,2025-05-14 14:31:00,2025-05-14 14:36:00,1862.0,1862.9309999999998,1861.0,1860.0695,50,LONG,-143.07499999998754,-276779.37249996123
cash_ACC,RSI2,2025-05-14 14:59:00,2025-05-14 15:04:00,1861.3,1862.2306499999997,1861.9,1860.9690500000002,50,LONG,-63.079999999979464,-276842.4524999612
cash_ACC,RSI2,2025-05-14 15:28:00,2025-05-15 09:15:00,1860.0,1860.9299999999998,1866.9,1865.96655,50,LONG,251.82750000001306,-276590.6249999612
cash_ACC,RSI2,2025-05-15 09:36:00,2025-05-15 09:41:00,1869.2,1870.1345999999999,1867.9,1866.9660500000002,50,LONG,-158.42749999998205,-276749.05249996117
cash_ACC,RSI2,2025-05-15 09:55:00,2025-05-15 09:56:00,1868.6,1869.5342999999998,1869.7,1868.7651500000002,50,LONG,-38.45749999998134,-276787.5099999611
cash_ACC,RSI2,2025-05-15 10:06:00,2025-05-15 10:12:00,1868.2,1869.1341,1870.0,1869.065,50,LONG,-3.454999999996744,-276790.96499996114
cash_ACC,RSI2,2025-05-15 10:52:00,2025-05-15 10:54:00,1868.0,1868.934,1869.0,1868.0655000000002,50,LONG,-43.42499999999063,-276834.38999996113
cash_ACC,RSI2,2025-05-15 10:59:00,2025-05-15 11:01:00,1868.4,1869.3342,1869.0,1868.0655000000002,50,LONG,-63.43499999999267,-276897.8249999611
cash_ACC,RSI2,2025-05-15 11:04:00,2025-05-15 11:08:00,1867.1,1868.0335499999999,1867.8,1866.8661,50,LONG,-58.37249999999585,-276956.1974999611
cash_ACC,RSI2,2025-05-15 11:22:00,2025-05-15 11:24:00,1866.1,1867.0330499999998,1867.6,1866.6662000000001,50,LONG,-18.34249999998292,-276974.5399999611
cash_ACC,RSI2,2025-05-15 11:33:00,2025-05-15 11:35:00,1867.1,1868.0335499999999,1867.7,1866.7661500000002,50,LONG,-63.36999999998625,-277037.9099999611
cash_ACC,RSI2,2025-05-15 13:22:00,2025-05-15 13:30:00,1881.2,1882.1406,1879.8,1878.8601,50,LONG,-164.02499999999236,-277201.93499996106
cash_ACC,RSI2,2025-05-15 13:35:00,2025-05-15 13:39:00,1878.3,1879.2391499999999,1880.2,1879.2599000000002,50,LONG,1.037500000018099,-277200.897499961
cash_ACC,RSI2,2025-05-15 13:58:00,2025-05-15 14:05:00,1882.1,1883.0410499999998,1882.6,1881.6587,50,LONG,-69.11749999999302,-277270.014999961
cash_ACC,RSI2,2025-05-15 14:07:00,2025-05-15 14:10:00,1880.4,1881.3402,1882.8,1881.8586,50,LONG,25.919999999996435,-277244.09499996103
cash_ACC,RSI2,2025-05-15 14:33:00,2025-05-15 14:41:00,1885.2,1886.1426,1885.0,1884.0575000000001,50,LONG,-104.2549999999892,-277348.34999996104
cash_ACC,RSI2,2025-05-15 14:58:00,2025-05-15 15:01:00,1885.2,1886.1426,1886.0,1885.057,50,LONG,-54.27999999999429,-277402.629999961
cash_ACC,RSI2,2025-05-15 15:05:00,2025-05-15 15:15:00,1883.1,1884.04155,1882.8,1881.8586,50,LONG,-109.14749999999458,-277511.777499961
cash_ACC,RSI2,2025-05-15 15:29:00,2025-05-16 09:15:00,1882.2,1883.1411,1889.6,1888.6552,50,LONG,275.70499999999356,-277236.072499961
cash_ACC,RSI2,2025-05-16 09:40:00,2025-05-16 09:42:00,1902.0,1902.9509999999998,1906.4,1905.4468000000002,50,LONG,124.79000000001861,-277111.282499961
cash_ACC,RSI2,2025-05-16 09:51:00,2025-05-16 09:58:00,1903.9,1904.85195,1906.5,1905.5467500000002,50,LONG,34.740000000010696,-277076.542499961
cash_ACC,RSI2,2025-05-16 10:05:00,2025-05-16 10:10:00,1908.8,1909.7543999999998,1909.5,1908.5452500000001,50,LONG,-60.457499999984066,-277136.99999996094
cash_ACC,RSI2,2025-05-16 10:29:00,2025-05-16 10:31:00,1906.5,1907.4532499999998,1909.9,1908.9450500000003,50,LONG,74.59000000002334,-277062.4099999609
cash_ACC,RSI2,2025-05-16 10:39:00,2025-05-16 10:40:00,1908.5,1909.45425,1910.0,1909.045,50,LONG,-20.462499999996453,-277082.87249996094
cash_ACC,RSI2,2025-05-16 11:02:00,2025-05-16 11:10:00,1910.3,1911.25515,1909.2,1908.2454000000002,50,LONG,-150.48749999998563,-277233.3599999609
cash_ACC,RSI2,2025-05-16 12:00:00,2025-05-16 12:05:00,1929.5,1930.4647499999999,1929.6,1928.6352,50,LONG,-91.47749999999633,-277324.8374999609
cash_ACC,RSI2,2025-05-16 12:10:00,2025-05-16 12:21:00,1928.0,1928.964,1924.9,1923.93755,50,LONG,-251.32249999999203,-277576.1599999609
cash_ACC,RSI2,2025-05-16 12:23:00,2025-05-16 12:25:00,1922.9,1923.8614499999999,1923.9,1922.9380500000002,50,LONG,-46.1699999999837,-277622.3299999609
cash_ACC,RSI2,2025-05-16 12:32:00,2025-05-16 12:34:00,1923.8,1924.7618999999997,1925.0,1924.0375000000001,50,LONG,-36.219999999980246,-277658.5499999609
cash_ACC,RSI2,2025-05-16 12:58:00,2025-05-16 13:04:00,1923.6,1924.5617999999997,1923.6,1922.6382,50,LONG,-96.17999999998119,-277754.72999996087
cash_ACC,RSI2,2025-05-16 13:07:00,2025-05-16 13:22:00,1922.1,1923.0610499999998,1919.6,1918.6402,50,LONG,-221.04249999998729,-277975.77249996085
cash_ACC,RSI2,2025-05-16 13:35:00,2025-05-16 13:37:00,1920.3,1921.2601499999998,1921.2,1920.2394000000002,50,LONG,-51.03749999998399,-278026.8099999608
cash_ACC,RSI2,2025-05-16 13:40:00,2025-05-16 13:46:00,1918.2,1919.1590999999999,1919.3,1918.3403500000002,50,LONG,-40.937499999984084,-278067.7474999608
cash_ACC,RSI2,2025-05-16 14:27:00,2025-05-16 14:28:00,1920.6,1921.5602999999999,1925.6,1924.6372000000001,50,LONG,153.84500000001253,-277913.9024999608
cash_ACC,RSI2,2025-05-16 14:45:00,2025-05-16 14:50:00,1925.0,1925.9624999999999,1925.9,1924.9370500000002,50,LONG,-51.27249999998185,-277965.17499996076
cash_ACC,RSI2,2025-05-16 15:14:00,2025-05-16 15:22:00,1928.7,1929.66435,1924.8,1923.8376,50,LONG,-291.33749999999736,-278256.5124999608
cash_ACC,RSI2,2025-05-19 09:37:00,2025-05-19 09:41:00,1925.1,1926.0625499999999,1923.0,1922.0385,50,LONG,-201.20249999998805,-278457.7149999608
cash_ACC,RSI2,2025-05-19 10:27:00,2025-05-19 10:36:00,1937.0,1937.9685,1936.6,1935.6317,50,LONG,-116.84000000000196,-278574.5549999608
cash_ACC,RSI2,2025-05-19 10:43:00,2025-05-19 10:48:00,1933.5,1934.4667499999998,1932.3,1931.33385,50,LONG,-156.6449999999918,-278731.19999996084
cash_ACC,RSI2,2025-05-19 11:00:00,2025-05-19 11:04:00,1927.6,1928.5638,1930.3,1929.33485,50,LONG,38.552500000002965,-278692.64749996085
cash_ACC,RSI2,2025-05-19 11:21:00,2025-05-19 11:25:00,1936.7,1937.66835,1937.5,1936.53125,50,LONG,-56.854999999995925,-278749.5024999608
cash_ACC,RSI2,2025-05-19 11:33:00,2025-05-19 11:36:00,1935.0,1935.9675,1935.7,1934.73215,50,LONG,-61.76749999999629,-278811.26999996084
cash_ACC,RSI2,2025-05-19 12:02:00,2025-05-19 12:06:00,1930.3,1931.26515,1932.4,1931.4338000000002,50,LONG,8.432500000014898,-278802.83749996085
cash_ACC,RSI2,2025-05-19 12:15:00,2025-05-19 12:19:00,1931.0,1931.9654999999998,1931.6,1930.6342,50,LONG,-66.56499999999141,-278869.40249996085
cash_ACC,RSI2,2025-05-19 12:59:00,2025-05-19 13:02:00,1940.0,1940.9699999999998,1941.5,1940.52925,50,LONG,-22.03749999998763,-278891.4399999608
cash_ACC,RSI2,2025-05-19 13:05:00,2025-05-19 13:13:00,1937.4,1938.3687,1937.8,1936.8311,50,LONG,-76.8799999999942,-278968.31999996083
cash_ACC,RSI2,2025-05-19 13:16:00,2025-05-19 13:18:00,1936.0,1936.9679999999998,1939.8,1938.8301000000001,50,LONG,93.10500000001412,-278875.2149999608
cash_ACC,RSI2,2025-05-19 14:01:00,2025-05-19 14:15:00,1939.0,1939.9695,1933.5,1932.5332500000002,50,LONG,-371.81249999998727,-279247.0274999608
cash_ACC,RSI2,2025-05-19 14:53:00,2025-05-19 14:59:00,1931.5,1932.4657499999998,1933.0,1932.0335,50,LONG,-21.612499999991996,-279268.6399999608
cash_ACC,RSI2,2025-05-19 15:08:00,2025-05-19 15:22:00,1931.3,1932.2656499999998,1928.3,1927.3358500000002,50,LONG,-246.48999999998296,-279515.1299999608
cash_ACC,RSI2,2025-05-19 15:29:00,2025-05-20 09:15:00,1928.0,1928.964,1934.4,1933.4328000000003,50,LONG,223.44000000001643,-279291.68999996077
cash_ACC,RSI2,2025-05-20 09:21:00,2025-05-20 09:22:00,1928.5,1929.46425,1934.3,1933.33285,50,LONG,193.43000000000075,-279098.2599999608
cash_ACC,RSI2,2025-05-20 09:30:00,2025-05-20 09:32:00,1931.2,1932.1656,1939.4,1938.4303000000002,50,LONG,313.23500000000877,-278785.0249999608
cash_ACC,RSI2,2025-05-20 09:47:00,2025-05-20 09:56:00,1943.0,1943.9714999999999,1942.8,1941.8286,50,LONG,-107.14499999999134,-278892.1699999608
cash_ACC,RSI2,2025-05-20 10:04:00,2025-05-20 10:06:00,1943.8,1944.7719,1945.8,1944.8271,50,LONG,2.760000000000673,-278889.4099999608
cash_ACC,RSI2,2025-05-20 10:29:00,2025-05-20 10:32:00,1947.0,1947.9734999999998,1949.1,1948.12545,50,LONG,7.597500000008495,-278881.81249996077
cash_ACC,RSI2,2025-05-20 11:05:00,2025-05-20 11:07:00,1947.6,1948.5738,1948.4,1947.4258000000002,50,LONG,-57.399999999984175,-278939.21249996073
cash_ACC,RSI2,2025-05-20 11:10:00,2025-05-20 11:20:00,1947.0,1947.9734999999998,1944.6,1943.6277,50,LONG,-217.28999999999132,-279156.5024999607
cash_ACC,RSI2,2025-05-20 11:48:00,2025-05-20 11:52:00,1946.5,1947.4732499999998,1947.8,1946.8261,50,LONG,-32.35749999998916,-279188.8599999607
cash_ACC,RSI2,2025-05-20 12:48:00,2025-05-20 12:54:00,1950.0,1950.975,1950.0,1949.025,50,LONG,-97.4999999999909,-279286.3599999607
cash_ACC,RSI2,2025-05-20 12:58:00,2025-05-20 13:00:00,1945.7,1946.67285,1947.4,1946.4263000000003,50,LONG,-12.327499999980773,-279298.68749996065
cash_ACC,RSI2,2025-05-20 13:04:00,2025-05-20 13:07:00,1942.8,1943.7713999999999,1945.0,1944.0275000000001,50,LONG,12.805000000014388,-279285.88249996066
cash_ACC,RSI2,2025-05-20 13:19:00,2025-05-20 13:21:00,1943.1,1944.07155,1945.7,1944.7271500000002,50,LONG,32.78000000001384,-279253.10249996063
cash_ACC,RSI2,2025-05-20 13:41:00,2025-05-20 13:44:00,1942.1,1943.0710499999998,1943.0,1942.0285000000001,50,LONG,-52.12749999998323,-279305.22999996063
cash_ACC,RSI2,2025-05-20 14:02:00,2025-05-20 14:14:00,1940.4,1941.3702,1936.1,1935.13195,50,LONG,-311.91250000000537,-279617.1424999606
cash_ACC,RSI2,2025-05-20 14:19:00,2025-05-20 14:25:00,1931.2,1932.1656,1927.2,1926.2364000000002,50,LONG,-296.4599999999905,-279913.6024999606
cash_ACC,RSI2,2025-05-20 14:42:00,2025-05-20 14:47:00,1922.0,1922.9609999999998,1923.0,1922.0385,50,LONG,-46.12499999998363,-279959.7274999606
cash_ACC,RSI2,2025-05-20 14:57:00,2025-05-20 15:09:00,1921.0,1921.9605,1920.7,1919.7396500000002,50,LONG,-111.04249999998501,-280070.76999996055
cash_ACC,RSI2,2025-05-20 15:15:00,2025-05-20 15:18:00,1919.0,1919.9595,1921.1,1920.1394500000001,50,LONG,8.997500000009495,-280061.77249996056
cash_ACC,RSI2,2025-05-21 09:16:00,2025-05-21 09:19:00,1914.6,1915.5572999999997,1922.3,1921.33885,50,LONG,289.077500000019,-279772.69499996054
cash_ACC,RSI2,2025-05-21 09:47:00,2025-05-21 09:54:00,1929.8,1930.7649,1929.8,1928.8351,50,LONG,-96.48999999999432,-279869.18499996053
cash_ACC,RSI2,2025-05-21 10:28:00,2025-05-21 10:38:00,1938.4,1939.3692,1938.6,1937.6307,50,LONG,-86.92500000000791,-279956.1099999605
cash_ACC,RSI2,2025-05-21 10:39:00,2025-05-21 10:46:00,1934.2,1935.1671,1933.5,1932.5332500000002,50,LONG,-131.69249999998556,-280087.8024999605
cash_ACC,RSI2,2025-05-21 11:05:00,2025-05-21 11:08:00,1932.5,1933.46625,1934.6,1933.6327,50,LONG,8.322500000008404,-280079.4799999605
cash_ACC,RSI2,2025-05-21 11:23:00,2025-05-21 11:37:00,1931.0,1931.9654999999998,1926.9,1925.9365500000001,50,LONG,-301.4474999999834,-280380.9274999605
cash_ACC,RSI2,2025-05-21 11:44:00,2025-05-21 11:52:00,1926.2,1927.1631,1925.5,1924.53725,50,LONG,-131.29249999999502,-280512.2199999605
cash_ACC,RSI2,2025-05-21 12:01:00,2025-05-21 12:07:00,1921.9,1922.86095,1922.1,1921.13895,50,LONG,-86.099999999999,-280598.3199999605
cash_ACC,RSI2,2025-05-21 12:10:00,2025-05-21 12:20:00,1918.5,1919.4592499999999,1916.3,1915.34185,50,LONG,-205.86999999999307,-280804.1899999605
cash_ACC,RSI2,2025-05-21 12:47:00,2025-05-21 12:54:00,1935.6,1936.5677999999998,1934.9,1933.9325500000002,50,LONG,-131.76249999997935,-280935.95249996043
cash_ACC,RSI2,2025-05-21 13:23:00,2025-05-21 13:31:00,1940.2,1941.1701,1941.7,1940.7291500000001,50,LONG,-22.04749999999649,-280957.9999999604
cash_ACC,RSI2,2025-05-21 13:42:00,2025-05-21 13:50:00,1940.2,1941.1701,1937.5,1936.53125,50,LONG,-231.94250000000238,-281189.9424999604
cash_ACC,RSI2,2025-05-21 14:35:00,2025-05-21 14:39:00,1940.0,1940.9699999999998,1944.9,1943.92755,50,LONG,147.87750000001552,-281042.0649999604
cash_ACC,RSI2,2025-05-21 15:21:00,2025-05-22 09:15:00,1942.0,1942.971,1942.0,1941.029,50,LONG,-97.10000000000036,-281139.1649999604
cash_ACC,RSI2,2025-05-22 09:32:00,2025-05-22 09:35:00,1934.0,1934.9669999999999,1935.1,1934.13245,50,LONG,-41.727499999990414,-281180.8924999604
cash_ACC,RSI2,2025-05-22 10:04:00,2025-05-22 10:08:00,1939.0,1939.9695,1939.0,1938.0305,50,LONG,-96.94999999999254,-281277.8424999604
cash_ACC,RSI2,2025-05-22 10:28:00,2025-05-22 10:30:00,1932.8,1933.7663999999997,1935.1,1934.13245,50,LONG,18.302500000015698,-281259.5399999604
cash_ACC,RSI2,2025-05-22 10:34:00,2025-05-22 10:35:00,1931.5,1932.4657499999998,1935.1,1934.13245,50,LONG,83.33500000001095,-281176.2049999604
cash_ACC,RSI2,2025-05-22 10:46:00,2025-05-22 10:58:00,1931.8,1932.7658999999999,1932.5,1931.53375,50,LONG,-61.60749999999098,-281237.81249996036
cash_ACC,RSI2,2025-05-22 11:04:00,2025-05-22 11:08:00,1929.9,1930.86495,1930.8,1929.8346000000001,50,LONG,-51.51749999998856,-281289.3299999604
cash_ACC,RSI2,2025-05-22 11:34:00,2025-05-22 11:42:00,1928.4,1929.3642,1927.9,1926.9360500000003,50,LONG,-121.40749999998661,-281410.73749996035
cash_ACC,RSI2,2025-05-22 12:06:00,2025-05-22 12:08:00,1930.2,1931.1651,1931.4,1930.4343000000001,50,LONG,-36.53999999999087,-281447.2774999603
cash_ACC,RSI2,2025-05-22 12:25:00,2025-05-22 12:28:00,1930.0,1930.965,1931.5,1930.5342500000002,50,LONG,-21.537499999988086,-281468.8149999603
cash_ACC,RSI2,2025-05-22 12:47:00,2025-05-22 12:49:00,1934.4,1935.3672,1935.0,1934.0325,50,LONG,-66.73499999999422,-281535.5499999603
cash_ACC,RSI2,2025-05-22 13:02:00,2025-05-22 13:03:00,1934.1,1935.0670499999999,1936.0,1935.0320000000002,50,LONG,-1.7524999999864121,-281537.3024999603
cash_ACC,RSI2,2025-05-22 13:38:00,2025-05-22 13:40:00,1934.0,1934.9669999999999,1935.4,1934.4323000000002,50,LONG,-26.73499999998512,-281564.0374999603
cash_ACC,RSI2,2025-05-22 13:44:00,2025-05-22 13:56:00,1931.5,1932.4657499999998,1929.0,1928.0355000000002,50,LONG,-221.512499999983,-281785.5499999603
cash_ACC,RSI2,2025-05-22 14:00:00,2025-05-22 14:01:00,1926.8,1927.7633999999998,1931.6,1930.6342,50,LONG,143.54000000000724,-281642.0099999603
cash_ACC,RSI2,2025-05-22 14:19:00,2025-05-22 14:35:00,1931.0,1931.9654999999998,1932.1,1931.13395,50,LONG,-41.57749999999396,-281683.5874999603
cash_ACC,RSI2,2025-05-22 15:20:00,2025-05-22 15:25:00,1943.1,1944.07155,1943.1,1942.12845,50,LONG,-97.15499999999793,-281780.7424999603
cash_ACC,RSI2,2025-05-23 10:05:00,2025-05-23 10:09:00,1962.8,1963.7813999999998,1963.8,1962.8181,50,LONG,-48.16499999999451,-281828.9074999603
cash_ACC,RSI2,2025-05-23 10:20:00,2025-05-23 10:35:00,1957.4,1958.3787,1953.8,1952.8231,50,LONG,-277.77999999999565,-282106.68749996024
cash_ACC,RSI2,2025-05-23 10:52:00,2025-05-23 10:56:00,1958.9,1959.87945,1959.0,1958.0205,50,LONG,-92.94749999999112,-282199.63499996025
cash_ACC,RSI2,2025-05-23 11:10:00,2025-05-23 11:13:00,1956.5,1957.47825,1958.0,1957.0210000000002,50,LONG,-22.862499999985175,-282222.49749996024
cash_ACC,RSI2,2025-05-23 11:26:00,2025-05-23 11:28:00,1954.5,1955.47725,1955.5,1954.5222500000002,50,LONG,-47.74999999998499,-282270.24749996024
cash_ACC,RSI2,2025-05-23 11:47:00,2025-05-23 11:51:00,1953.2,1954.1766,1952.8,1951.8236000000002,50,LONG,-117.6499999999919,-282387.8974999602
cash_ACC,RSI2,2025-05-23 12:21:00,2025-05-23 12:23:00,1956.7,1957.67835,1957.9,1956.9210500000002,50,LONG,-37.86499999998796,-282425.7624999602
cash_ACC,RSI2,2025-05-23 12:35:00,2025-05-23 12:37:00,1957.1,1958.0785499999997,1958.7,1957.7206500000002,50,LONG,-17.89499999997588,-282443.65749996016
cash_ACC,RSI2,2025-05-23 12:53:00,2025-05-23 12:55:00,1958.0,1958.9789999999998,1958.8,1957.8206,50,LONG,-57.91999999999007,-282501.57749996014
cash_ACC,RSI2,2025-05-23 12:59:00,2025-05-23 13:03:00,1957.1,1958.0785499999997,1958.3,1957.32085,50,LONG,-37.88499999998294,-282539.46249996015
cash_ACC,RSI2,2025-05-23 13:44:00,2025-05-23 13:48:00,1952.7,1953.67635,1953.9,1952.92305,50,LONG,-37.66499999999269,-282577.12749996013
cash_ACC,RSI2,2025-05-23 14:50:00,2025-05-23 14:51:00,1960.5,1961.4802499999998,1961.1,1960.11945,50,LONG,-68.03999999999633,-282645.1674999601
cash_ACC,RSI2,2025-05-23 14:57:00,2025-05-23 14:59:00,1960.0,1960.9799999999998,1961.0,1960.0195,50,LONG,-48.024999999984175,-282693.1924999601
cash_ACC,RSI2,2025-05-23 15:09:00,2025-05-23 15:15:00,1960.0,1960.9799999999998,1960.4,1959.4198000000001,50,LONG,-78.00999999998339,-282771.2024999601
cash_ACC,RSI2,2025-05-23 15:17:00,2025-05-23 15:19:00,1959.1,1960.0795499999997,1960.8,1959.8196,50,LONG,-12.99749999998312,-282784.1999999601
cash_ACC,RSI2,2025-05-23 15:27:00,2025-05-26 09:15:00,1955.0,1955.9775,1967.7,1966.7161500000002,50,LONG,536.9325000000117,-282247.2674999601
cash_ACC,RSI2,2025-05-26 09:37:00,2025-05-26 09:38:00,1961.9,1962.88095,1963.3,1962.31835,50,LONG,-28.129999999998745,-282275.3974999601
cash_ACC,RSI2,2025-05-26 09:50:00,2025-05-26 09:59:00,1961.6,1962.5807999999997,1962.5,1961.5187500000002,50,LONG,-53.102499999977226,-282328.49999996007
cash_ACC,RSI2,2025-05-26 10:03:00,2025-05-26 10:06:00,1960.2,1961.1801,1961.9,1960.9190500000002,50,LONG,-13.052499999992051,-282341.55249996006
cash_ACC,RSI2,2025-05-26 10:20:00,2025-05-26 10:22:00,1959.1,1960.0795499999997,1963.0,1962.0185000000001,50,LONG,96.94750000002159,-282244.60499996005
cash_ACC,RSI2,2025-05-26 10:26:00,2025-05-26 10:28:00,1960.0,1960.9799999999998,1961.7,1960.7191500000001,50,LONG,-13.042499999983193,-282257.64749996003
cash_ACC,RSI2,2025-05-26 10:33:00,2025-05-26 10:36:00,1958.0,1958.9789999999998,1958.0,1957.0210000000002,50,LONG,-97.89999999998145,-282355.54749996
cash_ACC,RSI2,2025-05-26 11:01:00,2025-05-26 11:14:00,1962.8,1963.7813999999998,1959.9,1958.9200500000002,50,LONG,-243.06749999998374,-282598.61499996
cash_ACC,RSI2,2025-05-26 11:28:00,2025-05-26 11:29:00,1958.5,1959.4792499999999,1959.7,1958.72015,50,LONG,-37.954999999988104,-282636.56999996
cash_ACC,RSI2,2025-05-26 11:38:00,2025-05-26 11:40:00,1958.5,1959.4792499999999,1959.8,1958.8201000000001,50,LONG,-32.95749999998634,-282669.52749996
cash_ACC,RSI2,2025-05-26 12:01:00,2025-05-26 12:04:00,1960.0,1960.9799999999998,1961.0,1960.0195,50,LONG,-48.024999999984175,-282717.55249995994
cash_ACC,RSI2,2025-05-26 12:27:00,2025-05-26 12:29:00,1962.6,1963.5812999999998,1963.9,1962.9180500000002,50,LONG,-33.162499999980355,-282750.7149999599
cash_ACC,RSI2,2025-05-26 12:47:00,2025-05-26 12:48:00,1963.0,1963.9814999999999,1965.8,1964.8171,50,LONG,41.78000000000566,-282708.9349999599
cash_ACC,RSI2,2025-05-26 12:57:00,2025-05-26 13:00:00,1964.1,1965.0820499999998,1964.7,1963.71765,50,LONG,-68.21999999998525,-282777.15499995986
cash_ACC,RSI2,2025-05-26 13:15:00,2025-05-26 13:21:00,1962.5,1963.4812499999998,1960.7,1959.7196500000002,50,LONG,-188.07999999997946,-282965.2349999598
cash_ACC,RSI2,2025-05-26 13:26:00,2025-05-26 13:31:00,1959.6,1960.5797999999998,1962.5,1961.5187500000002,50,LONG,46.94750000002159,-282918.2874999598
cash_ACC,RSI2,2025-05-26 13:43:00,2025-05-26 13:48:00,1961.7,1962.68085,1961.0,1960.0195,50,LONG,-133.06749999999283,-283051.3549999598
cash_ACC,RSI2,2025-05-26 13:58:00,2025-05-26 14:00:00,1960.5,1961.4802499999998,1960.9,1959.9195500000003,50,LONG,-78.03499999997712,-283129.3899999598
cash_ACC,RSI2,2025-05-26 14:22:00,2025-05-26 14:23:00,1960.3,1961.2801499999998,1962.9,1961.91855,50,LONG,31.920000000013715,-283097.46999995975
cash_ACC,RSI2,2025-05-26 14:38:00,2025-05-26 14:39:00,1961.6,1962.5807999999997,1962.8,1961.8186,50,LONG,-38.1099999999833,-283135.57999995974
cash_ACC,RSI2,2025-05-26 14:49:00,2025-05-26 14:51:00,1961.5,1962.48075,1963.9,1962.9180500000002,50,LONG,21.86500000001388,-283113.71499995975
cash_ACC,RSI2,2025-05-26 15:04:00,2025-05-26 15:10:00,1963.2,1964.1816,1963.2,1962.2184000000002,50,LONG,-98.1599999999844,-283211.8749999597
cash_ACC,RSI2,2025-05-26 15:15:00,2025-05-26 15:26:00,1959.8,1960.7798999999998,1958.1,1957.12095,50,LONG,-182.94749999998885,-283394.82249995973
cash_ACC,RSI2,2025-05-27 09:23:00,2025-05-27 09:42:00,1955.0,1955.9775,1947.0,1946.0265000000002,50,LONG,-497.5499999999897,-283892.3724999597
cash_ACC,RSI2,2025-05-27 09:49:00,2025-05-27 09:53:00,1944.5,1945.4722499999998,1944.8,1943.8276,50,LONG,-82.23249999998643,-283974.6049999597
cash_ACC,RSI2,2025-05-27 09:58:00,2025-05-27 10:04:00,1940.3,1941.2701499999998,1941.6,1940.6292,50,LONG,-32.047499999987394,-284006.6524999597
cash_ACC,RSI2,2025-05-27 10:15:00,2025-05-27 10:19:00,1938.9,1939.86945,1941.1,1940.12945,50,LONG,12.999999999999545,-283993.6524999597
cash_ACC,RSI2,2025-05-27 10:26:00,2025-05-27 10:32:00,1935.9,1936.86795,1937.5,1936.53125,50,LONG,-16.83500000000322,-284010.4874999597
cash_ACC,RSI2,2025-05-27 10:49:00,2025-05-27 10:51:00,1934.6,1935.5672999999997,1936.0,1935.0320000000002,50,LONG,-26.76499999997759,-284037.25249995966
cash_ACC,RSI2,2025-05-27 10:55:00,2025-05-27 11:01:00,1931.1,1932.0655499999998,1931.6,1930.6342,50,LONG,-71.56749999999192,-284108.81999995967
cash_ACC,RSI2,2025-05-27 11:44:00,2025-05-27 11:55:00,1934.1,1935.0670499999999,1930.0,1929.035,50,LONG,-301.60249999998996,-284410.42249995965
cash_ACC,RSI2,2025-05-27 12:21:00,2025-05-27 12:26:00,1934.5,1935.46725,1934.8,1933.8326,50,LONG,-81.73249999999825,-284492.15499995963
cash_ACC,RSI2,2025-05-27 12:51:00,2025-05-27 12:54:00,1936.5,1937.46825,1937.6,1936.6312,50,LONG,-41.85249999999314,-284534.0074999596
cash_ACC,RSI2,2025-05-27 12:58:00,2025-05-27 13:04:00,1934.2,1935.1671,1935.9,1934.9320500000001,50,LONG,-11.752499999988686,-284545.7599999596
cash_ACC,RSI2,2025-05-27 13:26:00,2025-05-27 13:29:00,1936.3,1937.2681499999999,1936.6,1935.6317,50,LONG,-81.8224999999984,-284627.5824999596
cash_ACC,RSI2,2025-05-27 13:59:00,2025-05-27 14:06:00,1934.1,1935.0670499999999,1934.6,1933.6327,50,LONG,-71.71749999998838,-284699.2999999596
cash_ACC,RSI2,2025-05-27 14:18:00,2025-05-27 14:21:00,1932.1,1933.06605,1933.2,1932.2334,50,LONG,-41.63249999999152,-284740.9324999596
cash_ACC,RSI2,2025-05-27 15:25:00,2025-05-27 15:27:00,1935.0,1935.9675,1935.8,1934.8321,50,LONG,-56.769999999994525,-284797.7024999596
cash_ACC,RSI2,2025-05-28 09:31:00,2025-05-28 09:33:00,1936.0,1936.9679999999998,1938.0,1937.0310000000002,50,LONG,3.150000000016462,-284794.5524999596
cash_ACC,RSI2,2025-05-28 09:37:00,2025-05-28 09:39:00,1935.1,1936.0675499999998,1938.4,1937.4308,50,LONG,68.16250000001673,-284726.38999995956
cash_ACC,RSI2,2025-05-28 09:48:00,2025-05-28 09:57:00,1937.1,1938.0685499999997,1933.1,1932.13345,50,LONG,-296.75499999998465,-285023.14499995956
cash_ACC,RSI2,2025-05-28 10:02:00,2025-05-28 10:07:00,1929.3,1930.2646499999998,1930.9,1929.9345500000002,50,LONG,-16.50499999998374,-285039.64999995957
cash_ACC,RSI2,2025-05-28 10:11:00,2025-05-28 10:14:00,1929.8,1930.7649,1930.6,1929.6347,50,LONG,-56.50999999999158,-285096.1599999596
cash_ACC,RSI2,2025-05-28 10:26:00,2025-05-28 10:30:00,1929.0,1929.9644999999998,1930.0,1929.035,50,LONG,-46.47499999998672,-285142.63499995955
cash_ACC,RSI2,2025-05-28 11:03:00,2025-05-28 11:05:00,1937.5,1938.46875,1938.9,1937.9305500000003,50,LONG,-26.909999999986667,-285169.54499995953
cash_ACC,RSI2,2025-05-28 11:24:00,2025-05-28 11:34:00,1936.0,1936.9679999999998,1935.8,1934.8321,50,LONG,-106.79499999998825,-285276.3399999595
cash_ACC,RSI2,2025-05-28 11:39:00,2025-05-28 11:45:00,1933.1,1934.0665499999998,1933.5,1932.5332500000002,50,LONG,-76.66499999997995,-285353.0049999595
cash_ACC,RSI2,2025-05-28 11:48:00,2025-05-28 11:56:00,1930.0,1930.965,1931.6,1930.6342,50,LONG,-16.53999999999769,-285369.5449999595
cash_ACC,RSI2,2025-05-28 12:09:00,2025-05-28 12:13:00,1928.2,1929.1641,1932.0,1931.034,50,LONG,93.49500000000717,-285276.0499999595
cash_ACC,RSI2,2025-05-28 12:30:00,2025-05-28 12:48:00,1931.5,1932.4657499999998,1931.0,1930.0345000000002,50,LONG,-121.56249999998181,-285397.6124999595
cash_ACC,RSI2,2025-05-28 12:54:00,2025-05-28 12:57:00,1928.9,1929.86445,1931.0,1930.0345000000002,50,LONG,8.502500000008695,-285389.1099999595
cash_ACC,RSI2,2025-05-28 13:10:00,2025-05-28 13:12:00,1926.7,1927.66335,1929.0,1928.0355000000002,50,LONG,18.60750000000735,-285370.5024999595
cash_ACC,RSI2,2025-05-28 13:21:00,2025-05-28 13:24:00,1927.5,1928.46375,1928.6,1927.6357,50,LONG,-41.402499999992415,-285411.90499995946
cash_ACC,RSI2,2025-05-28 13:41:00,2025-05-28 13:54:00,1925.8,1926.7629,1926.7,1925.73665,50,LONG,-51.31249999999454,-285463.21749995946
cash_ACC,RSI2,2025-05-28 13:58:00,2025-05-28 14:05:00,1925.4,1926.3627,1924.8,1923.8376,50,LONG,-126.25499999999192,-285589.47249995946
cash_ACC,RSI2,2025-05-28 14:18:00,2025-05-28 14:28:00,1922.7,1923.6613499999999,1922.1,1921.13895,50,LONG,-126.1199999999917,-285715.59249995946
cash_ACC,RSI2,2025-05-28 14:38:00,2025-05-28 14:44:00,1920.1,1921.0600499999998,1920.4,1919.4398,50,LONG,-81.01249999998572,-285796.60499995947
cash_ACC,RSI2,2025-05-28 15:04:00,2025-05-28 15:09:00,1921.0,1921.9605,1921.7,1920.73915,50,LONG,-61.067499999990105,-285857.6724999595
cash_ACC,RSI2,2025-05-28 15:16:00,2025-05-28 15:21:00,1920.0,1920.9599999999998,1919.9,1918.9400500000002,50,LONG,-100.99749999998267,-285958.6699999595
cash_ACC,RSI2,2025-05-28 15:25:00,2025-05-28 15:27:00,1918.2,1919.1590999999999,1919.6,1918.6402,50,LONG,-25.94499999999016,-285984.6149999595
cash_ACC,RSI2,2025-05-29 09:22:00,2025-05-29 09:25:00,1916.7,1917.65835,1920.0,1919.0400000000002,50,LONG,69.08250000001317,-285915.53249995946
cash_ACC,RSI2,2025-05-29 09:35:00,2025-05-29 09:39:00,1915.5,1916.4577499999998,1918.4,1917.4408000000003,50,LONG,49.15250000002516,-285866.37999995943
cash_ACC,RSI2,2025-05-29 10:05:00,2025-05-29 10:07:00,1921.2,1922.1606,1923.9,1922.9380500000002,50,LONG,38.87250000001359,-285827.50749995944
cash_ACC,RSI2,2025-05-29 10:12:00,2025-05-29 10:20:00,1922.4,1923.3612,1922.2,1921.2389,50,LONG,-106.11499999999978,-285933.6224999594
cash_ACC,RSI2,2025-05-29 10:44:00,2025-05-29 10:47:00,1917.1,1918.0585499999997,1919.3,1918.3403500000002,50,LONG,14.090000000021519,-285919.5324999594
cash_ACC,RSI2,2025-05-29 11:00:00,2025-05-29 11:10:00,1919.0,1919.9595,1918.8,1917.8406,50,LONG,-105.94499999999698,-286025.4774999594
cash_ACC,RSI2,2025-05-29 11:33:00,2025-05-29 11:37:00,1918.8,1919.7594,1920.9,1919.9395500000003,50,LONG,9.007500000018354,-286016.4699999594
cash_ACC,RSI2,2025-05-29 11:44:00,2025-05-29 11:58:00,1920.1,1921.0600499999998,1918.4,1917.4408000000003,50,LONG,-180.96249999997553,-286197.43249995937
cash_ACC,RSI2,2025-05-29 12:18:00,2025-05-29 12:20:00,1918.6,1919.5593,1919.7,1918.74015,50,LONG,-40.95749999999043,-286238.3899999594
cash_ACC,RSI2,2025-05-29 12:54:00,2025-05-29 12:56:00,1920.4,1921.3602,1922.7,1921.7386500000002,50,LONG,18.922500000007858,-286219.4674999594
cash_ACC,RSI2,2025-05-29 13:16:00,2025-05-29 13:21:00,1925.0,1925.9624999999999,1925.0,1924.0375000000001,50,LONG,-96.24999999998636,-286315.7174999594
cash_ACC,RSI2,2025-05-29 13:25:00,2025-05-29 13:27:00,1924.0,1924.962,1924.7,1923.7376500000003,50,LONG,-61.21749999998656,-286376.93499995937
cash_ACC,RSI2,2025-05-29 13:36:00,2025-05-29 13:40:00,1924.6,1925.5622999999998,1924.7,1923.7376500000003,50,LONG,-91.23249999997824,-286468.16749995935
cash_ACC,RSI2,2025-05-29 14:30:00,2025-05-29 14:35:00,1919.2,1920.1596,1920.0,1919.0400000000002,50,LONG,-55.979999999988195,-286524.14749995933
cash_ACC,RSI2,2025-05-29 14:48:00,2025-05-29 15:01:00,1920.0,1920.9599999999998,1918.8,1917.8406,50,LONG,-155.9699999999907,-286680.1174999593
cash_ACC,RSI2,2025-05-29 15:10:00,2025-05-29 15:11:00,1915.9,1916.85795,1918.0,1917.0410000000002,50,LONG,9.152500000004693,-286670.9649999593
cash_ACC,RSI2,2025-05-30 09:16:00,2025-05-30 09:18:00,1916.0,1916.9579999999999,1918.7,1917.7406500000002,50,LONG,39.132500000016535,-286631.8324999593
cash_ACC,RSI2,2025-05-30 09:40:00,2025-05-30 09:50:00,1912.0,1912.956,1909.6,1908.6452,50,LONG,-215.5399999999986,-286847.37249995925
cash_ACC,RSI2,2025-05-30 09:56:00,2025-05-30 10:13:00,1906.1,1907.0530499999998,1902.2,1901.2489,50,LONG,-290.20749999998543,-287137.5799999592
cash_ACC,RSI2,2025-05-30 11:09:00,2025-05-30 11:23:00,1901.2,1902.1506,1893.9,1892.9530500000003,50,LONG,-459.87749999998186,-287597.4574999592
cash_ACC,RSI2,2025-05-30 11:35:00,2025-05-30 11:37:00,1895.3,1896.2476499999998,1896.7,1895.7516500000002,50,LONG,-24.799999999981992,-287622.2574999592
cash_ACC,RSI2,2025-05-30 11:39:00,2025-05-30 11:45:00,1893.8,1894.7468999999999,1893.0,1892.0535000000002,50,LONG,-134.6699999999828,-287756.9274999592
cash_ACC,RSI2,2025-05-30 11:58:00,2025-05-30 12:10:00,1892.3,1893.24615,1890.9,1889.9545500000002,50,LONG,-164.57999999998947,-287921.5074999592
cash_ACC,RSI2,2025-05-30 12:24:00,2025-05-30 12:34:00,1890.2,1891.1451,1889.3,1888.35535,50,LONG,-139.48749999999563,-288060.9949999592
cash_ACC,RSI2,2025-05-30 12:40:00,2025-05-30 12:44:00,1887.4,1888.3437,1888.6,1887.6557,50,LONG,-34.399999999993724,-288095.39499995916
cash_ACC,RSI2,2025-05-30 12:57:00,2025-05-30 13:01:00,1886.7,1887.64335,1886.9,1885.95655,50,LONG,-84.33999999999742,-288179.7349999592
cash_ACC,RSI2,2025-05-30 13:07:00,2025-05-30 13:09:00,1885.6,1886.5427999999997,1886.9,1885.95655,50,LONG,-29.312499999980446,-288209.0474999592
cash_ACC,RSI2,2025-05-30 13:22:00,2025-05-30 13:27:00,1885.7,1886.64285,1884.2,1883.2579,50,LONG,-169.2474999999945,-288378.2949999592
cash_ACC,RSI2,2025-05-30 13:48:00,2025-05-30 13:50:00,1885.8,1886.7429,1887.3,1886.35635,50,LONG,-19.327499999997144,-288397.6224999592
cash_ACC,RSI2,2025-05-30 14:02:00,2025-05-30 14:04:00,1887.0,1887.9434999999999,1888.7,1887.75565,50,LONG,-9.392499999989923,-288407.0149999592
cash_ACC,RSI2,2025-05-30 14:28:00,2025-05-30 14:38:00,1888.0,1888.944,1885.9,1884.9570500000002,50,LONG,-199.34749999998758,-288606.3624999592
cash_ACC,RSI2,2025-05-30 14:42:00,2025-05-30 14:43:00,1885.0,1885.9424999999999,1886.1,1885.15695,50,LONG,-39.277499999991505,-288645.63999995915
cash_ACC,RSI2,2025-05-30 14:46:00,2025-05-30 14:51:00,1884.3,1885.2421499999998,1886.0,1885.057,50,LONG,-9.257499999989705,-288654.89749995916
cash_ACC,RSI2,2025-05-30 15:03:00,2025-05-30 15:12:00,1885.6,1886.5427999999997,1883.9,1882.9580500000002,50,LONG,-179.23749999997654,-288834.13499995915
cash_ACC,RSI2,2025-05-30 15:15:00,2025-05-30 15:19:00,1882.0,1882.9409999999998,1882.0,1881.0590000000002,50,LONG,-94.09999999998035,-288928.2349999591
cash_ACC,RSI2,2025-05-30 15:27:00,2025-06-02 09:15:00,1880.1,1881.0400499999998,1882.0,1881.0590000000002,50,LONG,0.9475000000179534,-288927.2874999591
cash_ACC,RSI2,2025-06-02 09:22:00,2025-06-02 09:26:00,1877.0,1877.9385,1879.6,1878.6602,50,LONG,36.085000000002765,-288891.2024999591
cash_ACC,RSI2,2025-06-02 09:28:00,2025-06-02 09:35:00,1872.2,1873.1361,1871.8,1870.8641,50,LONG,-113.59999999999673,-289004.80249995907
cash_ACC,RSI2,2025-06-02 10:03:00,2025-06-02 10:08:00,1873.1,1874.0365499999998,1874.8,1873.8626000000002,50,LONG,-8.697499999982483,-289013.4999999591
cash_ACC,RSI2,2025-06-02 10:13:00,2025-06-02 10:23:00,1869.0,1869.9344999999998,1866.9,1865.96655,50,LONG,-198.3974999999873,-289211.89749995904
cash_ACC,RSI2,2025-06-02 10:53:00,2025-06-02 11:00:00,1875.3,1876.2376499999998,1875.1,1874.16245,50,LONG,-103.7599999999884,-289315.65749995905
cash_ACC,RSI2,2025-06-02 11:13:00,2025-06-02 11:17:00,1873.4,1874.3367,1875.3,1874.36235,50,LONG,1.2825000000020736,-289314.374999959
cash_ACC,RSI2,2025-06-02 11:26:00,2025-06-02 11:35:00,1874.4,1875.3372,1873.6,1872.6632,50,LONG,-133.6999999999989,-289448.07499995903
cash_ACC,RSI2,2025-06-02 12:05:00,2025-06-02 12:12:00,1875.8,1876.7378999999999,1874.7,1873.7626500000001,50,LONG,-148.76249999998663,-289596.83749995905
cash_ACC,RSI2,2025-06-02 12:40:00,2025-06-02 12:44:00,1883.0,1883.9415,1883.7,1882.7581500000001,50,LONG,-59.16749999998956,-289656.004999959
cash_ACC,RSI2,2025-06-02 12:53:00,2025-06-02 12:59:00,1883.3,1884.24165,1883.3,1882.35835,50,LONG,-94.16499999999814,-289750.169999959
cash_ACC,RSI2,2025-06-02 13:14:00,2025-06-02 13:18:00,1885.0,1885.9424999999999,1886.0,1885.057,50,LONG,-44.27499999999327,-289794.44499995897
cash_ACC,RSI2,2025-06-02 13:27:00,2025-06-02 13:37:00,1884.1,1885.0420499999998,1884.0,1883.058,50,LONG,-99.20249999998987,-289893.647499959
cash_ACC,RSI2,2025-06-02 13:48:00,2025-06-02 14:01:00,1884.1,1885.0420499999998,1882.8,1881.8586,50,LONG,-159.1724999999883,-290052.81999995897
cash_ACC,RSI2,2025-06-02 14:06:00,2025-06-02 14:09:00,1882.0,1882.9409999999998,1883.1,1882.15845,50,LONG,-39.12749999999505,-290091.947499959
cash_ACC,RSI2,2025-06-02 14:32:00,2025-06-02 14:44:00,1882.6,1883.5412999999999,1882.9,1881.9585500000003,50,LONG,-79.1374999999789,-290171.0849999589
cash_ACC,RSI2,2025-06-02 14:47:00,2025-06-02 14:51:00,1882.0,1882.9409999999998,1883.2,1882.2584000000002,50,LONG,-34.12999999998192,-290205.21499995893
cash_ACC,RSI2,2025-06-02 15:05:00,2025-06-02 15:09:00,1884.0,1884.942,1885.4,1884.4573000000003,50,LONG,-24.234999999987394,-290229.4499999589
cash_ACC,RSI2,2025-06-02 15:26:00,2025-06-02 15:28:00,1882.5,1883.4412499999999,1883.9,1882.9580500000002,50,LONG,-24.159999999983484,-290253.6099999589
cash_ACC,RSI2,2025-06-03 09:32:00,2025-06-03 09:37:00,1882.0,1882.9409999999998,1882.8,1881.8586,50,LONG,-54.11999999998898,-290307.7299999589
cash_ACC,RSI2,2025-06-03 09:43:00,2025-06-03 09:45:00,1876.4,1877.3382,1879.1,1878.16045,50,LONG,41.11250000000837,-290266.6174999589
cash_ACC,RSI2,2025-06-03 09:52:00,2025-06-03 09:58:00,1875.5,1876.4377499999998,1879.2,1878.2604000000001,50,LONG,91.13250000001472,-290175.4849999589
cash_ACC,RSI2,2025-06-03 10:23:00,2025-06-03 10:26:00,1881.0,1881.9405,1882.5,1881.5587500000001,50,LONG,-19.087499999989177,-290194.57249995886
cash_ACC,RSI2,2025-06-03 10:29:00,2025-06-03 10:31:00,1880.1,1881.0400499999998,1881.8,1880.8591000000001,50,LONG,-9.047499999985575,-290203.61999995884
cash_ACC,RSI2,2025-06-03 10:35:00,2025-06-03 10:43:00,1880.0,1880.9399999999998,1878.8,1877.8606,50,LONG,-153.96999999999252,-290357.5899999588
cash_ACC,RSI2,2025-06-03 11:06:00,2025-06-03 11:18:00,1878.7,1879.63935,1877.7,1876.76115,50,LONG,-143.90999999999394,-290501.4999999588
cash_ACC,RSI2,2025-06-03 11:30:00,2025-06-03 11:34:00,1876.6,1877.5382999999997,1878.8,1877.8606,50,LONG,16.115000000013424,-290485.3849999588
cash_ACC,RSI2,2025-06-03 11:37:00,2025-06-03 11:44:00,1876.1,1877.0380499999999,1879.2,1878.2604000000001,50,LONG,61.11750000001166,-290424.2674999588
cash_ACC,RSI2,2025-06-03 12:08:00,2025-06-03 12:24:00,1876.8,1877.7384,1872.8,1871.8636000000001,50,LONG,-293.73999999999114,-290718.0074999588
cash_ACC,RSI2,2025-06-03 12:46:00,2025-06-03 12:57:00,1876.0,1876.9379999999999,1873.6,1872.6632,50,LONG,-213.7399999999957,-290931.7474999588
cash_ACC,RSI2,2025-06-03 13:25:00,2025-06-03 13:27:00,1875.1,1876.0375499999998,1876.2,1875.2619000000002,50,LONG,-38.782499999979336,-290970.52999995876
cash_ACC,RSI2,2025-06-03 13:42:00,2025-06-03 13:52:00,1875.0,1875.9375,1874.8,1873.8626000000002,50,LONG,-103.74499999999216,-291074.27499995875
cash_ACC,RSI2,2025-06-03 14:09:00,2025-06-03 14:14:00,1874.4,1875.3372,1875.9,1874.96205,50,LONG,-18.757499999992433,-291093.03249995876
cash_ACC,RSI2,2025-06-03 14:21:00,2025-06-03 14:24:00,1874.9,1875.83745,1876.0,1875.0620000000001,50,LONG,-38.772499999993215,-291131.8049999588
cash_ACC,RSI2,2025-06-03 14:40:00,2025-06-03 14:41:00,1877.4,1878.3387,1879.0,1878.0605,50,LONG,-13.90999999999849,-291145.71499995876
cash_ACC,RSI2,2025-06-03 14:58:00,2025-06-03 15:00:00,1880.1,1881.0400499999998,1881.1,1880.15945,50,LONG,-44.02999999998656,-291189.7449999587
cash_ACC,RSI2,2025-06-03 15:02:00,2025-06-03 15:07:00,1879.4,1880.3397,1879.6,1878.6602,50,LONG,-83.97499999999809,-291273.7199999587
cash_ACC,RSI2,2025-06-03 15:14:00,2025-06-03 15:17:00,1878.2,1879.1390999999999,1879.0,1878.0605,50,LONG,-53.929999999991196,-291327.6499999587
cash_ACC,RSI2,2025-06-03 15:22:00,2025-06-03 15:26:00,1877.9,1878.83895,1879.3,1878.3603500000002,50,LONG,-23.929999999995744,-291351.5799999587
cash_ACC,RSI2,2025-06-04 09:18:00,2025-06-04 09:21:00,1872.3,1873.23615,1875.6,1874.6622,50,LONG,71.3025000000016,-291280.2774999587
cash_ACC,RSI2,2025-06-04 09:30:00,2025-06-04 09:31:00,1871.6,1872.5357999999999,1873.9,1872.9630500000003,50,LONG,21.362500000020646,-291258.91499995865
cash_ACC,RSI2,2025-06-04 09:42:00,2025-06-04 09:46:00,1866.6,1867.5332999999998,1866.6,1865.6667,50,LONG,-93.32999999999174,-291352.24499995867
cash_ACC,RSI2,2025-06-04 10:17:00,2025-06-04 10:22:00,1868.1,1869.0340499999998,1868.0,1867.066,50,LONG,-98.40249999998605,-291450.64749995864
cash_ACC,RSI2,2025-06-04 11:14:00,2025-06-04 11:22:00,1867.0,1867.9334999999999,1867.0,1866.0665000000001,50,LONG,-93.34999999998672,-291543.9974999586
cash_ACC,RSI2,2025-06-04 11:48:00,2025-06-04 11:54:00,1863.2,1864.1316,1864.3,1863.36785,50,LONG,-38.18749999999227,-291582.1849999586
cash_ACC,RSI2,2025-06-04 13:21:00,2025-06-04 13:28:00,1871.0,1871.9354999999998,1870.0,1869.065,50,LONG,-143.52499999998827,-291725.7099999586
cash_ACC,RSI2,2025-06-04 13:57:00,2025-06-04 14:00:00,1872.3,1873.23615,1873.0,1872.0635000000002,50,LONG,-58.63249999998743,-291784.3424999586
cash_ACC,RSI2,2025-06-04 14:29:00,2025-06-04 14:31:00,1875.5,1876.4377499999998,1876.1,1875.16195,50,LONG,-63.78999999999451,-291848.13249995856
cash_ACC,RSI2,2025-06-04 15:15:00,2025-06-04 15:23:00,1877.4,1878.3387,1875.9,1874.96205,50,LONG,-168.83249999999634,-292016.9649999586
cash_ACC,RSI2,2025-06-05 09:54:00,2025-06-05 09:56:00,1885.6,1886.5427999999997,1888.1,1887.15595,50,LONG,30.65750000001799,-291986.30749995855
cash_ACC,RSI2,2025-06-05 10:01:00,2025-06-05 10:10:00,1885.4,1886.3427,1884.9,1883.95755,50,LONG,-119.25749999999198,-292105.56499995856
cash_ACC,RSI2,2025-06-05 10:41:00,2025-06-05 10:42:00,1887.2,1888.1435999999999,1888.4,1887.4558000000002,50,LONG,-34.389999999984866,-292139.9549999585
cash_ACC,RSI2,2025-06-05 10:55:00,2025-06-05 10:58:00,1891.5,1892.4457499999999,1892.3,1891.35385,50,LONG,-54.5949999999948,-292194.5499999585
cash_ACC,RSI2,2025-06-05 11:06:00,2025-06-05 11:12:00,1892.0,1892.946,1891.8,1890.8541,50,LONG,-104.5949999999948,-292299.14499995846
cash_ACC,RSI2,2025-06-05 11:28:00,2025-06-05 11:33:00,1892.4,1893.3462,1892.9,1891.9535500000002,50,LONG,-69.6324999999888,-292368.77749995847
cash_ACC,RSI2,2025-06-05 12:07:00,2025-06-05 12:11:00,1890.0,1890.945,1890.9,1889.9545500000002,50,LONG,-49.52249999998912,-292418.2999999584
cash_ACC,RSI2,2025-06-05 13:02:00,2025-06-05 13:03:00,1889.0,1889.9444999999998,1890.5,1889.55475,50,LONG,-19.487499999991087,-292437.7874999584
cash_ACC,RSI2,2025-06-05 13:11:00,2025-06-05 13:12:00,1889.8,1890.7449,1890.4,1889.4548000000002,50,LONG,-64.50499999998556,-292502.2924999584
cash_ACC,RSI2,2025-06-05 13:26:00,2025-06-05 13:49:00,1889.5,1890.4447499999999,1882.6,1881.6587,50,LONG,-439.3024999999966,-292941.5949999584
cash_ACC,RSI2,2025-06-05 14:02:00,2025-06-05 14:05:00,1882.3,1883.2411499999998,1883.3,1882.35835,50,LONG,-44.13999999999305,-292985.7349999584
cash_ACC,RSI2,2025-06-05 14:23:00,2025-06-05 14:26:00,1882.0,1882.9409999999998,1882.6,1881.6587,50,LONG,-64.1149999999925,-293049.8499999584
cash_ACC,RSI2,2025-06-05 14:33:00,2025-06-05 14:37:00,1880.0,1880.9399999999998,1881.9,1880.9590500000002,50,LONG,0.9525000000166983,-293048.8974999584
cash_ACC,RSI2,2025-06-05 14:54:00,2025-06-05 15:00:00,1882.5,1883.4412499999999,1884.1,1883.15795,50,LONG,-14.164999999991323,-293063.0624999584
cash_ACC,RSI2,2025-06-06 09:36:00,2025-06-06 10:06:00,1897.0,1897.9485,1897.8,1896.8511,50,LONG,-54.86999999999398,-293117.9324999584
cash_ACC,RSI2,2025-06-06 10:11:00,2025-06-06 10:23:00,1891.6,1892.5457999999999,1893.2,1892.2534,50,LONG,-14.619999999990796,-293132.5524999584
cash_ACC,RSI2,2025-06-06 10:32:00,2025-06-06 10:34:00,1896.1,1897.0480499999999,1898.8,1897.8506,50,LONG,40.12750000000551,-293092.42499995837
cash_ACC,RSI2,2025-06-06 10:41:00,2025-06-06 10:42:00,1896.3,1897.24815,1897.7,1896.75115,50,LONG,-24.84999999999218,-293117.27499995835
cash_ACC,RSI2,2025-06-06 10:53:00,2025-06-06 10:55:00,1895.8,1896.7478999999998,1896.1,1895.15195,50,LONG,-79.79749999999513,-293197.07249995833
cash_ACC,RSI2,2025-06-06 10:57:00,2025-06-06 11:00:00,1894.0,1894.947,1895.7,1894.7521500000003,50,LONG,-9.742499999981646,-293206.8149999583
cash_ACC,RSI2,2025-06-06 11:23:00,2025-06-06 11:31:00,1896.3,1897.24815,1896.4,1895.4518000000003,50,LONG,-89.81749999998101,-293296.63249995833
cash_ACC,RSI2,2025-06-06 11:53:00,2025-06-06 11:54:00,1896.3,1897.24815,1897.5,1896.5512500000002,50,LONG,-34.84499999998434,-293331.4774999583
cash_ACC,RSI2,2025-06-06 12:13:00,2025-06-06 12:21:00,1897.3,1898.2486499999998,1895.0,1894.0525,50,LONG,-209.80749999998807,-293541.2849999583
cash_ACC,RSI2,2025-06-06 13:00:00,2025-06-06 13:02:00,1897.0,1897.9485,1900.6,1899.6497,50,LONG,85.05999999999858,-293456.2249999583
cash_ACC,RSI2,2025-06-06 13:18:00,2025-06-06 13:20:00,1905.1,1906.0525499999999,1909.0,1908.0455000000002,50,LONG,99.64750000001459,-293356.5774999583
cash_ACC,RSI2,2025-06-06 13:31:00,2025-06-06 13:34:00,1907.0,1907.9534999999998,1909.9,1908.9450500000003,50,LONG,49.57750000002079,-293306.99999995827
cash_ACC,RSI2,2025-06-06 13:53:00,2025-06-06 14:00:00,1906.2,1907.1531,1907.1,1906.14645,50,LONG,-50.3325000000018,-293357.3324999583
cash_ACC,RSI2,2025-06-06 14:28:00,2025-06-06 14:34:00,1908.5,1909.45425,1908.8,1907.8456,50,LONG,-80.43249999999489,-293437.7649999583
cash_ACC,RSI2,2025-06-06 14:38:00,2025-06-06 14:43:00,1906.5,1907.4532499999998,1907.7,1906.7461500000002,50,LONG,-35.35499999998137,-293473.11999995826
cash_ACC,RSI2,2025-06-06 14:55:00,2025-06-06 14:57:00,1907.0,1907.9534999999998,1908.0,1907.046,50,LONG,-45.374999999989996,-293518.49499995826
cash_ACC,RSI2,2025-06-06 15:06:00,2025-06-06 15:09:00,1904.9,1905.85245,1906.6,1905.6467,50,LONG,-10.287500000004002,-293528.78249995824
cash_ACC,RSI2,2025-06-06 15:14:00,2025-06-06 15:22:00,1903.1,1904.05155,1904.4,1903.4478000000001,50,LONG,-30.187499999988177,-293558.96999995824
cash_ACC,RSI2,2025-06-09 09:26:00,2025-06-09 09:32:00,1909.2,1910.1545999999998,1907.5,1906.54625,50,LONG,-180.41749999998729,-293739.3874999582
cash_ACC,RSI2,2025-06-09 09:50:00,2025-06-09 09:54:00,1907.0,1907.9534999999998,1908.5,1907.54575,50,LONG,-20.387499999992542,-293759.77499995823
cash_ACC,RSI2,2025-06-09 10:01:00,2025-06-09 10:12:00,1905.2,1906.1526,1904.8,1903.8476,50,LONG,-115.24999999999181,-293875.02499995823
cash_ACC,RSI2,2025-06-09 10:15:00,2025-06-09 10:19:00,1900.0,1900.9499999999998,1902.5,1901.5487500000002,50,LONG,29.937500000016826,-293845.08749995823
cash_ACC,RSI2,2025-06-09 10:29:00,2025-06-09 10:31:00,1902.6,1903.5512999999999,1904.3,1903.34785,50,LONG,-10.172499999987394,-293855.2599999582
cash_ACC,RSI2,2025-06-09 10:36:00,2025-06-09 10:45:00,1901.6,1902.5507999999998,1902.0,1901.0490000000002,50,LONG,-75.08999999997741,-293930.3499999582
cash_ACC,RSI2,2025-06-09 10:58:00,2025-06-09 11:12:00,1903.0,1903.9515,1902.1,1901.14895,50,LONG,-140.12749999999414,-294070.4774999582
cash_ACC,RSI2,2025-06-09 11:30:00,2025-06-09 11:32:00,1902.2,1903.1511,1903.6,1902.6482,50,LONG,-25.144999999997708,-294095.6224999582
cash_ACC,RSI2,2025-06-09 11:42:00,2025-06-09 11:46:00,1903.0,1903.9515,1904.4,1903.4478000000001,50,LONG,-25.184999999987667,-294120.8074999582
cash_ACC,RSI2,2025-06-09 12:26:00,2025-06-09 12:27:00,1903.4,1904.3517,1904.2,1903.2479,50,LONG,-55.18999999999323,-294175.9974999582
cash_ACC,RSI2,2025-06-09 12:59:00,2025-06-09 13:03:00,1903.1,1904.05155,1903.9,1902.9480500000002,50,LONG,-55.17499999998563,-294231.1724999582
cash_ACC,RSI2,2025-06-09 13:39:00,2025-06-09 13:42:00,1903.0,1903.9515,1904.1,1903.14795,50,LONG,-40.17749999999296,-294271.3499999582
cash_ACC,RSI2,2025-06-09 13:51:00,2025-06-09 13:53:00,1903.1,1904.05155,1904.4,1903.4478000000001,50,LONG,-30.187499999988177,-294301.5374999582
cash_ACC,RSI2,2025-06-09 14:08:00,2025-06-09 14:17:00,1903.4,1904.3517,1903.5,1902.54825,50,LONG,-90.17249999999422,-294391.70999995817
cash_ACC,RSI2,2025-06-09 14:37:00,2025-06-09 14:41:00,1904.5,1905.4522499999998,1905.3,1904.34735,50,LONG,-55.244999999990796,-294446.95499995816
cash_ACC,RSI2,2025-06-09 14:47:00,2025-06-09 14:49:00,1904.3,1905.2521499999998,1905.1,1904.14745,50,LONG,-55.234999999993306,-294502.18999995815
cash_ACC,RSI2,2025-06-09 14:54:00,2025-06-09 14:55:00,1903.9,1904.85195,1904.9,1903.94755,50,LONG,-45.2199999999948,-294547.4099999581
cash_ACC,RSI2,2025-06-10 09:26:00,2025-06-10 09:32:00,1913.0,1913.9565,1908.8,1907.8456,50,LONG,-305.54499999999507,-294852.9549999581
cash_ACC,RSI2,2025-06-10 09:55:00,2025-06-10 09:57:00,1910.4,1911.3552,1911.6,1910.6442,50,LONG,-35.55000000000064,-294888.5049999581
cash_ACC,RSI2,2025-06-10 10:20:00,2025-06-10 10:24:00,1915.4,1916.3577,1916.4,1915.4418000000003,50,LONG,-45.794999999986885,-294934.2999999581
cash_ACC,RSI2,2025-06-10 10:30:00,2025-06-10 10:34:00,1914.3,1915.25715,1915.7,1914.74215,50,LONG,-25.749999999993634,-294960.0499999581
cash_ACC,RSI2,2025-06-10 10:47:00,2025-06-10 11:06:00,1915.8,1916.7578999999998,1910.0,1909.045,50,LONG,-385.64499999998816,-295345.69499995804
cash_ACC,RSI2,2025-06-10 11:21:00,2025-06-10 11:25:00,1908.0,1908.954,1908.8,1907.8456,50,LONG,-55.41999999999234,-295401.114999958
cash_ACC,RSI2,2025-06-10 11:40:00,2025-06-10 11:44:00,1908.5,1909.45425,1913.0,1912.0435,50,LONG,129.46249999999964,-295271.652499958
cash_ACC,RSI2,2025-06-10 12:17:00,2025-06-10 12:32:00,1921.4,1922.3607,1920.6,1919.6397,50,LONG,-136.05000000000018,-295407.702499958
cash_ACC,RSI2,2025-06-10 12:51:00,2025-06-10 12:55:00,1922.0,1922.9609999999998,1921.7,1920.73915,50,LONG,-111.09249999998383,-295518.79499995796
cash_ACC,RSI2,2025-06-10 13:22:00,2025-06-10 13:24:00,1919.3,1920.2596499999997,1920.5,1919.5397500000001,50,LONG,-35.99499999997988,-295554.78999995795
cash_ACC,RSI2,2025-06-10 13:43:00,2025-06-10 13:57:00,1919.9,1920.85995,1918.5,1917.5407500000001,50,LONG,-165.9599999999955,-295720.749999958
cash_ACC,RSI2,2025-06-10 14:14:00,2025-06-10 14:15:00,1916.6,1917.5582999999997,1918.6,1917.6407,50,LONG,4.120000000011714,-295716.629999958
cash_ACC,RSI2,2025-06-10 14:44:00,2025-06-10 14:52:00,1917.2,1918.1586,1918.0,1917.0410000000002,50,LONG,-55.87999999999056,-295772.509999958
cash_ACC,RSI2,2025-06-10 14:55:00,2025-06-10 14:58:00,1913.7,1914.6568499999998,1916.0,1915.0420000000001,50,LONG,19.257500000014716,-295753.252499958
cash_ACC,RSI2,2025-06-10 15:02:00,2025-06-10 15:10:00,1913.8,1914.7568999999999,1914.0,1913.0430000000001,50,LONG,-85.69499999998698,-295838.947499958
cash_ACC,RSI2,2025-06-10 15:16:00,2025-06-10 15:22:00,1912.4,1913.3562,1913.7,1912.7431500000002,50,LONG,-30.65249999998514,-295869.59999995795
cash_ACC,RSI2,2025-06-10 15:26:00,2025-06-10 15:27:00,1912.0,1912.956,1913.0,1912.0435,50,LONG,-45.62499999999545,-295915.22499995795
cash_ACC,RSI2,2025-06-11 09:31:00,2025-06-11 09:35:00,1919.7,1920.65985,1920.7,1919.7396500000002,50,LONG,-46.00999999998976,-295961.23499995796
cash_ACC,RSI2,2025-06-11 09:38:00,2025-06-11 09:41:00,1919.1,1920.0595499999997,1919.9,1918.9400500000002,50,LONG,-55.97499999997808,-296017.20999995794
cash_ACC,RSI2,2025-06-11 10:07:00,2025-06-11 10:09:00,1920.5,1921.4602499999999,1921.3,1920.33935,50,LONG,-56.044999999994616,-296073.2549999579
cash_ACC,RSI2,2025-06-11 10:19:00,2025-06-11 10:20:00,1918.2,1919.1590999999999,1919.3,1918.3403500000002,50,LONG,-40.937499999984084,-296114.1924999579
cash_ACC,RSI2,2025-06-11 10:40:00,2025-06-11 10:44:00,1918.0,1918.9589999999998,1919.2,1918.2404000000001,50,LONG,-35.92999999998483,-296150.1224999579
cash_ACC,RSI2,2025-06-11 11:11:00,2025-06-11 11:15:00,1920.4,1921.3602,1921.9,1920.9390500000002,50,LONG,-21.05749999999489,-296171.1799999579
cash_ACC,RSI2,2025-06-11 11:41:00,2025-06-11 11:43:00,1918.5,1919.4592499999999,1921.1,1920.1394500000001,50,LONG,34.01000000001204,-296137.1699999579
cash_ACC,RSI2,2025-06-11 11:53:00,2025-06-11 11:54:00,1920.1,1921.0600499999998,1921.4,1920.4393000000002,50,LONG,-31.037499999979445,-296168.2074999579
cash_ACC,RSI2,2025-06-11 12:01:00,2025-06-11 12:06:00,1919.7,1920.65985,1919.5,1918.54025,50,LONG,-105.97999999999956,-296274.18749995786
cash_ACC,RSI2,2025-06-11 12:11:00,2025-06-11 12:12:00,1918.3,1919.2591499999999,1919.6,1918.6402,50,LONG,-30.94749999999067,-296305.13499995787
cash_ACC,RSI2,2025-06-11 12:19:00,2025-06-11 12:21:00,1918.2,1919.1590999999999,1919.1,1918.14045,50,LONG,-50.93249999998761,-296356.06749995786
cash_ACC,RSI2,2025-06-11 12:30:00,2025-06-11 12:46:00,1917.0,1917.9585,1912.0,1911.044,50,LONG,-345.7249999999931,-296701.79249995784
cash_ACC,RSI2,2025-06-11 12:55:00,2025-06-11 12:59:00,1911.4,1912.3557,1911.6,1910.6442,50,LONG,-85.57500000000573,-296787.36749995785
cash_ACC,RSI2,2025-06-11 13:20:00,2025-06-11 13:25:00,1909.1,1910.0545499999998,1907.3,1906.34635,50,LONG,-185.4099999999903,-296972.7774999578
cash_ACC,RSI2,2025-06-11 13:33:00,2025-06-11 13:38:00,1903.2,1904.1516,1901.8,1900.8491000000001,50,LONG,-165.1249999999891,-297137.9024999578
cash_ACC,RSI2,2025-06-11 13:41:00,2025-06-11 13:50:00,1900.1,1901.0500499999998,1897.0,1896.0515,50,LONG,-249.92749999998978,-297387.8299999578
cash_ACC,RSI2,2025-06-11 13:53:00,2025-06-11 13:55:00,1893.9,1894.8469499999999,1897.0,1896.0515,50,LONG,60.227500000007694,-297327.60249995784
cash_ACC,RSI2,2025-06-11 14:08:00,2025-06-11 14:11:00,1897.5,1898.4487499999998,1898.1,1897.15095,50,LONG,-64.88999999999123,-297392.49249995785
cash_ACC,RSI2,2025-06-11 15:05:00,2025-06-11 15:08:00,1902.6,1903.5512999999999,1903.6,1902.6482,50,LONG,-45.15499999998838,-297437.6474999578
cash_ACC,RSI2,2025-06-11 15:18:00,2025-06-11 15:22:00,1902.3,1903.2511499999998,1903.7,1902.7481500000001,50,LONG,-25.149999999985084,-297462.7974999578
cash_ACC,RSI2,2025-06-12 09:22:00,2025-06-12 09:30:00,1905.9,1906.85295,1904.1,1903.14795,50,LONG,-185.24999999999636,-297648.0474999578
cash_ACC,RSI2,2025-06-12 09:39:00,2025-06-12 09:49:00,1903.2,1904.1516,1900.0,1899.0500000000002,50,LONG,-255.07999999998674,-297903.12749995774
cash_ACC,RSI2,2025-06-12 09:58:00,2025-06-12 10:05:00,1897.0,1897.9485,1898.8,1897.8506,50,LONG,-4.894999999999072,-297908.02249995776
cash_ACC,RSI2,2025-06-12 10:17:00,2025-06-12 10:19:00,1899.7,1900.64985,1901.0,1900.0495,50,LONG,-30.017499999996744,-297938.0399999578
cash_ACC,RSI2,2025-06-12 10:43:00,2025-06-12 10:55:00,1896.2,1897.1480999999999,1895.7,1894.7521500000003,50,LONG,-119.79749999998148,-298057.83749995776
cash_ACC,RSI2,2025-06-12 10:59:00,2025-06-12 11:01:00,1894.5,1895.44725,1895.7,1894.7521500000003,50,LONG,-34.75499999998419,-298092.59249995777
cash_ACC,RSI2,2025-06-12 11:04:00,2025-06-12 11:06:00,1893.5,1894.4467499999998,1894.8,1893.8526000000002,50,LONG,-29.70749999998361,-298122.29999995773
cash_ACC,RSI2,2025-06-12 11:12:00,2025-06-12 11:17:00,1892.0,1892.946,1891.0,1890.0545000000002,50,LONG,-144.57499999998618,-298266.87499995774
cash_ACC,RSI2,2025-06-12 11:31:00,2025-06-12 11:34:00,1890.5,1891.44525,1891.3,1890.35435,50,LONG,-54.54499999999598,-298321.4199999577
cash_ACC,RSI2,2025-06-12 11:38:00,2025-06-12 11:43:00,1888.0,1888.944,1887.4,1886.4563000000003,50,LONG,-124.38499999998385,-298445.80499995773
cash_ACC,RSI2,2025-06-12 12:00:00,2025-06-12 12:03:00,1885.3,1886.24265,1886.4,1885.4568000000002,50,LONG,-39.29249999998774,-298485.0974999577
cash_ACC,RSI2,2025-06-12 12:16:00,2025-06-12 12:19:00,1886.2,1887.1431,1886.4,1885.4568000000002,50,LONG,-84.31499999999232,-298569.4124999577
cash_ACC,RSI2,2025-06-12 12:58:00,2025-06-12 13:08:00,1889.9,1890.84495,1888.1,1887.15595,50,LONG,-184.44999999999254,-298753.86249995773
cash_ACC,RSI2,2025-06-12 13:22:00,2025-06-12 13:49:00,1886.8,1887.7433999999998,1876.0,1875.0620000000001,50,LONG,-634.0699999999856,-299387.93249995774
cash_ACC,RSI2,2025-06-12 13:59:00,2025-06-12 14:11:00,1874.3,1875.23715,1868.3,1867.3658500000001,50,LONG,-393.5649999999896,-299781.49749995774
cash_ACC,RSI2,2025-06-12 14:27:00,2025-06-12 14:30:00,1868.4,1869.3342,1869.9,1868.9650500000002,50,LONG,-18.45749999998816,-299799.9549999577
cash_ACC,RSI2,2025-06-12 14:38:00,2025-06-12 14:40:00,1871.0,1871.9354999999998,1873.0,1872.0635000000002,50,LONG,6.40000000001919,-299793.5549999577
cash_ACC,RSI2,2025-06-12 14:47:00,2025-06-12 14:48:00,1870.3,1871.2351499999997,1872.3,1871.36385,50,LONG,6.435000000010405,-299787.1199999577
cash_ACC,RSI2,2025-06-12 15:03:00,2025-06-12 15:09:00,1868.8,1869.7343999999998,1869.6,1868.6652,50,LONG,-53.45999999999549,-299840.5799999577
cash_ACC,RSI2,2025-06-12 15:16:00,2025-06-12 15:29:00,1866.5,1867.4332499999998,1864.7,1863.7676500000002,50,LONG,-183.27999999997928,-300023.85999995767
cash_ACC,RSI2,2025-06-13 09:15:00,2025-06-13 09:24:00,1838.7,1839.61935,1843.0,1842.0785,50,LONG,122.9575000000068,-299900.90249995765
cash_ACC,RSI2,2025-06-13 09:33:00,2025-06-13 09:36:00,1838.5,1839.41925,1840.0,1839.0800000000002,50,LONG,-16.962499999988268,-299917.8649999576
cash_ACC,RSI2,2025-06-13 09:46:00,2025-06-13 09:49:00,1831.6,1832.5158,1834.0,1833.083,50,LONG,28.360000000009222,-299889.50499995763
cash_ACC,RSI2,2025-06-13 10:02:00,2025-06-13 10:06:00,1839.9,1840.81995,1841.2,1840.2794000000001,50,LONG,-27.027499999996962,-299916.53249995766
cash_ACC,RSI2,2025-06-13 10:19:00,2025-06-13 10:22:00,1841.0,1841.9205,1843.2,1842.2784000000001,50,LONG,17.895000000009986,-299898.63749995764
cash_ACC,RSI2,2025-06-13 10:38:00,2025-06-13 10:39:00,1843.0,1843.9215,1845.4,1844.4773000000002,50,LONG,27.79000000001588,-299870.8474999576
cash_ACC,RSI2,2025-06-13 10:55:00,2025-06-13 11:04:00,1848.7,1849.62435,1848.5,1847.5757500000002,50,LONG,-102.42999999999256,-299973.2774999576
cash_ACC,RSI2,2025-06-13 11:10:00,2025-06-13 11:16:00,1845.7,1846.62285,1843.0,1842.0785,50,LONG,-227.21749999999474,-300200.49499995756
cash_ACC,RSI2,2025-06-13 11:43:00,2025-06-13 11:54:00,1847.1,1848.02355,1846.4,1845.4768000000001,50,LONG,-127.33749999998736,-300327.8324999575
cash_ACC,RSI2,2025-06-13 11:58:00,2025-06-13 12:00:00,1844.5,1845.4222499999998,1846.6,1845.6767,50,LONG,12.722500000006676,-300315.1099999575
cash_ACC,RSI2,2025-06-13 12:14:00,2025-06-13 12:16:00,1845.9,1846.82295,1846.9,1845.97655,50,LONG,-42.31999999999516,-300357.4299999575
cash_ACC,RSI2,2025-06-13 12:53:00,2025-06-13 12:56:00,1845.5,1846.42275,1846.2,1845.2769,50,LONG,-57.29249999999411,-300414.7224999575
cash_ACC,RSI2,2025-06-13 14:12:00,2025-06-13 14:20:00,1848.6,1849.5242999999998,1848.6,1847.6757,50,LONG,-92.42999999999029,-300507.1524999575
cash_ACC,RSI2,2025-06-13 14:47:00,2025-06-13 14:52:00,1847.0,1847.9234999999999,1846.7,1845.7766500000002,50,LONG,-107.34249999998156,-300614.49499995745
cash_ACC,RSI2,2025-06-13 14:57:00,2025-06-13 15:01:00,1844.5,1845.4222499999998,1846.7,1845.7766500000002,50,LONG,17.72000000001981,-300596.7749999574
cash_ACC,RSI2,2025-06-13 15:15:00,2025-06-13 15:17:00,1845.0,1845.9225,1846.3,1845.37685,50,LONG,-27.282499999989795,-300624.0574999574
cash_ACC,RSI2,2025-06-13 15:28:00,2025-06-13 15:29:00,1845.7,1846.62285,1849.0,1848.0755000000001,50,LONG,72.6325000000088,-300551.4249999574
cash_ACC,RSI2,2025-06-16 09:21:00,2025-06-16 09:25:00,1848.5,1849.4242499999998,1847.9,1846.9760500000002,50,LONG,-122.40999999997939,-300673.83499995735
cash_ACC,RSI2,2025-06-16 09:29:00,2025-06-16 09:38:00,1843.7,1844.62185,1837.0,1836.0815,50,LONG,-427.0174999999995,-301100.8524999574
cash_ACC,RSI2,2025-06-16 09:46:00,2025-06-16 09:51:00,1831.7,1832.61585,1834.0,1833.083,50,LONG,23.357500000008713,-301077.4949999574
cash_ACC,RSI2,2025-06-16 10:37:00,2025-06-16 10:42:00,1841.3,1842.2206499999998,1842.0,1841.0790000000002,50,LONG,-57.08249999997861,-301134.57749995735
cash_ACC,RSI2,2025-06-16 10:55:00,2025-06-16 10:58:00,1841.1,1842.0205499999997,1842.3,1841.37885,50,LONG,-32.084999999983665,-301166.6624999573
cash_ACC,RSI2,2025-06-16 11:24:00,2025-06-16 11:25:00,1845.9,1846.82295,1846.7,1845.7766500000002,50,LONG,-52.31499999998732,-301218.9774999573
cash_ACC,RSI2,2025-06-16 11:54:00,2025-06-16 12:00:00,1847.9,1848.82395,1848.5,1847.5757500000002,50,LONG,-62.409999999988486,-301281.3874999573
cash_ACC,RSI2,2025-06-16 12:55:00,2025-06-16 12:59:00,1861.2,1862.1306,1862.0,1861.0690000000002,50,LONG,-53.07999999998856,-301334.4674999573
cash_ACC,RSI2,2025-06-16 13:24:00,2025-06-16 13:27:00,1861.8,1862.7308999999998,1863.0,1862.0685,50,LONG,-33.11999999998534,-301367.5874999573
cash_ACC,RSI2,2025-06-16 14:10:00,2025-06-16 14:15:00,1871.9,1872.83595,1872.6,1871.6637,50,LONG,-58.61249999999245,-301426.1999999573
cash_ACC,RSI2,2025-06-16 14:21:00,2025-06-16 14:30:00,1868.0,1868.934,1867.0,1866.0665000000001,50,LONG,-143.37499999999181,-301569.5749999573
cash_ACC,RSI2,2025-06-16 14:50:00,2025-06-16 14:54:00,1869.7,1870.63485,1870.8,1869.8646,50,LONG,-38.51249999999027,-301608.0874999573
cash_ACC,RSI2,2025-06-16 15:24:00,2025-06-16 15:28:00,1872.5,1873.43625,1872.4,1871.4638000000002,50,LONG,-98.62249999998767,-301706.7099999573
cash_ACC,RSI2,2025-06-17 09:19:00,2025-06-17 09:26:00,1867.5,1868.43375,1869.9,1868.9650500000002,50,LONG,26.565000000016425,-301680.1449999573
cash_ACC,RSI2,2025-06-17 09:39:00,2025-06-17 09:43:00,1870.4,1871.3352,1871.0,1870.0645000000002,50,LONG,-63.534999999990305,-301743.67999995727
cash_ACC,RSI2,2025-06-17 09:46:00,2025-06-17 09:50:00,1868.2,1869.1341,1869.2,1868.2654000000002,50,LONG,-43.43499999998812,-301787.11499995727
cash_ACC,RSI2,2025-06-17 09:53:00,2025-06-17 10:09:00,1865.8,1866.7328999999997,1865.0,1864.0675,50,LONG,-133.2699999999818,-301920.3849999572
cash_ACC,RSI2,2025-06-17 10:21:00,2025-06-17 10:24:00,1866.0,1866.933,1865.9,1864.9670500000002,50,LONG,-98.29749999998967,-302018.6824999572
cash_ACC,RSI2,2025-06-17 10:50:00,2025-06-17 11:05:00,1866.0,1866.933,1862.0,1861.0690000000002,50,LONG,-293.19999999999027,-302311.8824999572
cash_ACC,RSI2,2025-06-17 11:15:00,2025-06-17 11:21:00,1862.2,1863.1310999999998,1862.3,1861.36885,50,LONG,-88.11249999998836,-302399.9949999572
cash_ACC,RSI2,2025-06-17 11:43:00,2025-06-17 12:06:00,1872.6,1873.5362999999998,1867.5,1866.56625,50,LONG,-348.5024999999837,-302748.4974999572
cash_ACC,RSI2,2025-06-17 12:13:00,2025-06-17 12:19:00,1868.8,1869.7343999999998,1868.7,1867.76565,50,LONG,-98.43749999998863,-302846.9349999572
cash_ACC,RSI2,2025-06-17 12:50:00,2025-06-17 12:59:00,1868.0,1868.934,1866.5,1865.5667500000002,50,LONG,-168.36249999998927,-303015.2974999572
cash_ACC,RSI2,2025-06-17 13:14:00,2025-06-17 13:25:00,1863.7,1864.63185,1861.7,1860.76915,50,LONG,-193.13499999999522,-303208.4324999572
cash_ACC,RSI2,2025-06-17 13:30:00,2025-06-17 13:34:00,1858.7,1859.62935,1860.0,1859.0700000000002,50,LONG,-27.967499999988377,-303236.3999999572
cash_ACC,RSI2,2025-06-17 13:36:00,2025-06-17 13:39:00,1858.8,1859.7294,1860.0,1859.0700000000002,50,LONG,-32.969999999988886,-303269.36999995715
cash_ACC,RSI2,2025-06-17 13:47:00,2025-06-17 13:49:00,1862.6,1863.5312999999999,1863.4,1862.4683000000002,50,LONG,-53.149999999982356,-303322.5199999571
cash_ACC,RSI2,2025-06-17 14:02:00,2025-06-17 14:09:00,1864.0,1864.9319999999998,1864.0,1863.0680000000002,50,LONG,-93.1999999999789,-303415.7199999571
cash_ACC,RSI2,2025-06-17 14:26:00,2025-06-17 14:28:00,1865.8,1866.7328999999997,1867.5,1866.56625,50,LONG,-8.332499999983156,-303424.05249995703
cash_ACC,RSI2,2025-06-17 14:32:00,2025-06-17 14:44:00,1865.5,1866.43275,1862.2,1861.2689000000003,50,LONG,-258.1924999999842,-303682.24499995704
cash_ACC,RSI2,2025-06-17 14:53:00,2025-06-17 14:58:00,1860.7,1861.63035,1861.4,1860.4693000000002,50,LONG,-58.05249999998523,-303740.297499957
cash_ACC,RSI2,2025-06-17 15:15:00,2025-06-17 15:17:00,1858.1,1859.0290499999999,1859.1,1858.17045,50,LONG,-42.92999999998983,-303783.227499957
cash_ACC,RSI2,2025-06-17 15:24:00,2025-06-18 09:15:00,1858.4,1859.3292,1858.1,1857.17095,50,LONG,-107.91249999999764,-303891.139999957
cash_ACC,RSI2,2025-06-18 10:03:00,2025-06-18 10:10:00,1861.7,1862.63085,1861.9,1860.9690500000002,50,LONG,-83.08999999999287,-303974.22999995697
cash_ACC,RSI2,2025-06-18 10:23:00,2025-06-18 10:37:00,1861.2,1862.1306,1857.7,1856.77115,50,LONG,-267.9724999999962,-304242.20249995694
cash_ACC,RSI2,2025-06-18 10:46:00,2025-06-18 10:47:00,1860.2,1861.1300999999999,1862.0,1861.0690000000002,50,LONG,-3.0549999999834654,-304245.25749995693
cash_ACC,RSI2,2025-06-18 10:53:00,2025-06-18 10:57:00,1857.2,1858.1286,1858.8,1857.8706,50,LONG,-12.90000000000191,-304258.15749995696
cash_ACC,RSI2,2025-06-18 11:04:00,2025-06-18 11:09:00,1857.3,1858.2286499999998,1858.1,1857.17095,50,LONG,-52.88499999999203,-304311.04249995697
cash_ACC,RSI2,2025-06-18 11:21:00,2025-06-18 11:28:00,1853.8,1854.7269,1854.0,1853.073,50,LONG,-82.6949999999897,-304393.737499957
cash_ACC,RSI2,2025-06-18 11:32:00,2025-06-18 11:38:00,1851.3,1852.2256499999999,1849.6,1848.6752,50,LONG,-177.52249999999776,-304571.259999957
cash_ACC,RSI2,2025-06-18 11:51:00,2025-06-18 12:01:00,1847.8,1848.7239,1847.3,1846.37635,50,LONG,-117.37749999999778,-304688.637499957
cash_ACC,RSI2,2025-06-18 12:24:00,2025-06-18 13:01:00,1850.1,1851.0250499999997,1847.7,1846.7761500000001,50,LONG,-212.4449999999797,-304901.082499957
cash_ACC,RSI2,2025-06-18 13:43:00,2025-06-18 13:46:00,1849.3,1850.2246499999999,1849.4,1848.4753000000003,50,LONG,-87.46749999997974,-304988.549999957
cash_ACC,RSI2,2025-06-18 13:48:00,2025-06-18 14:07:00,1845.5,1846.42275,1843.2,1842.2784000000001,50,LONG,-207.2174999999902,-305195.76749995694
cash_ACC,RSI2,2025-06-18 14:15:00,2025-06-18 14:29:00,1842.6,1843.5212999999999,1841.2,1840.2794000000001,50,LONG,-162.09499999998798,-305357.8624999569
cash_ACC,RSI2,2025-06-18 15:04:00,2025-06-18 15:09:00,1843.4,1844.3217,1844.0,1843.0780000000002,50,LONG,-62.18499999998812,-305420.0474999569
cash_ACC,RSI2,2025-06-18 15:13:00,2025-06-18 15:18:00,1841.2,1842.1206,1843.2,1842.2784000000001,50,LONG,7.890000000008968,-305412.1574999569
cash_ACC,RSI2,2025-06-18 15:24:00,2025-06-19 09:15:00,1840.5,1841.42025,1843.0,1842.0785,50,LONG,32.912500000009004,-305379.24499995686
cash_ACC,RSI2,2025-06-19 09:20:00,2025-06-19 09:24:00,1838.1,1839.0190499999999,1840.4,1839.4798000000003,50,LONG,23.037500000020827,-305356.2074999568
cash_ACC,RSI2,2025-06-19 09:30:00,2025-06-19 09:33:00,1839.7,1840.61985,1841.7,1840.77915,50,LONG,7.96500000000151,-305348.2424999568
cash_ACC,RSI2,2025-06-19 09:53:00,2025-06-19 09:59:00,1839.6,1840.5197999999998,1839.2,1838.2804,50,LONG,-111.96999999998525,-305460.2124999568
cash_ACC,RSI2,2025-06-19 10:04:00,2025-06-19 10:11:00,1836.7,1837.61835,1837.4,1836.4813000000001,50,LONG,-56.85249999999087,-305517.06499995675
cash_ACC,RSI2,2025-06-19 10:15:00,2025-06-19 10:20:00,1835.8,1836.7178999999999,1837.5,1836.5812500000002,50,LONG,-6.83249999998452,-305523.8974999567
cash_ACC,RSI2,2025-06-19 10:31:00,2025-06-19 10:37:00,1838.2,1839.1191,1837.6,1836.6812,50,LONG,-121.89499999999498,-305645.79249995673
cash_ACC,RSI2,2025-06-19 10:58:00,2025-06-19 10:59:00,1841.8,1842.7208999999998,1842.8,1841.8786,50,LONG,-42.11499999998978,-305687.9074999567
cash_ACC,RSI2,2025-06-19 11:07:00,2025-06-19 11:11:00,1841.5,1842.42075,1843.0,1842.0785,50,LONG,-17.11249999999609,-305705.0199999567
cash_ACC,RSI2,2025-06-19 11:16:00,2025-06-19 11:24:00,1841.8,1842.7208999999998,1841.5,1840.57925,50,LONG,-107.08249999998998,-305812.10249995673
cash_ACC,RSI2,2025-06-19 11:27:00,2025-06-19 11:30:00,1839.6,1840.5197999999998,1840.8,1839.8796,50,LONG,-32.00999999999112,-305844.11249995674
cash_ACC,RSI2,2025-06-19 11:36:00,2025-06-19 11:40:00,1840.1,1841.0200499999999,1840.0,1839.0800000000002,50,LONG,-97.00249999998505,-305941.11499995674
cash_ACC,RSI2,2025-06-19 11:44:00,2025-06-19 12:04:00,1837.3,1838.2186499999998,1833.1,1832.18345,50,LONG,-301.7599999999902,-306242.87499995675
cash_ACC,RSI2,2025-06-19 12:22:00,2025-06-19 12:29:00,1837.0,1837.9185,1836.7,1835.7816500000001,50,LONG,-106.84249999999338,-306349.7174999567
cash_ACC,RSI2,2025-06-19 12:33:00,2025-06-19 12:39:00,1834.6,1835.5172999999998,1834.2,1833.2829000000002,50,LONG,-111.71999999997979,-306461.4374999567
cash_ACC,RSI2,2025-06-19 12:44:00,2025-06-19 12:46:00,1831.7,1832.61585,1832.8,1831.8836000000001,50,LONG,-36.61249999998972,-306498.0499999567
cash_ACC,RSI2,2025-06-19 12:50:00,2025-06-19 12:52:00,1828.5,1829.4142499999998,1832.0,1831.084,50,LONG,83.48750000001246,-306414.5624999567
cash_ACC,RSI2,2025-06-19 13:02:00,2025-06-19 13:06:00,1831.6,1832.5158,1833.1,1832.18345,50,LONG,-16.61749999999529,-306431.1799999567
cash_ACC,RSI2,2025-06-19 13:21:00,2025-06-19 13:25:00,1830.2,1831.1151,1829.9,1828.9850500000002,50,LONG,-106.50249999998778,-306537.6824999567
cash_ACC,RSI2,2025-06-19 13:28:00,2025-06-19 13:35:00,1825.3,1826.21265,1827.0,1826.0865000000001,50,LONG,-6.307499999991251,-306543.9899999567
cash_ACC,RSI2,2025-06-19 14:27:00,2025-06-19 14:35:00,1831.7,1832.61585,1833.0,1832.0835000000002,50,LONG,-26.617499999986194,-306570.6074999567
cash_ACC,RSI2,2025-06-19 14:36:00,2025-06-19 14:39:00,1832.0,1832.916,1832.7,1831.78365,50,LONG,-56.617499999993015,-306627.22499995667
cash_ACC,RSI2,2025-06-19 14:51:00,2025-06-19 14:56:00,1833.6,1834.5167999999999,1832.5,1831.58375,50,LONG,-146.65249999999332,-306773.87749995664
cash_ACC,RSI2,2025-06-19 14:59:00,2025-06-19 15:04:00,1828.4,1829.3142,1831.0,1830.0845000000002,50,LONG,38.515000000006694,-306735.3624999566
cash_ACC,RSI2,2025-06-19 15:13:00,2025-06-19 15:29:00,1827.9,1828.81395,1827.2,1826.2864000000002,50,LONG,-126.3774999999896,-306861.7399999566
cash_ACC,RSI2,2025-06-20 09:21:00,2025-06-20 09:24:00,1821.1,1822.0105499999997,1822.7,1821.7886500000002,50,LONG,-11.094999999977517,-306872.8349999566
cash_ACC,RSI2,2025-06-20 09:33:00,2025-06-20 09:35:00,1819.0,1819.9095,1821.1,1820.18945,50,LONG,13.997500000004948,-306858.8374999566
cash_ACC,RSI2,2025-06-20 09:52:00,2025-06-20 10:05:00,1823.2,1824.1116,1818.6,1817.6907,50,LONG,-321.04499999999234,-307179.8824999566
cash_ACC,RSI2,2025-06-20 11:25:00,2025-06-20 11:37:00,1825.5,1826.41275,1823.6,1822.6882,50,LONG,-186.22749999999542,-307366.10999995656
cash_ACC,RSI2,2025-06-20 11:43:00,2025-06-20 11:49:00,1822.3,1823.2111499999999,1822.5,1821.5887500000001,50,LONG,-81.11999999998716,-307447.22999995656
cash_ACC,RSI2,2025-06-20 11:53:00,2025-06-20 11:58:00,1820.5,1821.41025,1821.2,1820.2894000000001,50,LONG,-56.04249999998956,-307503.27249995654
cash_ACC,RSI2,2025-06-20 12:17:00,2025-06-20 12:20:00,1820.2,1821.1100999999999,1824.0,1823.0880000000002,50,LONG,98.8950000000159,-307404.3774999565
cash_ACC,RSI2,2025-06-20 12:27:00,2025-06-20 12:32:00,1820.8,1821.7104,1820.6,1819.6897,50,LONG,-101.03500000000167,-307505.4124999565
cash_ACC,RSI2,2025-06-20 13:05:00,2025-06-20 13:17:00,1827.1,1828.01355,1827.7,1826.7861500000001,50,LONG,-61.36999999998807,-307566.7824999565
cash_ACC,RSI2,2025-06-20 13:31:00,2025-06-20 13:33:00,1827.5,1828.41375,1828.3,1827.3858500000001,50,LONG,-51.39499999999089,-307618.1774999565
cash_ACC,RSI2,2025-06-20 13:37:00,2025-06-20 13:39:00,1827.1,1828.01355,1827.6,1826.6862,50,LONG,-66.36749999998983,-307684.5449999565
cash_ACC,RSI2,2025-06-20 14:04:00,2025-06-20 14:07:00,1827.5,1828.41375,1827.8,1826.8861,50,LONG,-76.38249999999971,-307760.9274999565
cash_ACC,RSI2,2025-06-20 14:10:00,2025-06-20 14:17:00,1826.1,1827.0130499999998,1825.0,1824.0875,50,LONG,-146.27749999998514,-307907.2049999565
cash_ACC,RSI2,2025-06-20 14:53:00,2025-06-20 15:02:00,1825.0,1825.9125,1825.0,1824.0875,50,LONG,-91.2499999999909,-307998.4549999565
cash_ACC,RSI2,2025-06-20 15:08:00,2025-06-20 15:17:00,1823.0,1823.9115,1822.6,1821.6887,50,LONG,-111.14000000000033,-308109.5949999565
cash_ACC,RSI2,2025-06-23 09:18:00,2025-06-23 09:21:00,1818.1,1819.00905,1821.3,1820.3893500000001,50,LONG,69.01500000001306,-308040.5799999565
cash_ACC,RSI2,2025-06-23 09:42:00,2025-06-23 09:49:00,1819.9,1820.80995,1818.7,1817.7906500000001,50,LONG,-150.9649999999965,-308191.5449999565
cash_ACC,RSI2,2025-06-23 10:52:00,2025-06-23 10:55:00,1826.0,1826.913,1826.9,1825.98655,50,LONG,-46.32249999999658,-308237.8674999565
cash_ACC,RSI2,2025-06-23 10:58:00,2025-06-23 10:59:00,1825.4,1826.3127,1826.7,1825.7866500000002,50,LONG,-26.302499999985685,-308264.1699999565
cash_ACC,RSI2,2025-06-23 11:05:00,2025-06-23 11:19:00,1823.3,1824.21165,1822.2,1821.2889000000002,50,LONG,-146.13749999998618,-308410.3074999565
cash_ACC,RSI2,2025-06-23 11:45:00,2025-06-23 11:51:00,1823.2,1824.1116,1824.3,1823.38785,50,LONG,-36.18749999999409,-308446.4949999565
cash_ACC,RSI2,2025-06-23 11:56:00,2025-06-23 11:58:00,1822.5,1823.4112499999999,1824.0,1823.0880000000002,50,LONG,-16.162499999984448,-308462.6574999565
cash_ACC,RSI2,2025-06-23 12:11:00,2025-06-23 12:37:00,1823.0,1823.9115,1817.7,1816.7911500000002,50,LONG,-356.01749999998447,-308818.67499995645
cash_ACC,RSI2,2025-06-23 12:54:00,2025-06-23 12:55:00,1818.3,1819.20915,1819.0,1818.0905,50,LONG,-55.932499999994434,-308874.60749995644
cash_ACC,RSI2,2025-06-23 13:04:00,2025-06-23 13:15:00,1818.5,1819.40925,1819.0,1818.0905,50,LONG,-65.93749999999545,-308940.54499995644
cash_ACC,RSI2,2025-06-23 13:24:00,2025-06-23 13:26:00,1818.6,1819.5092999999997,1819.0,1818.0905,50,LONG,-70.9399999999846,-309011.48499995645
cash_ACC,RSI2,2025-06-23 13:29:00,2025-06-23 13:35:00,1818.6,1819.5092999999997,1819.0,1818.0905,50,LONG,-70.9399999999846,-309082.42499995645
cash_ACC,RSI2,2025-06-23 13:44:00,2025-06-23 13:46:00,1818.0,1818.9089999999999,1819.0,1818.0905,50,LONG,-40.924999999992906,-309123.34999995644
cash_ACC,RSI2,2025-06-23 14:05:00,2025-06-23 14:08:00,1818.8,1819.7094,1819.0,1818.0905,50,LONG,-80.94499999999698,-309204.29499995644
cash_ACC,RSI2,2025-06-23 14:13:00,2025-06-23 14:26:00,1818.5,1819.40925,1818.9,1817.9905500000002,50,LONG,-70.93499999998585,-309275.22999995644
cash_ACC,RSI2,2025-06-23 14:39:00,2025-06-23 14:44:00,1818.1,1819.00905,1819.0,1818.0905,50,LONG,-45.927499999993415,-309321.15749995643
cash_ACC,RSI2,2025-06-23 14:59:00,2025-06-23 15:09:00,1818.0,1818.9089999999999,1819.0,1818.0905,50,LONG,-40.924999999992906,-309362.0824999564
cash_ACC,RSI2,2025-06-23 15:16:00,2025-06-23 15:27:00,1817.3,1818.2086499999998,1817.4,1816.4913000000001,50,LONG,-85.86749999998347,-309447.9499999564
cash_ACC,RSI2,2025-06-23 15:29:00,2025-06-24 09:15:00,1815.0,1815.9074999999998,1831.0,1830.0845000000002,50,LONG,708.8500000000181,-308739.0999999564
cash_ACC,RSI2,2025-06-24 09:41:00,2025-06-24 09:43:00,1826.7,1827.6133499999999,1830.0,1829.085,50,LONG,73.58250000000908,-308665.51749995636
cash_ACC,RSI2,2025-06-24 10:05:00,2025-06-24 10:12:00,1840.1,1841.0200499999999,1840.8,1839.8796,50,LONG,-57.02249999999367,-308722.5399999564
cash_ACC,RSI2,2025-06-24 10:55:00,2025-06-24 10:58:00,1852.2,1853.1261,1854.9,1853.9725500000002,50,LONG,42.32250000001159,-308680.2174999564
cash_ACC,RSI2,2025-06-24 11:33:00,2025-06-24 11:37:00,1860.8,1861.7304,1862.0,1861.0690000000002,50,LONG,-33.06999999998652,-308713.2874999564
cash_ACC,RSI2,2025-06-24 11:55:00,2025-06-24 11:59:00,1864.6,1865.5322999999999,1865.8,1864.8671000000002,50,LONG,-33.2599999999843,-308746.5474999564
cash_ACC,RSI2,2025-06-24 12:13:00,2025-06-24 12:14:00,1868.5,1869.4342499999998,1869.8,1868.8651,50,LONG,-28.457499999990432,-308775.0049999564
cash_ACC,RSI2,2025-06-24 12:27:00,2025-06-24 12:32:00,1867.9,1868.83395,1866.4,1865.4668000000001,50,LONG,-168.35749999999052,-308943.3624999564
cash_ACC,RSI2,2025-06-24 12:42:00,2025-06-24 12:47:00,1862.6,1863.5312999999999,1864.7,1863.7676500000002,50,LONG,11.817500000017844,-308931.5449999564
cash_ACC,RSI2,2025-06-24 13:00:00,2025-06-24 13:04:00,1862.0,1862.9309999999998,1863.4,1862.4683000000002,50,LONG,-23.1349999999793,-308954.67999995634
cash_ACC,RSI2,2025-06-24 13:11:00,2025-06-24 13:13:00,1864.7,1865.6323499999999,1867.9,1866.9660500000002,50,LONG,66.68500000001814,-308887.99499995634
cash_ACC,RSI2,2025-06-24 13:21:00,2025-06-24 13:51:00,1863.3,1864.23165,1852.8,1851.8736000000001,50,LONG,-617.902499999991,-309505.8974999563
cash_ACC,RSI2,2025-06-24 14:07:00,2025-06-24 14:11:00,1852.8,1853.7263999999998,1853.2,1852.2734,50,LONG,-72.64999999998736,-309578.5474999563
cash_ACC,RSI2,2025-06-24 14:18:00,2025-06-24 14:24:00,1851.6,1852.5258,1850.9,1849.9745500000001,50,LONG,-127.56249999998772,-309706.1099999563
cash_ACC,RSI2,2025-06-24 14:33:00,2025-06-24 14:34:00,1850.9,1851.82545,1854.0,1853.073,50,LONG,62.37750000000233,-309643.73249995627
cash_ACC,RSI2,2025-06-24 14:46:00,2025-06-24 15:05:00,1852.7,1853.62635,1846.3,1845.37685,50,LONG,-412.4749999999949,-310056.20749995625
cash_ACC,RSI2,2025-06-25 09:20:00,2025-06-25 09:26:00,1853.9,1854.82695,1853.5,1852.5732500000001,50,LONG,-112.68499999998767,-310168.89249995624
cash_ACC,RSI2,2025-06-25 09:28:00,2025-06-25 09:35:00,1851.4,1852.3257,1853.9,1852.9730500000003,50,LONG,32.367500000009386,-310136.52499995625
cash_ACC,RSI2,2025-06-25 09:58:00,2025-06-25 10:05:00,1853.6,1854.5267999999999,1855.0,1854.0725,50,LONG,-22.71499999999378,-310159.2399999562
cash_ACC,RSI2,2025-06-25 10:10:00,2025-06-25 10:12:00,1853.2,1854.1266,1854.0,1853.073,50,LONG,-52.67999999999802,-310211.9199999562
cash_ACC,RSI2,2025-06-25 10:48:00,2025-06-25 10:54:00,1854.0,1854.927,1854.6,1853.6727,50,LONG,-62.714999999991505,-310274.6349999562
cash_ACC,RSI2,2025-06-25 11:34:00,2025-06-25 11:41:00,1853.9,1854.82695,1854.6,1853.6727,50,LONG,-57.712499999990996,-310332.34749995614
cash_ACC,RSI2,2025-06-25 11:48:00,2025-06-25 11:50:00,1853.1,1854.0265499999998,1853.8,1852.8731,50,LONG,-57.67249999998967,-310390.01999995613
cash_ACC,RSI2,2025-06-25 12:01:00,2025-06-25 12:12:00,1853.1,1854.0265499999998,1852.8,1851.8736000000001,50,LONG,-107.64749999998457,-310497.6674999561
cash_ACC,RSI2,2025-06-25 13:09:00,2025-06-25 13:12:00,1855.5,1856.4277499999998,1855.7,1854.7721500000002,50,LONG,-82.77999999997974,-310580.44749995606
cash_ACC,RSI2,2025-06-25 14:13:00,2025-06-25 14:14:00,1853.1,1854.0265499999998,1854.0,1853.073,50,LONG,-47.67749999998614,-310628.12499995605
cash_ACC,RSI2,2025-06-25 14:34:00,2025-06-25 14:42:00,1853.6,1854.5267999999999,1854.0,1853.073,50,LONG,-72.68999999998869,-310700.81499995606
cash_ACC,RSI2,2025-06-25 15:05:00,2025-06-25 15:07:00,1853.7,1854.6268499999999,1854.0,1853.073,50,LONG,-77.6924999999892,-310778.50749995606
cash_ACC,RSI2,2025-06-26 09:48:00,2025-06-26 09:56:00,1872.1,1873.0360499999997,1872.7,1871.76365,50,LONG,-63.61999999998034,-310842.12749995606
cash_ACC,RSI2,2025-06-26 10:11:00,2025-06-26 10:14:00,1868.0,1868.934,1868.9,1867.9655500000001,50,LONG,-48.4224999999924,-310890.54999995604
cash_ACC,RSI2,2025-06-26 10:23:00,2025-06-26 10:33:00,1867.3,1868.23365,1863.6,1862.6682,50,LONG,-278.2724999999914,-311168.822499956
cash_ACC,RSI2,2025-06-26 10:38:00,2025-06-26 10:40:00,1861.5,1862.43075,1863.0,1862.0685,50,LONG,-18.11249999999518,-311186.934999956
cash_ACC,RSI2,2025-06-26 11:06:00,2025-06-26 11:08:00,1861.0,1861.9305,1862.1,1861.16895,50,LONG,-38.077499999997144,-311225.012499956
cash_ACC,RSI2,2025-06-26 11:19:00,2025-06-26 11:24:00,1863.0,1863.9315,1863.0,1862.0685,50,LONG,-93.14999999999145,-311318.162499956
cash_ACC,RSI2,2025-06-26 12:07:00,2025-06-26 12:12:00,1865.4,1866.3327,1866.4,1865.4668000000001,50,LONG,-43.29499999998916,-311361.45749995596
cash_ACC,RSI2,2025-06-26 12:47:00,2025-06-26 12:50:00,1868.0,1868.934,1870.1,1869.16495,50,LONG,11.547500000006039,-311349.90999995597
cash_ACC,RSI2,2025-06-26 12:54:00,2025-06-26 12:56:00,1867.0,1867.9334999999999,1867.6,1866.6662000000001,50,LONG,-63.3649999999875,-311413.27499995596
cash_ACC,RSI2,2025-06-26 13:16:00,2025-06-26 13:18:00,1869.5,1870.43475,1870.4,1869.4648000000002,50,LONG,-48.49749999998494,-311461.77249995596
cash_ACC,RSI2,2025-06-26 13:26:00,2025-06-26 13:34:00,1867.0,1867.9334999999999,1867.4,1866.4663000000003,50,LONG,-73.35999999997966,-311535.13249995594
cash_ACC,RSI2,2025-06-26 13:39:00,2025-06-26 13:43:00,1866.3,1867.2331499999998,1867.0,1866.0665000000001,50,LONG,-58.332499999983156,-311593.4649999559
cash_ACC,RSI2,2025-06-26 14:29:00,2025-06-26 14:31:00,1867.4,1868.3337,1868.1,1867.16595,50,LONG,-58.38749999999209,-311651.8524999559
cash_ACC,RSI2,2025-06-26 15:24:00,2025-06-26 15:27:00,1882.6,1883.5412999999999,1883.8,1882.8581000000001,50,LONG,-34.15999999998576,-311686.0124999559
cash_ACC,RSI2,2025-06-27 09:25:00,2025-06-27 09:32:00,1899.1,1900.0495499999997,1899.6,1898.6502,50,LONG,-69.96749999998428,-311755.97999995586
cash_ACC,RSI2,2025-06-27 09:53:00,2025-06-27 10:03:00,1914.0,1914.9569999999999,1914.8,1913.8426,50,LONG,-55.71999999999662,-311811.69999995583
cash_ACC,RSI2,2025-06-27 10:22:00,2025-06-27 10:23:00,1920.0,1920.9599999999998,1922.0,1921.0390000000002,50,LONG,3.9500000000202817,-311807.7499999558
cash_ACC,RSI2,2025-06-27 10:51:00,2025-06-27 11:02:00,1927.0,1927.9634999999998,1926.1,1925.13695,50,LONG,-141.3274999999885,-311949.07749995583
cash_ACC,RSI2,2025-06-27 11:23:00,2025-06-27 11:25:00,1927.4,1928.3636999999999,1929.6,1928.6352,50,LONG,13.575000000003001,-311935.5024999558
cash_ACC,RSI2,2025-06-27 11:34:00,2025-06-27 11:37:00,1928.1,1929.0640499999997,1931.5,1930.5342500000002,50,LONG,73.51000000002159,-311861.9924999558
cash_ACC,RSI2,2025-06-27 11:45:00,2025-06-27 12:01:00,1926.7,1927.66335,1923.2,1922.2384000000002,50,LONG,-271.24749999999267,-312133.2399999558
cash_ACC,RSI2,2025-06-27 12:47:00,2025-06-27 12:50:00,1926.2,1927.1631,1929.7,1928.7351500000002,50,LONG,78.60250000001088,-312054.6374999558
cash_ACC,RSI2,2025-06-27 13:03:00,2025-06-27 13:20:00,1927.7,1928.66385,1922.0,1921.0390000000002,50,LONG,-381.24249999998483,-312435.87999995577
cash_ACC,RSI2,2025-06-27 13:22:00,2025-06-27 13:26:00,1918.7,1919.65935,1920.9,1919.9395500000003,50,LONG,14.010000000018863,-312421.86999995576
cash_ACC,RSI2,2025-06-27 13:50:00,2025-06-27 13:51:00,1926.7,1927.66335,1928.0,1927.036,50,LONG,-31.367499999998927,-312453.23749995575
cash_ACC,RSI2,2025-06-27 14:21:00,2025-06-27 14:25:00,1931.4,1932.3657,1931.7,1930.7341500000002,50,LONG,-81.57749999999169,-312534.81499995576
cash_ACC,RSI2,2025-06-27 14:31:00,2025-06-27 14:33:00,1929.6,1930.5647999999999,1930.7,1929.73465,50,LONG,-41.507499999988795,-312576.3224999558
cash_ACC,RSI2,2025-06-27 14:46:00,2025-06-27 15:12:00,1929.5,1930.4647499999999,1922.4,1921.4388000000001,50,LONG,-451.29749999998694,-313027.61999995576
cash_ACC,RSI2,2025-06-27 15:19:00,2025-06-27 15:20:00,1919.0,1919.9595,1919.7,1918.74015,50,LONG,-60.96749999999247,-313088.5874999557
cash_ACC,RSI2,2025-06-30 09:29:00,2025-06-30 09:32:00,1921.6,1922.5607999999997,1926.7,1925.73665,50,LONG,158.79250000001548,-312929.7949999557
cash_ACC,RSI2,2025-06-30 09:41:00,2025-06-30 09:46:00,1925.6,1926.5627999999997,1925.0,1924.0375000000001,50,LONG,-126.26499999997804,-313056.05999995564
cash_ACC,RSI2,2025-06-30 09:52:00,2025-06-30 09:55:00,1921.3,1922.26065,1923.0,1922.0385,50,LONG,-11.107499999991433,-313067.1674999556
cash_ACC,RSI2,2025-06-30 10:09:00,2025-06-30 10:13:00,1921.0,1921.9605,1922.8,1921.8386,50,LONG,-6.0949999999934334,-313073.2624999556
cash_ACC,RSI2,2025-06-30 10:22:00,2025-06-30 10:32:00,1922.9,1923.8614499999999,1917.3,1916.3413500000001,50,LONG,-376.00499999998647,-313449.2674999556
cash_ACC,RSI2,2025-06-30 10:37:00,2025-06-30 10:47:00,1913.5,1914.4567499999998,1912.7,1911.7436500000001,50,LONG,-135.65499999998565,-313584.9224999556
cash_ACC,RSI2,2025-06-30 11:18:00,2025-06-30 11:25:00,1910.3,1911.25515,1912.3,1911.34385,50,LONG,4.435000000000855,-313580.4874999556
cash_ACC,RSI2,2025-06-30 11:46:00,2025-06-30 11:47:00,1916.2,1917.1580999999999,1917.9,1916.9410500000001,50,LONG,-10.85249999998723,-313591.33999995555
cash_ACC,RSI2,2025-06-30 11:57:00,2025-06-30 12:03:00,1913.5,1914.4567499999998,1915.5,1914.5422500000002,50,LONG,4.275000000018281,-313587.06499995553
cash_ACC,RSI2,2025-06-30 12:09:00,2025-06-30 12:11:00,1913.0,1913.9565,1915.6,1914.6422,50,LONG,34.284999999999854,-313552.77999995556
cash_ACC,RSI2,2025-06-30 12:20:00,2025-06-30 12:21:00,1916.0,1916.9579999999999,1920.8,1919.8396,50,LONG,144.0800000000081,-313408.69999995554
cash_ACC,RSI2,2025-06-30 12:31:00,2025-06-30 12:32:00,1918.9,1919.85945,1920.7,1919.7396500000002,50,LONG,-5.9899999999856846,-313414.68999995553
cash_ACC,RSI2,2025-06-30 12:35:00,2025-06-30 12:38:00,1916.3,1917.25815,1917.6,1916.6412,50,LONG,-30.847499999993033,-313445.5374999555
cash_ACC,RSI2,2025-06-30 13:00:00,2025-06-30 13:04:00,1918.8,1919.7594,1918.7,1917.7406500000002,50,LONG,-100.93749999998636,-313546.4749999555
cash_ACC,RSI2,2025-06-30 13:08:00,2025-06-30 13:18:00,1916.3,1917.25815,1915.3,1914.3423500000001,50,LONG,-145.78999999998814,-313692.2649999555
cash_ACC,RSI2,2025-06-30 13:30:00,2025-06-30 13:32:00,1916.7,1917.65835,1917.6,1916.6412,50,LONG,-50.85749999999507,-313743.12249995547
cash_ACC,RSI2,2025-06-30 13:38:00,2025-06-30 13:40:00,1915.1,1916.0575499999998,1916.7,1915.7416500000002,50,LONG,-15.794999999980064,-313758.91749995545
cash_ACC,RSI2,2025-06-30 13:50:00,2025-06-30 13:54:00,1913.2,1914.1566,1915.7,1914.74215,50,LONG,29.2775000000006,-313729.6399999554
cash_ACC,RSI2,2025-06-30 14:20:00,2025-06-30 14:23:00,1912.5,1913.45625,1914.9,1913.9425500000002,50,LONG,24.315000000012787,-313705.3249999554
cash_ACC,RSI2,2025-06-30 14:37:00,2025-06-30 14:39:00,1912.1,1913.05605,1913.9,1912.94305,50,LONG,-5.649999999991451,-313710.9749999554
cash_ACC,RSI2,2025-06-30 14:58:00,2025-06-30 14:59:00,1915.0,1915.9575,1916.4,1915.4418000000003,50,LONG,-25.784999999984848,-313736.75999995536
cash_ACC,RSI2,2025-07-01 09:35:00,2025-07-01 09:48:00,1927.0,1927.9634999999998,1923.1,1922.13845,50,LONG,-291.25249999999596,-314028.01249995537
cash_ACC,RSI2,2025-07-01 09:53:00,2025-07-01 09:57:00,1921.4,1922.3607,1922.9,1921.9385500000003,50,LONG,-21.107499999982338,-314049.11999995535
cash_ACC,RSI2,2025-07-01 10:14:00,2025-07-01 10:17:00,1920.1,1921.0600499999998,1922.6,1921.6387,50,LONG,28.93250000000762,-314020.18749995535
cash_ACC,RSI2,2025-07-01 10:47:00,2025-07-01 10:51:00,1927.2,1928.1635999999999,1928.4,1927.4358000000002,50,LONG,-36.38999999998305,-314056.5774999553
cash_ACC,RSI2,2025-07-01 10:55:00,2025-07-01 11:07:00,1924.8,1925.7623999999998,1922.5,1921.5387500000002,50,LONG,-211.18249999998397,-314267.7599999553
cash_ACC,RSI2,2025-07-01 11:19:00,2025-07-01 11:21:00,1920.7,1921.6603499999999,1922.7,1921.7386500000002,50,LONG,3.9150000000176988,-314263.84499995527
cash_ACC,RSI2,2025-07-01 11:32:00,2025-07-01 11:33:00,1920.5,1921.4602499999999,1921.1,1920.1394500000001,50,LONG,-66.03999999998678,-314329.88499995525
cash_ACC,RSI2,2025-07-01 11:57:00,2025-07-01 12:06:00,1922.9,1923.8614499999999,1921.9,1920.9390500000002,50,LONG,-146.11999999998488,-314476.00499995524
cash_ACC,RSI2,2025-07-01 12:26:00,2025-07-01 12:29:00,1926.2,1927.1631,1926.9,1925.9365500000001,50,LONG,-61.32749999999305,-314537.33249995526
cash_ACC,RSI2,2025-07-01 12:32:00,2025-07-01 12:36:00,1923.9,1924.86195,1925.1,1924.13745,50,LONG,-36.22500000000173,-314573.55749995523
cash_ACC,RSI2,2025-07-01 13:12:00,2025-07-01 13:26:00,1917.5,1918.4587499999998,1917.0,1916.0415,50,LONG,-120.862499999987,-314694.4199999552
cash_ACC,RSI2,2025-07-01 13:35:00,2025-07-01 13:39:00,1913.0,1913.9565,1913.4,1912.4433000000001,50,LONG,-75.65999999999349,-314770.0799999552
cash_ACC,RSI2,2025-07-01 13:46:00,2025-07-01 13:53:00,1911.3,1912.2556499999998,1910.0,1909.045,50,LONG,-160.53249999998798,-314930.61249995517
cash_ACC,RSI2,2025-07-01 14:42:00,2025-07-01 14:48:00,1918.7,1919.65935,1917.6,1916.6412,50,LONG,-150.9074999999939,-315081.51999995514
cash_ACC,RSI2,2025-07-02 09:28:00,2025-07-02 09:30:00,1925.8,1926.7629,1930.0,1929.035,50,LONG,113.60500000000684,-314967.91499995516
cash_ACC,RSI2,2025-07-02 09:40:00,2025-07-02 09:43:00,1926.8,1927.7633999999998,1930.2,1929.2349000000002,50,LONG,73.57500000001664,-314894.33999995515
cash_ACC,RSI2,2025-07-02 09:59:00,2025-07-02 10:21:00,1926.9,1927.86345,1924.0,1923.038,50,LONG,-241.2725000000023,-315135.61249995517
cash_ACC,RSI2,2025-07-02 10:40:00,2025-07-02 10:43:00,1925.7,1926.66285,1925.9,1924.9370500000002,50,LONG,-86.28999999998541,-315221.90249995515
cash_ACC,RSI2,2025-07-02 10:50:00,2025-07-02 10:55:00,1924.0,1924.962,1927.5,1926.53625,50,LONG,78.712500000006,-315143.1899999551
cash_ACC,RSI2,2025-07-02 11:07:00,2025-07-02 11:19:00,1934.2,1935.1671,1933.0,1932.0335,50,LONG,-156.67999999999438,-315299.8699999551
cash_ACC,RSI2,2025-07-02 11:31:00,2025-07-02 11:35:00,1935.2,1936.1676,1936.3,1935.33185,50,LONG,-41.78749999999809,-315341.6574999551
cash_ACC,RSI2,2025-07-02 12:18:00,2025-07-02 12:21:00,1943.0,1943.9714999999999,1943.6,1942.6282,50,LONG,-67.1649999999886,-315408.8224999551
cash_ACC,RSI2,2025-07-02 12:37:00,2025-07-02 12:55:00,1944.1,1945.0720499999998,1940.4,1939.4298000000001,50,LONG,-282.11249999998245,-315690.93499995506
cash_ACC,RSI2,2025-07-02 13:15:00,2025-07-02 13:23:00,1941.2,1942.1706,1940.5,1939.5297500000001,50,LONG,-132.04249999998865,-315822.97749995504
cash_ACC,RSI2,2025-07-02 13:26:00,2025-07-02 13:32:00,1936.0,1936.9679999999998,1935.0,1934.0325,50,LONG,-146.774999999991,-315969.752499955
cash_ACC,RSI2,2025-07-02 13:42:00,2025-07-02 13:49:00,1935.1,1936.0675499999998,1935.3,1934.3323500000001,50,LONG,-86.75999999998112,-316056.512499955
cash_ACC,RSI2,2025-07-02 14:21:00,2025-07-02 14:30:00,1936.7,1937.66835,1936.6,1935.6317,50,LONG,-101.83250000000044,-316158.34499995504
cash_ACC,RSI2,2025-07-02 14:34:00,2025-07-02 14:39:00,1934.1,1935.0670499999999,1936.0,1935.0320000000002,50,LONG,-1.7524999999864121,-316160.09749995504
cash_ACC,RSI2,2025-07-02 15:16:00,2025-07-02 15:20:00,1939.4,1940.3697,1939.8,1938.8301000000001,50,LONG,-76.97999999999183,-316237.077499955
cash_ACC,RSI2,2025-07-02 15:24:00,2025-07-02 15:28:00,1939.0,1939.9695,1939.8,1938.8301000000001,50,LONG,-56.969999999989795,-316294.047499955
cash_ACC,RSI2,2025-07-03 09:45:00,2025-07-03 09:48:00,1948.9,1949.87445,1954.0,1953.0230000000001,50,LONG,157.4275000000057,-316136.619999955
cash_ACC,RSI2,2025-07-03 10:35:00,2025-07-03 10:45:00,1967.0,1967.9834999999998,1959.7,1958.72015,50,LONG,-463.1674999999859,-316599.787499955
cash_ACC,RSI2,2025-07-03 10:55:00,2025-07-03 11:01:00,1961.9,1962.88095,1962.0,1961.019,50,LONG,-93.09749999999894,-316692.88499995496
cash_ACC,RSI2,2025-07-03 11:12:00,2025-07-03 11:18:00,1955.3,1956.2776499999998,1955.9,1954.9220500000001,50,LONG,-67.77999999998201,-316760.6649999549
cash_ACC,RSI2,2025-07-03 11:48:00,2025-07-03 11:51:00,1954.2,1955.1770999999999,1955.7,1954.72215,50,LONG,-22.747499999991305,-316783.4124999549
cash_ACC,RSI2,2025-07-03 12:12:00,2025-07-03 12:15:00,1953.2,1954.1766,1954.0,1953.0230000000001,50,LONG,-57.67999999999347,-316841.0924999549
cash_ACC,RSI2,2025-07-03 12:19:00,2025-07-03 12:24:00,1950.5,1951.47525,1952.5,1951.52375,50,LONG,2.425000000005184,-316838.6674999549
cash_ACC,RSI2,2025-07-03 13:01:00,2025-07-03 13:03:00,1956.8,1957.7784,1958.9,1957.9205500000003,50,LONG,7.107500000017808,-316831.5599999549
cash_ACC,RSI2,2025-07-03 13:15:00,2025-07-03 13:19:00,1958.6,1959.5792999999999,1960.0,1959.0200000000002,50,LONG,-27.96499999998332,-316859.52499995485
cash_ACC,RSI2,2025-07-03 13:28:00,2025-07-03 13:33:00,1959.4,1960.3797,1960.8,1959.8196,50,LONG,-28.004999999996016,-316887.52999995486
cash_ACC,RSI2,2025-07-03 13:45:00,2025-07-03 13:49:00,1959.2,1960.1796,1960.0,1959.0200000000002,50,LONG,-57.979999999986376,-316945.50999995484
cash_ACC,RSI2,2025-07-03 14:28:00,2025-07-03 14:33:00,1957.2,1958.1786,1958.5,1957.5207500000001,50,LONG,-32.89249999999129,-316978.40249995486
cash_ACC,RSI2,2025-07-03 14:39:00,2025-07-03 14:41:00,1956.0,1956.9779999999998,1958.6,1957.6207,50,LONG,32.13500000000522,-316946.26749995485
cash_ACC,RSI2,2025-07-03 15:05:00,2025-07-03 15:07:00,1955.1,1956.0775499999997,1956.4,1955.4218000000003,50,LONG,-32.78749999997217,-316979.0549999548
cash_ACC,RSI2,2025-07-04 09:16:00,2025-07-04 09:21:00,1953.7,1954.6768499999998,1953.9,1952.92305,50,LONG,-87.68999999998641,-317066.7449999548
cash_ACC,RSI2,2025-07-04 10:06:00,2025-07-04 10:09:00,1962.6,1963.5812999999998,1965.0,1964.0175000000002,50,LONG,21.810000000016316,-317044.9349999548
cash_ACC,RSI2,2025-07-04 10:34:00,2025-07-04 10:36:00,1968.0,1968.984,1970.6,1969.6147,50,LONG,31.53500000000804,-317013.3999999548
cash_ACC,RSI2,2025-07-04 11:13:00,2025-07-04 11:15:00,1984.2,1985.1921,1990.5,1989.50475,50,LONG,215.6325000000038,-316797.7674999548
cash_ACC,RSI2,2025-07-04 11:21:00,2025-07-04 11:30:00,1985.3,1986.2926499999999,1983.6,1982.6082000000001,50,LONG,-184.22249999998712,-316981.98999995476
cash_ACC,RSI2,2025-07-04 11:35:00,2025-07-04 11:50:00,1978.9,1979.88945,1959.2,1958.2204000000002,50,LONG,-1083.4524999999871,-318065.4424999548
cash_ACC,RSI2,2025-07-04 12:24:00,2025-07-04 12:27:00,1956.1,1957.0780499999998,1957.8,1956.8211000000001,50,LONG,-12.847499999986667,-318078.28999995475
cash_ACC,RSI2,2025-07-04 12:52:00,2025-07-04 12:57:00,1957.5,1958.47875,1958.0,1957.0210000000002,50,LONG,-72.88749999999027,-318151.17749995476
cash_ACC,RSI2,2025-07-04 13:48:00,2025-07-04 13:51:00,1963.7,1964.68185,1964.8,1963.8176,50,LONG,-43.212499999992815,-318194.3899999547
cash_ACC,RSI2,2025-07-04 13:55:00,2025-07-04 13:58:00,1963.0,1963.9814999999999,1964.0,1963.018,50,LONG,-48.174999999991996,-318242.5649999547
cash_ACC,RSI2,2025-07-04 14:09:00,2025-07-04 14:14:00,1963.9,1964.88195,1963.5,1962.51825,50,LONG,-118.18499999999403,-318360.7499999547
cash_ACC,RSI2,2025-07-04 14:20:00,2025-07-04 14:25:00,1959.2,1960.1796,1959.5,1958.52025,50,LONG,-82.9674999999952,-318443.7174999547
cash_ACC,RSI2,2025-07-04 15:13:00,2025-07-04 15:22:00,1966.0,1966.983,1963.0,1962.0185000000001,50,LONG,-248.2249999999908,-318691.94249995466
cash_ACC,RSI2,2025-07-04 15:27:00,2025-07-04 15:28:00,1961.1,1962.08055,1962.5,1961.5187500000002,50,LONG,-28.08999999998605,-318720.0324999546
cash_ACC,RSI2,2025-07-07 09:16:00,2025-07-07 09:19:00,1956.4,1957.3781999999999,1958.9,1957.9205500000003,50,LONG,27.117500000019845,-318692.91499995464
cash_ACC,RSI2,2025-07-07 09:26:00,2025-07-07 09:30:00,1958.5,1959.4792499999999,1963.0,1962.0185000000001,50,LONG,126.96250000001328,-318565.9524999546
cash_ACC,RSI2,2025-07-07 09:42:00,2025-07-07 09:53:00,1957.0,1957.9785,1955.7,1954.72215,50,LONG,-162.8174999999942,-318728.7699999546
cash_ACC,RSI2,2025-07-07 10:06:00,2025-07-07 10:08:00,1952.4,1953.3762,1954.4,1953.4228000000003,50,LONG,2.3300000000176624,-318726.4399999546
cash_ACC,RSI2,2025-07-07 10:15:00,2025-07-07 10:18:00,1949.0,1949.9744999999998,1951.3,1950.32435,50,LONG,17.492500000014388,-318708.9474999546
cash_ACC,RSI2,2025-07-07 10:29:00,2025-07-07 10:39:00,1947.8,1948.7739,1946.6,1945.6267,50,LONG,-157.35999999999422,-318866.3074999546
cash_ACC,RSI2,2025-07-07 10:56:00,2025-07-07 10:58:00,1944.6,1945.5722999999998,1945.7,1944.7271500000002,50,LONG,-42.25749999998243,-318908.5649999546
cash_ACC,RSI2,2025-07-07 11:13:00,2025-07-07 11:20:00,1946.3,1947.2731499999998,1945.8,1944.8271,50,LONG,-122.30249999998932,-319030.8674999546
cash_ACC,RSI2,2025-07-07 11:33:00,2025-07-07 11:37:00,1943.0,1943.9714999999999,1943.6,1942.6282,50,LONG,-67.1649999999886,-319098.03249995457
cash_ACC,RSI2,2025-07-07 11:50:00,2025-07-07 11:55:00,1943.5,1944.47175,1945.9,1944.9270500000002,50,LONG,22.765000000015334,-319075.26749995456
cash_ACC,RSI2,2025-07-07 12:02:00,2025-07-07 12:07:00,1945.0,1945.9724999999999,1945.3,1944.32735,50,LONG,-82.25749999999152,-319157.52499995456
cash_ACC,RSI2,2025-07-07 12:39:00,2025-07-07 12:42:00,1955.8,1956.7778999999998,1958.4,1957.4208,50,LONG,32.14500000001408,-319125.37999995454
cash_ACC,RSI2,2025-07-07 12:51:00,2025-07-07 12:52:00,1958.5,1959.4792499999999,1959.9,1958.9200500000002,50,LONG,-27.959999999984575,-319153.3399999545
cash_ACC,RSI2,2025-07-07 13:22:00,2025-07-07 13:24:00,1962.2,1963.1811,1963.7,1962.7181500000002,50,LONG,-23.147499999993215,-319176.4874999545
cash_ACC,RSI2,2025-07-07 13:30:00,2025-07-07 13:32:00,1961.7,1962.68085,1965.0,1964.0175000000002,50,LONG,66.83250000000953,-319109.6549999545
cash_ACC,RSI2,2025-07-07 13:37:00,2025-07-07 13:46:00,1963.2,1964.1816,1962.0,1961.019,50,LONG,-158.1299999999942,-319267.7849999545
cash_ACC,RSI2,2025-07-07 13:53:00,2025-07-07 13:58:00,1962.2,1963.1811,1963.1,1962.11845,50,LONG,-53.1325000000038,-319320.9174999545
cash_ACC,RSI2,2025-07-07 14:11:00,2025-07-07 14:18:00,1962.0,1962.981,1962.0,1961.019,50,LONG,-98.09999999999945,-319419.0174999545
cash_ACC,RSI2,2025-07-07 14:29:00,2025-07-07 14:36:00,1960.2,1961.1801,1961.0,1960.0195,50,LONG,-58.02999999999656,-319477.04749995447
cash_ACC,RSI2,2025-07-07 15:12:00,2025-07-07 15:23:00,1964.4,1965.3822,1964.0,1963.018,50,LONG,-118.20999999999913,-319595.2574999545
cash_ACC,RSI2,2025-07-08 09:33:00,2025-07-08 09:47:00,1964.1,1965.0820499999998,1962.9,1961.91855,50,LONG,-158.1749999999829,-319753.4324999545
cash_ACC,RSI2,2025-07-08 09:56:00,2025-07-08 10:09:00,1961.3,1962.28065,1958.1,1957.12095,50,LONG,-257.9849999999965,-320011.41749995446
cash_ACC,RSI2,2025-07-08 10:31:00,2025-07-08 10:37:00,1954.3,1955.27715,1953.7,1952.7231500000003,50,LONG,-127.69999999998163,-320139.1174999544
cash_ACC,RSI2,2025-07-08 10:47:00,2025-07-08 10:50:00,1950.5,1951.47525,1951.7,1950.7241500000002,50,LONG,-37.554999999986194,-320176.6724999544
cash_ACC,RSI2,2025-07-08 11:01:00,2025-07-08 11:05:00,1951.0,1951.9754999999998,1953.0,1952.0235,50,LONG,2.4000000000114596,-320174.2724999544
cash_ACC,RSI2,2025-07-08 11:10:00,2025-07-08 11:15:00,1949.7,1950.6748499999999,1951.0,1950.0245000000002,50,LONG,-32.5174999999831,-320206.78999995434
cash_ACC,RSI2,2025-07-08 11:21:00,2025-07-08 11:26:00,1949.7,1950.6748499999999,1950.9,1949.9245500000002,50,LONG,-37.514999999984866,-320244.3049999543
cash_ACC,RSI2,2025-07-08 12:10:00,2025-07-08 12:15:00,1960.5,1961.4802499999998,1960.9,1959.9195500000003,50,LONG,-78.03499999997712,-320322.3399999543
cash_ACC,RSI2,2025-07-08 12:19:00,2025-07-08 12:25:00,1960.0,1960.9799999999998,1962.0,1961.019,50,LONG,1.950000000010732,-320320.38999995426
cash_ACC,RSI2,2025-07-08 12:41:00,2025-07-08 12:42:00,1963.3,1964.28165,1965.6,1964.6172,50,LONG,16.7775000000006,-320303.61249995424
cash_ACC,RSI2,2025-07-08 12:50:00,2025-07-08 12:53:00,1964.4,1965.3822,1965.7,1964.7171500000002,50,LONG,-33.25249999999187,-320336.86499995424
cash_ACC,RSI2,2025-07-08 13:26:00,2025-07-08 13:29:00,1971.3,1972.2856499999998,1972.3,1971.31385,50,LONG,-48.58999999999014,-320385.4549999542
cash_ACC,RSI2,2025-07-08 14:12:00,2025-07-08 14:17:00,1975.0,1975.9875,1975.7,1974.71215,50,LONG,-63.76749999999447,-320449.2224999542
cash_ACC,RSI2,2025-07-08 15:03:00,2025-07-08 15:05:00,1976.5,1977.4882499999999,1977.4,1976.4113000000002,50,LONG,-53.847499999983484,-320503.0699999542
cash_ACC,RSI2,2025-07-08 15:14:00,2025-07-08 15:16:00,1980.0,1980.9899999999998,1980.5,1979.5097500000002,50,LONG,-74.01249999998072,-320577.08249995415
cash_ACC,RSI2,2025-07-08 15:26:00,2025-07-08 15:27:00,1980.0,1980.9899999999998,1980.9,1979.9095500000003,50,LONG,-54.02249999997366,-320631.1049999541
cash_ACC,RSI2,2025-07-09 09:15:00,2025-07-09 09:16:00,1978.4,1979.3892,1984.7,1983.70765,50,LONG,215.92249999999922,-320415.1824999541
cash_ACC,RSI2,2025-07-09 09:27:00,2025-07-09 09:30:00,1981.3,1982.29065,1984.5,1983.5077500000002,50,LONG,60.855000000015025,-320354.3274999541
cash_ACC,RSI2,2025-07-09 10:01:00,2025-07-09 10:04:00,1981.3,1982.29065,1982.0,1981.009,50,LONG,-64.08249999999498,-320418.4099999541
cash_ACC,RSI2,2025-07-09 10:31:00,2025-07-09 10:39:00,1993.3,1994.2966499999998,1992.5,1991.50375,50,LONG,-139.64499999998452,-320558.05499995407
cash_ACC,RSI2,2025-07-09 10:58:00,2025-07-09 11:01:00,1991.5,1992.4957499999998,1992.4,1991.4038000000003,50,LONG,-54.59749999997712,-320612.65249995404
cash_ACC,RSI2,2025-07-09 11:12:00,2025-07-09 11:20:00,1991.0,1991.9955,1989.8,1988.8051,50,LONG,-159.5199999999977,-320772.17249995406
cash_ACC,RSI2,2025-07-09 11:55:00,2025-07-09 12:04:00,1992.3,1993.29615,1993.6,1992.6032,50,LONG,-34.647499999994125,-320806.8199999541
cash_ACC,RSI2,2025-07-09 12:28:00,2025-07-09 12:35:00,1991.0,1991.9955,1990.6,1989.6047,50,LONG,-119.53999999999496,-320926.35999995406
cash_ACC,RSI2,2025-07-09 12:45:00,2025-07-09 12:47:00,1990.4,1991.3952,1991.0,1990.0045,50,LONG,-69.53499999999622,-320995.89499995403
cash_ACC,RSI2,2025-07-09 13:01:00,2025-07-09 13:03:00,1990.2,1991.1951,1991.7,1990.7041500000003,50,LONG,-24.547499999982847,-321020.442499954
cash_ACC,RSI2,2025-07-09 13:22:00,2025-07-09 13:26:00,1988.2,1989.1941,1989.0,1988.0055000000002,50,LONG,-59.429999999986194,-321079.872499954
cash_ACC,RSI2,2025-07-09 13:35:00,2025-07-09 13:41:00,1990.0,1990.995,1990.0,1989.005,50,LONG,-99.49999999998909,-321179.372499954
cash_ACC,RSI2,2025-07-09 13:45:00,2025-07-09 13:48:00,1988.2,1989.1941,1989.7,1988.7051500000002,50,LONG,-24.44749999998521,-321203.819999954
cash_ACC,RSI2,2025-07-09 14:03:00,2025-07-09 14:05:00,1989.4,1990.3947,1990.1,1989.10495,50,LONG,-64.487500000007,-321268.307499954
cash_ACC,RSI2,2025-07-09 14:30:00,2025-07-09 14:37:00,1989.6,1990.5947999999999,1988.0,1987.006,50,LONG,-179.43999999998823,-321447.747499954
cash_ACC,RSI2,2025-07-09 14:53:00,2025-07-09 14:56:00,1984.7,1985.69235,1986.0,1985.007,50,LONG,-34.26749999999856,-321482.01499995403
cash_ACC,RSI2,2025-07-09 15:26:00,2025-07-10 09:15:00,1989.5,1990.4947499999998,1996.6,1995.6017,50,LONG,255.34750000000486,-321226.667499954
cash_ACC,RSI2,2025-07-10 09:53:00,2025-07-10 10:01:00,1995.2,1996.1976,1994.2,1993.2029000000002,50,LONG,-149.73499999998694,-321376.402499954
cash_ACC,RSI2,2025-07-10 10:14:00,2025-07-10 10:15:00,1993.1,1994.0965499999998,1995.1,1994.10245,50,LONG,0.2950000000168984,-321376.10749995394
cash_ACC,RSI2,2025-07-10 10:47:00,2025-07-10 10:58:00,1996.0,1996.9979999999998,1992.9,1991.9035500000002,50,LONG,-254.72249999997985,-321630.8299999539
cash_ACC,RSI2,2025-07-10 11:02:00,2025-07-10 11:06:00,1991.2,1992.1956,1992.2,1991.2039000000002,50,LONG,-49.58499999999049,-321680.4149999539
cash_ACC,RSI2,2025-07-10 11:09:00,2025-07-10 11:12:00,1988.0,1988.994,1989.8,1988.8051,50,LONG,-9.444999999993797,-321689.8599999539
cash_ACC,RSI2,2025-07-10 11:21:00,2025-07-10 11:26:00,1992.4,1993.3962,1993.4,1992.4033000000002,50,LONG,-49.644999999986794,-321739.50499995385
cash_ACC,RSI2,2025-07-10 11:35:00,2025-07-10 11:38:00,1992.5,1993.49625,1996.1,1995.10195,50,LONG,80.28500000000349,-321659.2199999539
cash_ACC,RSI2,2025-07-10 11:59:00,2025-07-10 12:04:00,1993.7,1994.69685,1992.6,1991.6037000000001,50,LONG,-154.65749999999616,-321813.87749995384
cash_ACC,RSI2,2025-07-10 12:17:00,2025-07-10 12:20:00,1991.3,1992.2956499999998,1992.2,1991.2039000000002,50,LONG,-54.58749999997963,-321868.4649999538
cash_ACC,RSI2,2025-07-10 12:37:00,2025-07-10 12:50:00,1992.8,1993.7964,1991.8,1990.8041,50,LONG,-149.61499999999432,-322018.0799999538
cash_ACC,RSI2,2025-07-10 13:45:00,2025-07-10 13:49:00,1997.0,1997.9985,1997.5,1996.50125,50,LONG,-74.86249999999472,-322092.9424999538
cash_ACC,RSI2,2025-07-10 13:56:00,2025-07-10 14:00:00,1996.5,1997.4982499999999,1996.9,1995.9015500000003,50,LONG,-79.83499999998003,-322172.77749995375
cash_ACC,RSI2,2025-07-10 14:34:00,2025-07-10 14:37:00,2004.0,2005.002,2004.6,2003.5977,50,LONG,-70.21499999999605,-322242.9924999537
cash_ACC,RSI2,2025-07-10 14:41:00,2025-07-10 14:43:00,2002.6,2003.6012999999998,2004.3,2003.2978500000002,50,LONG,-15.172499999982847,-322258.1649999537
cash_ACC,RSI2,2025-07-10 14:52:00,2025-07-10 14:58:00,2002.1,2003.1010499999998,2002.9,2001.8985500000001,50,LONG,-60.124999999982265,-322318.2899999537
cash_ACC,RSI2,2025-07-10 15:00:00,2025-07-10 15:05:00,2001.2,2002.2006,2003.8,2002.7981,50,LONG,29.875000000004093,-322288.4149999537
cash_ACC,RSI2,2025-07-10 15:17:00,2025-07-10 15:20:00,2000.9,2001.90045,2001.3,2000.29935,50,LONG,-80.05500000000438,-322368.4699999537
cash_ACC,RSI2,2025-07-10 15:23:00,2025-07-10 15:25:00,1999.6,2000.5997999999997,2001.6,2000.5992,50,LONG,-0.0299999999811007,-322368.49999995367
cash_ACC,RSI2,2025-07-11 09:15:00,2025-07-11 09:18:00,1999.6,2000.5997999999997,2002.0,2000.999,50,LONG,19.96000000001459,-322348.53999995365
cash_ACC,RSI2,2025-07-11 10:02:00,2025-07-11 10:07:00,2020.6,2021.6102999999998,2019.3,2018.29035,50,LONG,-165.99749999999176,-322514.53749995364
cash_ACC,RSI2,2025-07-11 10:13:00,2025-07-11 10:25:00,2017.5,2018.50875,2017.5,2016.49125,50,LONG,-100.87499999999636,-322615.41249995364
cash_ACC,RSI2,2025-07-11 10:32:00,2025-07-11 10:38:00,2009.9,2010.9049499999999,2006.3,2005.2968500000002,50,LONG,-280.40499999998474,-322895.8174999536
cash_ACC,RSI2,2025-07-11 10:45:00,2025-07-11 10:51:00,2005.7,2006.70285,2003.8,2002.7981,50,LONG,-195.2374999999961,-323091.0549999536
cash_ACC,RSI2,2025-07-11 10:58:00,2025-07-11 11:05:00,2002.4,2003.4012,1999.6,1998.6002,50,LONG,-240.04999999999654,-323331.1049999536
cash_ACC,RSI2,2025-07-11 11:26:00,2025-07-11 11:34:00,1999.1,2000.09955,2000.8,1999.7996,50,LONG,-14.99749999999267,-323346.1024999536
cash_ACC,RSI2,2025-07-11 11:41:00,2025-07-11 11:43:00,2000.2,2001.2001,2001.1,2000.09945,50,LONG,-55.03250000000435,-323401.1349999536
cash_ACC,RSI2,2025-07-11 11:56:00,2025-07-11 12:06:00,1997.1,1998.0985499999997,1996.9,1995.9015500000003,50,LONG,-109.84999999997171,-323510.9849999536
cash_ACC,RSI2,2025-07-11 12:11:00,2025-07-11 12:14:00,1988.8,1989.7943999999998,1990.2,1989.2049000000002,50,LONG,-29.474999999979445,-323540.4599999536
cash_ACC,RSI2,2025-07-11 12:41:00,2025-07-11 13:01:00,1997.5,1998.49875,1993.4,1992.4033000000002,50,LONG,-304.77249999999003,-323845.23249995353
cash_ACC,RSI2,2025-07-11 13:05:00,2025-07-11 13:17:00,1992.6,1993.5962999999997,1990.5,1989.50475,50,LONG,-204.57749999998214,-324049.8099999535
cash_ACC,RSI2,2025-07-11 13:30:00,2025-07-11 13:34:00,1989.2,1990.1946,1989.8,1988.8051,50,LONG,-69.47499999999991,-324119.28499995347
cash_ACC,RSI2,2025-07-11 14:16:00,2025-07-11 14:23:00,1990.4,1991.3952,1991.4,1990.4043000000001,50,LONG,-49.54499999998916,-324168.82999995345
cash_ACC,RSI2,2025-07-11 14:33:00,2025-07-11 14:35:00,1991.0,1991.9955,1992.8,1991.8036,50,LONG,-9.595000000001619,-324178.4249999535
cash_ACC,RSI2,2025-07-11 14:40:00,2025-07-11 14:49:00,1989.8,1990.7948999999999,1987.3,1986.30635,50,LONG,-224.42749999999023,-324402.8524999535
cash_ACC,RSI2,2025-07-11 15:02:00,2025-07-14 09:18:00,1986.9,1987.89345,1977.0,1976.0115,50,LONG,-594.097499999998,-324996.94999995345
cash_ACC,RSI2,2025-07-14 09:25:00,2025-07-14 09:30:00,1968.3,1969.28415,1970.1,1969.11495,50,LONG,-8.46000000000231,-325005.40999995347
cash_ACC,RSI2,2025-07-14 09:33:00,2025-07-14 09:36:00,1965.7,1966.68285,1968.2,1967.2159000000001,50,LONG,26.652500000011514,-324978.75749995344
cash_ACC,RSI2,2025-07-14 09:50:00,2025-07-14 09:52:00,1979.6,1980.5897999999997,1982.0,1981.009,50,LONG,20.96000000001368,-324957.7974999534
cash_ACC,RSI2,2025-07-14 10:04:00,2025-07-14 10:12:00,1984.2,1985.1921,1985.9,1984.9070500000003,50,LONG,-14.252499999986412,-324972.0499999534
cash_ACC,RSI2,2025-07-14 10:16:00,2025-07-14 10:19:00,1980.0,1980.9899999999998,1983.4,1982.4083000000003,50,LONG,70.91500000002497,-324901.1349999534
cash_ACC,RSI2,2025-07-14 10:25:00,2025-07-14 10:27:00,1981.8,1982.7908999999997,1982.5,1981.5087500000002,50,LONG,-64.10749999997734,-324965.24249995337
cash_ACC,RSI2,2025-07-14 10:36:00,2025-07-14 10:41:00,1980.1,1981.0900499999998,1980.9,1979.9095500000003,50,LONG,-59.02499999997417,-325024.26749995333
cash_ACC,RSI2,2025-07-14 10:46:00,2025-07-14 10:49:00,1979.3,1980.28965,1980.4,1979.4098000000001,50,LONG,-43.99249999999029,-325068.2599999533
cash_ACC,RSI2,2025-07-14 10:53:00,2025-07-14 10:56:00,1977.9,1978.88895,1979.0,1978.0105,50,LONG,-43.92249999999649,-325112.1824999533
cash_ACC,RSI2,2025-07-14 10:59:00,2025-07-14 11:03:00,1977.6,1978.5887999999998,1978.2,1977.2109000000003,50,LONG,-68.89499999997497,-325181.0774999533
cash_ACC,RSI2,2025-07-14 11:06:00,2025-07-14 11:15:00,1974.0,1974.9869999999999,1971.6,1970.6142,50,LONG,-218.6399999999935,-325399.7174999533
cash_ACC,RSI2,2025-07-14 11:23:00,2025-07-14 11:27:00,1968.6,1969.5842999999998,1969.5,1968.5152500000002,50,LONG,-53.45249999998032,-325453.16999995324
cash_ACC,RSI2,2025-07-14 11:35:00,2025-07-14 11:41:00,1965.4,1966.3826999999999,1966.6,1965.6167,50,LONG,-38.29999999999245,-325491.46999995323
cash_ACC,RSI2,2025-07-14 12:15:00,2025-07-14 12:17:00,1969.1,1970.0845499999998,1970.2,1969.2149000000002,50,LONG,-43.48249999998188,-325534.9524999532
cash_ACC,RSI2,2025-07-14 12:32:00,2025-07-14 12:33:00,1973.0,1973.9865,1974.8,1973.8126,50,LONG,-8.695000000000164,-325543.6474999532
cash_ACC,RSI2,2025-07-14 12:44:00,2025-07-14 12:50:00,1974.0,1974.9869999999999,1974.7,1973.7126500000002,50,LONG,-63.717499999984284,-325607.3649999532
cash_ACC,RSI2,2025-07-14 12:57:00,2025-07-14 13:03:00,1973.9,1974.88695,1974.8,1973.8126,50,LONG,-53.71750000000475,-325661.0824999532
cash_ACC,RSI2,2025-07-14 13:36:00,2025-07-14 13:44:00,1973.6,1974.5867999999998,1974.0,1973.0130000000001,50,LONG,-78.68999999998323,-325739.7724999532
cash_ACC,RSI2,2025-07-14 13:54:00,2025-07-14 13:56:00,1973.1,1974.0865499999998,1973.9,1972.91305,50,LONG,-58.67499999998245,-325798.4474999532
cash_ACC,RSI2,2025-07-14 13:59:00,2025-07-14 14:07:00,1971.8,1972.7858999999999,1972.0,1971.0140000000001,50,LONG,-88.59499999998661,-325887.0424999532
cash_ACC,RSI2,2025-07-14 14:52:00,2025-07-14 14:54:00,1975.1,1976.0875499999997,1977.5,1976.51125,50,LONG,21.185000000014043,-325865.8574999532
cash_ACC,RSI2,2025-07-14 15:05:00,2025-07-14 15:10:00,1977.9,1978.88895,1978.5,1977.5107500000001,50,LONG,-68.90999999999394,-325934.76749995316
cash_ACC,RSI2,2025-07-14 15:13:00,2025-07-14 15:15:00,1975.2,1976.1876,1977.5,1976.51125,50,LONG,16.182500000002165,-325918.58499995316
cash_ACC,RSI2,2025-07-14 15:28:00,2025-07-15 09:15:00,1976.9,1977.88845,1984.0,1983.008,50,LONG,255.97750000000588,-325662.6074999532
cash_ACC,RSI2,2025-07-15 09:41:00,2025-07-15 09:47:00,1987.0,1987.9934999999998,1988.5,1987.50575,50,LONG,-24.387499999988904,-325686.9949999532
cash_ACC,RSI2,2025-07-15 09:57:00,2025-07-15 10:00:00,1984.8,1985.7923999999998,1984.8,1983.8076,50,LONG,-99.23999999998614,-325786.2349999532
cash_ACC,RSI2,2025-07-15 10:10:00,2025-07-15 10:13:00,1984.3,1985.2921499999998,1985.5,1984.50725,50,LONG,-39.24499999998261,-325825.4799999532
cash_ACC,RSI2,2025-07-15 11:09:00,2025-07-15 11:36:00,1996.1,1997.0980499999998,1988.0,1987.006,50,LONG,-504.60249999998723,-326330.08249995316
cash_ACC,RSI2,2025-07-15 11:46:00,2025-07-15 11:51:00,1987.2,1988.1935999999998,1988.6,1987.6057,50,LONG,-29.39499999998816,-326359.4774999531
cash_ACC,RSI2,2025-07-15 12:03:00,2025-07-15 12:05:00,1986.8,1987.7933999999998,1989.1,1988.10545,50,LONG,15.602500000011332,-326343.8749999531
cash_ACC,RSI2,2025-07-15 12:35:00,2025-07-15 12:44:00,1986.1,1987.0930499999997,1983.9,1982.9080500000002,50,LONG,-209.24999999997453,-326553.1249999531
cash_ACC,RSI2,2025-07-15 12:52:00,2025-07-15 12:57:00,1981.2,1982.1906,1982.9,1981.90855,50,LONG,-14.10249999998996,-326567.22749995306
cash_ACC,RSI2,2025-07-15 13:07:00,2025-07-15 13:15:00,1980.7,1981.6903499999999,1981.2,1980.2094000000002,50,LONG,-74.0474999999833,-326641.27499995305
cash_ACC,RSI2,2025-07-15 13:23:00,2025-07-15 13:31:00,1975.8,1976.7878999999998,1974.6,1973.6127,50,LONG,-158.75999999999522,-326800.03499995306
cash_ACC,RSI2,2025-07-15 14:07:00,2025-07-15 14:10:00,1976.5,1977.4882499999999,1977.8,1976.8111000000001,50,LONG,-33.857499999987795,-326833.89249995304
cash_ACC,RSI2,2025-07-15 14:38:00,2025-07-15 14:43:00,1978.5,1979.4892499999999,1978.8,1977.8106,50,LONG,-83.9324999999917,-326917.82499995304
cash_ACC,RSI2,2025-07-15 14:53:00,2025-07-15 14:58:00,1979.1,1980.0895499999997,1979.4,1978.4103000000002,50,LONG,-83.9624999999728,-327001.787499953
cash_ACC,RSI2,2025-07-15 15:03:00,2025-07-15 15:04:00,1979.1,1980.0895499999997,1980.0,1979.0100000000002,50,LONG,-53.97749999997359,-327055.764999953
cash_ACC,RSI2,2025-07-16 09:15:00,2025-07-16 09:16:00,1976.2,1977.1880999999998,1983.8,1982.8081,50,LONG,281.0000000000059,-326774.764999953
cash_ACC,RSI2,2025-07-16 09:24:00,2025-07-16 09:26:00,1978.2,1979.1890999999998,1980.1,1979.10995,50,LONG,-3.9574999999899774,-326778.722499953
cash_ACC,RSI2,2025-07-16 09:32:00,2025-07-16 09:36:00,1971.4,1972.3857,1976.7,1975.7116500000002,50,LONG,166.2975000000074,-326612.424999953
cash_ACC,RSI2,2025-07-16 09:56:00,2025-07-16 10:01:00,1976.5,1977.4882499999999,1978.3,1977.31085,50,LONG,-8.869999999990341,-326621.294999953
cash_ACC,RSI2,2025-07-16 10:07:00,2025-07-16 10:09:00,1975.4,1976.3877,1976.5,1975.5117500000001,50,LONG,-43.79749999999376,-326665.092499953
cash_ACC,RSI2,2025-07-16 10:34:00,2025-07-16 10:47:00,1977.0,1977.9885,1973.5,1972.5132500000002,50,LONG,-273.76249999998663,-326938.854999953
cash_ACC,RSI2,2025-07-16 11:12:00,2025-07-16 11:18:00,1971.1,1972.0855499999998,1971.7,1970.7141500000002,50,LONG,-68.56999999997697,-327007.42499995296
cash_ACC,RSI2,2025-07-16 11:37:00,2025-07-16 11:41:00,1972.2,1973.1861,1974.2,1973.2129000000002,50,LONG,1.3400000000160617,-327006.08499995293
cash_ACC,RSI2,2025-07-16 12:20:00,2025-07-16 12:27:00,1985.0,1985.9924999999998,1985.9,1984.9070500000003,50,LONG,-54.27249999997912,-327060.3574999529
cash_ACC,RSI2,2025-07-16 12:32:00,2025-07-16 12:34:00,1984.5,1985.4922499999998,1985.5,1984.50725,50,LONG,-49.24999999998363,-327109.6074999529
cash_ACC,RSI2,2025-07-16 13:02:00,2025-07-16 13:07:00,1987.0,1987.9934999999998,1988.0,1987.006,50,LONG,-49.37499999998636,-327158.9824999529
cash_ACC,RSI2,2025-07-16 13:33:00,2025-07-16 13:36:00,1989.9,1990.8949499999999,1991.4,1990.4043000000001,50,LONG,-24.532499999986612,-327183.51499995287
cash_ACC,RSI2,2025-07-16 13:50:00,2025-07-16 14:07:00,1991.5,1992.4957499999998,1989.0,1988.0055000000002,50,LONG,-224.51249999998026,-327408.0274999528
cash_ACC,RSI2,2025-07-16 14:20:00,2025-07-16 14:26:00,1991.0,1991.9955,1990.2,1989.2049000000002,50,LONG,-139.52999999999065,-327547.5574999528
cash_ACC,RSI2,2025-07-16 14:39:00,2025-07-16 14:43:00,1989.0,1989.9944999999998,1990.7,1989.7046500000001,50,LONG,-14.49249999998301,-327562.0499999528
cash_ACC,RSI2,2025-07-16 15:04:00,2025-07-16 15:08:00,1991.1,1992.0955499999998,1991.9,1990.90405,50,LONG,-59.5749999999839,-327621.6249999528
cash_ACC,RSI2,2025-07-16 15:15:00,2025-07-17 09:17:00,1993.0,1993.9965,1989.0,1988.0055000000002,50,LONG,-299.5499999999879,-327921.1749999528
cash_ACC,RSI2,2025-07-17 09:28:00,2025-07-17 09:36:00,1978.5,1979.4892499999999,1979.9,1978.9100500000002,50,LONG,-28.959999999983665,-327950.13499995274
cash_ACC,RSI2,2025-07-17 10:45:00,2025-07-17 10:47:00,1977.5,1978.48875,1979.0,1978.0105,50,LONG,-23.912499999994452,-327974.0474999527
cash_ACC,RSI2,2025-07-17 11:16:00,2025-07-17 11:21:00,1979.8,1980.7898999999998,1978.6,1977.6107,50,LONG,-158.9599999999905,-328133.0074999527
cash_ACC,RSI2,2025-07-17 11:45:00,2025-07-17 11:54:00,1980.0,1980.9899999999998,1980.5,1979.5097500000002,50,LONG,-74.01249999998072,-328207.01999995264
cash_ACC,RSI2,2025-07-17 12:07:00,2025-07-17 12:10:00,1979.1,1980.0895499999997,1980.0,1979.0100000000002,50,LONG,-53.97749999997359,-328260.9974999526
cash_ACC,RSI2,2025-07-17 12:18:00,2025-07-17 12:26:00,1977.4,1978.3887,1975.8,1974.8121,50,LONG,-178.82999999999356,-328439.82749995263
cash_ACC,RSI2,2025-07-17 13:05:00,2025-07-17 13:20:00,1980.0,1980.9899999999998,1979.5,1978.51025,50,LONG,-123.987499999987,-328563.8149999526
cash_ACC,RSI2,2025-07-17 13:44:00,2025-07-17 13:49:00,1979.4,1980.3897,1979.9,1978.9100500000002,50,LONG,-73.98249999998825,-328637.7974999526
cash_ACC,RSI2,2025-07-17 13:55:00,2025-07-17 13:56:00,1979.3,1980.28965,1980.2,1979.2099,50,LONG,-53.987499999993815,-328691.7849999526
cash_ACC,RSI2,2025-07-17 14:02:00,2025-07-17 14:11:00,1979.2,1980.1896,1980.0,1979.0100000000002,50,LONG,-58.979999999985466,-328750.7649999526
cash_ACC,RSI2,2025-07-17 14:20:00,2025-07-17 14:21:00,1979.7,1980.68985,1979.9,1978.9100500000002,50,LONG,-88.98999999998978,-328839.75499995257
cash_ACC,RSI2,2025-07-17 14:26:00,2025-07-17 14:32:00,1979.8,1980.7898999999998,1979.0,1978.0105,50,LONG,-138.96999999998343,-328978.72499995254
cash_ACC,RSI2,2025-07-17 14:47:00,2025-07-17 14:51:00,1978.4,1979.3892,1979.0,1978.0105,50,LONG,-68.93499999999904,-329047.65999995254
cash_ACC,RSI2,2025-07-17 15:25:00,2025-07-18 09:15:00,1977.4,1978.3887,1982.2,1981.2089,50,LONG,141.01000000000568,-328906.6499999525
cash_ACC,RSI2,2025-07-18 09:29:00,2025-07-18 09:41:00,1982.6,1983.5912999999998,1982.7,1981.7086500000003,50,LONG,-94.13249999997788,-329000.7824999525
cash_ACC,RSI2,2025-07-18 09:49:00,2025-07-18 09:59:00,1978.8,1979.7894,1977.3,1976.3113500000002,50,LONG,-173.9024999999856,-329174.68499995244
cash_ACC,RSI2,2025-07-18 10:06:00,2025-07-18 10:23:00,1976.2,1977.1880999999998,1965.0,1964.0175000000002,50,LONG,-658.5299999999847,-329833.2149999524
cash_ACC,RSI2,2025-07-18 11:00:00,2025-07-18 11:02:00,1965.5,1966.48275,1967.3,1966.31635,50,LONG,-8.319999999991978,-329841.5349999524
cash_ACC,RSI2,2025-07-18 11:20:00,2025-07-18 11:22:00,1971.2,1972.1856,1972.3,1971.31385,50,LONG,-43.587500000001,-329885.12249995244
cash_ACC,RSI2,2025-07-18 11:26:00,2025-07-18 11:29:00,1971.2,1972.1856,1971.9,1970.91405,50,LONG,-63.57749999999669,-329948.69999995246
cash_ACC,RSI2,2025-07-18 11:34:00,2025-07-18 11:48:00,1969.7,1970.6848499999999,1966.1,1965.11695,50,LONG,-278.39499999998907,-330227.0949999524
cash_ACC,RSI2,2025-07-18 12:07:00,2025-07-18 12:09:00,1964.0,1964.982,1965.5,1964.51725,50,LONG,-23.23749999999336,-330250.3324999524
cash_ACC,RSI2,2025-07-18 12:21:00,2025-07-18 12:31:00,1964.0,1964.982,1963.8,1962.8181,50,LONG,-108.19500000000062,-330358.5274999524
cash_ACC,RSI2,2025-07-18 12:52:00,2025-07-18 12:57:00,1970.4,1971.3852,1970.4,1969.4148000000002,50,LONG,-98.51999999998498,-330457.0474999524
cash_ACC,RSI2,2025-07-18 13:08:00,2025-07-18 13:10:00,1970.0,1970.985,1971.3,1970.31435,50,LONG,-33.532499999989795,-330490.57999995234
cash_ACC,RSI2,2025-07-18 13:17:00,2025-07-18 13:22:00,1965.5,1966.48275,1967.8,1966.8161,50,LONG,16.667500000005475,-330473.91249995236
cash_ACC,RSI2,2025-07-18 13:30:00,2025-07-18 13:33:00,1969.5,1970.4847499999998,1970.0,1969.015,50,LONG,-73.48749999998745,-330547.39999995235
cash_ACC,RSI2,2025-07-18 13:55:00,2025-07-18 13:57:00,1971.6,1972.5857999999998,1972.9,1971.9135500000002,50,LONG,-33.61249999998108,-330581.01249995234
cash_ACC,RSI2,2025-07-18 14:07:00,2025-07-18 14:09:00,1972.2,1973.1861,1972.8,1971.8136,50,LONG,-68.62499999999727,-330649.63749995234
cash_ACC,RSI2,2025-07-18 14:19:00,2025-07-18 14:23:00,1970.7,1971.68535,1971.0,1970.0145,50,LONG,-83.54249999999865,-330733.1799999523
cash_ACC,RSI2,2025-07-18 14:51:00,2025-07-18 15:02:00,1970.0,1970.985,1969.8,1968.8151,50,LONG,-108.49499999999352,-330841.6749999523
cash_ACC,RSI2,2025-07-18 15:19:00,2025-07-18 15:22:00,1968.6,1969.5842999999998,1969.9,1968.9150500000003,50,LONG,-33.46249999997326,-330875.1374999523
cash_ACC,RSI2,2025-07-21 09:24:00,2025-07-21 09:31:00,1976.6,1977.5883,1977.1,1976.11145,50,LONG,-73.84249999998929,-330948.97999995225
cash_ACC,RSI2,2025-07-21 09:41:00,2025-07-21 09:45:00,1973.0,1973.9865,1978.0,1977.0110000000002,50,LONG,151.22500000001082,-330797.7549999522
cash_ACC,RSI2,2025-07-21 09:53:00,2025-07-21 10:01:00,1977.7,1978.68885,1976.0,1975.0120000000002,50,LONG,-183.84249999999156,-330981.5974999522
cash_ACC,RSI2,2025-07-21 10:15:00,2025-07-21 10:19:00,1973.0,1973.9865,1974.2,1973.2129000000002,50,LONG,-38.67999999998801,-331020.2774999522
cash_ACC,RSI2,2025-07-21 10:23:00,2025-07-21 10:27:00,1970.8,1971.7853999999998,1973.5,1972.5132500000002,50,LONG,36.39250000002221,-330983.88499995216
cash_ACC,RSI2,2025-07-21 10:30:00,2025-07-21 10:46:00,1967.9,1968.88395,1968.0,1967.016,50,LONG,-93.39749999999185,-331077.2824999521
cash_ACC,RSI2,2025-07-21 10:51:00,2025-07-21 10:56:00,1964.1,1965.0820499999998,1965.5,1964.51725,50,LONG,-28.2399999999825,-331105.5224999521
cash_ACC,RSI2,2025-07-21 11:11:00,2025-07-21 11:17:00,1964.7,1965.68235,1965.8,1964.8171,50,LONG,-43.262500000003,-331148.7849999521
cash_ACC,RSI2,2025-07-21 11:31:00,2025-07-21 11:33:00,1964.4,1965.3822,1965.2,1964.2174000000002,50,LONG,-58.23999999998932,-331207.0249999521
cash_ACC,RSI2,2025-07-21 12:30:00,2025-07-21 12:34:00,1965.5,1966.48275,1966.1,1965.11695,50,LONG,-68.28999999999041,-331275.3149999521
cash_ACC,RSI2,2025-07-21 13:13:00,2025-07-21 13:14:00,1974.0,1974.9869999999999,1975.2,1974.2124000000001,50,LONG,-38.72999999998683,-331314.0449999521
cash_ACC,RSI2,2025-07-21 13:51:00,2025-07-21 13:56:00,1973.7,1974.68685,1975.0,1974.0125,50,LONG,-33.7175000000002,-331347.7624999521
cash_ACC,RSI2,2025-07-21 14:12:00,2025-07-21 14:20:00,1980.0,1980.9899999999998,1979.2,1978.2104000000002,50,LONG,-138.97999999998092,-331486.7424999521
cash_ACC,RSI2,2025-07-21 14:24:00,2025-07-21 14:28:00,1978.1,1979.0890499999998,1978.8,1977.8106,50,LONG,-63.92249999998967,-331550.6649999521
cash_ACC,RSI2,2025-07-21 15:02:00,2025-07-21 15:07:00,1978.0,1978.9889999999998,1977.1,1976.11145,50,LONG,-143.87749999998505,-331694.5424999521
cash_ACC,RSI2,2025-07-21 15:28:00,2025-07-21 15:29:00,1977.9,1978.88895,1979.9,1978.9100500000002,50,LONG,1.0550000000080217,-331693.4874999521
cash_ACC,RSI2,2025-07-22 09:31:00,2025-07-22 09:32:00,1983.1,1984.0915499999999,1987.5,1986.5062500000001,50,LONG,120.73500000001332,-331572.7524999521
cash_ACC,RSI2,2025-07-22 09:39:00,2025-07-22 09:47:00,1982.4,1983.3912,1981.3,1980.30935,50,LONG,-154.09250000000156,-331726.8449999521
cash_ACC,RSI2,2025-07-22 09:51:00,2025-07-22 10:02:00,1978.3,1979.2891499999998,1972.0,1971.0140000000001,50,LONG,-413.7574999999856,-332140.60249995213
cash_ACC,RSI2,2025-07-22 10:27:00,2025-07-22 10:33:00,1972.3,1973.28615,1973.9,1972.91305,50,LONG,-18.65499999998974,-332159.2574999521
cash_ACC,RSI2,2025-07-22 10:57:00,2025-07-22 11:11:00,1978.5,1979.4892499999999,1978.0,1977.0110000000002,50,LONG,-123.91249999998308,-332283.1699999521
cash_ACC,RSI2,2025-07-22 11:19:00,2025-07-22 11:23:00,1970.4,1971.3852,1973.6,1972.6132,50,LONG,61.400000000003274,-332221.76999995206
cash_ACC,RSI2,2025-07-22 11:30:00,2025-07-22 11:32:00,1971.1,1972.0855499999998,1972.4,1971.4138000000003,50,LONG,-33.58749999997599,-332255.357499952
cash_ACC,RSI2,2025-07-22 11:42:00,2025-07-22 11:48:00,1971.6,1972.5857999999998,1972.9,1971.9135500000002,50,LONG,-33.61249999998108,-332288.969999952
cash_ACC,RSI2,2025-07-22 12:35:00,2025-07-22 12:38:00,1974.3,1975.2871499999999,1975.2,1974.2124000000001,50,LONG,-53.73749999998836,-332342.707499952
cash_ACC,RSI2,2025-07-22 12:53:00,2025-07-22 13:00:00,1972.5,1973.48625,1972.2,1971.2139000000002,50,LONG,-113.61749999998665,-332456.324999952
cash_ACC,RSI2,2025-07-22 13:25:00,2025-07-22 13:27:00,1970.2,1971.1851,1971.0,1970.0145,50,LONG,-58.52999999999611,-332514.85499995196
cash_ACC,RSI2,2025-07-22 13:28:00,2025-07-22 13:33:00,1967.0,1967.9834999999998,1969.7,1968.7151500000002,50,LONG,36.58250000001999,-332478.27249995194
cash_ACC,RSI2,2025-07-22 13:37:00,2025-07-22 13:45:00,1964.3,1965.2821499999998,1966.0,1965.017,50,LONG,-13.257499999986067,-332491.52999995195
cash_ACC,RSI2,2025-07-22 14:03:00,2025-07-22 14:05:00,1965.0,1965.9824999999998,1966.8,1965.8166,50,LONG,-8.294999999986885,-332499.82499995193
cash_ACC,RSI2,2025-07-22 14:09:00,2025-07-22 14:17:00,1964.4,1965.3822,1965.9,1964.9170500000002,50,LONG,-23.25749999998834,-332523.08249995194
cash_ACC,RSI2,2025-07-22 14:21:00,2025-07-22 14:30:00,1963.5,1964.48175,1961.2,1960.2194000000002,50,LONG,-213.1174999999871,-332736.19999995193
cash_ACC,RSI2,2025-07-22 14:52:00,2025-07-22 15:07:00,1961.8,1962.7808999999997,1959.6,1958.6202,50,LONG,-208.03499999998394,-332944.2349999519
cash_ACC,RSI2,2025-07-22 15:22:00,2025-07-22 15:23:00,1957.6,1958.5787999999998,1959.1,1958.1204500000001,50,LONG,-22.917499999982738,-332967.1524999519
cash_ACC,RSI2,2025-07-22 15:29:00,2025-07-23 09:28:00,1956.1,1957.0780499999998,1946.9,1945.9265500000001,50,LONG,-557.5749999999857,-333524.7274999519
cash_ACC,RSI2,2025-07-23 09:36:00,2025-07-23 09:41:00,1938.9,1939.86945,1936.0,1935.0320000000002,50,LONG,-241.87249999998812,-333766.5999999519
cash_ACC,RSI2,2025-07-23 09:46:00,2025-07-23 09:50:00,1927.6,1928.5638,1931.0,1930.0345000000002,50,LONG,73.53500000001532,-333693.06499995186
cash_ACC,RSI2,2025-07-23 09:57:00,2025-07-23 09:59:00,1925.2,1926.1625999999999,1928.2,1927.2359000000001,50,LONG,53.66500000001224,-333639.3999999518
cash_ACC,RSI2,2025-07-23 10:01:00,2025-07-23 10:08:00,1919.2,1920.1596,1921.0,1920.0395,50,LONG,-6.004999999993288,-333645.40499995183
cash_ACC,RSI2,2025-07-23 10:22:00,2025-07-23 10:28:00,1921.1,1922.0605499999997,1922.6,1921.6387,50,LONG,-21.092499999986103,-333666.4974999518
cash_ACC,RSI2,2025-07-23 10:54:00,2025-07-23 10:55:00,1925.9,1926.86295,1927.4,1926.4363000000003,50,LONG,-21.3324999999827,-333687.82999995176
cash_ACC,RSI2,2025-07-23 11:02:00,2025-07-23 11:11:00,1922.3,1923.2611499999998,1922.2,1921.2389,50,LONG,-101.1124999999879,-333788.94249995175
cash_ACC,RSI2,2025-07-23 11:38:00,2025-07-23 11:44:00,1925.2,1926.1625999999999,1924.7,1923.7376500000003,50,LONG,-121.2474999999813,-333910.18999995175
cash_ACC,RSI2,2025-07-23 12:10:00,2025-07-23 12:11:00,1934.0,1934.9669999999999,1935.7,1934.73215,50,LONG,-11.742499999991196,-333921.93249995174
cash_ACC,RSI2,2025-07-23 12:52:00,2025-07-23 12:53:00,1937.5,1938.46875,1941.8,1940.8291000000002,50,LONG,118.01750000000766,-333803.9149999517
cash_ACC,RSI2,2025-07-23 13:23:00,2025-07-23 13:28:00,1945.3,1946.2726499999999,1944.4,1943.4278000000002,50,LONG,-142.2424999999862,-333946.1574999517
cash_ACC,RSI2,2025-07-23 13:48:00,2025-07-23 13:49:00,1943.7,1944.67185,1945.0,1944.0275000000001,50,LONG,-32.217499999990196,-333978.3749999517
cash_ACC,RSI2,2025-07-23 14:03:00,2025-07-23 14:10:00,1944.7,1945.67235,1945.0,1944.0275000000001,50,LONG,-82.24249999999529,-334060.6174999517
cash_ACC,RSI2,2025-07-23 14:24:00,2025-07-23 14:32:00,1946.2,1947.1731,1944.5,1943.5277500000002,50,LONG,-182.267499999989,-334242.8849999517
cash_ACC,RSI2,2025-07-23 14:51:00,2025-07-23 14:52:00,1949.0,1949.9744999999998,1950.2,1949.2249000000002,50,LONG,-37.47999999998228,-334280.3649999517
cash_ACC,RSI2,2025-07-23 15:01:00,2025-07-23 15:07:00,1949.2,1950.1745999999998,1952.4,1951.4238000000003,50,LONG,62.46000000002141,-334217.90499995166
cash_ACC,RSI2,2025-07-23 15:21:00,2025-07-23 15:23:00,1950.0,1950.975,1951.3,1950.32435,50,LONG,-32.532499999990705,-334250.43749995163
cash_ACC,RSI2,2025-07-23 15:29:00,2025-07-24 09:16:00,1946.4,1947.3732,1953.5,1952.5232500000002,50,LONG,257.5025000000096,-333992.9349999516
cash_ACC,RSI2,2025-07-24 09:50:00,2025-07-24 09:53:00,1949.0,1949.9744999999998,1949.3,1948.32535,50,LONG,-82.4574999999868,-334075.3924999516
cash_ACC,RSI2,2025-07-24 10:01:00,2025-07-24 10:04:00,1947.5,1948.4737499999999,1949.0,1948.0255000000002,50,LONG,-22.412499999984448,-334097.80499995156
cash_ACC,RSI2,2025-07-24 10:11:00,2025-07-24 10:30:00,1947.7,1948.67385,1938.8,1937.8306,50,LONG,-542.1624999999949,-334639.96749995154
cash_ACC,RSI2,2025-07-24 10:50:00,2025-07-24 10:53:00,1937.5,1938.46875,1940.4,1939.4298000000001,50,LONG,48.05250000000569,-334591.91499995155
cash_ACC,RSI2,2025-07-24 11:10:00,2025-07-24 11:16:00,1942.1,1943.0710499999998,1942.3,1941.32885,50,LONG,-87.10999999998421,-334679.02499995154
cash_ACC,RSI2,2025-07-24 11:22:00,2025-07-24 11:27:00,1939.0,1939.9695,1939.5,1938.53025,50,LONG,-71.96249999999509,-334750.98749995156
cash_ACC,RSI2,2025-07-24 11:34:00,2025-07-24 11:40:00,1940.0,1940.9699999999998,1941.1,1940.12945,50,LONG,-42.02749999999469,-334793.0149999515
cash_ACC,RSI2,2025-07-24 12:20:00,2025-07-24 12:22:00,1945.8,1946.7729,1946.8,1945.8266,50,LONG,-47.31499999999187,-334840.32999995153
cash_ACC,RSI2,2025-07-24 12:42:00,2025-07-24 12:52:00,1946.0,1946.973,1950.5,1949.52475,50,LONG,127.58750000000418,-334712.7424999515
cash_ACC,RSI2,2025-07-24 13:16:00,2025-07-24 13:21:00,1947.2,1948.1735999999999,1942.1,1941.12895,50,LONG,-352.232499999991,-335064.9749999515
cash_ACC,RSI2,2025-07-24 13:37:00,2025-07-24 13:44:00,1918.1,1919.0590499999998,1914.0,1913.0430000000001,50,LONG,-300.80249999998614,-335365.7774999515
cash_ACC,RSI2,2025-07-24 13:54:00,2025-07-24 14:03:00,1915.3,1916.2576499999998,1912.4,1911.4438000000002,50,LONG,-240.69249999997737,-335606.4699999515
cash_ACC,RSI2,2025-07-24 14:11:00,2025-07-24 14:36:00,1913.7,1914.6568499999998,1897.6,1896.6512,50,LONG,-900.2824999999916,-336506.75249995146
cash_ACC,RSI2,2025-07-24 14:54:00,2025-07-24 15:06:00,1895.5,1896.4477499999998,1889.4,1888.4553000000003,50,LONG,-399.6224999999754,-336906.37499995145
cash_ACC,RSI2,2025-07-24 15:17:00,2025-07-24 15:18:00,1890.0,1890.945,1892.4,1891.4538000000002,50,LONG,25.440000000014606,-336880.93499995145
cash_ACC,RSI2,2025-07-24 15:24:00,2025-07-24 15:29:00,1888.4,1889.3442,1890.0,1889.055,50,LONG,-14.459999999996853,-336895.3949999515
cash_ACC,RSI2,2025-07-25 09:15:00,2025-07-25 09:16:00,1876.4,1877.3382,1893.7,1892.7531500000002,50,LONG,770.7475000000159,-336124.6474999515
cash_ACC,RSI2,2025-07-25 09:35:00,2025-07-25 09:41:00,1894.7,1895.64735,1893.8,1892.8531,50,LONG,-139.712499999996,-336264.3599999515
cash_ACC,RSI2,2025-07-25 09:43:00,2025-07-25 09:56:00,1888.0,1888.944,1878.0,1877.0610000000001,50,LONG,-594.1499999999905,-336858.50999995146
cash_ACC,RSI2,2025-07-25 10:26:00,2025-07-25 10:32:00,1870.0,1870.935,1869.0,1868.0655000000002,50,LONG,-143.47499999998945,-337001.98499995144
cash_ACC,RSI2,2025-07-25 10:39:00,2025-07-25 10:42:00,1865.1,1866.03255,1866.2,1865.2669,50,LONG,-38.28249999999116,-337040.2674999514
cash_ACC,RSI2,2025-07-25 11:11:00,2025-07-25 11:19:00,1864.4,1865.3322,1865.8,1864.8671000000002,50,LONG,-23.254999999994652,-337063.5224999514
cash_ACC,RSI2,2025-07-25 11:33:00,2025-07-25 11:42:00,1862.6,1863.5312999999999,1862.0,1861.0690000000002,50,LONG,-123.11499999998432,-337186.6374999514
cash_ACC,RSI2,2025-07-25 12:08:00,2025-07-25 12:11:00,1861.0,1861.9305,1861.9,1860.9690500000002,50,LONG,-48.072499999989304,-337234.7099999514
cash_ACC,RSI2,2025-07-25 12:22:00,2025-07-25 12:25:00,1860.0,1860.9299999999998,1861.1,1860.16945,50,LONG,-38.02749999998696,-337272.7374999514
cash_ACC,RSI2,2025-07-25 13:30:00,2025-07-25 13:33:00,1854.8,1855.7273999999998,1857.0,1856.0715,50,LONG,17.20500000001266,-337255.53249995137
cash_ACC,RSI2,2025-07-25 13:48:00,2025-07-25 13:50:00,1856.7,1857.62835,1857.5,1856.5712500000002,50,LONG,-52.854999999988195,-337308.38749995135
cash_ACC,RSI2,2025-07-25 14:05:00,2025-07-25 14:12:00,1857.6,1858.5287999999998,1857.0,1856.0715,50,LONG,-122.86499999999023,-337431.25249995134
cash_ACC,RSI2,2025-07-25 14:27:00,2025-07-25 14:32:00,1853.1,1854.0265499999998,1853.9,1852.9730500000003,50,LONG,-52.674999999976535,-337483.9274999513
cash_ACC,RSI2,2025-07-25 14:46:00,2025-07-25 14:53:00,1851.6,1852.5258,1851.7,1850.7741500000002,50,LONG,-87.58249999998498,-337571.5099999513
cash_ACC,RSI2,2025-07-25 15:15:00,2025-07-25 15:21:00,1848.0,1848.924,1847.2,1846.2764000000002,50,LONG,-132.3799999999892,-337703.8899999513
cash_ACC,RSI2,2025-07-28 09:25:00,2025-07-28 09:31:00,1848.3,1849.2241499999998,1848.2,1847.2759,50,LONG,-97.41249999998445,-337801.30249995127
cash_ACC,RSI2,2025-07-28 09:35:00,2025-07-28 09:49:00,1846.0,1846.923,1842.0,1841.0790000000002,50,LONG,-292.1999999999912,-338093.5024999513
cash_ACC,RSI2,2025-07-28 09:56:00,2025-07-28 10:11:00,1838.1,1839.0190499999999,1833.4,1832.4833,50,LONG,-326.787499999989,-338420.28999995126
cash_ACC,RSI2,2025-07-28 10:31:00,2025-07-28 10:33:00,1834.2,1835.1171,1835.7,1834.7821500000002,50,LONG,-16.747499999985394,-338437.03749995126
cash_ACC,RSI2,2025-07-28 10:38:00,2025-07-28 10:42:00,1834.0,1834.917,1834.4,1833.4828000000002,50,LONG,-71.70999999998457,-338508.7474999512
cash_ACC,RSI2,2025-07-28 11:37:00,2025-07-28 11:43:00,1850.8,1851.7253999999998,1851.2,1850.2744000000002,50,LONG,-72.54999999997835,-338581.2974999512
cash_ACC,RSI2,2025-07-28 12:09:00,2025-07-28 12:14:00,1846.5,1847.4232499999998,1849.0,1848.0755000000001,50,LONG,32.6125000000161,-338548.6849999512
cash_ACC,RSI2,2025-07-28 12:38:00,2025-07-28 12:54:00,1848.4,1849.3242,1840.9,1839.9795500000002,50,LONG,-467.2324999999887,-339015.9174999512
cash_ACC,RSI2,2025-07-28 13:04:00,2025-07-28 13:06:00,1837.2,1838.1186,1843.5,1842.57825,50,LONG,222.98250000000053,-338792.9349999512
cash_ACC,RSI2,2025-07-28 13:13:00,2025-07-28 13:22:00,1840.2,1841.1200999999999,1840.7,1839.7796500000002,50,LONG,-67.02249999998457,-338859.9574999512
cash_ACC,RSI2,2025-07-28 13:27:00,2025-07-28 13:40:00,1839.0,1839.9195,1837.0,1836.0815,50,LONG,-191.89999999999827,-339051.8574999512
cash_ACC,RSI2,2025-07-28 13:46:00,2025-07-28 13:49:00,1835.1,1836.0175499999998,1835.6,1834.6822,50,LONG,-66.76749999999174,-339118.6249999512
cash_ACC,RSI2,2025-07-28 14:00:00,2025-07-28 14:09:00,1832.4,1833.3162,1831.5,1830.58425,50,LONG,-136.5974999999935,-339255.2224999512
cash_ACC,RSI2,2025-07-28 14:21:00,2025-07-28 14:24:00,1830.7,1831.61535,1832.2,1831.2839000000001,50,LONG,-16.572499999995216,-339271.7949999512
cash_ACC,RSI2,2025-07-28 14:34:00,2025-07-28 14:38:00,1830.6,1831.5152999999998,1835.5,1834.5822500000002,50,LONG,153.34750000001804,-339118.4474999512
cash_ACC,RSI2,2025-07-28 14:49:00,2025-07-28 14:51:00,1833.0,1833.9164999999998,1835.0,1834.0825000000002,50,LONG,8.300000000019736,-339110.1474999511
cash_ACC,RSI2,2025-07-28 15:00:00,2025-07-28 15:05:00,1828.3,1829.2141499999998,1832.4,1831.4838000000002,50,LONG,113.48250000002054,-338996.6649999511
cash_ACC,RSI2,2025-07-28 15:13:00,2025-07-28 15:29:00,1828.4,1829.3142,1823.1,1822.18845,50,LONG,-356.28749999999627,-339352.95249995106
cash_ACC,RSI2,2025-07-29 09:48:00,2025-07-29 09:51:00,1836.9,1837.81845,1840.2,1839.2799000000002,50,LONG,73.07250000001204,-339279.87999995105
cash_ACC,RSI2,2025-07-29 10:02:00,2025-07-29 10:18:00,1834.1,1835.0170499999997,1828.0,1827.086,50,LONG,-396.5524999999843,-339676.43249995104
cash_ACC,RSI2,2025-07-29 10:22:00,2025-07-29 10:24:00,1827.1,1828.01355,1828.5,1827.5857500000002,50,LONG,-21.38999999998532,-339697.82249995106
cash_ACC,RSI2,2025-07-29 10:37:00,2025-07-29 10:40:00,1823.4,1824.3117,1826.6,1825.6867,50,LONG,68.75,-339629.07249995106
cash_ACC,RSI2,2025-07-29 11:05:00,2025-07-29 11:14:00,1833.7,1834.6168499999999,1833.1,1832.18345,50,LONG,-121.66999999999462,-339750.74249995104
cash_ACC,RSI2,2025-07-29 11:30:00,2025-07-29 11:42:00,1831.1,1832.0155499999998,1829.7,1828.7851500000002,50,LONG,-161.51999999998452,-339912.262499951
cash_ACC,RSI2,2025-07-29 11:52:00,2025-07-29 12:06:00,1830.6,1831.5152999999998,1830.0,1829.085,50,LONG,-121.51499999998805,-340033.777499951
cash_ACC,RSI2,2025-07-29 12:08:00,2025-07-29 12:12:00,1828.0,1828.914,1829.0,1828.0855000000001,50,LONG,-41.42499999999245,-340075.202499951
cash_ACC,RSI2,2025-07-29 12:44:00,2025-07-29 12:49:00,1826.0,1826.913,1827.0,1826.0865000000001,50,LONG,-41.324999999994816,-340116.527499951
cash_ACC,RSI2,2025-07-29 13:10:00,2025-07-29 13:13:00,1827.3,1828.21365,1827.7,1826.7861500000001,50,LONG,-71.37499999998909,-340187.902499951
cash_ACC,RSI2,2025-07-29 13:22:00,2025-07-29 13:31:00,1827.8,1828.7139,1827.9,1826.9860500000002,50,LONG,-86.3924999999881,-340274.29499995103
cash_ACC,RSI2,2025-07-29 13:39:00,2025-07-29 13:40:00,1827.5,1828.41375,1828.2,1827.2859,50,LONG,-56.39249999999265,-340330.68749995105
cash_ACC,RSI2,2025-07-29 14:07:00,2025-07-29 14:11:00,1825.4,1826.3127,1827.2,1826.2864000000002,50,LONG,-1.3149999999882311,-340332.00249995105
cash_ACC,RSI2,2025-07-29 14:34:00,2025-07-29 14:41:00,1826.3,1827.2131499999998,1825.9,1824.9870500000002,50,LONG,-111.30499999998165,-340443.30749995104
cash_ACC,RSI2,2025-07-29 14:48:00,2025-07-29 14:55:00,1825.1,1826.01255,1825.1,1824.18745,50,LONG,-91.25500000000102,-340534.56249995105
cash_ACC,RSI2,2025-07-30 09:21:00,2025-07-30 09:38:00,1825.8,1826.7128999999998,1818.2,1817.2909000000002,50,LONG,-471.09999999997854,-341005.662499951
cash_ACC,RSI2,2025-07-30 09:53:00,2025-07-30 09:55:00,1815.7,1816.6078499999999,1818.0,1817.0910000000001,50,LONG,24.157500000012533,-340981.504999951
cash_ACC,RSI2,2025-07-30 10:27:00,2025-07-30 10:31:00,1813.4,1814.3067,1812.5,1811.59375,50,LONG,-135.64750000000458,-341117.152499951
cash_ACC,RSI2,2025-07-30 11:21:00,2025-07-30 11:25:00,1825.6,1826.5127999999997,1826.8,1825.8866,50,LONG,-31.30999999998494,-341148.462499951
cash_ACC,RSI2,2025-07-30 11:48:00,2025-07-30 11:52:00,1825.3,1826.21265,1825.8,1824.8871000000001,50,LONG,-66.27749999998969,-341214.739999951
cash_ACC,RSI2,2025-07-30 11:55:00,2025-07-30 12:01:00,1823.2,1824.1116,1821.0,1820.0895,50,LONG,-201.10499999999547,-341415.84499995096
cash_ACC,RSI2,2025-07-30 12:16:00,2025-07-30 12:21:00,1822.8,1823.7114,1824.1,1823.18795,50,LONG,-26.17249999999558,-341442.01749995095
cash_ACC,RSI2,2025-07-30 12:22:00,2025-07-30 12:26:00,1822.7,1823.61135,1825.9,1824.9870500000002,50,LONG,68.78500000001395,-341373.2324999509
cash_ACC,RSI2,2025-07-30 12:38:00,2025-07-30 12:39:00,1824.5,1825.4122499999999,1825.2,1824.2874000000002,50,LONG,-56.24249999998483,-341429.4749999509
cash_ACC,RSI2,2025-07-30 13:06:00,2025-07-30 13:13:00,1824.5,1825.4122499999999,1825.2,1824.2874000000002,50,LONG,-56.24249999998483,-341485.7174999509
cash_ACC,RSI2,2025-07-30 13:16:00,2025-07-30 13:24:00,1824.6,1825.5122999999999,1824.5,1823.5877500000001,50,LONG,-96.22749999998632,-341581.9449999509
cash_ACC,RSI2,2025-07-30 13:28:00,2025-07-30 13:39:00,1821.6,1822.5107999999998,1818.7,1817.7906500000001,50,LONG,-236.00749999998243,-341817.9524999509
cash_ACC,RSI2,2025-07-30 13:48:00,2025-07-30 14:02:00,1818.7,1819.60935,1816.9,1815.9915500000002,50,LONG,-180.88999999998805,-341998.8424999509
cash_ACC,RSI2,2025-07-30 14:17:00,2025-07-30 14:25:00,1816.6,1817.5082999999997,1816.3,1815.39185,50,LONG,-105.82249999998794,-342104.6649999509
cash_ACC,RSI2,2025-07-30 14:36:00,2025-07-30 14:46:00,1818.7,1819.60935,1815.0,1814.0925000000002,50,LONG,-275.84249999998747,-342380.5074999509
cash_ACC,RSI2,2025-07-30 14:59:00,2025-07-30 15:05:00,1813.6,1814.5067999999999,1815.6,1814.6922,50,LONG,9.27000000000362,-342371.23749995086
cash_ACC,RSI2,2025-07-30 15:16:00,2025-07-30 15:21:00,1810.3,1811.2051499999998,1810.0,1809.095,50,LONG,-105.50749999998743,-342476.74499995087
cash_ACC,RSI2,2025-07-31 09:15:00,2025-07-31 09:18:00,1804.7,1805.60235,1807.8,1806.8961000000002,50,LONG,64.68750000001364,-342412.05749995087
cash_ACC,RSI2,2025-07-31 09:35:00,2025-07-31 09:47:00,1808.0,1808.904,1801.0,1800.0995,50,LONG,-440.2249999999981,-342852.28249995084
cash_ACC,RSI2,2025-07-31 10:00:00,2025-07-31 10:06:00,1797.2,1798.0986,1796.0,1795.102,50,LONG,-149.8299999999972,-343002.11249995086
cash_ACC,RSI2,2025-07-31 10:13:00,2025-07-31 10:15:00,1795.9,1796.79795,1797.2,1796.3014,50,LONG,-24.827499999992142,-343026.9399999509
cash_ACC,RSI2,2025-07-31 10:21:00,2025-07-31 10:33:00,1793.2,1794.0965999999999,1791.8,1790.9041,50,LONG,-159.6249999999941,-343186.5649999509
cash_ACC,RSI2,2025-07-31 10:58:00,2025-07-31 11:01:00,1794.3,1795.19715,1798.5,1797.60075,50,LONG,120.18000000000484,-343066.3849999509
cash_ACC,RSI2,2025-07-31 11:10:00,2025-07-31 11:19:00,1795.7,1796.5978499999999,1799.2,1798.3004,50,LONG,85.12750000001006,-342981.2574999509
cash_ACC,RSI2,2025-07-31 11:55:00,2025-07-31 12:02:00,1810.0,1810.905,1809.0,1808.0955000000001,50,LONG,-140.47499999999218,-343121.73249995086
cash_ACC,RSI2,2025-07-31 12:06:00,2025-07-31 12:10:00,1805.3,1806.20265,1810.9,1809.9945500000001,50,LONG,189.59500000000844,-342932.1374999508
cash_ACC,RSI2,2025-07-31 12:31:00,2025-07-31 12:36:00,1821.0,1821.9105,1821.9,1820.9890500000001,50,LONG,-46.07249999999112,-342978.20999995084
cash_ACC,RSI2,2025-07-31 12:47:00,2025-07-31 12:50:00,1822.0,1822.9109999999998,1822.5,1821.5887500000001,50,LONG,-66.11249999998563,-343044.3224999508
cash_ACC,RSI2,2025-07-31 13:17:00,2025-07-31 13:25:00,1823.9,1824.81195,1823.9,1822.9880500000002,50,LONG,-91.19499999999334,-343135.51749995083
cash_ACC,RSI2,2025-07-31 13:48:00,2025-07-31 13:57:00,1823.0,1823.9115,1820.4,1819.4898000000003,50,LONG,-221.0849999999823,-343356.6024999508
cash_ACC,RSI2,2025-07-31 14:03:00,2025-07-31 14:08:00,1818.8,1819.7094,1817.7,1816.7911500000002,50,LONG,-145.9124999999858,-343502.51499995077
cash_ACC,RSI2,2025-07-31 14:16:00,2025-07-31 14:19:00,1814.3,1815.20715,1816.8,1815.8916000000002,50,LONG,34.22250000000986,-343468.29249995074
cash_ACC,RSI2,2025-07-31 14:25:00,2025-07-31 14:38:00,1814.9,1815.80745,1803.6,1802.6982,50,LONG,-655.4624999999987,-344123.75499995076
cash_ACC,RSI2,2025-07-31 14:48:00,2025-07-31 14:50:00,1800.8,1801.7004,1802.5,1801.59875,50,LONG,-5.082499999991796,-344128.8374999508
cash_ACC,RSI2,2025-07-31 14:55:00,2025-07-31 14:59:00,1799.0,1799.8995,1800.1,1799.19995,50,LONG,-34.97750000000224,-344163.81499995076
cash_ACC,RSI2,2025-07-31 15:02:00,2025-07-31 15:14:00,1797.4,1798.2987,1787.9,1787.0060500000002,50,LONG,-564.6324999999933,-344728.44749995077
cash_ACC,RSI2,2025-07-31 15:18:00,2025-07-31 15:19:00,1784.5,1785.3922499999999,1787.2,1786.3064000000002,50,LONG,45.707500000014534,-344682.73999995075
cash_ACC,RSI2,2025-07-31 15:27:00,2025-07-31 15:29:00,1785.2,1786.0926,1791.0,1790.1045000000001,50,LONG,200.5950000000098,-344482.1449999507
cash_ACC,RSI2,2025-08-01 09:23:00,2025-08-01 09:26:00,1801.4,1802.3007,1804.5,1803.5977500000001,50,LONG,64.85250000000633,-344417.29249995074
cash_ACC,RSI2,2025-08-01 09:44:00,2025-08-01 09:50:00,1804.4,1805.3022,1806.6,1805.6967,50,LONG,19.724999999993997,-344397.56749995076
cash_ACC,RSI2,2025-08-01 10:00:00,2025-08-01 10:01:00,1802.5,1803.40125,1807.1,1806.19645,50,LONG,139.76000000000113,-344257.80749995075
cash_ACC,RSI2,2025-08-01 10:18:00,2025-08-01 10:19:00,1805.2,1806.1026,1811.4,1810.4943000000003,50,LONG,219.58500000001777,-344038.22249995073
cash_ACC,RSI2,2025-08-01 10:38:00,2025-08-01 10:41:00,1808.1,1809.0040499999998,1809.0,1808.0955000000001,50,LONG,-45.4274999999825,-344083.6499999507
cash_ACC,RSI2,2025-08-01 10:45:00,2025-08-01 10:48:00,1807.0,1807.9035,1807.9,1806.9960500000002,50,LONG,-45.37249999998494,-344129.0224999507
cash_ACC,RSI2,2025-08-01 11:03:00,2025-08-01 11:04:00,1807.8,1808.7038999999997,1808.5,1807.5957500000002,50,LONG,-55.40749999997843,-344184.4299999507
cash_ACC,RSI2,2025-08-01 11:15:00,2025-08-01 11:21:00,1806.0,1806.9029999999998,1804.7,1803.7976500000002,50,LONG,-155.26749999997946,-344339.69749995065
cash_ACC,RSI2,2025-08-01 11:30:00,2025-08-01 11:44:00,1802.6,1803.5013,1802.0,1801.0990000000002,50,LONG,-120.11499999998705,-344459.81249995064
cash_ACC,RSI2,2025-08-01 11:46:00,2025-08-01 11:48:00,1801.1,1802.0005499999997,1801.9,1800.9990500000001,50,LONG,-50.07499999998117,-344509.8874999506
cash_ACC,RSI2,2025-08-01 12:01:00,2025-08-01 12:03:00,1802.0,1802.9009999999998,1803.6,1802.6982,50,LONG,-10.139999999989868,-344520.0274999506
cash_ACC,RSI2,2025-08-01 12:08:00,2025-08-01 12:09:00,1799.5,1800.3997499999998,1802.9,1801.9985500000003,50,LONG,79.94000000002188,-344440.0874999506
cash_ACC,RSI2,2025-08-01 12:14:00,2025-08-01 12:21:00,1799.9,1800.79995,1799.4,1798.5003000000002,50,LONG,-114.98249999999643,-344555.0699999506
cash_ACC,RSI2,2025-08-01 12:28:00,2025-08-01 12:32:00,1799.8,1800.6998999999998,1801.5,1800.5992500000002,50,LONG,-5.03249999998161,-344560.10249995056
cash_ACC,RSI2,2025-08-01 12:43:00,2025-08-01 12:47:00,1800.8,1801.7004,1801.5,1800.5992500000002,50,LONG,-55.0574999999867,-344615.15999995056
cash_ACC,RSI2,2025-08-01 13:34:00,2025-08-01 13:35:00,1806.5,1807.4032499999998,1807.7,1806.7961500000001,50,LONG,-30.35499999998592,-344645.51499995054
cash_ACC,RSI2,2025-08-01 13:37:00,2025-08-01 13:42:00,1803.0,1803.9015,1805.5,1804.59725,50,LONG,34.78750000000446,-344610.72749995056
cash_ACC,RSI2,2025-08-01 13:56:00,2025-08-01 14:05:00,1804.2,1805.1020999999998,1799.9,1799.00005,50,LONG,-305.1024999999868,-344915.82999995054
cash_ACC,RSI2,2025-08-01 14:21:00,2025-08-01 14:23:00,1799.8,1800.6998999999998,1799.9,1799.00005,50,LONG,-84.9924999999871,-345000.82249995053
cash_ACC,RSI2,2025-08-01 14:25:00,2025-08-01 14:35:00,1799.2,1800.0996,1799.0,1798.1005,50,LONG,-99.95499999999993,-345100.77749995055
cash_ACC,RSI2,2025-08-01 14:57:00,2025-08-01 15:03:00,1796.2,1797.0981,1794.3,1793.40285,50,LONG,-184.76249999999936,-345285.53999995056
cash_ACC,RSI2,2025-08-04 09:15:00,2025-08-04 09:19:00,1790.9,1791.79545,1793.6,1792.7032,50,LONG,45.38749999999254,-345240.15249995055
cash_ACC,RSI2,2025-08-04 09:33:00,2025-08-04 09:41:00,1787.8,1788.6938999999998,1785.9,1785.0070500000002,50,LONG,-184.34249999997974,-345424.4949999505
cash_ACC,RSI2,2025-08-04 09:48:00,2025-08-04 09:49:00,1780.5,1781.39025,1783.7,1782.80815,50,LONG,70.89500000000726,-345353.5999999505
cash_ACC,RSI2,2025-08-04 10:02:00,2025-08-04 10:04:00,1786.9,1787.79345,1789.3,1788.40535,50,LONG,30.595000000005257,-345323.00499995047
cash_ACC,RSI2,2025-08-04 10:27:00,2025-08-04 10:31:00,1790.5,1791.3952499999998,1791.2,1790.3044000000002,50,LONG,-54.542499999979555,-345377.54749995045
cash_ACC,RSI2,2025-08-04 10:39:00,2025-08-04 10:41:00,1790.2,1791.0951,1790.4,1789.5048000000002,50,LONG,-79.51499999999214,-345457.06249995047
cash_ACC,RSI2,2025-08-04 10:46:00,2025-08-04 10:52:00,1789.0,1789.8944999999999,1790.4,1789.5048000000002,50,LONG,-19.48499999998603,-345476.54749995045
cash_ACC,RSI2,2025-08-04 11:36:00,2025-08-04 11:46:00,1793.0,1793.8964999999998,1791.9,1791.0040500000002,50,LONG,-144.62249999997994,-345621.16999995045
cash_ACC,RSI2,2025-08-04 11:48:00,2025-08-04 11:49:00,1791.0,1791.8954999999999,1792.0,1791.104,50,LONG,-39.57499999999072,-345660.74499995046
cash_ACC,RSI2,2025-08-04 11:53:00,2025-08-04 11:54:00,1790.8,1791.6953999999998,1792.1,1791.20395,50,LONG,-24.57249999998794,-345685.31749995047
cash_ACC,RSI2,2025-08-04 12:07:00,2025-08-04 12:13:00,1790.6,1791.4952999999998,1791.9,1791.0040500000002,50,LONG,-24.56249999997908,-345709.87999995047
cash_ACC,RSI2,2025-08-04 12:19:00,2025-08-04 12:21:00,1790.0,1790.895,1791.3,1790.40435,50,LONG,-24.53249999999798,-345734.41249995044
cash_ACC,RSI2,2025-08-04 12:34:00,2025-08-04 12:39:00,1791.0,1791.8954999999999,1792.9,1792.0035500000001,50,LONG,5.402500000013788,-345729.0099999504
cash_ACC,RSI2,2025-08-04 12:44:00,2025-08-04 12:50:00,1789.0,1789.8944999999999,1788.6,1787.7057,50,LONG,-109.43999999999505,-345838.4499999504
cash_ACC,RSI2,2025-08-04 13:00:00,2025-08-04 13:03:00,1790.1,1790.9950499999998,1791.0,1790.1045000000001,50,LONG,-44.527499999981046,-345882.9774999504
cash_ACC,RSI2,2025-08-04 13:10:00,2025-08-04 13:15:00,1789.5,1790.39475,1790.3,1789.4048500000001,50,LONG,-49.49499999999034,-345932.4724999504
cash_ACC,RSI2,2025-08-04 13:33:00,2025-08-04 13:46:00,1789.9,1790.79495,1787.8,1786.9061000000002,50,LONG,-194.442499999991,-346126.9149999504
cash_ACC,RSI2,2025-08-04 13:54:00,2025-08-04 13:58:00,1789.1,1789.99455,1790.5,1789.6047500000002,50,LONG,-19.489999999984775,-346146.4049999504
cash_ACC,RSI2,2025-08-04 14:03:00,2025-08-04 14:05:00,1788.0,1788.894,1789.9,1789.0050500000002,50,LONG,5.552500000010241,-346140.8524999504
cash_ACC,RSI2,2025-08-04 14:49:00,2025-08-04 14:50:00,1791.8,1792.6959,1793.0,1792.1035000000002,50,LONG,-29.619999999988522,-346170.4724999504
cash_ACC,RSI2,2025-08-04 15:00:00,2025-08-04 15:09:00,1791.8,1792.6959,1790.6,1789.7047,50,LONG,-149.55999999999676,-346320.0324999504
cash_ACC,RSI2,2025-08-04 15:15:00,2025-08-04 15:18:00,1789.7,1790.59485,1790.0,1789.105,50,LONG,-74.49249999999665,-346394.5249999504
cash_ACC,RSI2,2025-08-05 09:30:00,2025-08-05 09:34:00,1794.6,1795.4972999999998,1796.0,1795.102,50,LONG,-19.764999999983957,-346414.2899999503
cash_ACC,RSI2,2025-08-05 09:46:00,2025-08-05 09:53:00,1794.8,1795.6973999999998,1789.1,1788.20545,50,LONG,-374.59749999999303,-346788.8874999503
cash_ACC,RSI2,2025-08-05 09:59:00,2025-08-05 10:02:00,1785.0,1785.8925,1786.1,1785.20695,50,LONG,-34.27749999999605,-346823.16499995027
cash_ACC,RSI2,2025-08-05 12:04:00,2025-08-05 12:07:00,1795.9,1796.79795,1797.0,1796.1015,50,LONG,-34.82249999999567,-346857.9874999503
cash_ACC,RSI2,2025-08-05 12:21:00,2025-08-05 12:27:00,1798.1,1798.99905,1797.7,1796.8011500000002,50,LONG,-109.89499999998316,-346967.88249995024
cash_ACC,RSI2,2025-08-05 12:31:00,2025-08-05 12:32:00,1797.0,1797.8985,1798.3,1797.40085,50,LONG,-24.882500000001073,-346992.76499995025
cash_ACC,RSI2,2025-08-05 12:40:00,2025-08-05 12:42:00,1794.7,1795.59735,1802.0,1801.0990000000002,50,LONG,275.0825000000077,-346717.6824999502
cash_ACC,RSI2,2025-08-05 13:01:00,2025-08-05 13:03:00,1803.6,1804.5017999999998,1805.0,1804.0975,50,LONG,-20.214999999984684,-346737.8974999502
cash_ACC,RSI2,2025-08-05 13:18:00,2025-08-05 13:22:00,1800.3,1801.20015,1801.9,1800.9990500000001,50,LONG,-10.054999999988468,-346747.9524999502
cash_ACC,RSI2,2025-08-05 13:25:00,2025-08-05 13:27:00,1797.1,1797.9985499999998,1800.7,1799.7996500000002,50,LONG,90.05500000001803,-346657.8974999502
cash_ACC,RSI2,2025-08-05 14:02:00,2025-08-05 14:05:00,1798.7,1799.59935,1800.1,1799.19995,50,LONG,-19.97000000000071,-346677.86749995017
cash_ACC,RSI2,2025-08-05 14:08:00,2025-08-05 14:12:00,1799.0,1799.8995,1799.8,1798.9001,50,LONG,-49.96999999999616,-346727.83749995014
cash_ACC,RSI2,2025-08-05 14:18:00,2025-08-05 14:19:00,1798.1,1798.99905,1799.7,1798.8001500000003,50,LONG,-9.944999999981974,-346737.78249995015
cash_ACC,RSI2,2025-08-05 14:43:00,2025-08-05 14:47:00,1798.1,1798.99905,1798.8,1797.9006,50,LONG,-54.922499999997854,-346792.70499995013
cash_ACC,RSI2,2025-08-05 15:14:00,2025-08-05 15:17:00,1799.1,1799.9995499999998,1801.0,1800.0995,50,LONG,4.997500000013133,-346787.70749995013
cash_ACC,RSI2,2025-08-06 09:15:00,2025-08-06 09:16:00,1801.0,1801.9005,1812.8,1811.8936,50,LONG,499.655000000007,-346288.0524999501
cash_ACC,RSI2,2025-08-06 10:02:00,2025-08-06 10:06:00,1824.8,1825.7124,1825.5,1824.58725,50,LONG,-56.25749999999243,-346344.3099999501
cash_ACC,RSI2,2025-08-06 10:30:00,2025-08-06 10:47:00,1827.0,1827.9134999999999,1815.0,1814.0925000000002,50,LONG,-691.0499999999843,-347035.3599999501
cash_ACC,RSI2,2025-08-06 10:51:00,2025-08-06 10:58:00,1809.0,1809.9044999999999,1807.2,1806.2964000000002,50,LONG,-180.40499999998474,-347215.7649999501
cash_ACC,RSI2,2025-08-06 11:07:00,2025-08-06 11:09:00,1804.0,1804.9019999999998,1805.9,1804.9970500000002,50,LONG,4.75250000001779,-347211.01249995007
cash_ACC,RSI2,2025-08-06 11:43:00,2025-08-06 11:45:00,1806.2,1807.1031,1807.4,1806.4963000000002,50,LONG,-30.339999999989686,-347241.35249995004
cash_ACC,RSI2,2025-08-06 12:19:00,2025-08-06 12:21:00,1813.1,1814.0065499999998,1816.5,1815.59175,50,LONG,79.26000000001068,-347162.09249995
cash_ACC,RSI2,2025-08-06 13:00:00,2025-08-06 13:03:00,1825.0,1825.9125,1826.8,1825.8866,50,LONG,-1.2949999999932515,-347163.38749995
cash_ACC,RSI2,2025-08-06 13:38:00,2025-08-06 13:42:00,1829.4,1830.3147,1830.0,1829.085,50,LONG,-61.484999999993306,-347224.87249995
cash_ACC,RSI2,2025-08-06 14:10:00,2025-08-06 14:14:00,1829.0,1829.9144999999999,1830.0,1829.085,50,LONG,-41.47499999999127,-347266.34749995
cash_ACC,RSI2,2025-08-06 14:30:00,2025-08-06 14:31:00,1828.5,1829.4142499999998,1830.0,1829.085,50,LONG,-16.462499999988722,-347282.80999994994
cash_ACC,RSI2,2025-08-06 14:50:00,2025-08-06 14:54:00,1829.5,1830.41475,1830.1,1829.18495,50,LONG,-61.48999999999205,-347344.29999994993
cash_ACC,RSI2,2025-08-06 15:27:00,2025-08-07 09:24:00,1827.6,1828.5137999999997,1816.9,1815.9915500000002,50,LONG,-626.1124999999765,-347970.4124999499
cash_ACC,RSI2,2025-08-07 09:34:00,2025-08-07 09:38:00,1813.5,1814.4067499999999,1814.9,1813.9925500000002,50,LONG,-20.709999999985484,-347991.1224999499
cash_ACC,RSI2,2025-08-07 09:43:00,2025-08-07 09:46:00,1809.7,1810.60485,1813.3,1812.39335,50,LONG,89.42500000000564,-347901.6974999499
cash_ACC,RSI2,2025-08-07 09:58:00,2025-08-07 10:05:00,1808.5,1809.4042499999998,1806.5,1805.5967500000002,50,LONG,-190.37499999998317,-348092.0724999499
cash_ACC,RSI2,2025-08-07 10:09:00,2025-08-07 10:19:00,1804.1,1805.0020499999998,1800.1,1799.19995,50,LONG,-290.1049999999941,-348382.1774999499
cash_ACC,RSI2,2025-08-07 10:30:00,2025-08-07 10:34:00,1806.5,1807.4032499999998,1808.0,1807.096,50,LONG,-15.362499999991996,-348397.53999994986
cash_ACC,RSI2,2025-08-07 10:49:00,2025-08-07 10:52:00,1806.3,1807.2031499999998,1806.8,1805.8966,50,LONG,-65.32749999998941,-348462.8674999499
cash_ACC,RSI2,2025-08-07 11:05:00,2025-08-07 11:12:00,1807.9,1808.80395,1807.7,1806.7961500000001,50,LONG,-100.38999999999305,-348563.2574999499
cash_ACC,RSI2,2025-08-07 11:14:00,2025-08-07 11:25:00,1799.0,1799.8995,1800.0,1799.1000000000001,50,LONG,-39.97499999999263,-348603.23249994987
cash_ACC,RSI2,2025-08-07 11:30:00,2025-08-07 11:40:00,1799.5,1800.3997499999998,1799.7,1798.8001500000003,50,LONG,-79.97999999997774,-348683.21249994985
cash_ACC,RSI2,2025-08-07 11:42:00,2025-08-07 11:47:00,1792.4,1793.2962,1800.0,1799.1000000000001,50,LONG,290.1900000000069,-348393.02249994985
cash_ACC,RSI2,2025-08-07 11:54:00,2025-08-07 12:04:00,1799.3,1800.1996499999998,1800.0,1799.1000000000001,50,LONG,-54.98249999998279,-348448.00499994983
cash_ACC,RSI2,2025-08-07 12:28:00,2025-08-07 12:30:00,1800.6,1801.5002999999997,1802.1,1801.19895,50,LONG,-15.067499999986467,-348463.07249994983
cash_ACC,RSI2,2025-08-07 13:29:00,2025-08-07 13:32:00,1802.4,1803.3011999999999,1803.0,1802.0985,50,LONG,-60.13499999999112,-348523.20749994984
cash_ACC,RSI2,2025-08-07 13:40:00,2025-08-07 13:43:00,1799.9,1800.79995,1801.3,1800.3993500000001,50,LONG,-20.029999999997017,-348543.2374999498
cash_ACC,RSI2,2025-08-07 13:52:00,2025-08-07 13:55:00,1802.2,1803.1010999999999,1803.0,1802.0985,50,LONG,-50.129999999990105,-348593.3674999498
cash_ACC,RSI2,2025-08-07 14:24:00,2025-08-07 14:30:00,1811.1,1812.0055499999999,1811.6,1810.6942,50,LONG,-65.56749999999738,-348658.9349999498
cash_ACC,RSI2,2025-08-07 14:35:00,2025-08-07 14:36:00,1810.7,1811.60535,1815.9,1814.9920500000003,50,LONG,169.33500000001231,-348489.5999999498
cash_ACC,RSI2,2025-08-07 15:02:00,2025-08-07 15:04:00,1815.5,1816.4077499999999,1817.0,1816.0915,50,LONG,-15.812499999992724,-348505.4124999498
cash_ACC,RSI2,2025-08-07 15:16:00,2025-08-07 15:20:00,1811.9,1812.80595,1816.6,1815.6917,50,LONG,144.28750000000719,-348361.12499994977
cash_ACC,RSI2,2025-08-07 15:28:00,2025-08-08 09:15:00,1813.7,1814.60685,1816.3,1815.39185,50,LONG,39.25000000000409,-348321.87499994977
cash_ACC,RSI2,2025-08-08 09:28:00,2025-08-08 09:37:00,1818.5,1819.40925,1816.9,1815.9915500000002,50,LONG,-170.88499999998703,-348492.7599999498
cash_ACC,RSI2,2025-08-08 09:42:00,2025-08-08 09:53:00,1812.8,1813.7063999999998,1807.9,1806.9960500000002,50,LONG,-335.5174999999804,-348828.27749994973
cash_ACC,RSI2,2025-08-08 10:06:00,2025-08-08 10:08:00,1803.3,1804.2016499999997,1806.3,1805.39685,50,LONG,59.760000000017044,-348768.5174999497
cash_ACC,RSI2,2025-08-08 10:13:00,2025-08-08 10:16:00,1804.0,1804.9019999999998,1805.4,1804.4973000000002,50,LONG,-20.234999999979664,-348788.7524999497
cash_ACC,RSI2,2025-08-08 10:31:00,2025-08-08 10:36:00,1805.4,1806.3027,1806.3,1805.39685,50,LONG,-45.29249999999365,-348834.0449999497
cash_ACC,RSI2,2025-08-08 10:47:00,2025-08-08 10:49:00,1805.0,1805.9025,1806.0,1805.0970000000002,50,LONG,-40.27499999998554,-348874.31999994966
cash_ACC,RSI2,2025-08-08 11:30:00,2025-08-08 11:33:00,1807.5,1808.40375,1807.2,1806.2964000000002,50,LONG,-105.36749999998847,-348979.68749994965
cash_ACC,RSI2,2025-08-08 11:58:00,2025-08-08 12:05:00,1804.0,1804.9019999999998,1802.6,1801.6987,50,LONG,-160.16499999999496,-349139.85249994963
cash_ACC,RSI2,2025-08-08 12:10:00,2025-08-08 12:12:00,1801.5,1802.4007499999998,1802.9,1801.9985500000003,50,LONG,-20.109999999976935,-349159.9624999496
cash_ACC,RSI2,2025-08-08 12:18:00,2025-08-08 12:26:00,1800.1,1801.0000499999999,1802.0,1801.0990000000002,50,LONG,4.9475000000143154,-349155.0149999496
cash_ACC,RSI2,2025-08-08 12:38:00,2025-08-08 12:43:00,1799.9,1800.79995,1800.0,1799.1000000000001,50,LONG,-84.99749999999722,-349240.0124999496
cash_ACC,RSI2,2025-08-08 13:01:00,2025-08-08 13:05:00,1801.0,1801.9005,1802.0,1801.0990000000002,50,LONG,-40.07499999999027,-349280.0874999496
cash_ACC,RSI2,2025-08-08 13:13:00,2025-08-08 13:32:00,1800.3,1801.20015,1799.0,1798.1005,50,LONG,-154.98249999999416,-349435.0699999496
cash_ACC,RSI2,2025-08-08 13:42:00,2025-08-08 13:53:00,1797.2,1798.0986,1796.8,1795.9016000000001,50,LONG,-109.84999999999445,-349544.9199999496
cash_ACC,RSI2,2025-08-08 13:58:00,2025-08-08 14:00:00,1795.5,1796.3977499999999,1797.5,1796.6012500000002,50,LONG,10.175000000015189,-349534.7449999496
cash_ACC,RSI2,2025-08-08 14:12:00,2025-08-08 14:16:00,1794.0,1794.897,1796.1,1795.20195,50,LONG,15.247499999998126,-349519.4974999496
cash_ACC,RSI2,2025-08-08 14:27:00,2025-08-08 14:28:00,1795.4,1796.2977,1797.6,1796.7012,50,LONG,20.174999999994725,-349499.3224999496
cash_ACC,RSI2,2025-08-08 14:32:00,2025-08-08 14:33:00,1794.1,1794.9970499999997,1796.1,1795.20195,50,LONG,10.245000000008986,-349489.0774999496
cash_ACC,RSI2,2025-08-08 14:47:00,2025-08-08 14:56:00,1797.2,1798.0986,1793.8,1792.9031,50,LONG,-259.7750000000019,-349748.85249994963
cash_ACC,RSI2,2025-08-08 14:59:00,2025-08-08 15:01:00,1792.3,1793.1961499999998,1793.4,1792.5033,50,LONG,-34.64249999998401,-349783.4949999496
cash_ACC,RSI2,2025-08-08 15:14:00,2025-08-11 09:15:00,1792.3,1793.1961499999998,1794.8,1793.9026000000001,50,LONG,35.32250000001795,-349748.1724999496
cash_ACC,RSI2,2025-08-11 09:30:00,2025-08-11 09:34:00,1787.0,1787.8935,1788.0,1787.106,50,LONG,-39.37499999999545,-349787.5474999496
cash_ACC,RSI2,2025-08-11 09:48:00,2025-08-11 09:52:00,1783.0,1783.8915,1783.6,1782.7082,50,LONG,-59.16499999999587,-349846.71249994956
cash_ACC,RSI2,2025-08-11 10:20:00,2025-08-11 10:27:00,1789.6,1790.4947999999997,1790.6,1789.7047,50,LONG,-39.50499999998556,-349886.21749994956
cash_ACC,RSI2,2025-08-11 10:59:00,2025-08-11 11:01:00,1790.0,1790.895,1793.5,1792.6032500000001,50,LONG,85.41250000000673,-349800.8049999495
cash_ACC,RSI2,2025-08-11 11:11:00,2025-08-11 11:18:00,1793.0,1793.8964999999998,1792.1,1791.20395,50,LONG,-134.62749999998778,-349935.43249994953
cash_ACC,RSI2,2025-08-11 11:29:00,2025-08-11 11:31:00,1791.3,1792.19565,1793.2,1792.3034000000002,50,LONG,5.387500000017553,-349930.0449999495
cash_ACC,RSI2,2025-08-11 11:35:00,2025-08-11 11:41:00,1789.6,1790.4947999999997,1788.4,1787.5058000000001,50,LONG,-149.4499999999789,-350079.4949999495
cash_ACC,RSI2,2025-08-11 12:15:00,2025-08-11 12:19:00,1790.4,1791.2952,1791.2,1790.3044000000002,50,LONG,-49.539999999990414,-350129.03499994945
cash_ACC,RSI2,2025-08-11 12:23:00,2025-08-11 12:37:00,1789.8,1790.6949,1788.6,1787.7057,50,LONG,-149.45999999999913,-350278.4949999495
cash_ACC,RSI2,2025-08-11 13:41:00,2025-08-11 13:42:00,1790.7,1791.59535,1791.8,1790.9041,50,LONG,-34.56250000000409,-350313.0574999495
cash_ACC,RSI2,2025-08-11 14:21:00,2025-08-11 14:30:00,1789.1,1789.99455,1791.0,1790.1045000000001,50,LONG,5.497500000012678,-350307.5599999495
cash_ACC,RSI2,2025-08-11 14:42:00,2025-08-11 14:45:00,1789.4,1790.2947,1790.0,1789.105,50,LONG,-59.484999999995125,-350367.04499994946
cash_ACC,RSI2,2025-08-11 14:51:00,2025-08-11 14:59:00,1790.1,1790.9950499999998,1790.5,1789.6047500000002,50,LONG,-69.5149999999785,-350436.5599999494
cash_ACC,RSI2,2025-08-11 15:04:00,2025-08-11 15:21:00,1789.9,1790.79495,1785.6,1784.7072,50,LONG,-304.3874999999957,-350740.9474999494
cash_ACC,RSI2,2025-08-12 09:39:00,2025-08-12 09:42:00,1790.5,1791.3952499999998,1791.5,1790.60425,50,LONG,-39.54999999998563,-350780.4974999494
cash_ACC,RSI2,2025-08-12 09:46:00,2025-08-12 09:49:00,1789.0,1789.8944999999999,1790.5,1789.6047500000002,50,LONG,-14.487499999984266,-350794.9849999494
cash_ACC,RSI2,2025-08-12 10:03:00,2025-08-12 10:09:00,1790.1,1790.9950499999998,1790.1,1789.20495,50,LONG,-89.50499999998556,-350884.4899999494
cash_ACC,RSI2,2025-08-12 10:22:00,2025-08-12 10:36:00,1792.5,1793.39625,1790.9,1790.00455,50,LONG,-169.58499999999503,-351054.07499994943
cash_ACC,RSI2,2025-08-12 10:43:00,2025-08-12 10:58:00,1789.0,1789.8944999999999,1788.5,1787.6057500000002,50,LONG,-114.43749999998545,-351168.51249994943
cash_ACC,RSI2,2025-08-12 11:36:00,2025-08-12 11:37:00,1791.1,1791.9955499999999,1792.1,1791.20395,50,LONG,-39.57999999998947,-351208.09249994945
cash_ACC,RSI2,2025-08-12 11:47:00,2025-08-12 11:53:00,1791.4,1792.2957,1792.4,1791.5038000000002,50,LONG,-39.5949999999857,-351247.6874999494
cash_ACC,RSI2,2025-08-12 12:13:00,2025-08-12 12:14:00,1794.2,1795.0971,1794.9,1794.0025500000002,50,LONG,-54.72749999998996,-351302.4149999494
cash_ACC,RSI2,2025-08-12 12:25:00,2025-08-12 12:33:00,1793.8,1794.6969,1796.9,1796.0015500000002,50,LONG,65.23250000001326,-351237.18249994935
cash_ACC,RSI2,2025-08-12 12:45:00,2025-08-12 12:54:00,1796.9,1797.79845,1796.9,1796.0015500000002,50,LONG,-89.84499999999116,-351327.0274999493
cash_ACC,RSI2,2025-08-12 13:03:00,2025-08-12 13:07:00,1794.8,1795.6973999999998,1796.9,1796.0015500000002,50,LONG,15.207500000019536,-351311.8199999493
cash_ACC,RSI2,2025-08-12 13:16:00,2025-08-12 13:30:00,1795.1,1795.9975499999998,1794.2,1793.3029000000001,50,LONG,-134.73249999998416,-351446.5524999493
cash_ACC,RSI2,2025-08-12 13:42:00,2025-08-12 13:47:00,1793.2,1794.0965999999999,1793.3,1792.40335,50,LONG,-84.66249999999036,-351531.21499994927
cash_ACC,RSI2,2025-08-12 13:51:00,2025-08-12 13:59:00,1792.6,1793.4962999999998,1793.0,1792.1035000000002,50,LONG,-69.63999999998123,-351600.8549999492
cash_ACC,RSI2,2025-08-12 14:15:00,2025-08-12 14:19:00,1790.1,1790.9950499999998,1790.3,1789.4048500000001,50,LONG,-79.50999999998203,-351680.36499994923
cash_ACC,RSI2,2025-08-12 14:35:00,2025-08-12 14:39:00,1789.3,1790.19465,1790.7,1789.80465,50,LONG,-19.499999999993634,-351699.86499994923
cash_ACC,RSI2,2025-08-12 14:46:00,2025-08-12 15:05:00,1790.0,1790.895,1787.2,1786.3064000000002,50,LONG,-229.42999999999074,-351929.2949999492
cash_ACC,RSI2,2025-08-12 15:16:00,2025-08-12 15:24:00,1788.3,1789.1941499999998,1788.1,1787.20595,50,LONG,-99.40999999998894,-352028.7049999492
cash_ACC,RSI2,2025-08-13 09:26:00,2025-08-13 09:35:00,1792.8,1793.6963999999998,1792.6,1791.7037,50,LONG,-99.6349999999893,-352128.3399999492
cash_ACC,RSI2,2025-08-13 09:46:00,2025-08-13 09:49:00,1791.5,1792.39575,1792.8,1791.9036,50,LONG,-24.607499999990523,-352152.9474999492
cash_ACC,RSI2,2025-08-13 10:02:00,2025-08-13 10:04:00,1791.3,1792.19565,1792.2,1791.3039,50,LONG,-44.58749999998872,-352197.53499994916
cash_ACC,RSI2,2025-08-13 10:09:00,2025-08-13 10:11:00,1789.9,1790.79495,1792.0,1791.104,50,LONG,15.45250000000351,-352182.08249994915
cash_ACC,RSI2,2025-08-13 10:23:00,2025-08-13 10:24:00,1790.0,1790.895,1791.9,1791.0040500000002,50,LONG,5.452500000012606,-352176.62999994913
cash_ACC,RSI2,2025-08-13 10:36:00,2025-08-13 10:44:00,1790.5,1791.3952499999998,1790.0,1789.105,50,LONG,-114.51249999998936,-352291.14249994914
cash_ACC,RSI2,2025-08-13 11:05:00,2025-08-13 11:08:00,1789.2,1790.0946,1790.1,1789.20495,50,LONG,-44.48249999999234,-352335.6249999491
cash_ACC,RSI2,2025-08-13 11:12:00,2025-08-13 11:13:00,1789.1,1789.99455,1790.5,1789.6047500000002,50,LONG,-19.489999999984775,-352355.1149999491
cash_ACC,RSI2,2025-08-13 11:34:00,2025-08-13 11:40:00,1787.9,1788.79395,1787.5,1786.60625,50,LONG,-109.38499999999749,-352464.4999999491
cash_ACC,RSI2,2025-08-13 11:46:00,2025-08-13 11:48:00,1786.6,1787.4932999999999,1786.9,1786.0065500000003,50,LONG,-74.33749999997872,-352538.8374999491
cash_ACC,RSI2,2025-08-13 11:51:00,2025-08-13 11:55:00,1784.8,1785.6924,1785.8,1784.9071000000001,50,LONG,-39.26499999998896,-352578.1024999491
cash_ACC,RSI2,2025-08-13 11:57:00,2025-08-13 12:05:00,1783.1,1783.9915499999997,1783.6,1782.7082,50,LONG,-64.16749999998501,-352642.2699999491
cash_ACC,RSI2,2025-08-13 13:04:00,2025-08-13 13:08:00,1787.6,1788.4937999999997,1788.5,1787.6057500000002,50,LONG,-44.40249999997832,-352686.67249994905
cash_ACC,RSI2,2025-08-13 13:24:00,2025-08-13 13:32:00,1786.5,1787.3932499999999,1786.8,1785.9066,50,LONG,-74.33249999999134,-352761.0049999491
cash_ACC,RSI2,2025-08-13 13:35:00,2025-08-13 13:38:00,1785.0,1785.8925,1786.5,1785.6067500000001,50,LONG,-14.287499999988995,-352775.29249994905
cash_ACC,RSI2,2025-08-13 13:50:00,2025-08-13 13:52:00,1786.2,1787.0931,1786.9,1786.0065500000003,50,LONG,-54.32749999998805,-352829.61999994906
cash_ACC,RSI2,2025-08-13 14:08:00,2025-08-13 14:13:00,1786.5,1787.3932499999999,1788.0,1787.106,50,LONG,-14.362499999992906,-352843.98249994905
cash_ACC,RSI2,2025-08-13 14:45:00,2025-08-13 14:46:00,1790.0,1790.895,1791.0,1790.1045000000001,50,LONG,-39.524999999991905,-352883.507499949
cash_ACC,RSI2,2025-08-13 15:01:00,2025-08-13 15:06:00,1788.7,1789.5943499999998,1789.9,1789.0050500000002,50,LONG,-29.464999999981956,-352912.972499949
cash_ACC,RSI2,2025-08-13 15:17:00,2025-08-13 15:27:00,1786.0,1786.8929999999998,1785.9,1785.0070500000002,50,LONG,-94.29749999998194,-353007.26999994897
cash_ACC,RSI2,2025-08-14 09:32:00,2025-08-14 09:35:00,1787.0,1787.8935,1788.0,1787.106,50,LONG,-39.37499999999545,-353046.64499994897
cash_ACC,RSI2,2025-08-14 09:46:00,2025-08-14 09:48:00,1790.9,1791.79545,1791.9,1791.0040500000002,50,LONG,-39.56999999999198,-353086.214999949
cash_ACC,RSI2,2025-08-14 09:56:00,2025-08-14 10:05:00,1791.0,1791.8954999999999,1788.6,1787.7057,50,LONG,-209.48999999999387,-353295.70499994897
cash_ACC,RSI2,2025-08-14 10:48:00,2025-08-14 11:00:00,1790.0,1790.895,1788.0,1787.106,50,LONG,-189.44999999999936,-353485.154999949
cash_ACC,RSI2,2025-08-14 11:06:00,2025-08-14 11:09:00,1787.0,1787.8935,1787.5,1786.60625,50,LONG,-64.3624999999929,-353549.51749994897
cash_ACC,RSI2,2025-08-14 11:25:00,2025-08-14 11:32:00,1784.0,1784.8919999999998,1786.4,1785.5068,50,LONG,30.740000000014334,-353518.777499949
cash_ACC,RSI2,2025-08-14 11:42:00,2025-08-14 11:47:00,1784.8,1785.6924,1785.0,1784.1075,50,LONG,-79.2449999999917,-353598.022499949
cash_ACC,RSI2,2025-08-14 12:29:00,2025-08-14 12:32:00,1786.2,1787.0931,1787.6,1786.7062,50,LONG,-19.344999999998436,-353617.36749994894
cash_ACC,RSI2,2025-08-14 12:41:00,2025-08-14 12:43:00,1785.0,1785.8925,1787.3,1786.40635,50,LONG,25.692500000002383,-353591.67499994894
cash_ACC,RSI2,2025-08-14 12:47:00,2025-08-14 12:55:00,1785.1,1785.9925499999997,1786.0,1785.1070000000002,50,LONG,-44.27749999997559,-353635.9524999489
cash_ACC,RSI2,2025-08-14 13:00:00,2025-08-14 13:19:00,1785.0,1785.8925,1783.2,1782.3084000000001,50,LONG,-179.20499999999038,-353815.1574999489
cash_ACC,RSI2,2025-08-14 13:59:00,2025-08-14 14:02:00,1784.6,1785.4923,1786.0,1785.1070000000002,50,LONG,-19.26499999998441,-353834.4224999489
cash_ACC,RSI2,2025-08-14 14:18:00,2025-08-14 14:20:00,1786.3,1787.1931499999998,1787.5,1786.60625,50,LONG,-29.34499999998934,-353863.76749994885
cash_ACC,RSI2,2025-08-14 14:27:00,2025-08-14 14:28:00,1784.2,1785.0920999999998,1785.9,1785.0070500000002,50,LONG,-4.252499999984138,-353868.01999994885
cash_ACC,RSI2,2025-08-14 15:07:00,2025-08-14 15:09:00,1784.2,1785.0920999999998,1785.2,1784.3074000000001,50,LONG,-39.23499999998512,-353907.25499994884
cash_ACC,RSI2,2025-08-14 15:15:00,2025-08-14 15:19:00,1782.4,1783.2912,1783.0,1782.1085,50,LONG,-59.13499999999203,-353966.38999994885
cash_ACC,RSI2,2025-08-18 09:26:00,2025-08-18 09:29:00,1814.7,1815.60735,1818.0,1817.0910000000001,50,LONG,74.18250000000626,-353892.20749994885
cash_ACC,RSI2,2025-08-18 09:58:00,2025-08-18 09:59:00,1827.9,1828.81395,1829.7,1828.7851500000002,50,LONG,-1.4399999999909596,-353893.64749994886
cash_ACC,RSI2,2025-08-18 10:17:00,2025-08-18 10:19:00,1838.4,1839.3192,1840.0,1839.0800000000002,50,LONG,-11.959999999987758,-353905.6074999488
cash_ACC,RSI2,2025-08-18 10:33:00,2025-08-18 10:37:00,1842.5,1843.4212499999999,1843.5,1842.57825,50,LONG,-42.14999999999236,-353947.7574999488
cash_ACC,RSI2,2025-08-18 11:05:00,2025-08-18 11:19:00,1845.1,1846.02255,1843.4,1842.4783000000002,50,LONG,-177.21249999998463,-354124.96999994875
cash_ACC,RSI2,2025-08-18 11:27:00,2025-08-18 11:37:00,1843.0,1843.9215,1843.0,1842.0785,50,LONG,-92.14999999999236,-354217.1199999487
cash_ACC,RSI2,2025-08-18 12:05:00,2025-08-18 12:21:00,1845.1,1846.02255,1843.2,1842.2784000000001,50,LONG,-187.20749999998816,-354404.3274999487
cash_ACC,RSI2,2025-08-18 12:43:00,2025-08-18 12:44:00,1847.1,1848.02355,1849.2,1848.2754000000002,50,LONG,12.592500000016571,-354391.73499994865
cash_ACC,RSI2,2025-08-18 13:02:00,2025-08-18 13:04:00,1846.5,1847.4232499999998,1846.9,1845.97655,50,LONG,-72.33499999998685,-354464.0699999486
cash_ACC,RSI2,2025-08-18 13:17:00,2025-08-18 13:20:00,1847.0,1847.9234999999999,1850.5,1849.57475,50,LONG,82.56250000000591,-354381.5074999486
cash_ACC,RSI2,2025-08-18 13:28:00,2025-08-18 13:32:00,1849.3,1850.2246499999999,1849.7,1848.7751500000002,50,LONG,-72.47499999998581,-354453.9824999486
cash_ACC,RSI2,2025-08-18 13:49:00,2025-08-18 13:55:00,1847.8,1848.7239,1848.3,1847.3758500000001,50,LONG,-67.4024999999915,-354521.38499994855
cash_ACC,RSI2,2025-08-18 14:02:00,2025-08-18 14:19:00,1847.0,1847.9234999999999,1842.0,1841.0790000000002,50,LONG,-342.2249999999849,-354863.60999994853
cash_ACC,RSI2,2025-08-18 14:24:00,2025-08-18 14:26:00,1840.6,1841.5203,1843.7,1842.77815,50,LONG,62.89250000000948,-354800.7174999485
cash_ACC,RSI2,2025-08-18 14:52:00,2025-08-18 14:59:00,1846.0,1846.923,1849.4,1848.4753000000003,50,LONG,77.61500000001433,-354723.1024999485
cash_ACC,RSI2,2025-08-18 15:09:00,2025-08-18 15:14:00,1844.9,1845.82245,1846.0,1845.077,50,LONG,-37.27249999999458,-354760.37499994854
cash_ACC,RSI2,2025-08-18 15:20:00,2025-08-18 15:28:00,1845.5,1846.42275,1843.0,1842.0785,50,LONG,-217.21249999999372,-354977.5874999485
cash_ACC,RSI2,2025-08-19 09:33:00,2025-08-19 09:41:00,1844.8,1845.7223999999999,1844.0,1843.0780000000002,50,LONG,-132.21999999998388,-355109.8074999485
cash_ACC,RSI2,2025-08-19 11:14:00,2025-08-19 11:24:00,1865.2,1866.1326,1865.0,1864.0675,50,LONG,-103.2549999999901,-355213.0624999485
cash_ACC,RSI2,2025-08-19 11:38:00,2025-08-19 11:39:00,1865.0,1865.9325,1866.6,1865.6667,50,LONG,-13.289999999994961,-355226.35249994847
cash_ACC,RSI2,2025-08-19 12:41:00,2025-08-19 12:55:00,1866.7,1867.6333499999998,1859.2,1858.2704,50,LONG,-468.1474999999864,-355694.4999999484
cash_ACC,RSI2,2025-08-19 13:09:00,2025-08-19 13:16:00,1859.0,1859.9295,1859.2,1858.2704,50,LONG,-82.95499999999265,-355777.45499994844
cash_ACC,RSI2,2025-08-19 13:41:00,2025-08-19 13:43:00,1863.4,1864.3317,1864.6,1863.6677,50,LONG,-33.19999999999936,-355810.65499994846
cash_ACC,RSI2,2025-08-19 14:03:00,2025-08-19 14:11:00,1854.0,1854.927,1855.0,1854.0725,50,LONG,-42.724999999995816,-355853.37999994843
cash_ACC,RSI2,2025-08-19 14:44:00,2025-08-19 14:59:00,1860.0,1860.9299999999998,1857.0,1856.0715,50,LONG,-242.9249999999911,-356096.3049999484
cash_ACC,RSI2,2025-08-19 15:21:00,2025-08-20 09:15:00,1858.0,1858.9289999999999,1862.1,1861.16895,50,LONG,111.99750000000677,-355984.3074999484
cash_ACC,RSI2,2025-08-20 09:25:00,2025-08-20 09:34:00,1853.6,1854.5267999999999,1851.9,1850.9740500000003,50,LONG,-177.63749999998026,-356161.9449999484
cash_ACC,RSI2,2025-08-20 10:32:00,2025-08-20 10:36:00,1864.7,1865.6323499999999,1865.3,1864.36735,50,LONG,-63.24999999999363,-356225.1949999484
cash_ACC,RSI2,2025-08-20 10:38:00,2025-08-20 10:41:00,1864.0,1864.9319999999998,1866.1,1865.16695,50,LONG,11.747500000012678,-356213.4474999484
cash_ACC,RSI2,2025-08-20 10:44:00,2025-08-20 10:49:00,1863.0,1863.9315,1866.8,1865.8666,50,LONG,96.75500000000739,-356116.6924999484
cash_ACC,RSI2,2025-08-20 10:54:00,2025-08-20 10:55:00,1865.5,1866.43275,1867.0,1866.0665000000001,50,LONG,-18.31249999999045,-356135.0049999484
cash_ACC,RSI2,2025-08-20 11:05:00,2025-08-20 11:07:00,1865.7,1866.63285,1867.2,1866.2664000000002,50,LONG,-18.32249999998794,-356153.3274999484
cash_ACC,RSI2,2025-08-20 11:19:00,2025-08-20 11:22:00,1865.0,1865.9325,1865.6,1864.6672,50,LONG,-63.26499999998987,-356216.5924999484
cash_ACC,RSI2,2025-08-20 11:40:00,2025-08-20 11:46:00,1865.4,1866.3327,1866.4,1865.4668000000001,50,LONG,-43.29499999998916,-356259.8874999484
cash_ACC,RSI2,2025-08-20 12:28:00,2025-08-20 12:40:00,1867.9,1868.83395,1867.3,1866.36635,50,LONG,-123.37999999999738,-356383.2674999484
cash_ACC,RSI2,2025-08-20 12:46:00,2025-08-20 12:53:00,1866.0,1866.933,1865.0,1864.0675,50,LONG,-143.27499999999418,-356526.5424999484
cash_ACC,RSI2,2025-08-20 13:03:00,2025-08-20 13:07:00,1862.7,1863.6313499999999,1862.9,1861.9685500000003,50,LONG,-83.13999999998032,-356609.68249994837
cash_ACC,RSI2,2025-08-20 13:17:00,2025-08-20 13:20:00,1861.0,1861.9305,1863.0,1862.0685,50,LONG,6.900000000007367,-356602.78249994834
cash_ACC,RSI2,2025-08-20 13:25:00,2025-08-20 13:31:00,1860.6,1861.5303,1857.9,1856.97105,50,LONG,-227.96249999998963,-356830.7449999483
cash_ACC,RSI2,2025-08-20 13:42:00,2025-08-20 13:44:00,1857.5,1858.4287499999998,1858.0,1857.0710000000001,50,LONG,-67.88749999998345,-356898.6324999483
cash_ACC,RSI2,2025-08-20 13:46:00,2025-08-20 13:48:00,1856.1,1857.02805,1857.8,1856.8711,50,LONG,-7.847499999991214,-356906.4799999483
cash_ACC,RSI2,2025-08-20 14:00:00,2025-08-20 14:05:00,1858.9,1859.82945,1859.7,1858.77015,50,LONG,-52.96499999999469,-356959.44499994826
cash_ACC,RSI2,2025-08-20 14:45:00,2025-08-20 14:57:00,1864.5,1865.4322499999998,1863.9,1862.9680500000002,50,LONG,-123.20999999998321,-357082.6549999482
cash_ACC,RSI2,2025-08-20 15:23:00,2025-08-20 15:25:00,1861.1,1862.0305499999997,1864.8,1863.8676,50,LONG,91.85250000001588,-356990.8024999482
cash_ACC,RSI2,2025-08-21 09:39:00,2025-08-21 09:44:00,1859.0,1859.9295,1859.3,1858.3703500000001,50,LONG,-77.95749999999089,-357068.7599999482
cash_ACC,RSI2,2025-08-21 09:57:00,2025-08-21 10:00:00,1859.4,1860.3297,1861.0,1860.0695,50,LONG,-13.009999999997035,-357081.7699999482
cash_ACC,RSI2,2025-08-21 10:10:00,2025-08-21 10:11:00,1859.1,1860.0295499999997,1861.0,1860.0695,50,LONG,1.9975000000158616,-357079.7724999482
cash_ACC,RSI2,2025-08-21 10:22:00,2025-08-21 10:25:00,1858.3,1859.22915,1861.1,1860.16945,50,LONG,47.01500000001033,-357032.7574999482
cash_ACC,RSI2,2025-08-21 10:33:00,2025-08-21 10:42:00,1861.0,1861.9305,1861.4,1860.4693000000002,50,LONG,-73.05999999998676,-357105.8174999482
cash_ACC,RSI2,2025-08-21 11:50:00,2025-08-21 11:52:00,1863.4,1864.3317,1864.5,1863.5677500000002,50,LONG,-38.19749999998976,-357144.0149999482
cash_ACC,RSI2,2025-08-21 11:58:00,2025-08-21 12:02:00,1860.4,1861.3301999999999,1862.0,1861.0690000000002,50,LONG,-13.059999999984484,-357157.0749999482
cash_ACC,RSI2,2025-08-21 12:13:00,2025-08-21 12:29:00,1860.4,1861.3301999999999,1856.8,1855.8716,50,LONG,-272.92999999999665,-357430.0049999482
cash_ACC,RSI2,2025-08-21 12:51:00,2025-08-21 12:53:00,1857.0,1857.9285,1858.4,1857.4708000000003,50,LONG,-22.88499999998521,-357452.8899999482
cash_ACC,RSI2,2025-08-21 13:25:00,2025-08-21 13:43:00,1861.0,1861.9305,1861.1,1860.16945,50,LONG,-88.05249999999205,-357540.9424999482
cash_ACC,RSI2,2025-08-21 13:57:00,2025-08-21 14:20:00,1856.9,1857.82845,1857.0,1856.0715,50,LONG,-87.84749999999804,-357628.7899999482
cash_ACC,RSI2,2025-08-21 14:22:00,2025-08-21 14:29:00,1856.2,1857.1281,1854.0,1853.073,50,LONG,-202.75499999999056,-357831.5449999482
cash_ACC,RSI2,2025-08-21 14:34:00,2025-08-21 14:45:00,1853.0,1853.9264999999998,1850.0,1849.075,50,LONG,-242.574999999988,-358074.1199999482
cash_ACC,RSI2,2025-08-21 14:51:00,2025-08-21 14:53:00,1847.1,1848.02355,1848.8,1847.8756,50,LONG,-7.397499999990487,-358081.51749994815
cash_ACC,RSI2,2025-08-21 15:23:00,2025-08-21 15:27:00,1849.0,1849.9244999999999,1849.9,1848.9750500000002,50,LONG,-47.472499999980755,-358128.9899999481
cash_ACC,RSI2,2025-08-22 09:20:00,2025-08-22 09:37:00,1851.5,1852.4257499999999,1838.7,1837.7806500000002,50,LONG,-732.2549999999865,-358861.24499994813
cash_ACC,RSI2,2025-08-22 09:56:00,2025-08-22 10:00:00,1840.1,1841.0200499999999,1842.0,1841.0790000000002,50,LONG,2.9475000000161344,-358858.2974999481
cash_ACC,RSI2,2025-08-22 10:03:00,2025-08-22 10:05:00,1838.0,1838.9189999999999,1841.5,1840.57925,50,LONG,83.01250000000664,-358775.2849999481
cash_ACC,RSI2,2025-08-22 10:17:00,2025-08-22 10:25:00,1841.0,1841.9205,1841.7,1840.77915,50,LONG,-57.06749999999374,-358832.3524999481
cash_ACC,RSI2,2025-08-22 10:30:00,2025-08-22 10:35:00,1838.8,1839.7194,1841.0,1840.0795,50,LONG,18.00500000000511,-358814.3474999481
cash_ACC,RSI2,2025-08-22 10:40:00,2025-08-22 10:44:00,1839.5,1840.4197499999998,1839.8,1838.8801,50,LONG,-76.98249999998552,-358891.3299999481
cash_ACC,RSI2,2025-08-22 10:52:00,2025-08-22 11:05:00,1837.0,1837.9185,1833.5,1832.5832500000001,50,LONG,-266.762499999993,-359158.0924999481
cash_ACC,RSI2,2025-08-22 11:15:00,2025-08-22 11:22:00,1833.0,1833.9164999999998,1833.0,1832.0835000000002,50,LONG,-91.64999999998145,-359249.7424999481
cash_ACC,RSI2,2025-08-22 11:32:00,2025-08-22 11:40:00,1827.0,1827.9134999999999,1829.8,1828.8851,50,LONG,48.58000000000402,-359201.16249994806
cash_ACC,RSI2,2025-08-22 12:03:00,2025-08-22 12:05:00,1828.7,1829.6143499999998,1830.0,1829.085,50,LONG,-26.46749999998974,-359227.629999948
cash_ACC,RSI2,2025-08-22 12:19:00,2025-08-22 12:21:00,1826.0,1826.913,1828.8,1827.8856,50,LONG,48.63000000000284,-359178.999999948
cash_ACC,RSI2,2025-08-22 12:27:00,2025-08-22 12:28:00,1828.0,1828.914,1829.3,1828.38535,50,LONG,-26.432499999998527,-359205.432499948
cash_ACC,RSI2,2025-08-22 12:38:00,2025-08-22 12:42:00,1828.5,1829.4142499999998,1830.0,1829.085,50,LONG,-16.462499999988722,-359221.894999948
cash_ACC,RSI2,2025-08-22 13:01:00,2025-08-22 13:11:00,1829.1,1830.0145499999999,1825.9,1824.9870500000002,50,LONG,-251.37499999998454,-359473.269999948
cash_ACC,RSI2,2025-08-22 13:19:00,2025-08-22 13:24:00,1824.7,1825.6123499999999,1825.9,1824.9870500000002,50,LONG,-31.264999999984866,-359504.534999948
cash_ACC,RSI2,2025-08-22 14:01:00,2025-08-22 14:04:00,1824.4,1825.3122,1825.7,1824.78715,50,LONG,-26.252499999998236,-359530.787499948
cash_ACC,RSI2,2025-08-22 14:15:00,2025-08-22 14:18:00,1822.6,1823.5113,1823.7,1822.78815,50,LONG,-36.15749999999025,-359566.94499994797
cash_ACC,RSI2,2025-08-22 14:30:00,2025-08-22 14:39:00,1821.5,1822.41075,1822.9,1821.9885500000003,50,LONG,-21.109999999987394,-359588.05499994796
cash_ACC,RSI2,2025-08-22 14:45:00,2025-08-22 14:46:00,1821.6,1822.5107999999998,1822.4,1821.4888,50,LONG,-51.09999999998536,-359639.15499994793
cash_ACC,RSI2,2025-08-22 14:50:00,2025-08-22 14:52:00,1820.3,1821.2101499999999,1821.2,1820.2894000000001,50,LONG,-46.03749999998854,-359685.1924999479
cash_ACC,RSI2,2025-08-22 15:00:00,2025-08-22 15:05:00,1818.3,1819.20915,1820.0,1819.0900000000001,50,LONG,-5.957499999988158,-359691.14999994787
cash_ACC,RSI2,2025-08-22 15:28:00,2025-08-25 09:15:00,1821.0,1821.9105,1825.9,1824.9870500000002,50,LONG,153.82750000001124,-359537.32249994786
cash_ACC,RSI2,2025-08-25 09:19:00,2025-08-25 09:31:00,1818.6,1819.5092999999997,1809.9,1808.9950500000002,50,LONG,-525.7124999999746,-360063.0349999478
cash_ACC,RSI2,2025-08-25 09:56:00,2025-08-25 10:04:00,1811.2,1812.1055999999999,1810.5,1809.5947500000002,50,LONG,-125.54249999998319,-360188.5774999478
cash_ACC,RSI2,2025-08-25 10:28:00,2025-08-25 10:31:00,1814.0,1814.907,1815.6,1814.6922,50,LONG,-10.739999999998417,-360199.3174999478
cash_ACC,RSI2,2025-08-25 10:38:00,2025-08-25 10:42:00,1813.0,1813.9064999999998,1815.5,1814.5922500000001,50,LONG,34.28750000001628,-360165.02999994776
cash_ACC,RSI2,2025-08-25 10:50:00,2025-08-25 10:52:00,1816.7,1817.60835,1821.3,1820.3893500000001,50,LONG,139.05000000000882,-360025.97999994777
cash_ACC,RSI2,2025-08-25 10:59:00,2025-08-25 11:05:00,1822.0,1822.9109999999998,1822.9,1821.9885500000003,50,LONG,-46.12249999997857,-360072.10249994777
cash_ACC,RSI2,2025-08-25 11:14:00,2025-08-25 11:31:00,1820.6,1821.5103,1816.7,1815.7916500000001,50,LONG,-285.9324999999899,-360358.03499994776
cash_ACC,RSI2,2025-08-25 11:34:00,2025-08-25 11:46:00,1815.0,1815.9074999999998,1814.7,1813.79265,50,LONG,-105.74249999998528,-360463.77749994776
cash_ACC,RSI2,2025-08-25 11:54:00,2025-08-25 11:57:00,1813.4,1814.3067,1813.6,1812.6932,50,LONG,-80.67500000000791,-360544.45249994774
cash_ACC,RSI2,2025-08-25 12:02:00,2025-08-25 12:06:00,1812.3,1813.2061499999998,1813.5,1812.5932500000001,50,LONG,-30.644999999981337,-360575.0974999477
cash_ACC,RSI2,2025-08-25 12:25:00,2025-08-25 12:26:00,1815.7,1816.6078499999999,1816.3,1815.39185,50,LONG,-60.799999999994725,-360635.8974999477
cash_ACC,RSI2,2025-08-25 12:29:00,2025-08-25 12:32:00,1813.0,1813.9064999999998,1815.7,1814.7921500000002,50,LONG,44.28250000001981,-360591.61499994766
cash_ACC,RSI2,2025-08-25 12:36:00,2025-08-25 12:37:00,1813.8,1814.7069,1815.4,1814.4923000000001,50,LONG,-10.729999999989559,-360602.34499994764
cash_ACC,RSI2,2025-08-25 13:01:00,2025-08-25 13:05:00,1815.8,1816.7078999999999,1816.7,1815.7916500000001,50,LONG,-45.81249999998818,-360648.15749994764
cash_ACC,RSI2,2025-08-25 13:18:00,2025-08-25 13:19:00,1815.7,1816.6078499999999,1816.2,1815.2919000000002,50,LONG,-65.79749999998512,-360713.95499994763
cash_ACC,RSI2,2025-08-25 13:34:00,2025-08-25 13:36:00,1816.4,1817.3082,1820.0,1819.0900000000001,50,LONG,89.09000000001015,-360624.8649999476
cash_ACC,RSI2,2025-08-25 13:43:00,2025-08-25 13:44:00,1819.0,1819.9095,1819.9,1818.99005,50,LONG,-45.97249999999349,-360670.8374999476
cash_ACC,RSI2,2025-08-25 14:12:00,2025-08-25 14:21:00,1819.2,1820.1096,1819.0,1818.0905,50,LONG,-100.95499999999902,-360771.7924999476
cash_ACC,RSI2,2025-08-25 14:22:00,2025-08-25 15:06:00,1818.3,1819.20915,1809.4,1808.4953000000003,50,LONG,-535.6924999999819,-361307.4849999476
cash_ACC,RSI2,2025-08-25 15:14:00,2025-08-25 15:20:00,1807.0,1807.9035,1808.4,1807.4958000000001,50,LONG,-20.384999999987485,-361327.8699999476
cash_ACC,RSI2,2025-08-26 09:22:00,2025-08-26 09:37:00,1804.4,1805.3022,1803.9,1802.9980500000001,50,LONG,-115.2074999999968,-361443.0774999476
cash_ACC,RSI2,2025-08-26 10:21:00,2025-08-26 10:23:00,1808.0,1808.904,1809.3,1808.39535,50,LONG,-25.432499999999436,-361468.5099999476
cash_ACC,RSI2,2025-08-26 10:28:00,2025-08-26 10:30:00,1808.1,1809.0040499999998,1809.0,1808.0955000000001,50,LONG,-45.4274999999825,-361513.9374999476
cash_ACC,RSI2,2025-08-26 10:33:00,2025-08-26 10:41:00,1806.3,1807.2031499999998,1807.6,1806.6962,50,LONG,-25.347499999986667,-361539.2849999476
cash_ACC,RSI2,2025-08-26 10:45:00,2025-08-26 11:01:00,1803.9,1804.80195,1804.4,1803.4978,50,LONG,-65.2074999999968,-361604.4924999476
cash_ACC,RSI2,2025-08-26 11:11:00,2025-08-26 11:15:00,1806.3,1807.2031499999998,1806.4,1805.4968000000001,50,LONG,-85.3174999999851,-361689.8099999476
cash_ACC,RSI2,2025-08-26 11:34:00,2025-08-26 11:39:00,1806.6,1807.5032999999999,1807.4,1806.4963000000002,50,LONG,-50.349999999980355,-361740.1599999476
cash_ACC,RSI2,2025-08-26 11:45:00,2025-08-26 11:47:00,1806.3,1807.2031499999998,1807.5,1806.59625,50,LONG,-30.34499999998843,-361770.50499994756
cash_ACC,RSI2,2025-08-26 12:34:00,2025-08-26 12:44:00,1804.4,1805.3022,1804.1,1803.19795,50,LONG,-105.21250000000464,-361875.7174999476
cash_ACC,RSI2,2025-08-26 12:58:00,2025-08-26 12:59:00,1804.0,1804.9019999999998,1804.9,1803.9975500000003,50,LONG,-45.22249999997712,-361920.93999994756
cash_ACC,RSI2,2025-08-26 13:07:00,2025-08-26 13:11:00,1803.9,1804.80195,1804.7,1803.7976500000002,50,LONG,-50.214999999991505,-361971.1549999475
cash_ACC,RSI2,2025-08-26 13:39:00,2025-08-26 13:41:00,1803.1,1804.0015499999997,1804.0,1803.0980000000002,50,LONG,-45.177499999977044,-362016.3324999475
cash_ACC,RSI2,2025-08-26 13:47:00,2025-08-26 13:48:00,1802.9,1803.80145,1804.2,1803.2979000000003,50,LONG,-25.177499999983866,-362041.5099999475
cash_ACC,RSI2,2025-08-26 14:04:00,2025-08-26 14:05:00,1803.7,1804.60185,1804.3,1803.39785,50,LONG,-60.199999999997544,-362101.7099999475
cash_ACC,RSI2,2025-08-26 14:12:00,2025-08-26 14:15:00,1803.1,1804.0015499999997,1803.3,1802.3983500000002,50,LONG,-80.15999999997803,-362181.8699999475
cash_ACC,RSI2,2025-08-26 14:20:00,2025-08-26 14:22:00,1802.3,1803.2011499999999,1803.0,1802.0985,50,LONG,-55.132499999990614,-362237.0024999475
cash_ACC,RSI2,2025-08-26 14:27:00,2025-08-26 14:35:00,1799.9,1800.79995,1799.9,1799.00005,50,LONG,-89.99499999999898,-362326.9974999475
cash_ACC,RSI2,2025-08-26 14:42:00,2025-08-26 14:45:00,1799.4,1800.2997,1799.8,1798.9001,50,LONG,-69.9799999999982,-362396.9774999475
cash_ACC,RSI2,2025-08-26 14:57:00,2025-08-26 14:59:00,1801.2,1802.1006,1803.9,1802.9980500000001,50,LONG,44.87250000000813,-362352.1049999475
cash_ACC,RSI2,2025-08-26 15:04:00,2025-08-26 15:14:00,1799.4,1800.2997,1799.4,1798.5003000000002,50,LONG,-89.96999999999389,-362442.07499994745
cash_ACC,RSI2,2025-08-26 15:25:00,2025-08-28 09:15:00,1796.8,1797.6983999999998,1804.3,1803.39785,50,LONG,284.97250000001486,-362157.1024999474
cash_ACC,RSI2,2025-08-28 09:22:00,2025-08-28 09:34:00,1792.1,1792.9960499999997,1785.8,1784.9071000000001,50,LONG,-404.44749999998066,-362561.5499999474
cash_ACC,RSI2,2025-08-28 10:19:00,2025-08-28 10:21:00,1804.5,1805.4022499999999,1805.8,1804.8971000000001,50,LONG,-25.25749999998652,-362586.80749994743
cash_ACC,RSI2,2025-08-28 10:39:00,2025-08-28 10:46:00,1807.3,1808.20365,1808.2,1807.2959,50,LONG,-45.38749999999254,-362632.19499994745
cash_ACC,RSI2,2025-08-28 11:00:00,2025-08-28 11:05:00,1809.0,1809.9044999999999,1809.0,1808.0955000000001,50,LONG,-90.44999999998709,-362722.64499994746
cash_ACC,RSI2,2025-08-28 11:20:00,2025-08-28 11:22:00,1808.2,1809.1041,1809.0,1808.0955000000001,50,LONG,-50.42999999999438,-362773.07499994745
cash_ACC,RSI2,2025-08-28 11:55:00,2025-08-28 12:11:00,1809.8,1810.7049,1808.3,1807.39585,50,LONG,-165.45249999999214,-362938.52749994746
cash_ACC,RSI2,2025-08-28 12:27:00,2025-08-28 12:31:00,1807.3,1808.20365,1808.1,1807.19595,50,LONG,-50.38499999999431,-362988.9124999475
cash_ACC,RSI2,2025-08-28 13:00:00,2025-08-28 13:03:00,1806.2,1807.1031,1807.3,1806.39635,50,LONG,-35.33750000000282,-363024.2499999475
cash_ACC,RSI2,2025-08-28 13:14:00,2025-08-28 13:26:00,1806.5,1807.4032499999998,1803.5,1802.59825,50,LONG,-240.24999999999181,-363264.4999999475
cash_ACC,RSI2,2025-08-28 13:36:00,2025-08-28 13:58:00,1801.8,1802.7008999999998,1797.0,1796.1015,50,LONG,-329.9699999999916,-363594.46999994747
cash_ACC,RSI2,2025-08-28 14:33:00,2025-08-28 14:40:00,1806.0,1806.9029999999998,1805.0,1804.0975,50,LONG,-140.27499999998554,-363734.74499994743
cash_ACC,RSI2,2025-08-28 14:51:00,2025-08-28 14:54:00,1804.0,1804.9019999999998,1804.4,1803.4978,50,LONG,-70.20999999998594,-363804.9549999474
cash_ACC,RSI2,2025-08-28 14:58:00,2025-08-28 15:10:00,1802.2,1803.1010999999999,1803.8,1802.8981,50,LONG,-10.149999999987358,-363815.10499994736
cash_ACC,RSI2,2025-08-28 15:15:00,2025-08-28 15:23:00,1800.2,1801.1000999999999,1799.4,1798.5003000000002,50,LONG,-129.9899999999866,-363945.09499994735
cash_ACC,RSI2,2025-08-28 15:28:00,2025-08-29 09:15:00,1797.1,1797.9985499999998,1815.0,1814.0925000000002,50,LONG,804.6975000000202,-363140.39749994734
cash_ACC,RSI2,2025-08-29 09:23:00,2025-08-29 09:24:00,1809.2,1810.1046,1811.9,1810.9940500000002,50,LONG,44.47250000001759,-363095.9249999473
cash_ACC,RSI2,2025-08-29 09:28:00,2025-08-29 09:30:00,1808.1,1809.0040499999998,1812.2,1811.2939000000001,50,LONG,114.49250000001712,-362981.4324999473
cash_ACC,RSI2,2025-08-29 09:34:00,2025-08-29 09:38:00,1808.0,1808.904,1808.5,1807.5957500000002,50,LONG,-65.41249999999081,-363046.8449999473
cash_ACC,RSI2,2025-08-29 09:53:00,2025-08-29 09:57:00,1813.8,1814.7069,1815.9,1814.9920500000003,50,LONG,14.257500000019263,-363032.5874999473
cash_ACC,RSI2,2025-08-29 10:01:00,2025-08-29 10:03:00,1812.5,1813.40625,1813.8,1812.8931,50,LONG,-25.6574999999998,-363058.24499994726
cash_ACC,RSI2,2025-08-29 10:07:00,2025-08-29 10:10:00,1809.5,1810.40475,1810.2,1809.2949,50,LONG,-55.492499999991196,-363113.73749994725
cash_ACC,RSI2,2025-08-29 10:21:00,2025-08-29 10:22:00,1803.9,1804.80195,1805.0,1804.0975,50,LONG,-35.22249999999758,-363148.9599999472
cash_ACC,RSI2,2025-08-29 11:42:00,2025-08-29 11:44:00,1810.6,1811.5052999999998,1812.0,1811.094,50,LONG,-20.564999999987776,-363169.5249999472
cash_ACC,RSI2,2025-08-29 12:08:00,2025-08-29 12:14:00,1810.6,1811.5052999999998,1812.0,1811.094,50,LONG,-20.564999999987776,-363190.08999994723
cash_ACC,RSI2,2025-08-29 12:20:00,2025-08-29 12:27:00,1809.7,1810.60485,1810.8,1809.8946,50,LONG,-35.512499999993,-363225.60249994724
cash_ACC,RSI2,2025-08-29 12:31:00,2025-08-29 12:46:00,1808.5,1809.4042499999998,1804.7,1803.7976500000002,50,LONG,-280.3299999999808,-363505.9324999472
cash_ACC,RSI2,2025-08-29 12:55:00,2025-08-29 12:58:00,1804.6,1805.5022999999999,1805.9,1804.9970500000002,50,LONG,-25.262499999985266,-363531.1949999472
cash_ACC,RSI2,2025-08-29 13:07:00,2025-08-29 13:10:00,1801.0,1801.9005,1803.2,1802.2984000000001,50,LONG,19.895000000008167,-363511.2999999472
cash_ACC,RSI2,2025-08-29 13:47:00,2025-08-29 13:52:00,1803.0,1803.9015,1804.4,1803.4978,50,LONG,-20.184999999992215,-363531.4849999472
cash_ACC,RSI2,2025-08-29 13:59:00,2025-08-29 14:05:00,1801.5,1802.4007499999998,1802.7,1801.7986500000002,50,LONG,-30.104999999980464,-363561.5899999472
cash_ACC,RSI2,2025-08-29 14:20:00,2025-08-29 14:22:00,1801.2,1802.1006,1803.6,1802.6982,50,LONG,29.880000000002838,-363531.70999994717
cash_ACC,RSI2,2025-08-29 14:27:00,2025-08-29 14:34:00,1801.0,1801.9005,1801.1,1800.19945,50,LONG,-85.05249999999478,-363616.76249994716
cash_ACC,RSI2,2025-08-29 14:54:00,2025-08-29 14:55:00,1801.7,1802.60085,1803.2,1802.2984000000001,50,LONG,-15.122499999995398,-363631.88499994716
cash_ACC,RSI2,2025-08-29 15:07:00,2025-08-29 15:16:00,1803.1,1804.0015499999997,1801.9,1800.9990500000001,50,LONG,-150.12499999998,-363782.00999994716
cash_ACC,RSI2,2025-08-29 15:27:00,2025-08-29 15:29:00,1800.2,1801.1000999999999,1802.0,1801.0990000000002,50,LONG,-0.05499999998619387,-363782.06499994715
cash_ACC,RSI2,2025-09-01 09:25:00,2025-09-01 09:27:00,1812.0,1812.906,1814.9,1813.9925500000002,50,LONG,54.32750000001079,-363727.73749994714
cash_ACC,RSI2,2025-09-01 09:37:00,2025-09-01 09:38:00,1810.4,1811.3052,1812.1,1811.19395,50,LONG,-5.562499999996362,-363733.29999994714
cash_ACC,RSI2,2025-09-01 09:50:00,2025-09-01 09:53:00,1815.0,1815.9074999999998,1816.4,1815.4918000000002,50,LONG,-20.784999999978027,-363754.0849999471
cash_ACC,RSI2,2025-09-01 10:05:00,2025-09-01 10:12:00,1813.0,1813.9064999999998,1812.5,1811.59375,50,LONG,-115.63749999999118,-363869.7224999471
cash_ACC,RSI2,2025-09-01 10:19:00,2025-09-01 10:23:00,1810.0,1810.905,1810.3,1809.3948500000001,50,LONG,-75.50749999999198,-363945.2299999471
cash_ACC,RSI2,2025-09-01 10:43:00,2025-09-01 10:59:00,1814.6,1815.5072999999998,1814.4,1813.4928000000002,50,LONG,-100.72499999997717,-364045.9549999471
cash_ACC,RSI2,2025-09-01 11:36:00,2025-09-01 11:41:00,1816.0,1816.908,1817.0,1816.0915,50,LONG,-40.82499999999527,-364086.7799999471
cash_ACC,RSI2,2025-09-01 11:46:00,2025-09-01 11:55:00,1815.8,1816.7078999999999,1813.4,1812.4933,50,LONG,-210.72999999998956,-364297.5099999471
cash_ACC,RSI2,2025-09-01 12:21:00,2025-09-01 12:26:00,1816.0,1816.908,1817.3,1816.39135,50,LONG,-25.832499999989977,-364323.3424999471
cash_ACC,RSI2,2025-09-01 12:36:00,2025-09-01 12:48:00,1815.0,1815.9074999999998,1814.2,1813.2929000000001,50,LONG,-130.72999999998274,-364454.0724999471
cash_ACC,RSI2,2025-09-01 12:50:00,2025-09-01 12:55:00,1811.9,1812.80595,1813.0,1812.0935000000002,50,LONG,-35.62249999998812,-364489.6949999471
cash_ACC,RSI2,2025-09-01 13:14:00,2025-09-01 13:17:00,1812.1,1813.0060499999997,1812.5,1811.59375,50,LONG,-70.6149999999866,-364560.3099999471
cash_ACC,RSI2,2025-09-01 13:50:00,2025-09-01 13:53:00,1813.6,1814.5067999999999,1815.0,1814.0925000000002,50,LONG,-20.71499999998423,-364581.02499994705
cash_ACC,RSI2,2025-09-01 14:30:00,2025-09-01 14:32:00,1815.3,1816.2076499999998,1817.9,1816.99105,50,LONG,39.170000000012806,-364541.854999947
cash_ACC,RSI2,2025-09-01 14:52:00,2025-09-01 14:55:00,1818.1,1819.00905,1818.9,1817.9905500000002,50,LONG,-50.92499999998381,-364592.779999947
cash_ACC,RSI2,2025-09-01 15:00:00,2025-09-01 15:14:00,1818.1,1819.00905,1818.0,1817.0910000000001,50,LONG,-95.90249999998832,-364688.68249994697
cash_ACC,RSI2,2025-09-02 09:22:00,2025-09-02 09:23:00,1826.6,1827.5132999999998,1829.9,1828.9850500000002,50,LONG,73.58750000001919,-364615.09499994694
cash_ACC,RSI2,2025-09-02 09:29:00,2025-09-02 09:32:00,1822.0,1822.9109999999998,1823.9,1822.9880500000002,50,LONG,3.8525000000163345,-364611.2424999469
cash_ACC,RSI2,2025-09-02 10:13:00,2025-09-02 10:16:00,1825.7,1826.61285,1828.0,1827.086,50,LONG,23.65750000000162,-364587.5849999469
cash_ACC,RSI2,2025-09-02 10:34:00,2025-09-02 10:39:00,1831.0,1831.9154999999998,1830.0,1829.085,50,LONG,-141.5249999999901,-364729.10999994684
cash_ACC,RSI2,2025-09-02 10:45:00,2025-09-02 10:50:00,1827.8,1828.7139,1827.0,1826.0865000000001,50,LONG,-131.36999999999261,-364860.47999994684
cash_ACC,RSI2,2025-09-02 10:51:00,2025-09-02 10:54:00,1824.0,1824.9119999999998,1827.9,1826.9860500000002,50,LONG,103.70250000001988,-364756.7774999468
cash_ACC,RSI2,2025-09-02 11:07:00,2025-09-02 11:11:00,1831.6,1832.5158,1832.6,1831.6837,50,LONG,-41.60499999999274,-364798.3824999468
cash_ACC,RSI2,2025-09-02 11:15:00,2025-09-02 11:18:00,1830.0,1830.915,1831.0,1830.0845000000002,50,LONG,-41.52499999999009,-364839.90749994677
cash_ACC,RSI2,2025-09-02 11:22:00,2025-09-02 11:24:00,1828.9,1829.81445,1829.7,1828.7851500000002,50,LONG,-51.46499999999605,-364891.37249994674
cash_ACC,RSI2,2025-09-02 11:28:00,2025-09-02 11:29:00,1829.1,1830.0145499999999,1830.2,1829.2849,50,LONG,-36.48249999998825,-364927.8549999467
cash_ACC,RSI2,2025-09-02 11:39:00,2025-09-02 11:40:00,1830.7,1831.61535,1831.7,1830.7841500000002,50,LONG,-41.55999999999267,-364969.4149999467
cash_ACC,RSI2,2025-09-02 12:26:00,2025-09-02 12:31:00,1830.3,1831.2151499999998,1830.8,1829.8846,50,LONG,-66.52749999998377,-365035.9424999467
cash_ACC,RSI2,2025-09-02 12:42:00,2025-09-02 12:47:00,1829.6,1830.5147999999997,1829.8,1828.8851,50,LONG,-81.48499999998648,-365117.4274999467
cash_ACC,RSI2,2025-09-02 13:11:00,2025-09-02 13:12:00,1828.2,1829.1141,1829.0,1828.0855000000001,50,LONG,-51.42999999999347,-365168.85749994667
cash_ACC,RSI2,2025-09-02 13:15:00,2025-09-02 13:26:00,1828.0,1828.914,1822.0,1821.0890000000002,50,LONG,-391.2499999999909,-365560.10749994667
cash_ACC,RSI2,2025-09-02 13:48:00,2025-09-02 13:52:00,1818.2,1819.1091,1818.7,1817.7906500000001,50,LONG,-65.92249999998785,-365626.02999994665
cash_ACC,RSI2,2025-09-02 14:07:00,2025-09-02 14:10:00,1813.0,1813.9064999999998,1815.3,1814.39235,50,LONG,24.29250000001275,-365601.7374999466
cash_ACC,RSI2,2025-09-02 14:24:00,2025-09-02 14:32:00,1814.0,1814.907,1815.7,1814.7921500000002,50,LONG,-5.742499999985284,-365607.4799999466
cash_ACC,RSI2,2025-09-02 15:28:00,2025-09-03 09:15:00,1821.0,1821.9105,1828.1,1827.18595,50,LONG,263.7725000000046,-365343.7074999466
cash_ACC,RSI2,2025-09-03 09:31:00,2025-09-03 09:34:00,1823.3,1824.21165,1824.5,1823.5877500000001,50,LONG,-31.19499999999107,-365374.9024999466
cash_ACC,RSI2,2025-09-03 09:44:00,2025-09-03 09:47:00,1823.1,1824.0115499999997,1824.9,1823.9875500000003,50,LONG,-1.1999999999716238,-365376.10249994654
cash_ACC,RSI2,2025-09-03 10:11:00,2025-09-03 10:14:00,1833.9,1834.81695,1834.1,1833.1829500000001,50,LONG,-81.69999999998936,-365457.80249994656
cash_ACC,RSI2,2025-09-03 10:31:00,2025-09-03 10:42:00,1843.4,1844.3217,1842.0,1841.0790000000002,50,LONG,-162.1349999999893,-365619.93749994657
cash_ACC,RSI2,2025-09-03 10:50:00,2025-09-03 10:55:00,1838.6,1839.5192999999997,1838.7,1837.7806500000002,50,LONG,-86.93249999997761,-365706.86999994656
cash_ACC,RSI2,2025-09-03 11:05:00,2025-09-03 11:10:00,1840.0,1840.9199999999998,1840.0,1839.0800000000002,50,LONG,-91.99999999998454,-365798.86999994656
cash_ACC,RSI2,2025-09-03 11:16:00,2025-09-03 11:21:00,1838.7,1839.61935,1840.0,1839.0800000000002,50,LONG,-26.967499999989286,-365825.83749994653
cash_ACC,RSI2,2025-09-03 11:24:00,2025-09-03 11:30:00,1837.0,1837.9185,1837.0,1836.0815,50,LONG,-91.84999999999945,-365917.6874999465
cash_ACC,RSI2,2025-09-03 11:35:00,2025-09-03 11:37:00,1835.4,1836.3177,1836.4,1835.4818000000002,50,LONG,-41.79499999999052,-365959.4824999465
cash_ACC,RSI2,2025-09-03 11:59:00,2025-09-03 12:01:00,1837.0,1837.9185,1839.1,1838.18045,50,LONG,13.097500000003492,-365946.38499994646
cash_ACC,RSI2,2025-09-03 12:05:00,2025-09-03 12:09:00,1836.4,1837.3182,1837.1,1836.18145,50,LONG,-56.837499999994634,-366003.2224999465
cash_ACC,RSI2,2025-09-03 12:27:00,2025-09-03 12:32:00,1836.6,1837.5182999999997,1838.0,1837.0810000000001,50,LONG,-21.864999999979773,-366025.0874999465
cash_ACC,RSI2,2025-09-03 12:46:00,2025-09-03 13:01:00,1837.3,1838.2186499999998,1835.9,1834.9820500000003,50,LONG,-161.82999999997492,-366186.91749994643
cash_ACC,RSI2,2025-09-03 13:20:00,2025-09-03 13:22:00,1834.2,1835.1171,1836.9,1835.9815500000002,50,LONG,43.22250000001304,-366143.6949999464
cash_ACC,RSI2,2025-09-03 13:32:00,2025-09-03 13:35:00,1835.6,1836.5177999999999,1836.8,1835.8816000000002,50,LONG,-31.809999999984484,-366175.5049999464
cash_ACC,RSI2,2025-09-03 14:08:00,2025-09-03 14:15:00,1837.0,1837.9185,1837.3,1836.38135,50,LONG,-76.85749999999416,-366252.3624999464
cash_ACC,RSI2,2025-09-03 14:43:00,2025-09-03 14:51:00,1840.0,1840.9199999999998,1839.9,1838.9800500000001,50,LONG,-96.9974999999863,-366349.3599999464
cash_ACC,RSI2,2025-09-03 14:54:00,2025-09-03 14:59:00,1838.1,1839.0190499999999,1841.8,1840.8791,50,LONG,93.00250000001142,-366256.3574999464
cash_ACC,RSI2,2025-09-03 15:18:00,2025-09-03 15:23:00,1842.4,1843.3212,1843.2,1842.2784000000001,50,LONG,-52.139999999997144,-366308.4974999464
cash_ACC,RSI2,2025-09-04 09:21:00,2025-09-04 09:27:00,1860.4,1861.3301999999999,1863.2,1862.2684000000002,50,LONG,46.91000000001395,-366261.58749994636
cash_ACC,RSI2,2025-09-04 09:39:00,2025-09-04 09:51:00,1864.9,1865.8324499999999,1863.3,1862.36835,50,LONG,-173.20499999999583,-366434.7924999464
cash_ACC,RSI2,2025-09-04 10:03:00,2025-09-04 10:16:00,1862.0,1862.9309999999998,1854.0,1853.073,50,LONG,-492.899999999986,-366927.69249994634
cash_ACC,RSI2,2025-09-04 10:48:00,2025-09-04 10:53:00,1853.2,1854.1266,1856.0,1855.0720000000001,50,LONG,47.270000000003165,-366880.4224999463
cash_ACC,RSI2,2025-09-04 11:10:00,2025-09-04 11:13:00,1856.4,1857.3282,1857.2,1856.2714,50,LONG,-52.83999999999196,-366933.2624999463
cash_ACC,RSI2,2025-09-04 11:25:00,2025-09-04 11:30:00,1847.2,1848.1236,1850.3,1849.3748500000002,50,LONG,62.56250000001273,-366870.6999999463
cash_ACC,RSI2,2025-09-04 11:37:00,2025-09-04 11:38:00,1848.7,1849.62435,1849.8,1848.8751,50,LONG,-37.46250000000373,-366908.1624999463
cash_ACC,RSI2,2025-09-04 12:21:00,2025-09-04 12:29:00,1849.1,1850.0245499999999,1848.5,1847.5757500000002,50,LONG,-122.43999999998323,-367030.6024999463
cash_ACC,RSI2,2025-09-04 12:43:00,2025-09-04 12:44:00,1849.0,1849.9244999999999,1850.3,1849.3748500000002,50,LONG,-27.482499999985066,-367058.0849999463
cash_ACC,RSI2,2025-09-04 12:52:00,2025-09-04 12:54:00,1848.9,1849.82445,1851.7,1850.7741500000002,50,LONG,47.48500000000604,-367010.5999999463
cash_ACC,RSI2,2025-09-04 13:09:00,2025-09-04 13:13:00,1848.4,1849.3242,1850.5,1849.57475,50,LONG,12.527499999998781,-366998.0724999463
cash_ACC,RSI2,2025-09-04 13:23:00,2025-09-04 13:30:00,1849.2,1850.1245999999999,1850.9,1849.9745500000001,50,LONG,-7.502499999986867,-367005.5749999463
cash_ACC,RSI2,2025-09-04 13:38:00,2025-09-04 13:43:00,1848.5,1849.4242499999998,1849.8,1848.8751,50,LONG,-27.45749999999134,-367033.0324999463
cash_ACC,RSI2,2025-09-04 13:46:00,2025-09-04 13:52:00,1845.0,1845.9225,1847.4,1846.4763000000003,50,LONG,27.690000000018244,-367005.3424999463
cash_ACC,RSI2,2025-09-04 14:30:00,2025-09-04 14:31:00,1846.2,1847.1231,1846.7,1845.7766500000002,50,LONG,-67.32249999998885,-367072.6649999463
cash_ACC,RSI2,2025-09-04 14:45:00,2025-09-04 15:00:00,1847.3,1848.22365,1846.2,1845.2769,50,LONG,-147.3374999999919,-367220.0024999463
cash_ACC,RSI2,2025-09-04 15:11:00,2025-09-04 15:14:00,1841.1,1842.0205499999997,1842.5,1841.5787500000001,50,LONG,-22.089999999980137,-367242.09249994624
cash_ACC,RSI2,2025-09-04 15:18:00,2025-09-04 15:25:00,1836.5,1837.41825,1834.9,1833.9825500000002,50,LONG,-171.7849999999885,-367413.8774999462
cash_ACC,RSI2,2025-09-05 09:23:00,2025-09-05 09:27:00,1830.1,1831.0150499999997,1833.9,1832.9830500000003,50,LONG,98.40000000002647,-367315.4774999462
cash_ACC,RSI2,2025-09-05 09:39:00,2025-09-05 09:43:00,1833.0,1833.9164999999998,1838.3,1837.38085,50,LONG,173.21750000000975,-367142.25999994617
cash_ACC,RSI2,2025-09-05 10:03:00,2025-09-05 10:09:00,1841.3,1842.2206499999998,1842.3,1841.37885,50,LONG,-42.089999999984684,-367184.34999994613
cash_ACC,RSI2,2025-09-05 10:12:00,2025-09-05 10:24:00,1834.9,1835.81745,1830.6,1829.6847,50,LONG,-306.63749999999936,-367490.98749994615
cash_ACC,RSI2,2025-09-05 10:34:00,2025-09-05 10:39:00,1828.7,1829.6143499999998,1829.0,1828.0855000000001,50,LONG,-76.44249999998465,-367567.42999994615
cash_ACC,RSI2,2025-09-05 10:48:00,2025-09-05 10:53:00,1827.0,1827.9134999999999,1827.4,1826.4863000000003,50,LONG,-71.35999999998148,-367638.78999994614
cash_ACC,RSI2,2025-09-05 11:02:00,2025-09-05 11:04:00,1825.1,1826.01255,1828.0,1827.086,50,LONG,53.672500000004675,-367585.11749994615
cash_ACC,RSI2,2025-09-05 11:08:00,2025-09-05 11:11:00,1826.0,1826.913,1828.0,1827.086,50,LONG,8.650000000000091,-367576.4674999461
cash_ACC,RSI2,2025-09-05 11:17:00,2025-09-05 11:20:00,1825.1,1826.01255,1829.0,1828.0855000000001,50,LONG,103.64750000001095,-367472.8199999461
cash_ACC,RSI2,2025-09-05 11:25:00,2025-09-05 11:26:00,1826.5,1827.4132499999998,1829.9,1828.9850500000002,50,LONG,78.5900000000197,-367394.2299999461
cash_ACC,RSI2,2025-09-05 11:35:00,2025-09-05 11:39:00,1829.0,1829.9144999999999,1828.6,1827.6857,50,LONG,-111.43999999999323,-367505.6699999461
cash_ACC,RSI2,2025-09-05 11:45:00,2025-09-05 12:05:00,1827.0,1827.9134999999999,1823.0,1822.0885,50,LONG,-291.2499999999909,-367796.9199999461
cash_ACC,RSI2,2025-09-05 12:13:00,2025-09-05 12:17:00,1821.5,1822.41075,1821.1,1820.18945,50,LONG,-111.06499999999642,-367907.9849999461
cash_ACC,RSI2,2025-09-05 12:27:00,2025-09-05 12:30:00,1820.7,1821.61035,1822.0,1821.0890000000002,50,LONG,-26.06749999998783,-367934.0524999461
cash_ACC,RSI2,2025-09-05 12:34:00,2025-09-05 12:38:00,1819.0,1819.9095,1820.2,1819.2899000000002,50,LONG,-30.979999999988195,-367965.0324999461
cash_ACC,RSI2,2025-09-05 12:48:00,2025-09-05 12:50:00,1821.3,1822.2106499999998,1822.1,1821.18895,50,LONG,-51.08499999998912,-368016.11749994603
cash_ACC,RSI2,2025-09-05 12:52:00,2025-09-05 12:53:00,1821.0,1821.9105,1823.0,1822.0885,50,LONG,8.900000000005548,-368007.217499946
cash_ACC,RSI2,2025-09-05 13:38:00,2025-09-05 13:45:00,1829.0,1829.9144999999999,1828.8,1827.8856,50,LONG,-101.4449999999897,-368108.662499946
cash_ACC,RSI2,2025-09-05 13:50:00,2025-09-05 13:54:00,1827.0,1827.9134999999999,1828.3,1827.3858500000001,50,LONG,-26.38249999998834,-368135.044999946
cash_ACC,RSI2,2025-09-05 14:22:00,2025-09-05 14:30:00,1829.6,1830.5147999999997,1829.2,1828.2854000000002,50,LONG,-111.46999999997433,-368246.514999946
cash_ACC,RSI2,2025-09-05 15:13:00,2025-09-05 15:15:00,1829.0,1829.9144999999999,1830.0,1829.085,50,LONG,-41.47499999999127,-368287.989999946
cash_ACC,RSI2,2025-09-05 15:22:00,2025-09-05 15:24:00,1826.4,1827.3132,1828.5,1827.5857500000002,50,LONG,13.627500000006876,-368274.362499946
cash_ACC,RSI2,2025-09-08 09:52:00,2025-09-08 09:57:00,1844.0,1844.9219999999998,1844.1,1843.17795,50,LONG,-87.20249999998941,-368361.564999946
cash_ACC,RSI2,2025-09-08 10:09:00,2025-09-08 10:13:00,1845.0,1845.9225,1845.5,1844.57725,50,LONG,-67.26249999999254,-368428.827499946
cash_ACC,RSI2,2025-09-08 10:22:00,2025-09-08 10:27:00,1843.2,1844.1216,1845.5,1844.57725,50,LONG,22.782500000005257,-368406.04499994597
cash_ACC,RSI2,2025-09-08 10:31:00,2025-09-08 10:42:00,1841.5,1842.42075,1841.0,1840.0795,50,LONG,-117.06249999999727,-368523.10749994597
cash_ACC,RSI2,2025-09-08 10:52:00,2025-09-08 11:06:00,1838.3,1839.21915,1837.4,1836.4813000000001,50,LONG,-136.89249999998765,-368659.999999946
cash_ACC,RSI2,2025-09-08 11:38:00,2025-09-08 11:42:00,1839.0,1839.9195,1840.0,1839.0800000000002,50,LONG,-41.974999999990814,-368701.97499994596
cash_ACC,RSI2,2025-09-08 11:52:00,2025-09-08 11:59:00,1840.4,1841.3201999999999,1841.0,1840.0795,50,LONG,-62.03499999999167,-368764.00999994593
cash_ACC,RSI2,2025-09-08 12:11:00,2025-09-08 12:12:00,1841.0,1841.9205,1842.0,1841.0790000000002,50,LONG,-42.07499999998845,-368806.08499994595
cash_ACC,RSI2,2025-09-08 12:29:00,2025-09-08 12:30:00,1837.2,1838.1186,1839.9,1838.9800500000001,50,LONG,43.07250000000522,-368763.01249994594
cash_ACC,RSI2,2025-09-08 13:13:00,2025-09-08 13:16:00,1844.5,1845.4222499999998,1845.5,1844.57725,50,LONG,-42.249999999989996,-368805.26249994594
cash_ACC,RSI2,2025-09-08 13:19:00,2025-09-08 13:25:00,1844.5,1845.4222499999998,1845.3,1844.37735,50,LONG,-52.244999999993524,-368857.50749994593
cash_ACC,RSI2,2025-09-08 13:27:00,2025-09-08 13:29:00,1844.0,1844.9219999999998,1845.0,1844.0775,50,LONG,-42.2249999999849,-368899.7324999459
cash_ACC,RSI2,2025-09-08 13:41:00,2025-09-08 13:44:00,1845.1,1846.02255,1845.9,1844.9770500000002,50,LONG,-52.274999999985994,-368952.0074999459
cash_ACC,RSI2,2025-09-08 14:51:00,2025-09-08 14:58:00,1844.0,1844.9219999999998,1841.7,1840.77915,50,LONG,-207.14249999998628,-369159.14999994583
cash_ACC,RSI2,2025-09-08 15:01:00,2025-09-08 15:05:00,1838.3,1839.21915,1840.1,1839.17995,50,LONG,-1.9599999999968531,-369161.10999994585
cash_ACC,RSI2,2025-09-08 15:11:00,2025-09-08 15:17:00,1838.0,1838.9189999999999,1838.1,1837.18095,50,LONG,-86.90249999999651,-369248.0124999458
cash_ACC,RSI2,2025-09-09 09:52:00,2025-09-09 09:57:00,1850.3,1851.2251499999998,1852.5,1851.57375,50,LONG,17.430000000013024,-369230.5824999458
cash_ACC,RSI2,2025-09-09 10:44:00,2025-09-09 10:53:00,1852.0,1852.926,1852.0,1851.074,50,LONG,-92.59999999999309,-369323.1824999458
cash_ACC,RSI2,2025-09-09 11:06:00,2025-09-09 11:10:00,1850.2,1851.1251,1851.4,1850.4743,50,LONG,-32.53999999999451,-369355.7224999458
cash_ACC,RSI2,2025-09-09 11:23:00,2025-09-09 11:29:00,1847.4,1848.3237,1848.4,1847.4758000000002,50,LONG,-42.394999999987704,-369398.11749994574
cash_ACC,RSI2,2025-09-09 12:02:00,2025-09-09 12:03:00,1851.0,1851.9254999999998,1851.8,1850.8741,50,LONG,-52.56999999999152,-369450.68749994575
cash_ACC,RSI2,2025-09-09 12:15:00,2025-09-09 12:19:00,1849.7,1850.62485,1850.5,1849.57475,50,LONG,-52.50499999999647,-369503.19249994576
cash_ACC,RSI2,2025-09-09 12:28:00,2025-09-09 12:32:00,1849.7,1850.62485,1850.4,1849.4748000000002,50,LONG,-57.50249999998687,-369560.69499994576
cash_ACC,RSI2,2025-09-09 12:52:00,2025-09-09 12:55:00,1849.0,1849.9244999999999,1850.5,1849.57475,50,LONG,-17.487499999992906,-369578.18249994575
cash_ACC,RSI2,2025-09-09 13:03:00,2025-09-09 13:05:00,1849.7,1850.62485,1850.9,1849.9745500000001,50,LONG,-32.51499999998941,-369610.69749994576
cash_ACC,RSI2,2025-09-09 13:16:00,2025-09-09 13:18:00,1850.7,1851.62535,1851.9,1850.9740500000003,50,LONG,-32.56499999998823,-369643.26249994576
cash_ACC,RSI2,2025-09-09 13:34:00,2025-09-09 13:38:00,1850.0,1850.925,1850.2,1849.2749000000001,50,LONG,-82.50499999999192,-369725.76749994577
cash_ACC,RSI2,2025-09-09 13:46:00,2025-09-09 13:51:00,1849.9,1850.82495,1850.6,1849.6747,50,LONG,-57.512499999995725,-369783.2799999458
cash_ACC,RSI2,2025-09-09 14:16:00,2025-09-09 14:22:00,1849.5,1850.42475,1851.1,1850.17445,50,LONG,-12.514999999996235,-369795.7949999458
cash_ACC,RSI2,2025-09-09 14:37:00,2025-09-09 14:42:00,1848.4,1849.3242,1849.8,1848.8751,50,LONG,-22.4550000000022,-369818.2499999458
cash_ACC,RSI2,2025-09-09 15:18:00,2025-09-09 15:26:00,1850.3,1851.2251499999998,1850.2,1849.2749000000001,50,LONG,-97.51249999998208,-369915.76249994576
cash_ACC,RSI2,2025-09-09 15:27:00,2025-09-10 09:15:00,1849.6,1850.5248,1857.5,1856.5712500000002,50,LONG,302.32250000001386,-369613.43999994575
cash_ACC,RSI2,2025-09-10 09:26:00,2025-09-10 09:27:00,1849.4,1850.3247,1851.2,1850.2744000000002,50,LONG,-2.5149999999825923,-369615.9549999457
cash_ACC,RSI2,2025-09-10 10:04:00,2025-09-10 10:05:00,1849.5,1850.42475,1850.8,1849.8746,50,LONG,-27.50749999999016,-369643.4624999457
cash_ACC,RSI2,2025-09-10 10:21:00,2025-09-10 10:23:00,1849.9,1850.82495,1851.2,1850.2744000000002,50,LONG,-27.52749999998514,-369670.9899999457
cash_ACC,RSI2,2025-09-10 10:39:00,2025-09-10 10:41:00,1849.5,1850.42475,1850.0,1849.075,50,LONG,-67.4874999999929,-369738.4774999457
cash_ACC,RSI2,2025-09-10 10:42:00,2025-09-10 10:49:00,1847.2,1848.1236,1848.5,1847.5757500000002,50,LONG,-27.39249999998492,-369765.86999994563
cash_ACC,RSI2,2025-09-10 11:50:00,2025-09-10 11:52:00,1849.9,1850.82495,1850.8,1849.8746,50,LONG,-47.5174999999922,-369813.38749994565
cash_ACC,RSI2,2025-09-10 12:27:00,2025-09-10 12:46:00,1849.7,1850.62485,1850.1,1849.17495,50,LONG,-72.49499999999216,-369885.88249994564
cash_ACC,RSI2,2025-09-10 13:05:00,2025-09-10 13:08:00,1849.8,1850.7249,1851.6,1850.6742,50,LONG,-2.5350000000003092,-369888.4174999456
cash_ACC,RSI2,2025-09-10 13:13:00,2025-09-10 13:19:00,1850.4,1851.3252,1849.4,1848.4753000000003,50,LONG,-142.49499999998534,-370030.9124999456
cash_ACC,RSI2,2025-09-10 13:30:00,2025-09-10 13:32:00,1848.7,1849.62435,1850.0,1849.075,50,LONG,-27.4675000000002,-370058.37999994564
cash_ACC,RSI2,2025-09-10 13:47:00,2025-09-10 13:52:00,1848.2,1849.1241,1850.7,1849.77465,50,LONG,32.52750000000333,-370025.8524999456
cash_ACC,RSI2,2025-09-10 14:00:00,2025-09-10 14:03:00,1848.2,1849.1241,1848.9,1847.97555,50,LONG,-57.427499999994325,-370083.2799999456
cash_ACC,RSI2,2025-09-10 14:15:00,2025-09-10 14:18:00,1849.6,1850.5248,1850.0,1849.075,50,LONG,-72.48999999999342,-370155.7699999456
cash_ACC,RSI2,2025-09-10 14:21:00,2025-09-10 14:22:00,1849.0,1849.9244999999999,1850.1,1849.17495,50,LONG,-37.477499999988595,-370193.2474999456
cash_ACC,RSI2,2025-09-10 14:26:00,2025-09-10 14:34:00,1847.0,1847.9234999999999,1846.9,1845.97655,50,LONG,-97.3474999999894,-370290.59499994555
cash_ACC,RSI2,2025-09-10 15:02:00,2025-09-10 15:04:00,1845.3,1846.22265,1846.0,1845.077,50,LONG,-57.28249999999662,-370347.8774999455
cash_ACC,RSI2,2025-09-11 09:57:00,2025-09-11 10:00:00,1852.6,1853.5262999999998,1854.9,1853.9725500000002,50,LONG,22.31250000002092,-370325.5649999455
cash_ACC,RSI2,2025-09-11 10:06:00,2025-09-11 10:10:00,1850.7,1851.62535,1852.4,1851.4738000000002,50,LONG,-7.577499999990778,-370333.14249994553
cash_ACC,RSI2,2025-09-11 10:49:00,2025-09-11 10:53:00,1852.2,1853.1261,1853.8,1852.8731,50,LONG,-12.649999999996453,-370345.79249994556
cash_ACC,RSI2,2025-09-11 11:08:00,2025-09-11 11:10:00,1850.4,1851.3252,1851.6,1850.6742,50,LONG,-32.550000000003365,-370378.34249994555
cash_ACC,RSI2,2025-09-11 11:42:00,2025-09-11 11:51:00,1848.0,1848.924,1848.5,1847.5757500000002,50,LONG,-67.412499999989,-370445.7549999455
cash_ACC,RSI2,2025-09-11 12:12:00,2025-09-11 12:15:00,1849.0,1849.9244999999999,1849.9,1848.9750500000002,50,LONG,-47.472499999980755,-370493.2274999455
cash_ACC,RSI2,2025-09-11 12:21:00,2025-09-11 12:23:00,1848.0,1848.924,1848.9,1847.97555,50,LONG,-47.422499999993306,-370540.6499999455
cash_ACC,RSI2,2025-09-11 12:32:00,2025-09-11 12:36:00,1848.6,1849.5242999999998,1849.5,1848.57525,50,LONG,-47.452499999985776,-370588.1024999455
cash_ACC,RSI2,2025-09-11 12:47:00,2025-09-11 12:58:00,1845.5,1846.42275,1843.5,1842.57825,50,LONG,-192.22499999999627,-370780.3274999455
cash_ACC,RSI2,2025-09-11 13:03:00,2025-09-11 13:05:00,1841.8,1842.7208999999998,1843.2,1842.2784000000001,50,LONG,-22.12499999998272,-370802.4524999455
cash_ACC,RSI2,2025-09-11 13:09:00,2025-09-11 13:17:00,1841.2,1842.1206,1840.6,1839.6797,50,LONG,-122.0450000000028,-370924.49749994546
cash_ACC,RSI2,2025-09-11 13:53:00,2025-09-11 13:57:00,1840.1,1841.0200499999999,1840.9,1839.9795500000002,50,LONG,-52.02499999998054,-370976.5224999454
cash_ACC,RSI2,2025-09-11 14:00:00,2025-09-11 14:07:00,1837.0,1837.9185,1836.3,1835.38185,50,LONG,-126.83250000000044,-371103.35499994544
cash_ACC,RSI2,2025-09-11 14:50:00,2025-09-11 14:52:00,1840.4,1841.3201999999999,1841.3,1840.3793500000002,50,LONG,-47.042499999986376,-371150.3974999454
cash_ACC,RSI2,2025-09-11 15:02:00,2025-09-11 15:06:00,1842.0,1842.9209999999998,1843.0,1842.0785,50,LONG,-42.12499999998727,-371192.5224999454
cash_ACC,RSI2,2025-09-12 09:36:00,2025-09-12 09:38:00,1852.1,1853.0260499999997,1854.0,1853.073,50,LONG,2.347500000018954,-371190.1749999454
cash_ACC,RSI2,2025-09-12 09:46:00,2025-09-12 09:48:00,1850.2,1851.1251,1851.4,1850.4743,50,LONG,-32.53999999999451,-371222.71499994537
cash_ACC,RSI2,2025-09-12 10:09:00,2025-09-12 10:13:00,1853.3,1854.2266499999998,1855.0,1854.0725,50,LONG,-7.707499999992251,-371230.4224999454
cash_ACC,RSI2,2025-09-12 10:17:00,2025-09-12 10:21:00,1852.6,1853.5262999999998,1853.1,1852.17345,50,LONG,-67.6424999999881,-371298.0649999454
cash_ACC,RSI2,2025-09-12 10:25:00,2025-09-12 10:34:00,1851.4,1852.3257,1851.9,1850.9740500000003,50,LONG,-67.5824999999918,-371365.6474999454
cash_ACC,RSI2,2025-09-12 10:44:00,2025-09-12 10:53:00,1850.5,1851.42525,1850.2,1849.2749000000001,50,LONG,-107.51749999999447,-371473.16499994544
cash_ACC,RSI2,2025-09-12 11:26:00,2025-09-12 11:38:00,1851.1,1852.0255499999998,1851.0,1850.0745000000002,50,LONG,-97.55249999998341,-371570.71749994543
cash_ACC,RSI2,2025-09-12 11:49:00,2025-09-12 11:56:00,1849.8,1850.7249,1850.3,1849.3748500000002,50,LONG,-67.50249999998914,-371638.21999994543
cash_ACC,RSI2,2025-09-12 12:07:00,2025-09-12 12:08:00,1850.3,1851.2251499999998,1851.1,1850.17445,50,LONG,-52.53499999998894,-371690.7549999454
cash_ACC,RSI2,2025-09-12 12:19:00,2025-09-12 12:22:00,1850.1,1851.0250499999997,1851.0,1850.0745000000002,50,LONG,-47.52749999997832,-371738.2824999454
cash_ACC,RSI2,2025-09-12 12:35:00,2025-09-12 12:39:00,1850.5,1851.42525,1851.4,1850.4743,50,LONG,-47.547499999996035,-371785.82999994536
cash_ACC,RSI2,2025-09-12 12:54:00,2025-09-12 12:56:00,1850.0,1850.925,1850.9,1849.9745500000001,50,LONG,-47.52249999999094,-371833.3524999453
cash_ACC,RSI2,2025-09-12 13:08:00,2025-09-12 13:25:00,1850.5,1851.42525,1850.7,1849.77465,50,LONG,-82.52999999999702,-371915.8824999453
cash_ACC,RSI2,2025-09-12 13:39:00,2025-09-12 13:43:00,1849.5,1850.42475,1850.0,1849.075,50,LONG,-67.4874999999929,-371983.3699999453
cash_ACC,RSI2,2025-09-12 13:48:00,2025-09-12 13:50:00,1849.5,1850.42475,1850.4,1849.4748000000002,50,LONG,-47.49749999998585,-372030.8674999453
cash_ACC,RSI2,2025-09-12 13:55:00,2025-09-12 13:59:00,1849.5,1850.42475,1850.1,1849.17495,50,LONG,-62.48999999999114,-372093.35749994527
cash_ACC,RSI2,2025-09-12 14:31:00,2025-09-12 14:35:00,1848.5,1849.4242499999998,1849.8,1848.8751,50,LONG,-27.45749999999134,-372120.8149999453
cash_ACC,RSI2,2025-09-12 14:53:00,2025-09-12 14:55:00,1849.6,1850.5248,1849.8,1848.8751,50,LONG,-82.48499999999694,-372203.2999999453
cash_ACC,RSI2,2025-09-12 15:06:00,2025-09-12 15:09:00,1849.5,1850.42475,1851.2,1850.2744000000002,50,LONG,-7.517499999983102,-372210.81749994523
cash_ACC,RSI2,2025-09-12 15:18:00,2025-09-12 15:22:00,1849.5,1850.42475,1850.3,1849.3748500000002,50,LONG,-52.49499999998761,-372263.3124999452
cash_ACC,RSI2,2025-09-15 09:19:00,2025-09-15 09:21:00,1849.0,1849.9244999999999,1851.0,1850.0745000000002,50,LONG,7.500000000015916,-372255.8124999452
cash_ACC,RSI2,2025-09-15 09:39:00,2025-09-15 09:41:00,1854.6,1855.5272999999997,1858.0,1857.0710000000001,50,LONG,77.18500000001995,-372178.6274999452
cash_ACC,RSI2,2025-09-15 09:55:00,2025-09-15 09:58:00,1860.0,1860.9299999999998,1861.5,1860.56925,50,LONG,-18.03749999999127,-372196.6649999452
cash_ACC,RSI2,2025-09-15 10:10:00,2025-09-15 10:22:00,1860.5,1861.43025,1860.0,1859.0700000000002,50,LONG,-118.01249999998618,-372314.6774999452
cash_ACC,RSI2,2025-09-15 10:29:00,2025-09-15 10:32:00,1857.9,1858.82895,1858.0,1857.0710000000001,50,LONG,-87.89749999999685,-372402.57499994524
cash_ACC,RSI2,2025-09-15 10:36:00,2025-09-15 10:39:00,1857.1,1858.0285499999998,1858.0,1857.0710000000001,50,LONG,-47.87749999998141,-372450.45249994524
cash_ACC,RSI2,2025-09-15 11:15:00,2025-09-15 11:22:00,1858.1,1859.0290499999999,1859.5,1858.5702500000002,50,LONG,-22.939999999982774,-372473.39249994524
cash_ACC,RSI2,2025-09-15 11:41:00,2025-09-15 11:44:00,1858.6,1859.5292999999997,1859.6,1858.6702,50,LONG,-42.954999999983556,-372516.3474999452
cash_ACC,RSI2,2025-09-15 12:04:00,2025-09-15 12:15:00,1860.5,1861.43025,1861.1,1860.16945,50,LONG,-63.039999999989504,-372579.3874999452
cash_ACC,RSI2,2025-09-15 12:23:00,2025-09-15 12:25:00,1859.1,1860.0295499999997,1860.1,1859.16995,50,LONG,-42.97999999998865,-372622.36749994516
cash_ACC,RSI2,2025-09-15 12:52:00,2025-09-15 12:55:00,1859.1,1860.0295499999997,1860.0,1859.0700000000002,50,LONG,-47.977499999979045,-372670.34499994514
cash_ACC,RSI2,2025-09-15 13:09:00,2025-09-15 13:12:00,1858.6,1859.5292999999997,1860.1,1859.16995,50,LONG,-17.967499999986103,-372688.3124999451
cash_ACC,RSI2,2025-09-15 13:32:00,2025-09-15 13:34:00,1858.5,1859.42925,1859.4,1858.4703000000002,50,LONG,-47.947499999986576,-372736.2599999451
cash_ACC,RSI2,2025-09-15 14:28:00,2025-09-15 14:30:00,1857.5,1858.4287499999998,1858.0,1857.0710000000001,50,LONG,-67.88749999998345,-372804.14749994513
cash_ACC,RSI2,2025-09-15 15:21:00,2025-09-15 15:25:00,1860.1,1861.0300499999998,1861.6,1860.6692,50,LONG,-18.042499999990014,-372822.1899999451
cash_ACC,RSI2,2025-09-15 15:29:00,2025-09-16 09:15:00,1860.0,1860.9299999999998,1868.0,1867.066,50,LONG,306.80000000000973,-372515.3899999451
cash_ACC,RSI2,2025-09-16 09:37:00,2025-09-16 09:40:00,1872.2,1873.1361,1875.4,1874.4623000000001,50,LONG,66.31000000000995,-372449.0799999451
cash_ACC,RSI2,2025-09-16 09:46:00,2025-09-16 09:48:00,1871.7,1872.63585,1872.6,1871.6637,50,LONG,-48.60749999999143,-372497.6874999451
cash_ACC,RSI2,2025-09-16 09:54:00,2025-09-16 09:57:00,1870.0,1870.935,1871.7,1870.7641500000002,50,LONG,-8.542499999987285,-372506.2299999451
cash_ACC,RSI2,2025-09-16 10:08:00,2025-09-16 10:11:00,1871.3,1872.2356499999999,1871.8,1870.8641,50,LONG,-68.57749999999214,-372574.8074999451
cash_ACC,RSI2,2025-09-16 10:14:00,2025-09-16 10:16:00,1870.2,1871.1351,1872.5,1871.56375,50,LONG,21.432500000003074,-372553.3749999451
cash_ACC,RSI2,2025-09-16 10:23:00,2025-09-16 10:28:00,1872.2,1873.1361,1872.1,1871.16395,50,LONG,-98.60749999999143,-372651.9824999451
cash_ACC,RSI2,2025-09-16 10:34:00,2025-09-16 10:40:00,1871.0,1871.9354999999998,1872.1,1871.16395,50,LONG,-38.57749999998532,-372690.5599999451
cash_ACC,RSI2,2025-09-16 11:53:00,2025-09-16 11:58:00,1872.1,1873.0360499999997,1872.8,1871.8636000000001,50,LONG,-58.62249999997857,-372749.1824999451
cash_ACC,RSI2,2025-09-16 12:02:00,2025-09-16 12:08:00,1871.5,1872.4357499999999,1873.5,1872.5632500000002,50,LONG,6.375000000014097,-372742.8074999451
cash_ACC,RSI2,2025-09-16 12:19:00,2025-09-16 12:30:00,1871.5,1872.4357499999999,1871.0,1870.0645000000002,50,LONG,-118.56249999998454,-372861.3699999451
cash_ACC,RSI2,2025-09-16 12:35:00,2025-09-16 12:39:00,1869.0,1869.9344999999998,1870.4,1869.4648000000002,50,LONG,-23.484999999982392,-372884.8549999451
cash_ACC,RSI2,2025-09-16 12:53:00,2025-09-16 12:55:00,1869.1,1870.0345499999999,1869.9,1868.9650500000002,50,LONG,-53.474999999980355,-372938.32999994507
cash_ACC,RSI2,2025-09-16 12:58:00,2025-09-16 13:03:00,1868.1,1869.0340499999998,1870.0,1869.065,50,LONG,1.547500000015134,-372936.782499945
cash_ACC,RSI2,2025-09-16 13:19:00,2025-09-16 13:32:00,1870.5,1871.43525,1869.8,1868.8651,50,LONG,-128.50750000000062,-373065.28999994503
cash_ACC,RSI2,2025-09-16 13:47:00,2025-09-16 14:05:00,1869.6,1870.5348,1865.4,1864.4673000000003,50,LONG,-303.3749999999827,-373368.66499994503
cash_ACC,RSI2,2025-09-16 14:33:00,2025-09-16 14:35:00,1866.6,1867.5332999999998,1867.3,1866.36635,50,LONG,-58.34749999999076,-373427.012499945
cash_ACC,RSI2,2025-09-16 14:51:00,2025-09-16 14:56:00,1864.0,1864.9319999999998,1866.0,1865.067,50,LONG,6.750000000010914,-373420.262499945
cash_ACC,RSI2,2025-09-17 09:38:00,2025-09-17 09:39:00,1872.1,1873.0360499999997,1875.3,1874.36235,50,LONG,66.31500000002006,-373353.947499945
cash_ACC,RSI2,2025-09-17 09:45:00,2025-09-17 09:57:00,1865.6,1866.5327999999997,1863.8,1862.8681000000001,50,LONG,-183.2349999999792,-373537.182499945
cash_ACC,RSI2,2025-09-17 10:06:00,2025-09-17 10:13:00,1863.5,1864.43175,1862.9,1861.9685500000003,50,LONG,-123.1599999999844,-373660.34249994496
cash_ACC,RSI2,2025-09-17 10:29:00,2025-09-17 10:38:00,1864.0,1864.9319999999998,1864.0,1863.0680000000002,50,LONG,-93.1999999999789,-373753.5424999449
cash_ACC,RSI2,2025-09-17 10:40:00,2025-09-17 10:51:00,1862.5,1863.4312499999999,1861.5,1860.56925,50,LONG,-143.09999999999263,-373896.6424999449
cash_ACC,RSI2,2025-09-17 11:29:00,2025-09-17 11:31:00,1862.3,1863.2311499999998,1863.4,1862.4683000000002,50,LONG,-38.14249999998083,-373934.78499994485
cash_ACC,RSI2,2025-09-17 12:06:00,2025-09-17 12:22:00,1859.1,1860.0295499999997,1859.0,1858.0705,50,LONG,-97.95249999998532,-374032.73749994487
cash_ACC,RSI2,2025-09-17 12:31:00,2025-09-17 12:43:00,1856.9,1857.82845,1857.5,1856.5712500000002,50,LONG,-62.85999999998921,-374095.59749994485
cash_ACC,RSI2,2025-09-17 13:04:00,2025-09-17 13:11:00,1858.7,1859.62935,1859.0,1858.0705,50,LONG,-77.94249999999465,-374173.53999994486
cash_ACC,RSI2,2025-09-17 13:12:00,2025-09-17 13:14:00,1858.0,1858.9289999999999,1858.9,1857.9705500000002,50,LONG,-47.92249999998148,-374221.46249994484
cash_ACC,RSI2,2025-09-17 13:41:00,2025-09-17 13:53:00,1857.3,1858.2286499999998,1855.4,1854.4723000000001,50,LONG,-187.81749999998283,-374409.27999994485
cash_ACC,RSI2,2025-09-17 14:03:00,2025-09-17 14:05:00,1854.0,1854.927,1854.8,1853.8726000000001,50,LONG,-52.71999999998798,-374461.9999999448
cash_ACC,RSI2,2025-09-17 14:09:00,2025-09-17 14:13:00,1850.1,1851.0250499999997,1850.9,1849.9745500000001,50,LONG,-52.52499999998008,-374514.5249999448
cash_ACC,RSI2,2025-09-17 14:31:00,2025-09-17 14:34:00,1851.8,1852.7259,1853.7,1852.7731500000002,50,LONG,2.3625000000151886,-374512.1624999448
cash_ACC,RSI2,2025-09-17 15:04:00,2025-09-17 15:08:00,1855.4,1856.3277,1856.0,1855.0720000000001,50,LONG,-62.78499999999667,-374574.94749994477
cash_ACC,RSI2,2025-09-17 15:28:00,2025-09-17 15:29:00,1854.1,1855.02705,1857.0,1856.0715,50,LONG,52.22250000000486,-374522.72499994474
cash_ACC,RSI2,2025-09-18 09:51:00,2025-09-18 09:57:00,1860.5,1861.43025,1861.1,1860.16945,50,LONG,-63.039999999989504,-374585.7649999447
cash_ACC,RSI2,2025-09-18 10:04:00,2025-09-18 10:05:00,1859.9,1860.82995,1861.0,1860.0695,50,LONG,-38.02249999999958,-374623.78749994474
cash_ACC,RSI2,2025-09-18 10:31:00,2025-09-18 10:33:00,1857.8,1858.7288999999998,1859.5,1858.5702500000002,50,LONG,-7.932499999981246,-374631.71999994473
cash_ACC,RSI2,2025-09-18 10:46:00,2025-09-18 10:57:00,1860.1,1861.0300499999998,1859.1,1858.17045,50,LONG,-142.97999999998865,-374774.6999999447
cash_ACC,RSI2,2025-09-18 11:19:00,2025-09-18 11:21:00,1862.0,1862.9309999999998,1863.0,1862.0685,50,LONG,-43.12499999998636,-374817.8249999447
cash_ACC,RSI2,2025-09-18 11:31:00,2025-09-18 11:39:00,1861.3,1862.2306499999997,1862.9,1861.9685500000003,50,LONG,-13.104999999973188,-374830.9299999447
cash_ACC,RSI2,2025-09-18 11:40:00,2025-09-18 11:50:00,1855.8,1856.7278999999999,1849.5,1848.57525,50,LONG,-407.63249999998834,-375238.5624999447
cash_ACC,RSI2,2025-09-18 12:14:00,2025-09-18 12:20:00,1850.0,1850.925,1852.2,1851.2739000000001,50,LONG,17.44500000000926,-375221.1174999447
cash_ACC,RSI2,2025-09-18 13:39:00,2025-09-18 13:41:00,1857.0,1857.9285,1857.8,1856.8711,50,LONG,-52.8699999999958,-375273.9874999447
cash_ACC,RSI2,2025-09-18 13:54:00,2025-09-18 13:59:00,1856.3,1857.22815,1857.5,1856.5712500000002,50,LONG,-32.84499999998616,-375306.83249994466
cash_ACC,RSI2,2025-09-18 14:24:00,2025-09-18 14:28:00,1857.2,1858.1286,1858.7,1857.7706500000002,50,LONG,-17.897499999992306,-375324.7299999447
cash_ACC,RSI2,2025-09-18 14:38:00,2025-09-18 14:39:00,1858.0,1858.9289999999999,1859.0,1858.0705,50,LONG,-42.92499999999109,-375367.6549999447
cash_ACC,RSI2,2025-09-18 14:56:00,2025-09-18 15:00:00,1860.0,1860.9299999999998,1859.0,1858.0705,50,LONG,-142.9749999999899,-375510.62999994465
cash_ACC,RSI2,2025-09-18 15:18:00,2025-09-18 15:22:00,1858.4,1859.3292,1858.4,1857.4708000000003,50,LONG,-92.91999999998097,-375603.54999994463
cash_ACC,RSI2,2025-09-19 09:22:00,2025-09-19 09:27:00,1871.9,1872.83595,1874.6,1873.6627,50,LONG,41.33750000000873,-375562.2124999446
cash_ACC,RSI2,2025-09-19 09:32:00,2025-09-19 09:47:00,1865.0,1865.9325,1865.5,1864.56725,50,LONG,-68.26249999999163,-375630.4749999446
cash_ACC,RSI2,2025-09-19 09:55:00,2025-09-19 09:57:00,1862.0,1862.9309999999998,1865.9,1864.9670500000002,50,LONG,101.80250000001934,-375528.67249994463
cash_ACC,RSI2,2025-09-19 10:13:00,2025-09-19 10:15:00,1861.9,1862.83095,1864.2,1863.2679,50,LONG,21.84750000000122,-375506.82499994466
cash_ACC,RSI2,2025-09-19 10:50:00,2025-09-19 11:06:00,1871.8,1872.7359,1868.2,1867.2659,50,LONG,-273.49999999999,-375780.32499994466
cash_ACC,RSI2,2025-09-19 11:15:00,2025-09-19 11:20:00,1868.0,1868.934,1868.5,1867.5657500000002,50,LONG,-68.41249999998809,-375848.73749994463
cash_ACC,RSI2,2025-09-19 11:36:00,2025-09-19 11:38:00,1867.3,1868.23365,1869.5,1868.56525,50,LONG,16.580000000010386,-375832.1574999446
cash_ACC,RSI2,2025-09-19 11:49:00,2025-09-19 11:53:00,1866.2,1867.1331,1868.8,1867.8656,50,LONG,36.62500000000364,-375795.5324999446
cash_ACC,RSI2,2025-09-19 12:29:00,2025-09-19 12:32:00,1869.7,1870.63485,1871.0,1870.0645000000002,50,LONG,-28.51749999998674,-375824.0499999446
cash_ACC,RSI2,2025-09-19 12:48:00,2025-09-19 12:54:00,1871.8,1872.7359,1873.0,1872.0635000000002,50,LONG,-33.619999999984884,-375857.66999994457
cash_ACC,RSI2,2025-09-19 13:25:00,2025-09-19 13:31:00,1873.3,1874.2366499999998,1874.6,1873.6627,50,LONG,-28.69749999998703,-375886.3674999446
cash_ACC,RSI2,2025-09-19 14:03:00,2025-09-19 14:11:00,1873.4,1874.3367,1873.0,1872.0635000000002,50,LONG,-113.65999999999303,-376000.02749994455
cash_ACC,RSI2,2025-09-19 14:31:00,2025-09-19 14:32:00,1871.7,1872.63585,1874.0,1873.063,50,LONG,21.357500000010532,-375978.66999994457
cash_ACC,RSI2,2025-09-19 14:40:00,2025-09-19 14:44:00,1871.1,1872.0355499999998,1873.9,1872.9630500000003,50,LONG,46.37500000002319,-375932.29499994457
cash_ACC,RSI2,2025-09-19 15:25:00,2025-09-22 09:15:00,1880.0,1880.9399999999998,1881.0,1880.0595,50,LONG,-44.02499999998781,-375976.31999994454
cash_ACC,RSI2,2025-09-22 09:41:00,2025-09-22 09:44:00,1879.5,1880.43975,1881.9,1880.9590500000002,50,LONG,25.965000000007876,-375950.3549999445
cash_ACC,RSI2,2025-09-22 09:52:00,2025-09-22 09:55:00,1878.8,1879.7394,1880.7,1879.7596500000002,50,LONG,1.0125000000130058,-375949.3424999445
cash_ACC,RSI2,2025-09-22 10:18:00,2025-09-22 10:30:00,1876.1,1877.0380499999999,1876.3,1875.36185,50,LONG,-83.80999999999403,-376033.1524999445
cash_ACC,RSI2,2025-09-22 10:42:00,2025-09-22 10:43:00,1878.2,1879.1390999999999,1880.0,1879.0600000000002,50,LONG,-3.9549999999849206,-376037.10749994445
cash_ACC,RSI2,2025-09-22 11:24:00,2025-09-22 11:33:00,1902.0,1902.9509999999998,1899.1,1898.15045,50,LONG,-240.02749999998514,-376277.1349999444
cash_ACC,RSI2,2025-09-22 11:39:00,2025-09-22 11:49:00,1896.8,1897.7484,1896.9,1895.9515500000002,50,LONG,-89.8424999999861,-376366.9774999444
cash_ACC,RSI2,2025-09-22 12:01:00,2025-09-22 12:04:00,1899.7,1900.64985,1900.3,1899.34985,50,LONG,-64.99999999999773,-376431.9774999444
cash_ACC,RSI2,2025-09-22 12:06:00,2025-09-22 12:09:00,1898.2,1899.1490999999999,1900.0,1899.0500000000002,50,LONG,-4.954999999984011,-376436.93249994435
cash_ACC,RSI2,2025-09-22 12:13:00,2025-09-22 12:20:00,1898.0,1898.9489999999998,1901.1,1900.1494500000001,50,LONG,60.02250000001368,-376376.9099999443
cash_ACC,RSI2,2025-09-22 12:41:00,2025-09-22 12:49:00,1903.0,1903.9515,1902.9,1901.9485500000003,50,LONG,-100.14749999998003,-376477.0574999443
cash_ACC,RSI2,2025-09-22 12:53:00,2025-09-22 12:55:00,1901.1,1902.0505499999997,1902.0,1901.0490000000002,50,LONG,-50.07749999997486,-376527.13499994425
cash_ACC,RSI2,2025-09-22 13:17:00,2025-09-22 13:25:00,1908.2,1909.1541,1907.0,1906.0465000000002,50,LONG,-155.379999999991,-376682.51499994425
cash_ACC,RSI2,2025-09-22 13:29:00,2025-09-22 13:38:00,1902.7,1903.6513499999999,1902.9,1901.9485500000003,50,LONG,-85.1399999999785,-376767.6549999442
cash_ACC,RSI2,2025-09-22 13:56:00,2025-09-22 14:09:00,1904.5,1905.4522499999998,1899.8,1898.8501,50,LONG,-330.1074999999855,-377097.7624999442
cash_ACC,RSI2,2025-09-22 14:27:00,2025-09-22 14:50:00,1898.6,1899.5493,1886.8,1885.8566,50,LONG,-684.6349999999916,-377782.3974999442
cash_ACC,RSI2,2025-09-22 14:55:00,2025-09-22 14:58:00,1883.0,1883.9415,1885.0,1884.0575000000001,50,LONG,5.800000000010641,-377776.5974999442
cash_ACC,RSI2,2025-09-22 15:15:00,2025-09-22 15:23:00,1884.4,1885.3422,1882.9,1881.9585500000003,50,LONG,-169.18249999998807,-377945.7799999442
cash_ACC,RSI2,2025-09-23 09:30:00,2025-09-23 09:37:00,1887.3,1888.24365,1888.2,1887.2559,50,LONG,-49.387499999988904,-377995.1674999442
cash_ACC,RSI2,2025-09-23 09:43:00,2025-09-23 09:54:00,1884.0,1884.942,1881.0,1880.0595,50,LONG,-244.12499999999682,-378239.2924999442
cash_ACC,RSI2,2025-09-23 09:56:00,2025-09-23 09:59:00,1876.3,1877.23815,1880.0,1879.0600000000002,50,LONG,91.09250000001339,-378148.1999999442
cash_ACC,RSI2,2025-09-23 10:18:00,2025-09-23 10:27:00,1889.2,1890.1445999999999,1886.2,1885.2569,50,LONG,-244.3849999999884,-378392.5849999442
cash_ACC,RSI2,2025-09-23 10:57:00,2025-09-23 11:09:00,1890.6,1891.5452999999998,1885.4,1884.4573000000003,50,LONG,-354.39999999997553,-378746.98499994416
cash_ACC,RSI2,2025-09-23 11:14:00,2025-09-23 11:19:00,1882.4,1883.3412,1882.1,1881.15895,50,LONG,-109.11250000000337,-378856.09749994415
cash_ACC,RSI2,2025-09-23 11:36:00,2025-09-23 11:40:00,1881.1,1882.0405499999997,1881.9,1880.9590500000002,50,LONG,-54.074999999977535,-378910.1724999441
cash_ACC,RSI2,2025-09-23 12:02:00,2025-09-23 12:06:00,1878.6,1879.5393,1880.9,1879.9595500000003,50,LONG,21.012500000017553,-378889.1599999441
cash_ACC,RSI2,2025-09-23 12:24:00,2025-09-23 12:30:00,1882.8,1883.7413999999999,1883.0,1882.0585,50,LONG,-84.14499999998952,-378973.30499994406
cash_ACC,RSI2,2025-09-23 12:50:00,2025-09-23 12:51:00,1882.2,1883.1411,1883.4,1882.4583000000002,50,LONG,-34.13999999999078,-379007.44499994407
cash_ACC,RSI2,2025-09-23 13:11:00,2025-09-23 13:15:00,1885.3,1886.24265,1885.9,1884.9570500000002,50,LONG,-64.2799999999852,-379071.72499994404
cash_ACC,RSI2,2025-09-23 13:46:00,2025-09-23 13:51:00,1886.8,1887.7433999999998,1888.1,1887.15595,50,LONG,-29.372499999988122,-379101.09749994404
cash_ACC,RSI2,2025-09-23 13:54:00,2025-09-23 14:02:00,1885.6,1886.5427999999997,1885.0,1884.0575000000001,50,LONG,-124.26499999997986,-379225.362499944
cash_ACC,RSI2,2025-09-23 14:16:00,2025-09-23 14:19:00,1882.0,1882.9409999999998,1883.3,1882.35835,50,LONG,-29.132499999991524,-379254.494999944
cash_ACC,RSI2,2025-09-23 14:37:00,2025-09-23 14:43:00,1879.4,1880.3397,1879.9,1878.9600500000001,50,LONG,-68.9824999999928,-379323.477499944
cash_ACC,RSI2,2025-09-23 14:48:00,2025-09-23 14:59:00,1878.6,1879.5393,1877.5,1876.5612500000002,50,LONG,-148.9024999999856,-379472.37999994395
cash_ACC,RSI2,2025-09-23 15:03:00,2025-09-23 15:05:00,1876.6,1877.5382999999997,1877.4,1876.4613000000002,50,LONG,-53.84999999997717,-379526.2299999439
cash_ACC,RSI2,2025-09-24 09:19:00,2025-09-24 09:23:00,1870.2,1871.1351,1872.0,1871.064,50,LONG,-3.5549999999943793,-379529.7849999439
cash_ACC,RSI2,2025-09-24 09:30:00,2025-09-24 09:32:00,1866.5,1867.4332499999998,1871.9,1870.9640500000003,50,LONG,176.5400000000227,-379353.2449999439
cash_ACC,RSI2,2025-09-24 10:14:00,2025-09-24 10:26:00,1876.6,1877.5382999999997,1876.8,1875.8616,50,LONG,-83.83499999998776,-379437.07999994385
cash_ACC,RSI2,2025-09-24 10:37:00,2025-09-24 10:50:00,1876.0,1876.9379999999999,1876.0,1875.0620000000001,50,LONG,-93.79999999998745,-379530.87999994383
cash_ACC,RSI2,2025-09-24 10:57:00,2025-09-24 10:59:00,1871.8,1872.7359,1873.5,1872.5632500000002,50,LONG,-8.63249999998743,-379539.51249994384
cash_ACC,RSI2,2025-09-24 11:04:00,2025-09-24 11:10:00,1869.3,1870.2346499999999,1869.9,1868.9650500000002,50,LONG,-63.47999999998137,-379602.9924999438
cash_ACC,RSI2,2025-09-24 11:22:00,2025-09-24 11:27:00,1870.9,1871.83545,1871.6,1870.6642,50,LONG,-58.562500000005,-379661.5549999438
cash_ACC,RSI2,2025-09-24 11:52:00,2025-09-24 11:56:00,1871.2,1872.1355999999998,1873.2,1872.2634,50,LONG,6.390000000010332,-379655.1649999438
cash_ACC,RSI2,2025-09-24 12:04:00,2025-09-24 12:08:00,1870.6,1871.5352999999998,1872.0,1871.064,50,LONG,-23.564999999985048,-379678.7299999438
cash_ACC,RSI2,2025-09-24 12:27:00,2025-09-24 12:29:00,1870.7,1871.63535,1872.5,1871.56375,50,LONG,-3.5799999999994725,-379682.3099999438
cash_ACC,RSI2,2025-09-24 12:44:00,2025-09-24 12:46:00,1870.2,1871.1351,1871.3,1870.36435,50,LONG,-38.53749999999536,-379720.8474999438
cash_ACC,RSI2,2025-09-24 13:04:00,2025-09-24 13:07:00,1867.8,1868.7339,1869.0,1868.0655000000002,50,LONG,-33.419999999989614,-379754.2674999438
cash_ACC,RSI2,2025-09-24 13:20:00,2025-09-24 13:24:00,1868.1,1869.0340499999998,1868.6,1867.6657,50,LONG,-68.41749999998683,-379822.68499994377
cash_ACC,RSI2,2025-09-24 13:26:00,2025-09-24 13:30:00,1866.0,1866.933,1867.0,1866.0665000000001,50,LONG,-43.324999999993,-379866.0099999438
cash_ACC,RSI2,2025-09-24 13:47:00,2025-09-24 13:50:00,1865.8,1866.7328999999997,1866.2,1865.2669,50,LONG,-73.29999999998336,-379939.30999994377
cash_ACC,RSI2,2025-09-24 14:08:00,2025-09-24 14:13:00,1864.0,1864.9319999999998,1865.1,1864.16745,50,LONG,-38.2274999999936,-379977.53749994375
cash_ACC,RSI2,2025-09-24 14:16:00,2025-09-24 14:20:00,1863.1,1864.0315499999997,1864.0,1863.0680000000002,50,LONG,-48.177499999974316,-380025.71499994374
cash_ACC,RSI2,2025-09-24 14:33:00,2025-09-24 14:35:00,1861.1,1862.0305499999997,1863.9,1862.9680500000002,50,LONG,46.87500000002274,-379978.83999994374
cash_ACC,RSI2,2025-09-24 15:02:00,2025-09-24 15:04:00,1860.0,1860.9299999999998,1860.9,1859.9695500000003,50,LONG,-48.02249999997912,-380026.8624999437
cash_ACC,RSI2,2025-09-24 15:22:00,2025-09-24 15:24:00,1860.1,1861.0300499999998,1862.0,1861.0690000000002,50,LONG,1.947500000017044,-380024.9149999437
cash_ACC,RSI2,2025-09-25 09:44:00,2025-09-25 09:45:00,1864.7,1865.6323499999999,1866.9,1865.96655,50,LONG,16.71000000001186,-380008.2049999437
cash_ACC,RSI2,2025-09-25 09:49:00,2025-09-25 09:51:00,1862.8,1863.7314,1866.1,1865.16695,50,LONG,71.77750000000742,-379936.42749994365
cash_ACC,RSI2,2025-09-25 10:02:00,2025-09-25 10:10:00,1867.4,1868.3337,1866.1,1865.16695,50,LONG,-158.33749999999327,-380094.7649999436
cash_ACC,RSI2,2025-09-25 10:30:00,2025-09-25 10:31:00,1865.5,1866.43275,1868.0,1867.066,50,LONG,31.662500000004457,-380063.10249994363
cash_ACC,RSI2,2025-09-25 10:35:00,2025-09-25 10:39:00,1864.9,1865.8324499999999,1864.5,1863.5677500000002,50,LONG,-113.23499999998603,-380176.3374999436
cash_ACC,RSI2,2025-09-25 11:16:00,2025-09-25 11:18:00,1862.1,1863.0310499999998,1863.9,1862.9680500000002,50,LONG,-3.149999999982356,-380179.4874999436
cash_ACC,RSI2,2025-09-25 11:27:00,2025-09-25 11:33:00,1862.1,1863.0310499999998,1863.3,1862.36835,50,LONG,-33.13499999999294,-380212.6224999436
cash_ACC,RSI2,2025-09-25 11:39:00,2025-09-25 11:50:00,1861.0,1861.9305,1856.5,1855.57175,50,LONG,-317.93749999999363,-380530.5599999436
cash_ACC,RSI2,2025-09-25 11:55:00,2025-09-25 11:56:00,1856.1,1857.02805,1858.4,1857.4708000000003,50,LONG,22.137500000019372,-380508.4224999436
cash_ACC,RSI2,2025-09-25 12:06:00,2025-09-25 12:09:00,1852.7,1853.62635,1855.0,1854.0725,50,LONG,22.307499999999436,-380486.1149999436
cash_ACC,RSI2,2025-09-25 12:19:00,2025-09-25 12:26:00,1852.8,1853.7263999999998,1852.9,1851.9735500000002,50,LONG,-87.64249999998128,-380573.75749994355
cash_ACC,RSI2,2025-09-25 12:31:00,2025-09-25 12:33:00,1851.5,1852.4257499999999,1852.5,1851.57375,50,LONG,-42.59999999999309,-380616.3574999435
cash_ACC,RSI2,2025-09-25 12:41:00,2025-09-25 12:47:00,1852.0,1852.926,1851.8,1850.8741,50,LONG,-102.59499999999662,-380718.9524999435
cash_ACC,RSI2,2025-09-25 12:52:00,2025-09-25 12:59:00,1849.6,1850.5248,1851.0,1850.0745000000002,50,LONG,-22.51499999998714,-380741.4674999435
cash_ACC,RSI2,2025-09-25 13:22:00,2025-09-25 13:24:00,1851.5,1852.4257499999999,1852.1,1851.17395,50,LONG,-62.58999999998878,-380804.0574999435
cash_ACC,RSI2,2025-09-25 14:17:00,2025-09-25 14:21:00,1853.5,1854.4267499999999,1853.9,1852.9730500000003,50,LONG,-72.68499999997857,-380876.7424999435
cash_ACC,RSI2,2025-09-25 14:36:00,2025-09-25 14:41:00,1850.8,1851.7253999999998,1853.8,1852.8731,50,LONG,57.38500000001068,-380819.35749994346
cash_ACC,RSI2,2025-09-25 15:02:00,2025-09-25 15:07:00,1849.5,1850.42475,1850.8,1849.8746,50,LONG,-27.50749999999016,-380846.8649999435
cash_ACC,RSI2,2025-09-26 09:15:00,2025-09-26 09:19:00,1850.0,1850.925,1855.0,1854.0725,50,LONG,157.37500000000182,-380689.4899999435
cash_ACC,RSI2,2025-09-26 09:28:00,2025-09-26 09:34:00,1846.4,1847.3232,1847.7,1846.7761500000001,50,LONG,-27.35249999999496,-380716.84249994345
cash_ACC,RSI2,2025-09-26 09:46:00,2025-09-26 10:06:00,1847.4,1848.3237,1841.0,1840.0795,50,LONG,-412.2099999999932,-381129.0524999435
cash_ACC,RSI2,2025-09-26 10:11:00,2025-09-26 10:16:00,1839.2,1840.1196,1840.2,1839.2799000000002,50,LONG,-41.984999999988304,-381171.03749994346
cash_ACC,RSI2,2025-09-26 10:27:00,2025-09-26 10:29:00,1840.1,1841.0200499999999,1840.2,1839.2799000000002,50,LONG,-87.00749999998152,-381258.04499994346
cash_ACC,RSI2,2025-09-26 11:04:00,2025-09-26 11:06:00,1840.4,1841.3201999999999,1841.3,1840.3793500000002,50,LONG,-47.042499999986376,-381305.08749994345
cash_ACC,RSI2,2025-09-26 11:24:00,2025-09-26 11:25:00,1842.1,1843.0210499999998,1843.8,1842.8781000000001,50,LONG,-7.14749999998503,-381312.2349999434
cash_ACC,RSI2,2025-09-26 11:33:00,2025-09-26 11:51:00,1841.3,1842.2206499999998,1836.2,1835.2819000000002,50,LONG,-346.9374999999786,-381659.1724999434
cash_ACC,RSI2,2025-09-26 12:12:00,2025-09-26 12:16:00,1835.0,1835.9174999999998,1835.5,1834.5822500000002,50,LONG,-66.76249999998163,-381725.93499994336
cash_ACC,RSI2,2025-09-26 12:27:00,2025-09-26 12:28:00,1835.0,1835.9174999999998,1836.3,1835.38185,50,LONG,-26.78249999999025,-381752.71749994333
cash_ACC,RSI2,2025-09-26 13:36:00,2025-09-26 13:38:00,1834.9,1835.81745,1835.7,1834.7821500000002,50,LONG,-51.76499999998896,-381804.48249994335
cash_ACC,RSI2,2025-09-26 13:50:00,2025-09-26 14:08:00,1830.9,1831.81545,1828.3,1827.3858500000001,50,LONG,-221.47999999999683,-382025.9624999433
cash_ACC,RSI2,2025-09-26 14:19:00,2025-09-26 14:33:00,1828.5,1829.4142499999998,1825.4,1824.4873000000002,50,LONG,-246.34749999997894,-382272.3099999433
cash_ACC,RSI2,2025-09-26 14:45:00,2025-09-26 15:01:00,1823.7,1824.61185,1818.2,1817.2909000000002,50,LONG,-366.0474999999906,-382638.3574999433
cash_ACC,RSI2,2025-09-26 15:20:00,2025-09-26 15:22:00,1824.5,1825.4122499999999,1825.3,1824.38735,50,LONG,-51.244999999994434,-382689.6024999433
cash_ACC,RSI2,2025-09-29 09:16:00,2025-09-29 09:20:00,1817.4,1818.3087,1823.5,1822.58825,50,LONG,213.9774999999986,-382475.6249999433
cash_ACC,RSI2,2025-09-29 09:39:00,2025-09-29 09:44:00,1830.5,1831.4152499999998,1830.7,1829.78465,50,LONG,-81.52999999998656,-382557.1549999433
cash_ACC,RSI2,2025-09-29 10:04:00,2025-09-29 10:11:00,1835.0,1835.9174999999998,1833.7,1832.7831500000002,50,LONG,-156.71749999997928,-382713.87249994325
cash_ACC,RSI2,2025-09-29 10:29:00,2025-09-29 10:41:00,1837.4,1838.3187,1836.0,1835.082,50,LONG,-161.8349999999964,-382875.70749994327
cash_ACC,RSI2,2025-09-29 10:50:00,2025-09-29 10:52:00,1833.3,1834.2166499999998,1837.5,1836.5812500000002,50,LONG,118.23000000001684,-382757.4774999432
cash_ACC,RSI2,2025-09-29 11:12:00,2025-09-29 11:20:00,1835.5,1836.4177499999998,1832.7,1831.78365,50,LONG,-231.7049999999881,-382989.18249994324
cash_ACC,RSI2,2025-09-29 11:31:00,2025-09-29 11:42:00,1832.8,1833.7163999999998,1830.6,1829.6847,50,LONG,-201.58499999998867,-383190.7674999432
cash_ACC,RSI2,2025-09-29 12:02:00,2025-09-29 12:04:00,1826.0,1826.913,1828.1,1827.18595,50,LONG,13.647500000001855,-383177.1199999432
cash_ACC,RSI2,2025-09-29 12:15:00,2025-09-29 12:18:00,1826.7,1827.6133499999999,1829.5,1828.58525,50,LONG,48.59500000001162,-383128.52499994315
cash_ACC,RSI2,2025-09-29 12:46:00,2025-09-29 12:52:00,1830.6,1831.5152999999998,1832.8,1831.8836000000001,50,LONG,18.41500000001588,-383110.1099999431
cash_ACC,RSI2,2025-09-29 13:15:00,2025-09-29 13:19:00,1836.3,1837.21815,1837.0,1836.0815,50,LONG,-56.83249999999589,-383166.94249994314
cash_ACC,RSI2,2025-09-29 13:27:00,2025-09-29 13:31:00,1836.2,1837.1181,1838.4,1837.4808000000003,50,LONG,18.135000000017953,-383148.8074999431
cash_ACC,RSI2,2025-09-29 13:40:00,2025-09-29 13:46:00,1836.0,1836.918,1836.1,1835.18195,50,LONG,-86.80249999999887,-383235.6099999431
cash_ACC,RSI2,2025-09-29 13:59:00,2025-09-29 14:03:00,1835.0,1835.9174999999998,1837.0,1836.0815,50,LONG,8.200000000010732,-383227.4099999431
cash_ACC,RSI2,2025-09-29 14:32:00,2025-09-29 14:49:00,1832.1,1833.0160499999997,1830.0,1829.085,50,LONG,-196.55249999998432,-383423.9624999431
cash_ACC,RSI2,2025-09-29 14:52:00,2025-09-29 15:19:00,1827.2,1828.1136,1804.2,1803.2979000000003,50,LONG,-1240.7849999999826,-384664.74749994307
cash_ACC,RSI2,2025-09-30 09:26:00,2025-09-30 09:31:00,1827.4,1828.3137,1832.0,1831.084,50,LONG,138.5150000000067,-384526.23249994306
cash_ACC,RSI2,2025-09-30 09:45:00,2025-09-30 09:52:00,1830.8,1831.7153999999998,1829.6,1828.6852000000001,50,LONG,-151.50999999998476,-384677.74249994307
cash_ACC,RSI2,2025-09-30 10:01:00,2025-09-30 10:10:00,1828.3,1829.2141499999998,1827.7,1826.7861500000001,50,LONG,-121.39999999998281,-384799.14249994303
cash_ACC,RSI2,2025-09-30 10:14:00,2025-09-30 10:20:00,1825.5,1826.41275,1826.0,1825.087,50,LONG,-66.28749999999854,-384865.429999943
cash_ACC,RSI2,2025-09-30 10:31:00,2025-09-30 10:40:00,1825.9,1826.81295,1825.0,1824.0875,50,LONG,-136.2724999999955,-385001.702499943
cash_ACC,RSI2,2025-09-30 10:50:00,2025-09-30 10:53:00,1827.8,1828.7139,1828.6,1827.6857,50,LONG,-51.40999999999849,-385053.112499943
cash_ACC,RSI2,2025-09-30 11:06:00,2025-09-30 11:22:00,1826.5,1827.4132499999998,1827.0,1826.0865000000001,50,LONG,-66.337499999986,-385119.44999994297
cash_ACC,RSI2,2025-09-30 11:26:00,2025-09-30 11:32:00,1825.2,1826.1126,1826.1,1825.18695,50,LONG,-46.28249999999525,-385165.73249994294
cash_ACC,RSI2,2025-09-30 11:59:00,2025-09-30 12:06:00,1827.9,1828.81395,1823.6,1822.6882,50,LONG,-306.28749999999627,-385472.0199999429
cash_ACC,RSI2,2025-09-30 12:21:00,2025-09-30 12:22:00,1821.9,1822.81095,1822.6,1821.6887,50,LONG,-56.112500000006094,-385528.1324999429
cash_ACC,RSI2,2025-09-30 12:29:00,2025-09-30 12:33:00,1822.5,1823.4112499999999,1823.3,1822.38835,50,LONG,-51.1449999999968,-385579.2774999429
cash_ACC,RSI2,2025-09-30 12:38:00,2025-09-30 12:43:00,1822.3,1823.2111499999999,1822.5,1821.5887500000001,50,LONG,-81.11999999998716,-385660.3974999429
cash_ACC,RSI2,2025-09-30 13:20:00,2025-09-30 13:22:00,1821.9,1822.81095,1823.8,1822.8881000000001,50,LONG,3.8575000000037107,-385656.53999994294
cash_ACC,RSI2,2025-09-30 13:32:00,2025-09-30 13:36:00,1821.3,1822.2106499999998,1821.9,1820.9890500000001,50,LONG,-61.07999999998128,-385717.6199999429
cash_ACC,RSI2,2025-09-30 13:51:00,2025-09-30 13:52:00,1820.8,1821.7104,1821.5,1820.58925,50,LONG,-56.05749999999716,-385773.6774999429
cash_ACC,RSI2,2025-09-30 14:20:00,2025-09-30 14:26:00,1822.6,1823.5113,1823.9,1822.9880500000002,50,LONG,-26.16249999998672,-385799.83999994287
cash_ACC,RSI2,2025-09-30 14:30:00,2025-09-30 14:32:00,1822.9,1823.81145,1823.8,1822.8881000000001,50,LONG,-46.167499999990014,-385846.00749994285
cash_ACC,RSI2,2025-09-30 14:34:00,2025-09-30 14:44:00,1822.1,1823.0110499999998,1824.0,1823.0880000000002,50,LONG,3.8475000000175896,-385842.1599999428
cash_ACC,RSI2,2025-09-30 15:15:00,2025-09-30 15:24:00,1824.3,1825.2121499999998,1825.8,1824.8871000000001,50,LONG,-16.252499999984593,-385858.4124999428
cash_ACC,RSI2,2025-10-01 09:54:00,2025-10-01 10:02:00,1840.0,1840.9199999999998,1840.6,1839.6797,50,LONG,-62.01499999999669,-385920.42749994283
cash_ACC,RSI2,2025-10-01 10:05:00,2025-10-01 10:09:00,1837.5,1838.4187499999998,1838.1,1837.18095,50,LONG,-61.88999999999396,-385982.31749994284
cash_ACC,RSI2,2025-10-01 10:22:00,2025-10-01 10:25:00,1837.0,1837.9185,1839.9,1838.9800500000001,50,LONG,53.07750000000624,-385929.23999994283
cash_ACC,RSI2,2025-10-01 10:37:00,2025-10-01 10:38:00,1835.0,1835.9174999999998,1837.3,1836.38135,50,LONG,23.192500000016025,-385906.0474999428
cash_ACC,RSI2,2025-10-01 10:45:00,2025-10-01 10:50:00,1833.1,1834.0165499999998,1834.6,1833.6827,50,LONG,-16.69249999998783,-385922.73999994283
cash_ACC,RSI2,2025-10-01 10:54:00,2025-10-01 10:57:00,1831.2,1832.1155999999999,1834.6,1833.6827,50,LONG,78.35500000001048,-385844.38499994285
cash_ACC,RSI2,2025-10-01 11:20:00,2025-10-01 11:25:00,1838.5,1839.41925,1840.0,1839.0800000000002,50,LONG,-16.962499999988268,-385861.3474999428
cash_ACC,RSI2,2025-10-01 11:53:00,2025-10-01 11:54:00,1838.8,1839.7194,1840.6,1839.6797,50,LONG,-1.9850000000019463,-385863.3324999428
cash_ACC,RSI2,2025-10-01 12:11:00,2025-10-01 12:22:00,1839.6,1840.5197999999998,1842.0,1841.0790000000002,50,LONG,27.96000000001868,-385835.3724999428
cash_ACC,RSI2,2025-10-01 12:26:00,2025-10-01 12:30:00,1840.5,1841.42025,1841.8,1840.8791,50,LONG,-27.05749999998943,-385862.4299999428
cash_ACC,RSI2,2025-10-01 12:34:00,2025-10-01 12:37:00,1840.3,1841.2201499999999,1841.9,1840.9790500000001,50,LONG,-12.054999999986649,-385874.48499994277
cash_ACC,RSI2,2025-10-01 13:06:00,2025-10-01 13:10:00,1842.8,1843.7214,1844.7,1843.7776500000002,50,LONG,2.812500000015916,-385871.67249994277
cash_ACC,RSI2,2025-10-01 13:18:00,2025-10-01 13:19:00,1842.6,1843.5212999999999,1844.4,1843.4778000000001,50,LONG,-2.1749999999883585,-385873.84749994276
cash_ACC,RSI2,2025-10-01 13:36:00,2025-10-01 13:41:00,1844.7,1845.6223499999999,1845.9,1844.9770500000002,50,LONG,-32.26499999998396,-385906.1124999427
cash_ACC,RSI2,2025-10-01 14:00:00,2025-10-01 14:04:00,1842.2,1843.1210999999998,1843.5,1842.57825,50,LONG,-27.142499999990832,-385933.2549999427
cash_ACC,RSI2,2025-10-01 14:17:00,2025-10-01 14:28:00,1837.1,1838.0185499999998,1828.6,1827.6857,50,LONG,-516.642499999989,-386449.89749994274
cash_ACC,RSI2,2025-10-01 14:38:00,2025-10-01 14:41:00,1825.5,1826.41275,1827.9,1826.9860500000002,50,LONG,28.665000000012242,-386421.2324999427
cash_ACC,RSI2,2025-10-01 14:59:00,2025-10-01 15:01:00,1827.0,1827.9134999999999,1828.5,1827.5857500000002,50,LONG,-16.38749999998481,-386437.6199999427
cash_ACC,RSI2,2025-10-01 15:07:00,2025-10-01 15:09:00,1827.0,1827.9134999999999,1828.6,1827.6857,50,LONG,-11.389999999994416,-386449.00999994273
cash_ACC,RSI2,2025-10-01 15:13:00,2025-10-01 15:14:00,1826.0,1826.913,1827.5,1826.58625,50,LONG,-16.337499999997362,-386465.34749994276
cash_ACC,RSI2,2025-10-01 15:28:00,2025-10-01 15:29:00,1828.1,1829.0140499999998,1829.9,1828.9850500000002,50,LONG,-1.4499999999770807,-386466.7974999427
cash_ACC,RSI2,2025-10-03 09:36:00,2025-10-03 09:39:00,1843.4,1844.3217,1845.4,1844.4773000000002,50,LONG,7.7800000000138425,-386459.0174999427
cash_ACC,RSI2,2025-10-03 10:04:00,2025-10-03 10:08:00,1844.5,1845.4222499999998,1847.9,1846.9760500000002,50,LONG,77.69000000001824,-386381.3274999427
cash_ACC,RSI2,2025-10-03 10:12:00,2025-10-03 10:19:00,1843.8,1844.7218999999998,1845.0,1844.0775,50,LONG,-32.219999999983884,-386413.54749994265
cash_ACC,RSI2,2025-10-03 10:25:00,2025-10-03 10:33:00,1840.0,1840.9199999999998,1838.6,1837.6807000000001,50,LONG,-161.9649999999865,-386575.5124999426
cash_ACC,RSI2,2025-10-03 10:43:00,2025-10-03 10:45:00,1836.8,1837.7183999999997,1838.9,1837.9805500000002,50,LONG,13.10750000002372,-386562.4049999426
cash_ACC,RSI2,2025-10-03 10:51:00,2025-10-03 10:55:00,1837.1,1838.0185499999998,1837.9,1836.98105,50,LONG,-51.874999999984084,-386614.2799999426
cash_ACC,RSI2,2025-10-03 11:25:00,2025-10-03 11:29:00,1838.5,1839.41925,1840.8,1839.8796,50,LONG,23.01750000000311,-386591.26249994256
cash_ACC,RSI2,2025-10-03 12:11:00,2025-10-03 12:34:00,1840.0,1840.9199999999998,1836.2,1835.2819000000002,50,LONG,-281.9049999999834,-386873.16749994253
cash_ACC,RSI2,2025-10-03 12:51:00,2025-10-03 12:56:00,1836.5,1837.41825,1838.3,1837.38085,50,LONG,-1.8699999999967076,-386875.0374999425
cash_ACC,RSI2,2025-10-03 13:25:00,2025-10-03 13:32:00,1835.2,1836.1176,1834.5,1833.58275,50,LONG,-126.74250000000029,-387001.7799999425
cash_ACC,RSI2,2025-10-03 13:58:00,2025-10-03 14:02:00,1836.5,1837.41825,1838.0,1837.0810000000001,50,LONG,-16.862499999990632,-387018.6424999425
cash_ACC,RSI2,2025-10-03 14:14:00,2025-10-03 14:21:00,1835.9,1836.8179499999999,1837.5,1836.5812500000002,50,LONG,-11.83499999998503,-387030.47749994247
cash_ACC,RSI2,2025-10-03 15:07:00,2025-10-03 15:15:00,1850.1,1851.0250499999997,1849.5,1848.57525,50,LONG,-122.48999999998205,-387152.96749994246
cash_ACC,RSI2,2025-10-03 15:17:00,2025-10-03 15:21:00,1848.0,1848.924,1849.0,1848.0755000000001,50,LONG,-42.42499999999154,-387195.39249994245
cash_ACC,RSI2,2025-10-03 15:27:00,2025-10-06 09:15:00,1847.0,1847.9234999999999,1862.2,1861.2689000000003,50,LONG,667.2700000000191,-386528.12249994243
cash_ACC,RSI2,2025-10-06 09:24:00,2025-10-06 09:31:00,1854.3,1855.22715,1851.4,1850.4743,50,LONG,-237.64249999999265,-386765.76499994245
cash_ACC,RSI2,2025-10-06 09:42:00,2025-10-06 09:50:00,1852.3,1853.22615,1850.2,1849.2749000000001,50,LONG,-197.56249999999227,-386963.32749994245
cash_ACC,RSI2,2025-10-06 10:05:00,2025-10-06 10:11:00,1846.4,1847.3232,1846.4,1845.4768000000001,50,LONG,-92.31999999999516,-387055.64749994245
cash_ACC,RSI2,2025-10-06 10:30:00,2025-10-06 10:38:00,1845.0,1845.9225,1845.8,1844.8771000000002,50,LONG,-52.26999999998725,-387107.9174999424
cash_ACC,RSI2,2025-10-06 10:43:00,2025-10-06 10:49:00,1842.7,1843.62135,1842.9,1841.9785500000003,50,LONG,-82.13999999998123,-387190.05749994237
cash_ACC,RSI2,2025-10-06 10:53:00,2025-10-06 10:55:00,1841.8,1842.7208999999998,1843.9,1842.9780500000002,50,LONG,12.857500000018263,-387177.1999999423
cash_ACC,RSI2,2025-10-06 11:49:00,2025-10-06 11:56:00,1844.9,1845.82245,1842.1,1841.17895,50,LONG,-232.17499999999518,-387409.3749999423
cash_ACC,RSI2,2025-10-06 12:38:00,2025-10-06 12:42:00,1845.0,1845.9225,1844.6,1843.6777,50,LONG,-112.23999999999705,-387521.6149999423
cash_ACC,RSI2,2025-10-06 12:48:00,2025-10-06 12:55:00,1842.9,1843.82145,1841.9,1840.9790500000001,50,LONG,-142.11999999998852,-387663.7349999423
cash_ACC,RSI2,2025-10-06 13:12:00,2025-10-06 13:18:00,1837.2,1838.1186,1838.8,1837.8806,50,LONG,-11.90000000000282,-387675.6349999423
cash_ACC,RSI2,2025-10-06 13:22:00,2025-10-06 13:25:00,1837.5,1838.4187499999998,1838.5,1837.58075,50,LONG,-41.8999999999869,-387717.5349999423
cash_ACC,RSI2,2025-10-06 13:48:00,2025-10-06 13:51:00,1838.5,1839.41925,1839.6,1838.6802,50,LONG,-36.952499999995325,-387754.4874999423
cash_ACC,RSI2,2025-10-06 14:07:00,2025-10-06 14:17:00,1839.6,1840.5197999999998,1839.9,1838.9800500000001,50,LONG,-76.98749999998427,-387831.4749999423
cash_ACC,RSI2,2025-10-06 14:23:00,2025-10-06 14:26:00,1839.3,1840.2196499999998,1839.5,1838.5802500000002,50,LONG,-81.96999999997843,-387913.44499994226
cash_ACC,RSI2,2025-10-06 14:39:00,2025-10-06 14:44:00,1837.0,1837.9185,1838.6,1837.6807000000001,50,LONG,-11.889999999993961,-387925.3349999423
cash_ACC,RSI2,2025-10-06 14:52:00,2025-10-06 14:56:00,1835.0,1835.9174999999998,1836.6,1835.6817,50,LONG,-11.789999999984957,-387937.12499994226
cash_ACC,RSI2,2025-10-06 15:04:00,2025-10-06 15:10:00,1835.8,1836.7178999999999,1835.7,1834.7821500000002,50,LONG,-96.78749999998217,-388033.91249994223
cash_ACC,RSI2,2025-10-06 15:18:00,2025-10-06 15:22:00,1832.1,1833.0160499999997,1835.2,1834.2824,50,LONG,63.31750000001648,-387970.59499994223
cash_ACC,RSI2,2025-10-07 09:36:00,2025-10-07 09:53:00,1844.8,1845.7223999999999,1843.0,1842.0785,50,LONG,-182.19499999999016,-388152.78999994224
cash_ACC,RSI2,2025-10-07 10:20:00,2025-10-07 10:21:00,1841.6,1842.5207999999998,1842.9,1841.9785500000003,50,LONG,-27.112499999975626,-388179.9024999422
cash_ACC,RSI2,2025-10-07 10:24:00,2025-10-07 10:29:00,1839.9,1840.81995,1841.1,1840.17945,50,LONG,-32.02499999999873,-388211.92749994225
cash_ACC,RSI2,2025-10-07 10:33:00,2025-10-07 10:35:00,1839.0,1839.9195,1840.3,1839.37985,50,LONG,-26.98249999999689,-388238.90999994223
cash_ACC,RSI2,2025-10-07 10:54:00,2025-10-07 10:58:00,1838.1,1839.0190499999999,1840.8,1839.8796,50,LONG,43.02750000000515,-388195.8824999422
cash_ACC,RSI2,2025-10-07 11:03:00,2025-10-07 11:07:00,1838.0,1838.9189999999999,1840.2,1839.2799000000002,50,LONG,18.045000000017808,-388177.83749994216
cash_ACC,RSI2,2025-10-07 11:21:00,2025-10-07 11:25:00,1840.1,1841.0200499999999,1841.9,1840.9790500000001,50,LONG,-2.04999999998563,-388179.88749994215
cash_ACC,RSI2,2025-10-07 11:58:00,2025-10-07 12:13:00,1842.9,1843.82145,1842.9,1841.9785500000003,50,LONG,-92.14499999998225,-388272.0324999421
cash_ACC,RSI2,2025-10-07 12:20:00,2025-10-07 12:23:00,1840.1,1841.0200499999999,1842.0,1841.0790000000002,50,LONG,2.9475000000161344,-388269.0849999421
cash_ACC,RSI2,2025-10-07 12:38:00,2025-10-07 12:43:00,1840.3,1841.2201499999999,1841.1,1840.17945,50,LONG,-52.034999999989395,-388321.1199999421
cash_ACC,RSI2,2025-10-07 13:34:00,2025-10-07 13:38:00,1855.0,1855.9275,1856.0,1855.0720000000001,50,LONG,-42.774999999994634,-388363.8949999421
cash_ACC,RSI2,2025-10-07 13:57:00,2025-10-07 14:01:00,1855.1,1856.0275499999998,1855.4,1854.4723000000001,50,LONG,-77.76249999998299,-388441.6574999421
cash_ACC,RSI2,2025-10-07 14:31:00,2025-10-07 14:33:00,1856.1,1857.02805,1857.8,1856.8711,50,LONG,-7.847499999991214,-388449.5049999421
cash_ACC,RSI2,2025-10-07 14:40:00,2025-10-07 14:44:00,1856.0,1856.9279999999999,1855.8,1854.8721,50,LONG,-102.79499999999189,-388552.2999999421
cash_ACC,RSI2,2025-10-07 15:24:00,2025-10-07 15:25:00,1857.2,1858.1286,1858.0,1857.0710000000001,50,LONG,-52.87999999999329,-388605.1799999421
cash_ACC,RSI2,2025-10-08 09:15:00,2025-10-08 09:16:00,1856.1,1857.02805,1859.9,1858.9700500000001,50,LONG,97.10000000001173,-388508.07999994204
cash_ACC,RSI2,2025-10-08 09:40:00,2025-10-08 09:47:00,1860.0,1860.9299999999998,1859.5,1858.5702500000002,50,LONG,-117.98749999998108,-388626.06749994203
cash_ACC,RSI2,2025-10-08 09:50:00,2025-10-08 09:54:00,1855.2,1856.1276,1857.6,1856.6712,50,LONG,27.179999999998472,-388598.88749994204
cash_ACC,RSI2,2025-10-08 10:12:00,2025-10-08 10:23:00,1857.6,1858.5287999999998,1853.6,1852.6732,50,LONG,-292.7799999999934,-388891.667499942
cash_ACC,RSI2,2025-10-08 10:42:00,2025-10-08 10:49:00,1844.8,1845.7223999999999,1844.3,1843.37785,50,LONG,-117.22749999998996,-389008.894999942
cash_ACC,RSI2,2025-10-08 10:56:00,2025-10-08 10:59:00,1842.3,1843.2211499999999,1844.9,1843.9775500000003,50,LONG,37.82000000002199,-388971.074999942
cash_ACC,RSI2,2025-10-08 11:49:00,2025-10-08 11:50:00,1849.9,1850.82495,1851.6,1850.6742,50,LONG,-7.5375000000008185,-388978.61249994196
cash_ACC,RSI2,2025-10-08 12:21:00,2025-10-08 12:34:00,1852.0,1852.926,1850.3,1849.3748500000002,50,LONG,-177.55749999998898,-389156.16999994195
cash_ACC,RSI2,2025-10-08 12:50:00,2025-10-08 12:55:00,1849.3,1850.2246499999999,1849.6,1848.6752,50,LONG,-77.47249999999894,-389233.6424999419
cash_ACC,RSI2,2025-10-08 13:02:00,2025-10-08 13:15:00,1848.9,1849.82445,1849.3,1848.37535,50,LONG,-72.4550000000022,-389306.09749994194
cash_ACC,RSI2,2025-10-08 14:02:00,2025-10-08 14:05:00,1850.7,1851.62535,1851.2,1850.2744000000002,50,LONG,-67.54749999998921,-389373.6449999419
cash_ACC,RSI2,2025-10-08 14:21:00,2025-10-08 14:23:00,1850.5,1851.42525,1851.1,1850.17445,50,LONG,-62.54000000000133,-389436.1849999419
cash_ACC,RSI2,2025-10-08 15:00:00,2025-10-08 15:02:00,1860.0,1860.9299999999998,1862.4,1861.4688,50,LONG,26.940000000013242,-389409.2449999419
cash_ACC,RSI2,2025-10-08 15:26:00,2025-10-09 09:17:00,1864.8,1865.7323999999999,1863.0,1862.0685,50,LONG,-183.19499999998925,-389592.4399999419
cash_ACC,RSI2,2025-10-09 09:41:00,2025-10-09 09:47:00,1875.9,1876.83795,1876.9,1875.9615500000002,50,LONG,-43.8199999999938,-389636.2599999419
cash_ACC,RSI2,2025-10-09 09:52:00,2025-10-09 09:56:00,1873.0,1873.9364999999998,1873.3,1872.36335,50,LONG,-78.6574999999857,-389714.9174999419
cash_ACC,RSI2,2025-10-09 10:02:00,2025-10-09 10:10:00,1872.1,1873.0360499999997,1871.3,1870.36435,50,LONG,-133.5849999999823,-389848.50249994185
cash_ACC,RSI2,2025-10-09 10:12:00,2025-10-09 10:15:00,1867.7,1868.63385,1870.1,1869.16495,50,LONG,26.555000000007567,-389821.94749994186
cash_ACC,RSI2,2025-10-09 10:30:00,2025-10-09 10:32:00,1870.1,1871.0350499999997,1871.3,1870.36435,50,LONG,-33.534999999983484,-389855.48249994183
cash_ACC,RSI2,2025-10-09 10:44:00,2025-10-09 10:49:00,1871.6,1872.5357999999999,1872.0,1871.064,50,LONG,-73.58999999999014,-389929.0724999418
cash_ACC,RSI2,2025-10-09 10:54:00,2025-10-09 10:58:00,1867.4,1868.3337,1869.2,1868.2654000000002,50,LONG,-3.4149999999840475,-389932.4874999418
cash_ACC,RSI2,2025-10-09 11:33:00,2025-10-09 11:38:00,1866.7,1867.6333499999998,1869.2,1868.2654000000002,50,LONG,31.602500000019518,-389900.88499994174
cash_ACC,RSI2,2025-10-09 11:56:00,2025-10-09 12:00:00,1870.2,1871.1351,1871.1,1870.16445,50,LONG,-48.53249999999889,-389949.4174999417
cash_ACC,RSI2,2025-10-09 12:09:00,2025-10-09 12:11:00,1870.0,1870.935,1871.4,1870.4643,50,LONG,-23.53499999999258,-389972.9524999417
cash_ACC,RSI2,2025-10-09 12:33:00,2025-10-09 12:35:00,1870.5,1871.43525,1872.5,1871.56375,50,LONG,6.425000000001546,-389966.5274999417
cash_ACC,RSI2,2025-10-09 12:59:00,2025-10-09 13:02:00,1871.4,1872.3357,1871.5,1870.5642500000001,50,LONG,-88.57249999999794,-390055.0999999417
cash_ACC,RSI2,2025-10-09 13:29:00,2025-10-09 13:37:00,1871.3,1872.2356499999999,1871.6,1870.6642,50,LONG,-78.57249999999567,-390133.6724999417
cash_ACC,RSI2,2025-10-09 13:44:00,2025-10-09 13:46:00,1870.5,1871.43525,1871.4,1870.4643,50,LONG,-48.547499999995125,-390182.2199999417
cash_ACC,RSI2,2025-10-09 14:15:00,2025-10-09 14:20:00,1871.6,1872.5357999999999,1871.9,1870.9640500000003,50,LONG,-78.58749999998054,-390260.8074999417
cash_ACC,RSI2,2025-10-09 14:33:00,2025-10-09 14:42:00,1872.7,1873.63635,1871.5,1870.5642500000001,50,LONG,-153.6049999999932,-390414.41249994165
cash_ACC,RSI2,2025-10-09 15:08:00,2025-10-09 15:15:00,1875.7,1876.6378499999998,1876.0,1875.0620000000001,50,LONG,-78.79249999998592,-390493.20499994163
cash_ACC,RSI2,2025-10-09 15:21:00,2025-10-09 15:25:00,1873.2,1874.1366,1873.5,1872.5632500000002,50,LONG,-78.66749999999456,-390571.8724999416
cash_ACC,RSI2,2025-10-10 09:15:00,2025-10-10 09:21:00,1867.7,1868.63385,1870.1,1869.16495,50,LONG,26.555000000007567,-390545.3174999416
cash_ACC,RSI2,2025-10-10 09:52:00,2025-10-10 09:56:00,1873.0,1873.9364999999998,1873.6,1872.6632,50,LONG,-63.66499999999178,-390608.9824999416
cash_ACC,RSI2,2025-10-10 10:04:00,2025-10-10 10:08:00,1870.1,1871.0350499999997,1872.1,1871.16395,50,LONG,6.445000000019263,-390602.5374999416
cash_ACC,RSI2,2025-10-10 10:27:00,2025-10-10 10:31:00,1872.5,1873.43625,1874.4,1873.4628000000002,50,LONG,1.327500000013515,-390601.2099999416
cash_ACC,RSI2,2025-10-10 11:09:00,2025-10-10 11:13:00,1873.0,1873.9364999999998,1874.8,1873.8626000000002,50,LONG,-3.694999999981974,-390604.9049999416
cash_ACC,RSI2,2025-10-10 11:18:00,2025-10-10 11:19:00,1873.4,1874.3367,1874.5,1873.56275,50,LONG,-38.69750000000067,-390643.6024999416
cash_ACC,RSI2,2025-10-10 11:24:00,2025-10-10 11:26:00,1873.2,1874.1366,1873.9,1872.9630500000003,50,LONG,-58.6774999999875,-390702.2799999416
cash_ACC,RSI2,2025-10-10 11:41:00,2025-10-10 11:44:00,1874.4,1875.3372,1876.6,1875.6617,50,LONG,16.22500000000855,-390686.05499994155
cash_ACC,RSI2,2025-10-10 11:54:00,2025-10-10 12:04:00,1875.3,1876.2376499999998,1876.7,1875.7616500000001,50,LONG,-23.7999999999829,-390709.85499994154
cash_ACC,RSI2,2025-10-10 12:12:00,2025-10-10 12:16:00,1874.5,1875.43725,1875.6,1874.6622,50,LONG,-38.752499999998236,-390748.60749994154
cash_ACC,RSI2,2025-10-10 13:51:00,2025-10-10 13:58:00,1880.1,1881.0400499999998,1880.6,1879.6597,50,LONG,-69.01749999999538,-390817.62499994156
cash_ACC,RSI2,2025-10-10 14:41:00,2025-10-10 14:47:00,1888.0,1888.944,1888.9,1887.9555500000001,50,LONG,-49.42249999999149,-390867.04749994155
cash_ACC,RSI2,2025-10-10 14:53:00,2025-10-10 14:59:00,1885.4,1886.3427,1886.6,1885.6567,50,LONG,-34.29999999999609,-390901.34749994153
cash_ACC,RSI2,2025-10-10 15:07:00,2025-10-10 15:09:00,1885.6,1886.5427999999997,1887.6,1886.6562000000001,50,LONG,5.670000000020536,-390895.6774999415
cash_ACC,RSI2,2025-10-10 15:14:00,2025-10-10 15:16:00,1885.8,1886.7429,1886.6,1885.6567,50,LONG,-54.309999999998126,-390949.9874999415
cash_ACC,RSI2,2025-10-10 15:24:00,2025-10-13 09:22:00,1885.0,1885.9424999999999,1875.6,1874.6622,50,LONG,-564.0149999999949,-391514.0024999415
cash_ACC,RSI2,2025-10-13 09:30:00,2025-10-13 09:34:00,1872.4,1873.3362,1876.0,1875.0620000000001,50,LONG,86.29000000000815,-391427.71249994147
cash_ACC,RSI2,2025-10-13 09:42:00,2025-10-13 09:45:00,1874.5,1875.43725,1875.0,1874.0625,50,LONG,-68.73749999999745,-391496.44999994145
cash_ACC,RSI2,2025-10-13 10:01:00,2025-10-13 10:04:00,1871.0,1871.9354999999998,1873.2,1872.2634,50,LONG,16.39500000001135,-391480.05499994144
cash_ACC,RSI2,2025-10-13 10:20:00,2025-10-13 10:27:00,1871.7,1872.63585,1872.0,1871.064,50,LONG,-78.59249999999065,-391558.6474999414
cash_ACC,RSI2,2025-10-13 10:45:00,2025-10-13 11:03:00,1872.2,1873.1361,1863.9,1862.9680500000002,50,LONG,-508.4024999999883,-392067.0499999414
cash_ACC,RSI2,2025-10-13 11:25:00,2025-10-13 11:30:00,1866.0,1866.933,1867.6,1866.6662000000001,50,LONG,-13.339999999993779,-392080.38999994134
cash_ACC,RSI2,2025-10-13 11:50:00,2025-10-13 11:59:00,1867.9,1868.83395,1868.0,1867.066,50,LONG,-88.3974999999964,-392168.78749994136
cash_ACC,RSI2,2025-10-13 12:18:00,2025-10-13 12:24:00,1868.3,1869.2341499999998,1868.1,1867.16595,50,LONG,-103.4099999999853,-392272.19749994134
cash_ACC,RSI2,2025-10-13 13:03:00,2025-10-13 13:06:00,1869.1,1870.0345499999999,1870.6,1869.6647,50,LONG,-18.49249999999074,-392290.6899999413
cash_ACC,RSI2,2025-10-13 13:13:00,2025-10-13 13:19:00,1870.0,1870.935,1870.3,1869.3648500000002,50,LONG,-78.50749999998925,-392369.19749994134
cash_ACC,RSI2,2025-10-13 13:24:00,2025-10-13 13:30:00,1869.1,1870.0345499999999,1870.9,1869.9645500000001,50,LONG,-3.499999999985448,-392372.69749994134
cash_ACC,RSI2,2025-10-13 14:35:00,2025-10-13 14:37:00,1869.3,1870.2346499999999,1869.7,1868.7651500000002,50,LONG,-73.4749999999849,-392446.1724999413
cash_ACC,RSI2,2025-10-13 14:50:00,2025-10-13 14:52:00,1869.6,1870.5348,1869.9,1868.9650500000002,50,LONG,-78.4874999999829,-392524.6599999413
cash_ACC,RSI2,2025-10-13 15:06:00,2025-10-13 15:08:00,1868.9,1869.83445,1870.0,1869.065,50,LONG,-38.47250000000031,-392563.1324999413
cash_ACC,RSI2,2025-10-13 15:13:00,2025-10-13 15:16:00,1868.5,1869.4342499999998,1869.1,1868.16545,50,LONG,-63.439999999991414,-392626.5724999413
cash_ACC,RSI2,2025-10-13 15:23:00,2025-10-13 15:28:00,1868.5,1869.4342499999998,1869.7,1868.7651500000002,50,LONG,-33.45499999998083,-392660.02749994124
cash_ACC,RSI2,2025-10-14 09:25:00,2025-10-14 09:46:00,1874.0,1874.937,1868.8,1867.8656,50,LONG,-353.5699999999906,-393013.59749994124
cash_ACC,RSI2,2025-10-14 09:55:00,2025-10-14 10:01:00,1865.0,1865.9325,1864.6,1863.6677,50,LONG,-113.23999999999614,-393126.83749994123
cash_ACC,RSI2,2025-10-14 10:05:00,2025-10-14 10:08:00,1863.0,1863.9315,1863.9,1862.9680500000002,50,LONG,-48.17249999998694,-393175.0099999412
cash_ACC,RSI2,2025-10-14 10:27:00,2025-10-14 10:34:00,1861.0,1861.9305,1860.1,1859.16995,50,LONG,-138.02749999999833,-393313.03749994125
cash_ACC,RSI2,2025-10-14 10:51:00,2025-10-14 10:57:00,1864.4,1865.3322,1863.4,1862.4683000000002,50,LONG,-143.19499999999152,-393456.23249994125
cash_ACC,RSI2,2025-10-14 11:06:00,2025-10-14 11:09:00,1863.8,1864.7318999999998,1866.1,1865.16695,50,LONG,21.752500000013697,-393434.47999994125
cash_ACC,RSI2,2025-10-14 11:22:00,2025-10-14 11:26:00,1864.2,1865.1321,1863.8,1862.8681000000001,50,LONG,-113.19999999999482,-393547.67999994126
cash_ACC,RSI2,2025-10-14 12:04:00,2025-10-14 12:07:00,1863.0,1863.9315,1863.2,1862.2684000000002,50,LONG,-83.15499999998792,-393630.83499994123
cash_ACC,RSI2,2025-10-14 12:11:00,2025-10-14 12:14:00,1860.0,1860.9299999999998,1863.0,1862.0685,50,LONG,56.92500000001246,-393573.90999994124
cash_ACC,RSI2,2025-10-14 12:26:00,2025-10-14 12:27:00,1864.5,1865.4322499999998,1865.5,1864.56725,50,LONG,-43.249999999989086,-393617.15999994124
cash_ACC,RSI2,2025-10-14 12:50:00,2025-10-14 12:54:00,1865.2,1866.1326,1868.0,1867.066,50,LONG,46.670000000005984,-393570.48999994126
cash_ACC,RSI2,2025-10-14 13:00:00,2025-10-14 13:06:00,1867.2,1868.1336,1870.0,1869.065,50,LONG,46.57000000000835,-393523.91999994125
cash_ACC,RSI2,2025-10-14 13:11:00,2025-10-14 13:18:00,1866.0,1866.933,1864.6,1863.6677,50,LONG,-163.26500000000124,-393687.18499994127
cash_ACC,RSI2,2025-10-14 13:20:00,2025-10-14 13:43:00,1860.4,1861.3301999999999,1856.9,1855.9715500000002,50,LONG,-267.9324999999835,-393955.11749994126
cash_ACC,RSI2,2025-10-14 13:53:00,2025-10-14 13:57:00,1854.6,1855.5272999999997,1856.9,1855.9715500000002,50,LONG,22.212500000023283,-393932.90499994124
cash_ACC,RSI2,2025-10-14 14:19:00,2025-10-14 14:30:00,1863.4,1864.3317,1864.8,1863.8676,50,LONG,-23.204999999995835,-393956.10999994125
cash_ACC,RSI2,2025-10-14 15:04:00,2025-10-14 15:14:00,1865.0,1865.9325,1863.7,1862.76815,50,LONG,-158.2174999999893,-394114.3274999412
cash_ACC,RSI2,2025-10-14 15:22:00,2025-10-14 15:26:00,1861.5,1862.43075,1861.9,1860.9690500000002,50,LONG,-73.08499999999185,-394187.4124999412
cash_ACC,RSI2,2025-10-15 09:58:00,2025-10-15 09:59:00,1867.0,1867.9334999999999,1869.1,1868.16545,50,LONG,11.597500000004857,-394175.81499994115
cash_ACC,RSI2,2025-10-15 10:05:00,2025-10-15 10:22:00,1867.8,1868.7339,1861.6,1860.6692,50,LONG,-403.2349999999951,-394579.04999994114
cash_ACC,RSI2,2025-10-15 10:50:00,2025-10-15 10:51:00,1860.0,1860.9299999999998,1862.0,1861.0690000000002,50,LONG,6.950000000017553,-394572.0999999411
cash_ACC,RSI2,2025-10-15 11:30:00,2025-10-15 11:34:00,1863.2,1864.1316,1864.1,1863.16795,50,LONG,-48.1824999999958,-394620.2824999411
cash_ACC,RSI2,2025-10-15 11:57:00,2025-10-15 11:59:00,1863.0,1863.9315,1864.5,1863.5677500000002,50,LONG,-18.187499999987722,-394638.4699999411
cash_ACC,RSI2,2025-10-15 12:37:00,2025-10-15 12:40:00,1863.0,1863.9315,1864.0,1863.0680000000002,50,LONG,-43.174999999985175,-394681.6449999411
cash_ACC,RSI2,2025-10-15 13:32:00,2025-10-15 13:33:00,1865.0,1865.9325,1865.3,1864.36735,50,LONG,-78.25749999999516,-394759.9024999411
cash_ACC,RSI2,2025-10-15 13:44:00,2025-10-15 13:52:00,1864.8,1865.7323999999999,1865.0,1864.0675,50,LONG,-83.24499999998807,-394843.1474999411
cash_ACC,RSI2,2025-10-15 14:14:00,2025-10-15 14:23:00,1864.9,1865.8324499999999,1866.1,1865.16695,50,LONG,-33.274999999991905,-394876.4224999411
cash_ACC,RSI2,2025-10-15 14:44:00,2025-10-15 14:46:00,1864.3,1865.2321499999998,1865.0,1864.0675,50,LONG,-58.23249999998552,-394934.65499994106
cash_ACC,RSI2,2025-10-15 14:53:00,2025-10-15 14:59:00,1864.1,1865.0320499999998,1864.1,1863.16795,50,LONG,-93.20499999998901,-395027.8599999411
cash_ACC,RSI2,2025-10-15 15:05:00,2025-10-15 15:17:00,1862.5,1863.4312499999999,1857.4,1856.4713000000002,50,LONG,-347.9974999999854,-395375.8574999411
cash_ACC,RSI2,2025-10-15 15:28:00,2025-10-16 09:15:00,1855.0,1855.9275,1865.4,1864.4673000000003,50,LONG,426.99000000001206,-394948.8674999411
cash_ACC,RSI2,2025-10-16 09:31:00,2025-10-16 09:36:00,1867.0,1867.9334999999999,1868.0,1867.066,50,LONG,-43.374999999991815,-394992.2424999411
cash_ACC,RSI2,2025-10-16 09:39:00,2025-10-16 09:44:00,1863.8,1864.7318999999998,1863.7,1862.76815,50,LONG,-98.18749999998317,-395090.4299999411
cash_ACC,RSI2,2025-10-16 10:05:00,2025-10-16 10:07:00,1862.9,1863.83145,1863.9,1862.9680500000002,50,LONG,-43.16999999998643,-395133.59999994107
cash_ACC,RSI2,2025-10-16 10:14:00,2025-10-16 10:20:00,1862.9,1863.83145,1862.9,1861.9685500000003,50,LONG,-93.14499999998134,-395226.74499994103
cash_ACC,RSI2,2025-10-16 10:23:00,2025-10-16 10:27:00,1861.8,1862.7308999999998,1863.0,1862.0685,50,LONG,-33.11999999998534,-395259.864999941
cash_ACC,RSI2,2025-10-16 10:35:00,2025-10-16 10:36:00,1862.1,1863.0310499999998,1865.3,1864.36735,50,LONG,66.81500000000824,-395193.049999941
cash_ACC,RSI2,2025-10-16 10:54:00,2025-10-16 10:57:00,1864.6,1865.5322999999999,1865.7,1864.7671500000001,50,LONG,-38.25749999998607,-395231.30749994103
cash_ACC,RSI2,2025-10-16 11:13:00,2025-10-16 11:18:00,1868.6,1869.5342999999998,1868.5,1867.5657500000002,50,LONG,-98.42749999997977,-395329.734999941
cash_ACC,RSI2,2025-10-16 11:23:00,2025-10-16 11:26:00,1866.1,1867.0330499999998,1866.6,1865.6667,50,LONG,-68.3174999999892,-395398.052499941
cash_ACC,RSI2,2025-10-16 11:36:00,2025-10-16 11:39:00,1865.2,1866.1326,1866.0,1865.067,50,LONG,-53.2799999999952,-395451.332499941
cash_ACC,RSI2,2025-10-16 12:04:00,2025-10-16 12:07:00,1864.1,1865.0320499999998,1864.3,1863.36785,50,LONG,-83.20999999998548,-395534.54249994096
cash_ACC,RSI2,2025-10-16 12:20:00,2025-10-16 12:23:00,1862.8,1863.7314,1863.5,1862.56825,50,LONG,-58.15749999999298,-395592.69999994093
cash_ACC,RSI2,2025-10-16 12:28:00,2025-10-16 12:31:00,1862.8,1863.7314,1864.0,1863.0680000000002,50,LONG,-33.16999999998416,-395625.8699999409
cash_ACC,RSI2,2025-10-16 12:52:00,2025-10-16 13:04:00,1862.5,1863.4312499999999,1860.8,1859.8696,50,LONG,-178.08249999999362,-395803.95249994093
cash_ACC,RSI2,2025-10-16 13:09:00,2025-10-16 13:22:00,1859.4,1860.3297,1858.0,1857.0710000000001,50,LONG,-162.93499999999312,-395966.88749994093
cash_ACC,RSI2,2025-10-16 13:25:00,2025-10-16 13:36:00,1856.1,1857.02805,1855.0,1854.0725,50,LONG,-147.77749999999514,-396114.6649999409
cash_ACC,RSI2,2025-10-16 14:04:00,2025-10-16 14:06:00,1858.8,1859.7294,1859.8,1858.8701,50,LONG,-42.964999999992415,-396157.62999994087
cash_ACC,RSI2,2025-10-16 14:13:00,2025-10-16 14:16:00,1858.9,1859.82945,1859.7,1858.77015,50,LONG,-52.96499999999469,-396210.59499994083
cash_ACC,RSI2,2025-10-16 15:07:00,2025-10-16 15:09:00,1861.5,1862.43075,1863.6,1862.6682,50,LONG,11.872500000004038,-396198.72249994084
cash_ACC,RSI2,2025-10-16 15:13:00,2025-10-16 15:25:00,1860.9,1861.83045,1860.0,1859.0700000000002,50,LONG,-138.0224999999882,-396336.7449999408
cash_ACC,RSI2,2025-10-16 15:27:00,2025-10-17 09:15:00,1858.5,1859.42925,1862.1,1861.16895,50,LONG,86.98500000000422,-396249.7599999408
cash_ACC,RSI2,2025-10-17 09:47:00,2025-10-17 09:53:00,1860.0,1860.9299999999998,1859.0,1858.0705,50,LONG,-142.9749999999899,-396392.7349999408
cash_ACC,RSI2,2025-10-17 10:07:00,2025-10-17 10:08:00,1858.0,1858.9289999999999,1860.2,1859.2699000000002,50,LONG,17.045000000018717,-396375.68999994075
cash_ACC,RSI2,2025-10-17 10:17:00,2025-10-17 10:28:00,1859.0,1859.9295,1856.3,1855.37185,50,LONG,-227.88249999999834,-396603.57249994075
cash_ACC,RSI2,2025-10-17 10:33:00,2025-10-17 10:43:00,1854.2,1855.1271,1851.3,1850.37435,50,LONG,-237.6374999999939,-396841.20999994077
cash_ACC,RSI2,2025-10-17 11:07:00,2025-10-17 11:28:00,1855.0,1855.9275,1853.6,1852.6732,50,LONG,-162.71500000000287,-397003.9249999408
cash_ACC,RSI2,2025-10-17 11:38:00,2025-10-17 11:45:00,1852.1,1853.0260499999997,1852.9,1851.9735500000002,50,LONG,-52.62499999997772,-397056.5499999408
cash_ACC,RSI2,2025-10-17 11:49:00,2025-10-17 11:51:00,1850.2,1851.1251,1851.9,1850.9740500000003,50,LONG,-7.5524999999856846,-397064.1024999408
cash_ACC,RSI2,2025-10-17 12:20:00,2025-10-17 12:22:00,1851.4,1852.3257,1853.9,1852.9730500000003,50,LONG,32.367500000009386,-397031.7349999408
cash_ACC,RSI2,2025-10-17 12:41:00,2025-10-17 12:46:00,1850.3,1851.2251499999998,1850.0,1849.075,50,LONG,-107.50749999998561,-397139.2424999408
cash_ACC,RSI2,2025-10-17 12:54:00,2025-10-17 12:56:00,1846.9,1847.82345,1849.2,1848.2754000000002,50,LONG,22.59750000000622,-397116.64499994076
cash_ACC,RSI2,2025-10-17 13:02:00,2025-10-17 13:10:00,1847.1,1848.02355,1845.0,1844.0775,50,LONG,-197.30249999998932,-397313.94749994075
cash_ACC,RSI2,2025-10-17 13:13:00,2025-10-17 13:19:00,1844.3,1845.2221499999998,1844.9,1843.9775500000003,50,LONG,-62.229999999976826,-397376.17749994074
cash_ACC,RSI2,2025-10-17 13:21:00,2025-10-17 13:41:00,1840.0,1840.9199999999998,1833.9,1832.9830500000003,50,LONG,-396.8474999999785,-397773.0249999407
cash_ACC,RSI2,2025-10-17 14:44:00,2025-10-17 14:52:00,1838.0,1838.9189999999999,1839.0,1838.0805,50,LONG,-41.924999999991996,-397814.9499999407
cash_ACC,RSI2,2025-10-17 15:01:00,2025-10-17 15:10:00,1838.6,1839.5192999999997,1837.8,1836.8811,50,LONG,-131.90999999998212,-397946.8599999407
cash_ACC,RSI2,2025-10-17 15:16:00,2025-10-17 15:18:00,1836.8,1837.7183999999997,1838.2,1837.2809000000002,50,LONG,-21.874999999977263,-397968.7349999407
cash_ACC,RSI2,2025-10-21 13:58:00,2025-10-21 14:05:00,1842.0,1842.9209999999998,1840.7,1839.7796500000002,50,LONG,-157.06749999998237,-398125.8024999407
cash_ACC,RSI2,2025-10-21 14:26:00,2025-10-21 14:30:00,1844.1,1845.0220499999998,1849.8,1848.8751,50,LONG,192.65250000000833,-397933.14999994065
cash_ACC,RSI2,2025-10-21 14:38:00,2025-10-21 14:41:00,1846.3,1847.2231499999998,1849.4,1848.4753000000003,50,LONG,62.607500000024174,-397870.5424999406
cash_ACC,RSI2,2025-10-23 09:15:00,2025-10-23 09:25:00,1847.0,1847.9234999999999,1839.9,1838.9800500000001,50,LONG,-447.17249999998785,-398317.7149999406
cash_ACC,RSI2,2025-10-23 09:34:00,2025-10-23 09:37:00,1837.4,1838.3187,1837.8,1836.8811,50,LONG,-71.87999999999874,-398389.5949999406
cash_ACC,RSI2,2025-10-23 09:52:00,2025-10-23 09:59:00,1837.0,1837.9185,1838.0,1837.0810000000001,50,LONG,-41.87499999999318,-398431.4699999406
cash_ACC,RSI2,2025-10-23 10:23:00,2025-10-23 10:25:00,1838.1,1839.0190499999999,1838.9,1837.9805500000002,50,LONG,-51.9249999999829,-398483.3949999406
cash_ACC,RSI2,2025-10-23 10:42:00,2025-10-23 10:46:00,1838.0,1838.9189999999999,1838.6,1837.6807000000001,50,LONG,-61.914999999987685,-398545.30999994057
cash_ACC,RSI2,2025-10-23 10:48:00,2025-10-23 10:58:00,1838.0,1838.9189999999999,1838.0,1837.0810000000001,50,LONG,-91.8999999999869,-398637.20999994053
cash_ACC,RSI2,2025-10-23 11:06:00,2025-10-23 11:10:00,1836.5,1837.41825,1837.6,1836.6812,50,LONG,-36.85249999999769,-398674.0624999405
cash_ACC,RSI2,2025-10-23 11:41:00,2025-10-23 11:54:00,1837.0,1837.9185,1837.1,1836.18145,50,LONG,-86.85249999999769,-398760.9149999405
cash_ACC,RSI2,2025-10-23 12:04:00,2025-10-23 12:06:00,1837.8,1838.7188999999998,1839.1,1838.18045,50,LONG,-26.922499999989213,-398787.8374999405
cash_ACC,RSI2,2025-10-23 12:23:00,2025-10-23 12:24:00,1838.9,1839.81945,1839.5,1838.5802500000002,50,LONG,-61.95999999998776,-398849.79749994044
cash_ACC,RSI2,2025-10-23 12:29:00,2025-10-23 12:31:00,1837.4,1838.3187,1838.9,1837.9805500000002,50,LONG,-16.907499999990705,-398866.7049999404
cash_ACC,RSI2,2025-10-23 12:50:00,2025-10-23 13:03:00,1839.3,1840.2196499999998,1838.7,1837.7806500000002,50,LONG,-121.94999999998117,-398988.65499994037
cash_ACC,RSI2,2025-10-23 13:07:00,2025-10-23 13:17:00,1838.5,1839.41925,1839.0,1838.0805,50,LONG,-66.93749999999454,-399055.59249994037
cash_ACC,RSI2,2025-10-23 13:48:00,2025-10-23 14:01:00,1839.4,1840.3197,1838.3,1837.38085,50,LONG,-146.9425000000001,-399202.53499994037
cash_ACC,RSI2,2025-10-23 14:43:00,2025-10-23 14:45:00,1838.1,1839.0190499999999,1851.2,1850.2744000000002,50,LONG,562.7675000000181,-398639.76749994035
cash_ACC,RSI2,2025-10-23 15:14:00,2025-10-23 15:20:00,1851.5,1852.4257499999999,1853.5,1852.5732500000001,50,LONG,7.375000000013188,-398632.39249994035
cash_ACC,RSI2,2025-10-24 09:17:00,2025-10-24 09:23:00,1849.0,1849.9244999999999,1849.6,1848.6752,50,LONG,-62.46499999999742,-398694.8574999404
cash_ACC,RSI2,2025-10-24 09:41:00,2025-10-24 09:54:00,1852.0,1852.926,1848.5,1847.5757500000002,50,LONG,-267.51249999998663,-398962.3699999404
cash_ACC,RSI2,2025-10-24 10:17:00,2025-10-24 10:32:00,1847.1,1848.02355,1843.9,1842.9780500000002,50,LONG,-252.274999999986,-399214.64499994036
cash_ACC,RSI2,2025-10-24 10:42:00,2025-10-24 10:45:00,1842.5,1843.4212499999999,1843.1,1842.17845,50,LONG,-62.13999999998805,-399276.78499994037
cash_ACC,RSI2,2025-10-24 11:41:00,2025-10-24 11:45:00,1843.1,1844.0215499999997,1844.4,1843.4778000000001,50,LONG,-27.187499999979536,-399303.97249994037
cash_ACC,RSI2,2025-10-24 12:03:00,2025-10-24 12:05:00,1844.1,1845.0220499999998,1844.8,1843.8776,50,LONG,-57.22249999998894,-399361.19499994034
cash_ACC,RSI2,2025-10-24 13:12:00,2025-10-24 13:16:00,1844.5,1845.4222499999998,1846.9,1845.97655,50,LONG,27.71500000001197,-399333.4799999403
cash_ACC,RSI2,2025-10-24 13:37:00,2025-10-24 13:45:00,1844.3,1845.2221499999998,1848.0,1847.076,50,LONG,92.69250000000966,-399240.7874999403
cash_ACC,RSI2,2025-10-24 13:56:00,2025-10-24 13:57:00,1848.2,1849.1241,1855.0,1854.0725,50,LONG,247.41999999999962,-398993.36749994033
cash_ACC,RSI2,2025-10-24 14:02:00,2025-10-24 14:07:00,1847.0,1847.9234999999999,1848.4,1847.4758000000002,50,LONG,-22.384999999985666,-399015.75249994034
cash_ACC,RSI2,2025-10-24 14:23:00,2025-10-24 14:35:00,1855.5,1856.4277499999998,1851.6,1850.6742,50,LONG,-287.67749999999523,-399303.42999994033
cash_ACC,RSI2,2025-10-24 14:56:00,2025-10-24 14:58:00,1847.9,1848.82395,1849.4,1848.4753000000003,50,LONG,-17.432499999983975,-399320.8624999403
cash_ACC,RSI2,2025-10-24 15:10:00,2025-10-24 15:19:00,1849.8,1850.7249,1847.9,1846.9760500000002,50,LONG,-187.442499999986,-399508.30499994033
cash_ACC,RSI2,2025-10-24 15:25:00,2025-10-24 15:27:00,1846.5,1847.4232499999998,1849.9,1848.9750500000002,50,LONG,77.59000000002061,-399430.7149999403
cash_ACC,RSI2,2025-10-27 09:15:00,2025-10-27 09:18:00,1842.8,1843.7214,1847.9,1846.9760500000002,50,LONG,162.73250000001553,-399267.98249994026
cash_ACC,RSI2,2025-10-27 09:28:00,2025-10-27 09:29:00,1847.7,1848.62385,1849.5,1848.57525,50,LONG,-2.4299999999925603,-399270.41249994026
cash_ACC,RSI2,2025-10-27 09:38:00,2025-10-27 09:42:00,1847.0,1847.9234999999999,1848.2,1847.2759,50,LONG,-32.379999999989195,-399302.79249994026
cash_ACC,RSI2,2025-10-27 09:47:00,2025-10-27 09:49:00,1846.4,1847.3232,1848.0,1847.076,50,LONG,-12.360000000001037,-399315.15249994025
cash_ACC,RSI2,2025-10-27 09:57:00,2025-10-27 10:05:00,1846.1,1847.0230499999998,1846.6,1845.6767,50,LONG,-67.3174999999901,-399382.46999994025
cash_ACC,RSI2,2025-10-27 10:19:00,2025-10-27 10:24:00,1840.1,1841.0200499999999,1840.8,1839.8796,50,LONG,-57.02249999999367,-399439.4924999403
cash_ACC,RSI2,2025-10-27 10:31:00,2025-10-27 10:33:00,1840.1,1841.0200499999999,1841.4,1840.4793000000002,50,LONG,-27.037499999983083,-399466.52999994025
cash_ACC,RSI2,2025-10-27 10:50:00,2025-10-27 10:59:00,1841.2,1842.1206,1840.7,1839.7796500000002,50,LONG,-117.04749999998967,-399583.57749994023
cash_ACC,RSI2,2025-10-27 11:47:00,2025-10-27 11:55:00,1842.3,1843.2211499999999,1842.8,1841.8786,50,LONG,-67.12749999999232,-399650.70499994024
cash_ACC,RSI2,2025-10-27 12:02:00,2025-10-27 12:06:00,1841.5,1842.42075,1842.1,1841.17895,50,LONG,-62.0900000000006,-399712.79499994026
cash_ACC,RSI2,2025-10-27 13:21:00,2025-10-27 13:23:00,1854.0,1854.927,1855.0,1854.0725,50,LONG,-42.724999999995816,-399755.51999994024
cash_ACC,RSI2,2025-10-27 13:29:00,2025-10-27 13:33:00,1854.6,1855.5272999999997,1855.2,1854.2724,50,LONG,-62.744999999983975,-399818.26499994023
cash_ACC,RSI2,2025-10-27 14:08:00,2025-10-27 14:14:00,1853.2,1854.1266,1854.0,1853.073,50,LONG,-52.67999999999802,-399870.9449999402
cash_ACC,RSI2,2025-10-27 14:31:00,2025-10-27 14:35:00,1853.8,1854.7269,1855.6,1854.6722,50,LONG,-2.73499999999558,-399873.6799999402
cash_ACC,RSI2,2025-10-27 14:59:00,2025-10-27 15:01:00,1857.9,1858.82895,1860.6,1859.6697,50,LONG,42.03749999999218,-399831.64249994024
cash_ACC,RSI2,2025-10-27 15:24:00,2025-10-28 09:17:00,1860.4,1861.3301999999999,1859.9,1858.9700500000001,50,LONG,-118.00749999998743,-399949.64999994024
cash_ACC,RSI2,2025-10-28 09:31:00,2025-10-28 09:36:00,1857.6,1858.5287999999998,1858.5,1857.57075,50,LONG,-47.9024999999865,-399997.5524999402
cash_ACC,RSI2,2025-10-28 09:40:00,2025-10-28 09:43:00,1856.5,1857.42825,1857.4,1856.4713000000002,50,LONG,-47.84749999998894,-400045.3999999402
cash_ACC,RSI2,2025-10-28 09:52:00,2025-10-28 09:59:00,1855.2,1856.1276,1855.6,1854.6722,50,LONG,-72.77000000000271,-400118.1699999402
cash_ACC,RSI2,2025-10-28 10:11:00,2025-10-28 10:12:00,1854.5,1855.42725,1856.0,1855.0720000000001,50,LONG,-17.762499999992087,-400135.9324999402
cash_ACC,RSI2,2025-10-28 10:21:00,2025-10-28 10:24:00,1855.1,1856.0275499999998,1855.7,1854.7721500000002,50,LONG,-62.7699999999777,-400198.7024999402
cash_ACC,RSI2,2025-10-28 10:27:00,2025-10-28 10:46:00,1854.5,1855.42725,1849.5,1848.57525,50,LONG,-342.5999999999931,-400541.30249994015
cash_ACC,RSI2,2025-10-28 11:35:00,2025-10-28 11:40:00,1851.3,1852.2256499999999,1851.4,1850.4743,50,LONG,-87.56749999998874,-400628.86999994016
cash_ACC,RSI2,2025-10-28 11:55:00,2025-10-28 12:09:00,1852.7,1853.62635,1850.7,1849.77465,50,LONG,-192.58499999999685,-400821.4549999402
cash_ACC,RSI2,2025-10-28 12:43:00,2025-10-28 12:53:00,1851.1,1852.0255499999998,1853.0,1852.0735000000002,50,LONG,2.3975000000177715,-400819.05749994016
cash_ACC,RSI2,2025-10-28 13:00:00,2025-10-28 13:02:00,1852.0,1852.926,1855.0,1854.0725,50,LONG,57.325000000003,-400761.73249994015
cash_ACC,RSI2,2025-10-28 13:22:00,2025-10-28 13:34:00,1857.9,1858.82895,1860.1,1859.16995,50,LONG,17.049999999994725,-400744.68249994016
cash_ACC,RSI2,2025-10-28 14:00:00,2025-10-28 14:05:00,1859.8,1860.7298999999998,1860.6,1859.6697,50,LONG,-53.00999999999476,-400797.69249994017
cash_ACC,RSI2,2025-10-28 14:09:00,2025-10-28 14:14:00,1856.3,1857.22815,1855.0,1854.0725,50,LONG,-157.78249999999616,-400955.47499994014
cash_ACC,RSI2,2025-10-28 14:34:00,2025-10-28 14:39:00,1853.0,1853.9264999999998,1853.6,1852.6732,50,LONG,-62.66499999999269,-401018.1399999401
cash_ACC,RSI2,2025-10-28 15:14:00,2025-10-28 15:20:00,1860.1,1861.0300499999998,1860.7,1859.7696500000002,50,LONG,-63.019999999983156,-401081.1599999401
cash_ACC,RSI2,2025-10-29 09:35:00,2025-10-29 09:37:00,1865.9,1866.83295,1867.7,1866.7661500000002,50,LONG,-3.3399999999915053,-401084.49999994005
cash_ACC,RSI2,2025-10-29 09:52:00,2025-10-29 10:05:00,1879.0,1879.9395,1874.5,1873.56275,50,LONG,-318.8374999999951,-401403.33749994007
cash_ACC,RSI2,2025-10-29 10:59:00,2025-10-29 11:02:00,1874.2,1875.1371,1875.0,1874.0625,50,LONG,-53.729999999995925,-401457.06749994005
cash_ACC,RSI2,2025-10-29 11:27:00,2025-10-29 11:30:00,1876.0,1876.9379999999999,1877.0,1876.0615,50,LONG,-43.82499999999254,-401500.89249994006
cash_ACC,RSI2,2025-10-29 11:36:00,2025-10-29 11:42:00,1870.8,1871.7353999999998,1869.1,1868.16545,50,LONG,-178.49749999999176,-401679.38999994006
cash_ACC,RSI2,2025-10-29 12:17:00,2025-10-29 12:22:00,1869.4,1870.3346999999999,1869.8,1868.8651,50,LONG,-73.47999999999502,-401752.86999994004
cash_ACC,RSI2,2025-10-29 12:45:00,2025-10-29 12:47:00,1875.0,1875.9375,1876.5,1875.56175,50,LONG,-18.78749999999627,-401771.65749994
cash_ACC,RSI2,2025-10-29 13:06:00,2025-10-29 13:07:00,1872.2,1873.1361,1873.5,1872.5632500000002,50,LONG,-28.642499999989468,-401800.29999994003
cash_ACC,RSI2,2025-10-29 13:25:00,2025-10-29 13:29:00,1874.1,1875.03705,1874.6,1873.6627,50,LONG,-68.7174999999911,-401869.01749994
cash_ACC,RSI2,2025-10-29 13:43:00,2025-10-29 13:46:00,1873.5,1874.4367499999998,1873.6,1872.6632,50,LONG,-88.67749999999432,-401957.69499994
cash_ACC,RSI2,2025-10-29 14:16:00,2025-10-29 14:19:00,1876.0,1876.9379999999999,1877.6,1876.6612,50,LONG,-13.839999999993324,-401971.53499993996
cash_ACC,RSI2,2025-10-29 14:35:00,2025-10-29 14:38:00,1877.0,1877.9385,1878.5,1877.56075,50,LONG,-18.887499999993906,-401990.42249994
cash_ACC,RSI2,2025-10-29 14:51:00,2025-10-29 14:58:00,1875.9,1876.83795,1876.6,1875.6617,50,LONG,-58.81249999999909,-402049.23499994
cash_ACC,RSI2,2025-10-29 15:27:00,2025-10-30 09:19:00,1879.0,1879.9395,1882.0,1881.0590000000002,50,LONG,55.97500000001219,-401993.25999993994
cash_ACC,RSI2,2025-10-30 09:51:00,2025-10-30 10:06:00,1879.1,1880.0395499999997,1876.2,1875.2619000000002,50,LONG,-238.88249999997697,-402232.1424999399
cash_ACC,RSI2,2025-10-30 10:18:00,2025-10-30 10:22:00,1876.7,1877.63835,1879.4,1878.4603000000002,50,LONG,41.09750000001213,-402191.04499993986
cash_ACC,RSI2,2025-10-30 10:50:00,2025-10-30 11:00:00,1877.1,1878.0385499999998,1869.8,1868.8651,50,LONG,-458.67249999998876,-402649.71749993984
cash_ACC,RSI2,2025-10-30 11:07:00,2025-10-30 11:11:00,1869.3,1870.2346499999999,1869.0,1868.0655000000002,50,LONG,-108.45749999998588,-402758.1749999398
cash_ACC,RSI2,2025-10-30 11:19:00,2025-10-30 11:20:00,1868.5,1869.4342499999998,1869.5,1868.56525,50,LONG,-43.44999999998436,-402801.6249999398
cash_ACC,RSI2,2025-10-30 11:38:00,2025-10-30 11:46:00,1868.5,1869.4342499999998,1868.3,1867.3658500000001,50,LONG,-103.41999999998279,-402905.0449999398
cash_ACC,RSI2,2025-10-30 11:56:00,2025-10-30 12:06:00,1867.0,1867.9334999999999,1864.0,1863.0680000000002,50,LONG,-243.2749999999828,-403148.31999993976
cash_ACC,RSI2,2025-10-30 12:34:00,2025-10-30 12:45:00,1860.0,1860.9299999999998,1858.9,1857.9705500000002,50,LONG,-147.9724999999803,-403296.29249993974
cash_ACC,RSI2,2025-10-30 13:28:00,2025-10-30 13:34:00,1859.9,1860.82995,1860.1,1859.16995,50,LONG,-83.00000000000409,-403379.29249993974
cash_ACC,RSI2,2025-10-30 14:29:00,2025-10-30 14:38:00,1861.0,1861.9305,1860.5,1859.56975,50,LONG,-118.03749999999127,-403497.3299999397
cash_ACC,RSI2,2025-10-30 14:52:00,2025-10-30 14:59:00,1859.8,1860.7298999999998,1860.1,1859.16995,50,LONG,-77.99749999999221,-403575.3274999397
cash_ACC,RSI2,2025-10-30 15:11:00,2025-10-30 15:13:00,1863.0,1863.9315,1864.4,1863.4678000000001,50,LONG,-23.184999999989486,-403598.5124999397
cash_ACC,RSI2,2025-10-30 15:16:00,2025-10-30 15:19:00,1861.5,1862.43075,1862.2,1861.2689000000003,50,LONG,-58.09249999998656,-403656.6049999397
cash_ACC,RSI2,2025-10-31 09:45:00,2025-10-31 09:52:00,1860.8,1861.7304,1866.0,1865.067,50,LONG,166.83000000000447,-403489.77499993966
cash_ACC,RSI2,2025-10-31 10:05:00,2025-10-31 10:12:00,1865.8,1866.7328999999997,1865.6,1864.6672,50,LONG,-103.28499999998257,-403593.05999993964
cash_ACC,RSI2,2025-10-31 10:27:00,2025-10-31 10:42:00,1864.7,1865.6323499999999,1861.1,1860.16945,50,LONG,-273.14499999998816,-403866.2049999396
cash_ACC,RSI2,2025-10-31 11:01:00,2025-10-31 11:11:00,1863.9,1864.83195,1862.2,1861.2689000000003,50,LONG,-178.1524999999874,-404044.35749993956
cash_ACC,RSI2,2025-10-31 11:29:00,2025-10-31 11:30:00,1862.1,1863.0310499999998,1863.5,1862.56825,50,LONG,-23.139999999989413,-404067.4974999396
cash_ACC,RSI2,2025-10-31 11:49:00,2025-10-31 11:50:00,1865.2,1866.1326,1866.7,1865.7666500000003,50,LONG,-18.297499999982847,-404085.79499993956
cash_ACC,RSI2,2025-10-31 12:02:00,2025-10-31 12:08:00,1865.9,1866.83295,1865.6,1864.6672,50,LONG,-108.28749999999445,-404194.08249993954
cash_ACC,RSI2,2025-10-31 12:16:00,2025-10-31 12:17:00,1864.7,1865.6323499999999,1866.8,1865.8666,50,LONG,11.712500000010095,-404182.3699999395
cash_ACC,RSI2,2025-10-31 13:11:00,2025-10-31 13:14:00,1885.7,1886.64285,1889.9,1888.9550500000003,50,LONG,115.61000000001513,-404066.7599999395
cash_ACC,RSI2,2025-10-31 14:01:00,2025-10-31 14:22:00,1896.0,1896.9479999999999,1889.8,1888.8551,50,LONG,-404.6449999999936,-404471.4049999395
cash_ACC,RSI2,2025-10-31 14:28:00,2025-10-31 14:35:00,1886.0,1886.943,1885.0,1884.0575000000001,50,LONG,-144.27499999999327,-404615.67999993946
cash_ACC,RSI2,2025-10-31 14:40:00,2025-10-31 14:41:00,1883.5,1884.44175,1885.4,1884.4573000000003,50,LONG,0.7775000000151522,-404614.90249993943
cash_ACC,RSI2,2025-10-31 14:53:00,2025-10-31 14:58:00,1880.9,1881.84045,1881.0,1880.0595,50,LONG,-89.0474999999924,-404703.9499999394
cash_ACC,RSI2,2025-10-31 15:13:00,2025-11-03 09:15:00,1883.2,1884.1416,1913.0,1912.0435,50,LONG,1395.0950000000034,-403308.8549999394
cash_ACC,RSI2,2025-11-03 09:29:00,2025-11-03 09:39:00,1900.7,1901.65035,1892.2,1891.2539000000002,50,LONG,-519.8224999999866,-403828.6774999394
cash_ACC,RSI2,2025-11-03 09:46:00,2025-11-03 09:50:00,1890.1,1891.0450499999997,1892.7,1891.75365,50,LONG,35.43000000001939,-403793.2474999394
cash_ACC,RSI2,2025-11-03 09:59:00,2025-11-03 10:07:00,1888.2,1889.1441,1890.9,1889.9545500000002,50,LONG,40.52250000000868,-403752.7249999394
cash_ACC,RSI2,2025-11-03 10:15:00,2025-11-03 10:26:00,1887.5,1888.44375,1887.0,1886.0565000000001,50,LONG,-119.36249999998836,-403872.0874999394
cash_ACC,RSI2,2025-11-03 10:41:00,2025-11-03 10:53:00,1887.9,1888.84395,1887.8,1886.8561,50,LONG,-99.39249999999902,-403971.4799999394
cash_ACC,RSI2,2025-11-03 11:09:00,2025-11-03 11:17:00,1887.0,1887.9434999999999,1887.0,1886.0565000000001,50,LONG,-94.34999999998581,-404065.82999993936
cash_ACC,RSI2,2025-11-03 11:20:00,2025-11-03 11:45:00,1885.9,1886.84295,1883.7,1882.7581500000001,50,LONG,-204.23999999999296,-404270.06999993935
cash_ACC,RSI2,2025-11-03 11:54:00,2025-11-03 11:59:00,1882.5,1883.4412499999999,1883.5,1882.55825,50,LONG,-44.14999999999054,-404314.2199999393
cash_ACC,RSI2,2025-11-03 12:17:00,2025-11-03 12:26:00,1884.0,1884.942,1884.2,1883.2579,50,LONG,-84.2049999999972,-404398.42499993934
cash_ACC,RSI2,2025-11-03 12:38:00,2025-11-03 12:43:00,1883.4,1884.3417,1888.2,1887.2559,50,LONG,145.71000000000822,-404252.7149999393
cash_ACC,RSI2,2025-11-03 13:00:00,2025-11-03 13:04:00,1884.0,1884.942,1885.0,1884.0575000000001,50,LONG,-44.22499999999445,-404296.9399999393
cash_ACC,RSI2,2025-11-03 13:34:00,2025-11-03 13:35:00,1887.6,1888.5437999999997,1889.0,1888.0555000000002,50,LONG,-24.414999999976317,-404321.35499993927
cash_ACC,RSI2,2025-11-03 13:43:00,2025-11-03 13:59:00,1886.2,1887.1431,1885.0,1884.0575000000001,50,LONG,-154.2799999999943,-404475.63499993924
cash_ACC,RSI2,2025-11-03 14:04:00,2025-11-03 14:12:00,1884.0,1884.942,1884.0,1883.058,50,LONG,-94.20000000000073,-404569.83499993925
cash_ACC,RSI2,2025-11-03 14:16:00,2025-11-03 14:18:00,1881.6,1882.5407999999998,1883.3,1882.35835,50,LONG,-9.122499999989486,-404578.95749993925
cash_ACC,RSI2,2025-11-03 14:34:00,2025-11-03 14:36:00,1882.8,1883.7413999999999,1883.0,1882.0585,50,LONG,-84.14499999998952,-404663.10249993927
cash_ACC,RSI2,2025-11-03 14:38:00,2025-11-03 14:39:00,1881.6,1882.5407999999998,1883.0,1882.0585,50,LONG,-24.11499999998341,-404687.21749993926
cash_ACC,RSI2,2025-11-03 14:48:00,2025-11-03 14:51:00,1882.0,1882.9409999999998,1882.8,1881.8586,50,LONG,-54.11999999998898,-404741.33749993925
cash_ACC,RSI2,2025-11-03 14:55:00,2025-11-03 15:23:00,1879.2,1880.1396,1869.0,1868.0655000000002,50,LONG,-603.7049999999908,-405345.04249993927
cash_ACC,RSI2,2025-11-03 15:27:00,2025-11-04 09:15:00,1864.6,1865.5322999999999,1877.5,1876.5612500000002,50,LONG,551.4475000000175,-404793.59499993926
cash_ACC,RSI2,2025-11-04 09:21:00,2025-11-04 09:34:00,1871.6,1872.5357999999999,1858.4,1857.4708000000003,50,LONG,-753.24999999998,-405546.84499993926
cash_ACC,RSI2,2025-11-04 09:39:00,2025-11-04 09:44:00,1851.6,1852.5258,1855.0,1854.0725,50,LONG,77.33500000000504,-405469.50999993924
cash_ACC,RSI2,2025-11-04 09:48:00,2025-11-04 09:56:00,1850.3,1851.2251499999998,1847.4,1846.4763000000003,50,LONG,-237.44249999997464,-405706.9524999392
cash_ACC,RSI2,2025-11-04 10:14:00,2025-11-04 10:20:00,1845.0,1845.9225,1844.7,1843.7776500000002,50,LONG,-107.24249999998392,-405814.1949999392
cash_ACC,RSI2,2025-11-04 10:43:00,2025-11-04 10:46:00,1842.2,1843.1210999999998,1843.3,1842.37835,50,LONG,-37.13749999999436,-405851.3324999392
cash_ACC,RSI2,2025-11-04 11:07:00,2025-11-04 11:23:00,1844.6,1845.5222999999999,1839.5,1838.5802500000002,50,LONG,-347.1024999999827,-406198.43499993917
cash_ACC,RSI2,2025-11-04 11:36:00,2025-11-04 11:46:00,1838.9,1839.81945,1834.1,1833.1829500000001,50,LONG,-331.8249999999921,-406530.2599999392
cash_ACC,RSI2,2025-11-04 11:56:00,2025-11-04 11:57:00,1833.0,1833.9164999999998,1834.4,1833.4828000000002,50,LONG,-21.684999999979482,-406551.9449999392
cash_ACC,RSI2,2025-11-04 12:27:00,2025-11-04 12:31:00,1833.1,1834.0165499999998,1833.5,1832.5832500000001,50,LONG,-71.6649999999845,-406623.60999993916
cash_ACC,RSI2,2025-11-04 12:36:00,2025-11-04 12:38:00,1833.2,1834.1165999999998,1834.4,1833.4828000000002,50,LONG,-31.6899999999805,-406655.29999993916
cash_ACC,RSI2,2025-11-04 13:18:00,2025-11-04 13:25:00,1833.3,1834.2166499999998,1834.0,1833.083,50,LONG,-56.68249999998807,-406711.98249993916
cash_ACC,RSI2,2025-11-04 13:34:00,2025-11-04 13:40:00,1833.0,1833.9164999999998,1833.8,1832.8831,50,LONG,-51.66999999999007,-406763.65249993914
cash_ACC,RSI2,2025-11-04 13:50:00,2025-11-04 13:51:00,1832.7,1833.61635,1834.5,1833.58275,50,LONG,-1.6799999999989268,-406765.33249993913
cash_ACC,RSI2,2025-11-04 14:10:00,2025-11-04 14:14:00,1833.7,1834.6168499999999,1834.2,1833.2829000000002,50,LONG,-66.69749999998658,-406832.02999993914
cash_ACC,RSI2,2025-11-04 14:33:00,2025-11-04 14:39:00,1832.5,1833.41625,1835.6,1834.6822,50,LONG,63.29749999999876,-406768.73249993916
cash_ACC,RSI2,2025-11-04 14:42:00,2025-11-04 14:54:00,1832.0,1832.916,1828.8,1827.8856,50,LONG,-251.51999999999362,-407020.2524999392
cash_ACC,RSI2,2025-11-04 15:18:00,2025-11-04 15:26:00,1835.0,1835.9174999999998,1831.4,1830.4843000000003,50,LONG,-271.6599999999744,-407291.91249993915
cash_ACC,RSI2,2025-11-06 09:48:00,2025-11-06 09:56:00,1835.0,1835.9174999999998,1835.9,1834.9820500000003,50,LONG,-46.77249999997457,-407338.6849999391
cash_ACC,RSI2,2025-11-06 10:05:00,2025-11-06 10:13:00,1834.5,1835.41725,1834.6,1833.6827,50,LONG,-86.72749999999496,-407425.4124999391
cash_ACC,RSI2,2025-11-06 10:19:00,2025-11-06 10:21:00,1832.2,1833.1161,1833.2,1832.2834000000003,50,LONG,-41.63499999998521,-407467.0474999391
cash_ACC,RSI2,2025-11-06 10:31:00,2025-11-06 10:33:00,1830.6,1831.5152999999998,1832.4,1831.4838000000002,50,LONG,-1.5749999999798092,-407468.62249993905
cash_ACC,RSI2,2025-11-06 10:52:00,2025-11-06 11:05:00,1832.4,1833.3162,1833.0,1832.0835000000002,50,LONG,-61.63499999998976,-407530.25749993906
cash_ACC,RSI2,2025-11-06 11:15:00,2025-11-06 11:27:00,1832.6,1833.5162999999998,1833.0,1832.0835000000002,50,LONG,-71.63999999997941,-407601.897499939
cash_ACC,RSI2,2025-11-06 11:32:00,2025-11-06 11:34:00,1832.8,1833.7163999999998,1833.0,1832.0835000000002,50,LONG,-81.64499999998043,-407683.542499939
cash_ACC,RSI2,2025-11-06 11:47:00,2025-11-06 11:56:00,1831.6,1832.5158,1832.1,1831.18395,50,LONG,-66.5924999999902,-407750.13499993895
cash_ACC,RSI2,2025-11-06 12:14:00,2025-11-06 12:16:00,1832.1,1833.0160499999997,1833.0,1832.0835000000002,50,LONG,-46.62749999997686,-407796.76249993895
cash_ACC,RSI2,2025-11-06 12:25:00,2025-11-06 12:26:00,1831.4,1832.3156999999999,1833.0,1832.0835000000002,50,LONG,-11.609999999984666,-407808.37249993894
cash_ACC,RSI2,2025-11-06 12:31:00,2025-11-06 12:34:00,1830.5,1831.4152499999998,1831.3,1830.38435,50,LONG,-51.54499999998734,-407859.9174999389
cash_ACC,RSI2,2025-11-06 12:57:00,2025-11-06 13:01:00,1832.0,1832.916,1832.9,1831.9835500000002,50,LONG,-46.622499999989486,-407906.5399999389
cash_ACC,RSI2,2025-11-06 13:35:00,2025-11-06 13:38:00,1829.4,1830.3147,1829.8,1828.8851,50,LONG,-71.47999999999683,-407978.0199999389
cash_ACC,RSI2,2025-11-06 13:47:00,2025-11-06 13:56:00,1829.9,1830.81495,1830.0,1829.085,50,LONG,-86.49749999999585,-408064.5174999389
cash_ACC,RSI2,2025-11-06 14:19:00,2025-11-06 14:21:00,1830.0,1830.915,1831.0,1830.0845000000002,50,LONG,-41.52499999999009,-408106.04249993886
cash_ACC,RSI2,2025-11-06 14:26:00,2025-11-06 14:30:00,1831.0,1831.9154999999998,1831.6,1830.6842,50,LONG,-61.56499999999596,-408167.60749993887
cash_ACC,RSI2,2025-11-06 14:56:00,2025-11-06 15:03:00,1830.0,1830.915,1830.5,1829.5847500000002,50,LONG,-66.51249999998754,-408234.1199999389
cash_ACC,RSI2,2025-11-06 15:15:00,2025-11-07 09:15:00,1832.1,1833.0160499999997,1830.0,1829.085,50,LONG,-196.55249999998432,-408430.67249993887
cash_ACC,RSI2,2025-11-07 09:16:00,2025-11-07 09:40:00,1826.9,1827.81345,1821.8,1820.8891,50,LONG,-346.2175000000002,-408776.8899999389
cash_ACC,RSI2,2025-11-07 09:52:00,2025-11-07 09:55:00,1821.6,1822.5107999999998,1822.4,1821.4888,50,LONG,-51.09999999998536,-408827.9899999389
cash_ACC,RSI2,2025-11-07 10:12:00,2025-11-07 10:15:00,1820.6,1821.5103,1821.4,1820.4893000000002,50,LONG,-51.04999999998654,-408879.03999993886
cash_ACC,RSI2,2025-11-07 10:54:00,2025-11-07 10:59:00,1826.1,1827.0130499999998,1826.5,1825.5867500000002,50,LONG,-71.31499999998141,-408950.35499993886
cash_ACC,RSI2,2025-11-07 12:12:00,2025-11-07 12:15:00,1835.0,1835.9174999999998,1835.1,1834.18245,50,LONG,-86.75249999998869,-409037.10749993887
cash_ACC,RSI2,2025-11-07 12:24:00,2025-11-07 12:30:00,1834.4,1835.3172,1835.2,1834.2824,50,LONG,-51.739999999995234,-409088.84749993886
cash_ACC,RSI2,2025-11-07 12:45:00,2025-11-07 12:50:00,1835.0,1835.9174999999998,1836.3,1835.38185,50,LONG,-26.78249999999025,-409115.6299999388
cash_ACC,RSI2,2025-11-07 13:20:00,2025-11-07 13:26:00,1845.2,1846.1226,1844.1,1843.17795,50,LONG,-147.23249999999553,-409262.8624999388
cash_ACC,RSI2,2025-11-07 13:41:00,2025-11-07 13:44:00,1849.4,1850.3247,1850.0,1849.075,50,LONG,-62.4849999999924,-409325.3474999388
cash_ACC,RSI2,2025-11-07 13:48:00,2025-11-07 14:07:00,1846.4,1847.3232,1842.6,1841.6787,50,LONG,-282.22500000000537,-409607.5724999388
cash_ACC,RSI2,2025-11-07 14:29:00,2025-11-07 14:32:00,1845.2,1846.1226,1845.5,1844.57725,50,LONG,-77.26749999999356,-409684.8399999388
cash_ACC,RSI2,2025-11-07 14:35:00,2025-11-07 14:42:00,1844.5,1845.4222499999998,1842.9,1841.9785500000003,50,LONG,-172.18499999997903,-409857.0249999388
cash_ACC,RSI2,2025-11-07 14:54:00,2025-11-07 14:58:00,1841.1,1842.0205499999997,1841.3,1840.3793500000002,50,LONG,-82.05999999997857,-409939.0849999388
cash_ACC,RSI2,2025-11-07 15:05:00,2025-11-07 15:07:00,1839.0,1839.9195,1840.2,1839.2799000000002,50,LONG,-31.979999999987285,-409971.06499993877
cash_ACC,RSI2,2025-11-10 09:27:00,2025-11-10 09:31:00,1839.2,1840.1196,1838.7,1837.7806500000002,50,LONG,-116.94749999999203,-410088.0124999388
cash_ACC,RSI2,2025-11-10 09:59:00,2025-11-10 10:12:00,1846.1,1847.0230499999998,1842.9,1841.9785500000003,50,LONG,-252.2249999999758,-410340.23749993875
cash_ACC,RSI2,2025-11-10 10:16:00,2025-11-10 10:19:00,1841.6,1842.5207999999998,1843.6,1842.6782,50,LONG,7.870000000013988,-410332.36749993876
cash_ACC,RSI2,2025-11-10 10:34:00,2025-11-10 10:44:00,1848.9,1849.82445,1848.8,1847.8756,50,LONG,-97.44249999999965,-410429.80999993876
cash_ACC,RSI2,2025-11-10 10:49:00,2025-11-10 10:57:00,1847.6,1848.5237999999997,1846.6,1845.6767,50,LONG,-142.35499999998638,-410572.16499993874
cash_ACC,RSI2,2025-11-10 11:12:00,2025-11-10 11:18:00,1842.1,1843.0210499999998,1842.6,1841.6787,50,LONG,-67.11749999999483,-410639.28249993874
cash_ACC,RSI2,2025-11-10 11:19:00,2025-11-10 11:24:00,1840.9,1841.82045,1841.8,1840.8791,50,LONG,-47.06749999999147,-410686.34999993874
cash_ACC,RSI2,2025-11-10 11:32:00,2025-11-10 11:35:00,1841.1,1842.0205499999997,1841.8,1840.8791,50,LONG,-57.07249999998112,-410743.42249993875
cash_ACC,RSI2,2025-11-10 12:02:00,2025-11-10 12:07:00,1842.2,1843.1210999999998,1843.8,1842.8781000000001,50,LONG,-12.149999999985539,-410755.5724999387
cash_ACC,RSI2,2025-11-10 12:32:00,2025-11-10 12:34:00,1846.0,1846.923,1846.3,1845.37685,50,LONG,-77.30749999999489,-410832.8799999387
cash_ACC,RSI2,2025-11-10 12:41:00,2025-11-10 12:48:00,1845.0,1845.9225,1844.4,1843.4778000000001,50,LONG,-122.23499999998921,-410955.1149999387
cash_ACC,RSI2,2025-11-10 13:19:00,2025-11-10 13:27:00,1848.0,1848.924,1848.6,1847.6757,50,LONG,-62.4149999999986,-411017.5299999387
cash_ACC,RSI2,2025-11-10 13:43:00,2025-11-10 13:49:00,1848.0,1848.924,1846.1,1845.17695,50,LONG,-187.35249999999724,-411204.88249993866
cash_ACC,RSI2,2025-11-10 14:23:00,2025-11-10 14:26:00,1846.4,1847.3232,1847.0,1846.0765000000001,50,LONG,-62.334999999995944,-411267.2174999387
cash_ACC,RSI2,2025-11-10 14:33:00,2025-11-10 14:37:00,1844.4,1845.3222,1844.5,1843.5777500000002,50,LONG,-87.22249999999576,-411354.43999993865
cash_ACC,RSI2,2025-11-10 14:47:00,2025-11-10 14:54:00,1845.1,1846.02255,1845.6,1844.6772,50,LONG,-67.26749999999129,-411421.70749993867
cash_ACC,RSI2,2025-11-10 15:16:00,2025-11-10 15:23:00,1843.6,1844.5217999999998,1844.2,1843.2779,50,LONG,-62.19499999998561,-411483.9024999387
cash_ACC,RSI2,2025-11-10 15:27:00,2025-11-11 09:15:00,1842.0,1842.9209999999998,1850.0,1849.075,50,LONG,307.7000000000112,-411176.20249993866
cash_ACC,RSI2,2025-11-11 09:33:00,2025-11-11 09:35:00,1842.1,1843.0210499999998,1844.5,1843.5777500000002,50,LONG,27.835000000015953,-411148.36749993864
cash_ACC,RSI2,2025-11-11 09:40:00,2025-11-11 09:42:00,1840.6,1841.5203,1842.3,1841.37885,50,LONG,-7.072499999992488,-411155.43999993865
cash_ACC,RSI2,2025-11-11 09:52:00,2025-11-11 09:59:00,1840.9,1841.82045,1841.0,1840.0795,50,LONG,-87.04749999999422,-411242.48749993864
cash_ACC,RSI2,2025-11-11 10:05:00,2025-11-11 10:08:00,1840.0,1840.9199999999998,1840.0,1839.0800000000002,50,LONG,-91.99999999998454,-411334.48749993864
cash_ACC,RSI2,2025-11-11 10:33:00,2025-11-11 10:39:00,1842.2,1843.1210999999998,1842.8,1841.8786,50,LONG,-62.124999999991815,-411396.61249993864
cash_ACC,RSI2,2025-11-11 10:46:00,2025-11-11 10:53:00,1841.0,1841.9205,1842.5,1841.5787500000001,50,LONG,-17.087499999990996,-411413.6999999386
cash_ACC,RSI2,2025-11-11 11:27:00,2025-11-11 11:36:00,1840.9,1841.82045,1840.2,1839.2799000000002,50,LONG,-127.0274999999856,-411540.72749993857
cash_ACC,RSI2,2025-11-11 12:03:00,2025-11-11 12:10:00,1841.6,1842.5207999999998,1843.6,1842.6782,50,LONG,7.870000000013988,-411532.8574999386
cash_ACC,RSI2,2025-11-11 12:26:00,2025-11-11 12:37:00,1847.6,1848.5237999999997,1847.1,1846.17645,50,LONG,-117.36749999998892,-411650.22499993857
cash_ACC,RSI2,2025-11-11 12:40:00,2025-11-11 12:48:00,1845.4,1846.3227,1846.2,1845.2769,50,LONG,-52.2899999999936,-411702.51499993855
cash_ACC,RSI2,2025-11-11 13:02:00,2025-11-11 13:05:00,1843.5,1844.42175,1844.8,1843.8776,50,LONG,-27.207499999997253,-411729.72249993857
cash_ACC,RSI2,2025-11-11 13:26:00,2025-11-11 13:28:00,1845.7,1846.62285,1846.5,1845.5767500000002,50,LONG,-52.30499999998983,-411782.02749993856
cash_ACC,RSI2,2025-11-11 13:32:00,2025-11-11 13:34:00,1845.9,1846.82295,1846.4,1845.4768000000001,50,LONG,-67.30749999999261,-411849.33499993855
cash_ACC,RSI2,2025-11-11 14:04:00,2025-11-11 14:11:00,1846.2,1847.1231,1846.4,1845.4768000000001,50,LONG,-82.31499999999414,-411931.64999993856
cash_ACC,RSI2,2025-11-11 14:21:00,2025-11-11 14:34:00,1845.7,1846.62285,1845.9,1844.9770500000002,50,LONG,-82.28999999998905,-412013.93999993854
cash_ACC,RSI2,2025-11-11 14:37:00,2025-11-11 14:39:00,1844.5,1845.4222499999998,1846.5,1845.5767500000002,50,LONG,7.72500000001628,-412006.2149999385
cash_ACC,RSI2,2025-11-11 15:10:00,2025-11-11 15:20:00,1846.1,1847.0230499999998,1844.3,1843.37785,50,LONG,-182.2599999999852,-412188.4749999385
cash_ACC,RSI2,2025-11-11 15:27:00,2025-11-11 15:28:00,1842.0,1842.9209999999998,1844.7,1843.7776500000002,50,LONG,42.83250000001999,-412145.6424999385
cash_ACC,RSI2,2025-11-12 09:32:00,2025-11-12 09:33:00,1851.1,1852.0255499999998,1852.7,1851.77365,50,LONG,-12.594999999987522,-412158.23749993846
cash_ACC,RSI2,2025-11-12 09:36:00,2025-11-12 09:38:00,1849.0,1849.9244999999999,1850.5,1849.57475,50,LONG,-17.487499999992906,-412175.72499993845
cash_ACC,RSI2,2025-11-12 10:09:00,2025-11-12 10:14:00,1859.8,1860.7298999999998,1860.5,1859.56975,50,LONG,-58.00749999998516,-412233.73249993846
cash_ACC,RSI2,2025-11-12 10:24:00,2025-11-12 10:25:00,1860.3,1861.2301499999999,1862.3,1861.36885,50,LONG,6.93500000000995,-412226.79749993846
cash_ACC,RSI2,2025-11-12 10:32:00,2025-11-12 10:34:00,1858.1,1859.0290499999999,1860.0,1859.0700000000002,50,LONG,2.0475000000146792,-412224.7499999385
cash_ACC,RSI2,2025-11-12 10:54:00,2025-11-12 10:59:00,1858.3,1859.22915,1858.0,1857.0710000000001,50,LONG,-107.90749999998752,-412332.65749993845
cash_ACC,RSI2,2025-11-12 11:03:00,2025-11-12 11:09:00,1854.1,1855.02705,1853.8,1852.8731,50,LONG,-107.69749999999476,-412440.35499993846
cash_ACC,RSI2,2025-11-12 11:17:00,2025-11-12 11:23:00,1851.5,1852.4257499999999,1852.8,1851.8736000000001,50,LONG,-27.607499999987795,-412467.96249993844
cash_ACC,RSI2,2025-11-12 11:31:00,2025-11-12 11:34:00,1851.8,1852.7259,1853.0,1852.0735000000002,50,LONG,-32.619999999985794,-412500.58249993843
cash_ACC,RSI2,2025-11-12 11:40:00,2025-11-12 11:43:00,1852.3,1853.22615,1852.5,1851.57375,50,LONG,-82.61999999999716,-412583.20249993843
cash_ACC,RSI2,2025-11-12 11:50:00,2025-11-12 11:53:00,1851.0,1851.9254999999998,1853.2,1852.2734,50,LONG,17.39500000001044,-412565.8074999384
cash_ACC,RSI2,2025-11-12 12:19:00,2025-11-12 12:22:00,1852.3,1853.22615,1853.0,1852.0735000000002,50,LONG,-57.63249999998834,-412623.4399999384
cash_ACC,RSI2,2025-11-12 12:31:00,2025-11-12 12:36:00,1853.1,1854.0265499999998,1852.9,1851.9735500000002,50,LONG,-102.64999999998281,-412726.0899999384
cash_ACC,RSI2,2025-11-12 12:43:00,2025-11-12 12:47:00,1852.3,1853.22615,1854.0,1853.073,50,LONG,-7.6574999999934334,-412733.74749993836
cash_ACC,RSI2,2025-11-12 13:24:00,2025-11-12 13:28:00,1855.4,1856.3277,1855.7,1854.7721500000002,50,LONG,-77.7774999999906,-412811.5249999383
cash_ACC,RSI2,2025-11-12 13:34:00,2025-11-12 13:40:00,1854.0,1854.927,1855.1,1854.17245,50,LONG,-37.72749999999405,-412849.2524999383
cash_ACC,RSI2,2025-11-12 13:46:00,2025-11-12 13:58:00,1854.0,1854.927,1853.5,1852.5732500000001,50,LONG,-117.68749999998818,-412966.9399999383
cash_ACC,RSI2,2025-11-12 14:04:00,2025-11-12 14:18:00,1853.2,1854.1266,1852.6,1851.6737,50,LONG,-122.64499999999998,-413089.5849999383
cash_ACC,RSI2,2025-11-12 14:21:00,2025-11-12 14:31:00,1851.5,1852.4257499999999,1851.8,1850.8741,50,LONG,-77.58249999999407,-413167.16749993834
cash_ACC,RSI2,2025-11-12 14:45:00,2025-11-12 14:52:00,1851.3,1852.2256499999999,1852.2,1851.2739000000001,50,LONG,-47.587499999985994,-413214.7549999383
cash_ACC,RSI2,2025-11-12 15:04:00,2025-11-12 15:06:00,1851.7,1852.62585,1852.7,1851.77365,50,LONG,-42.60999999999058,-413257.3649999383
cash_ACC,RSI2,2025-11-12 15:19:00,2025-11-12 15:23:00,1852.6,1853.5262999999998,1853.0,1852.0735000000002,50,LONG,-72.6399999999785,-413330.00499993825
cash_ACC,RSI2,2025-11-13 09:35:00,2025-11-13 09:37:00,1849.2,1850.1245999999999,1849.6,1848.6752,50,LONG,-72.46999999999844,-413402.4749999382
cash_ACC,RSI2,2025-11-13 09:43:00,2025-11-13 09:47:00,1849.6,1850.5248,1854.8,1853.8726000000001,50,LONG,167.3900000000117,-413235.0849999382
cash_ACC,RSI2,2025-11-13 10:15:00,2025-11-13 10:24:00,1853.7,1854.6268499999999,1852.3,1851.37385,50,LONG,-162.64999999999645,-413397.7349999382
cash_ACC,RSI2,2025-11-13 10:43:00,2025-11-13 10:53:00,1853.6,1854.5267999999999,1850.3,1849.3748500000002,50,LONG,-257.59749999998576,-413655.3324999382
cash_ACC,RSI2,2025-11-13 12:10:00,2025-11-13 12:11:00,1857.1,1858.0285499999998,1858.1,1857.17095,50,LONG,-42.879999999991014,-413698.2124999382
cash_ACC,RSI2,2025-11-13 12:27:00,2025-11-13 12:39:00,1855.5,1856.4277499999998,1852.3,1851.37385,50,LONG,-252.69499999999425,-413950.9074999382
cash_ACC,RSI2,2025-11-13 12:41:00,2025-11-13 12:44:00,1851.2,1852.1255999999998,1851.7,1850.7741500000002,50,LONG,-67.57249999998294,-414018.4799999382
cash_ACC,RSI2,2025-11-13 13:18:00,2025-11-13 13:24:00,1853.0,1853.9264999999998,1852.8,1851.8736000000001,50,LONG,-102.64499999998407,-414121.1249999382
cash_ACC,RSI2,2025-11-13 13:33:00,2025-11-13 13:35:00,1852.9,1853.82645,1853.2,1852.2734,50,LONG,-77.65249999999924,-414198.7774999382
cash_ACC,RSI2,2025-11-13 13:54:00,2025-11-13 13:57:00,1852.8,1853.7263999999998,1853.7,1852.7731500000002,50,LONG,-47.662499999978536,-414246.4399999382
cash_ACC,RSI2,2025-11-13 14:05:00,2025-11-13 14:16:00,1852.1,1853.0260499999997,1849.9,1848.9750500000002,50,LONG,-202.5499999999738,-414448.9899999382
cash_ACC,RSI2,2025-11-13 14:21:00,2025-11-13 14:26:00,1849.0,1849.9244999999999,1849.0,1848.0755000000001,50,LONG,-92.44999999998527,-414541.4399999382
cash_ACC,RSI2,2025-11-13 14:42:00,2025-11-13 14:44:00,1846.6,1847.5232999999998,1848.0,1847.076,50,LONG,-22.364999999990687,-414563.8049999382
cash_ACC,RSI2,2025-11-13 14:51:00,2025-11-13 15:00:00,1845.8,1846.7228999999998,1845.4,1844.4773000000002,50,LONG,-112.27999999997564,-414676.08499993815
cash_ACC,RSI2,2025-11-13 15:11:00,2025-11-13 15:23:00,1846.9,1847.82345,1844.9,1843.9775500000003,50,LONG,-192.29499999999007,-414868.37999993813
cash_ACC,RSI2,2025-11-14 09:25:00,2025-11-14 09:29:00,1844.6,1845.5222999999999,1848.0,1847.076,50,LONG,77.68500000000813,-414790.69499993813
cash_ACC,RSI2,2025-11-14 09:50:00,2025-11-14 10:05:00,1847.3,1848.22365,1844.0,1843.0780000000002,50,LONG,-257.28249999998525,-415047.9774999381
cash_ACC,RSI2,2025-11-14 10:18:00,2025-11-14 10:20:00,1844.1,1845.0220499999998,1845.1,1844.17745,50,LONG,-42.229999999995016,-415090.2074999381
cash_ACC,RSI2,2025-11-14 10:25:00,2025-11-14 10:28:00,1844.3,1845.2221499999998,1845.1,1844.17745,50,LONG,-52.234999999996035,-415142.4424999381
cash_ACC,RSI2,2025-11-14 10:41:00,2025-11-14 10:43:00,1844.6,1845.5222999999999,1845.5,1844.57725,50,LONG,-47.252499999990505,-415189.6949999381
cash_ACC,RSI2,2025-11-14 11:23:00,2025-11-14 11:24:00,1846.6,1847.5232999999998,1847.7,1846.7761500000001,50,LONG,-37.35749999998461,-415227.05249993806
cash_ACC,RSI2,2025-11-14 11:51:00,2025-11-14 11:55:00,1848.5,1849.4242499999998,1849.1,1848.17545,50,LONG,-62.439999999992324,-415289.49249993806
cash_ACC,RSI2,2025-11-14 11:58:00,2025-11-14 12:01:00,1848.5,1849.4242499999998,1849.0,1848.0755000000001,50,LONG,-67.43749999998272,-415356.92999993806
cash_ACC,RSI2,2025-11-14 12:07:00,2025-11-14 12:11:00,1848.2,1849.1241,1848.2,1847.2759,50,LONG,-92.4099999999953,-415449.33999993803
cash_ACC,RSI2,2025-11-14 12:21:00,2025-11-14 12:25:00,1846.5,1847.4232499999998,1847.8,1846.8761,50,LONG,-27.357499999993706,-415476.697499938
cash_ACC,RSI2,2025-11-14 12:27:00,2025-11-14 12:32:00,1844.9,1845.82245,1845.0,1844.0775,50,LONG,-87.24749999998949,-415563.944999938
cash_ACC,RSI2,2025-11-14 12:34:00,2025-11-14 12:47:00,1843.0,1843.9215,1842.4,1841.4788,50,LONG,-122.13499999999158,-415686.079999938
cash_ACC,RSI2,2025-11-14 12:55:00,2025-11-14 13:07:00,1842.3,1843.2211499999999,1842.3,1841.37885,50,LONG,-92.11499999998978,-415778.194999938
cash_ACC,RSI2,2025-11-14 13:12:00,2025-11-14 13:16:00,1839.1,1840.0195499999998,1840.3,1839.37985,50,LONG,-31.98499999998603,-415810.179999938
cash_ACC,RSI2,2025-11-14 13:19:00,2025-11-14 13:28:00,1839.0,1839.9195,1839.3,1838.3803500000001,50,LONG,-76.9574999999918,-415887.137499938
cash_ACC,RSI2,2025-11-14 13:42:00,2025-11-14 13:49:00,1839.6,1840.5197999999998,1839.0,1838.0805,50,LONG,-121.96499999998878,-416009.102499938
cash_ACC,RSI2,2025-11-14 14:10:00,2025-11-14 14:11:00,1838.5,1839.41925,1841.0,1840.0795,50,LONG,33.01250000000664,-415976.089999938
cash_ACC,RSI2,2025-11-14 14:23:00,2025-11-14 14:40:00,1841.5,1842.42075,1841.0,1840.0795,50,LONG,-117.06249999999727,-416093.152499938
cash_ACC,RSI2,2025-11-14 14:51:00,2025-11-14 14:54:00,1839.9,1840.81995,1840.5,1839.57975,50,LONG,-62.009999999997945,-416155.162499938
cash_ACC,RSI2,2025-11-14 15:14:00,2025-11-14 15:27:00,1839.9,1840.81995,1840.0,1839.0800000000002,50,LONG,-86.9974999999954,-416242.159999938
cash_ACC,RSI2,2025-11-17 09:35:00,2025-11-17 09:41:00,1849.1,1850.0245499999999,1850.0,1849.075,50,LONG,-47.47749999999087,-416289.63749993796
cash_ACC,RSI2,2025-11-17 09:46:00,2025-11-17 09:48:00,1848.7,1849.62435,1849.4,1848.4753000000003,50,LONG,-57.45249999998805,-416347.089999938
cash_ACC,RSI2,2025-11-17 10:05:00,2025-11-17 10:14:00,1845.0,1845.9225,1844.1,1843.17795,50,LONG,-137.2274999999945,-416484.31749993796
cash_ACC,RSI2,2025-11-17 10:30:00,2025-11-17 10:35:00,1844.5,1845.4222499999998,1844.3,1843.37785,50,LONG,-102.21999999998843,-416586.5374999379
cash_ACC,RSI2,2025-11-17 11:00:00,2025-11-17 11:24:00,1844.8,1845.7223999999999,1844.1,1843.17795,50,LONG,-127.22249999999349,-416713.7599999379
cash_ACC,RSI2,2025-11-17 11:31:00,2025-11-17 11:35:00,1843.9,1844.82195,1844.3,1843.37785,50,LONG,-72.20499999999674,-416785.9649999379
cash_ACC,RSI2,2025-11-17 12:11:00,2025-11-17 12:13:00,1844.7,1845.6223499999999,1845.0,1844.0775,50,LONG,-77.24249999998847,-416863.2074999379
cash_ACC,RSI2,2025-11-17 12:34:00,2025-11-17 12:46:00,1844.7,1845.6223499999999,1845.0,1844.0775,50,LONG,-77.24249999998847,-416940.4499999379
cash_ACC,RSI2,2025-11-17 12:53:00,2025-11-17 13:06:00,1844.5,1845.4222499999998,1846.8,1845.8766,50,LONG,22.717500000010205,-416917.7324999379
cash_ACC,RSI2,2025-11-17 13:15:00,2025-11-17 13:27:00,1845.3,1846.22265,1845.4,1844.4773000000002,50,LONG,-87.26749999998447,-417004.99999993783
cash_ACC,RSI2,2025-11-17 13:32:00,2025-11-17 13:34:00,1844.5,1845.4222499999998,1845.1,1844.17745,50,LONG,-62.23999999999705,-417067.2399999378
cash_ACC,RSI2,2025-11-17 14:08:00,2025-11-17 14:19:00,1845.1,1846.02255,1845.7,1844.7771500000001,50,LONG,-62.26999999998952,-417129.50999993784
cash_ACC,RSI2,2025-11-17 14:38:00,2025-11-17 14:49:00,1844.6,1845.5222999999999,1844.5,1843.5777500000002,50,LONG,-97.22749999998541,-417226.7374999378
cash_ACC,RSI2,2025-11-17 14:59:00,2025-11-17 15:00:00,1844.0,1844.9219999999998,1845.5,1844.57725,50,LONG,-17.23749999998745,-417243.9749999378
cash_ACC,RSI2,2025-11-17 15:24:00,2025-11-18 09:16:00,1845.5,1846.42275,1848.0,1847.076,50,LONG,32.66250000000355,-417211.31249993783
cash_ACC,RSI2,2025-11-18 09:21:00,2025-11-18 09:38:00,1846.4,1847.3232,1845.0,1844.0775,50,LONG,-162.28499999999713,-417373.5974999378
cash_ACC,RSI2,2025-11-18 09:41:00,2025-11-18 09:43:00,1844.1,1845.0220499999998,1845.0,1844.0775,50,LONG,-47.22749999998541,-417420.8249999378
cash_ACC,RSI2,2025-11-18 09:48:00,2025-11-18 10:15:00,1843.9,1844.82195,1839.5,1838.5802500000002,50,LONG,-312.0849999999905,-417732.90999993775
cash_ACC,RSI2,2025-11-18 10:33:00,2025-11-18 10:36:00,1839.9,1840.81995,1840.0,1839.0800000000002,50,LONG,-86.9974999999954,-417819.90749993775
cash_ACC,RSI2,2025-11-18 10:40:00,2025-11-18 10:45:00,1839.5,1840.4197499999998,1839.9,1838.9800500000001,50,LONG,-71.98499999998376,-417891.89249993773
cash_ACC,RSI2,2025-11-18 11:09:00,2025-11-18 11:14:00,1844.3,1845.2221499999998,1844.8,1843.8776,50,LONG,-67.22749999998996,-417959.1199999377
cash_ACC,RSI2,2025-11-18 11:18:00,2025-11-18 11:23:00,1843.2,1844.1216,1844.0,1843.0780000000002,50,LONG,-52.1799999999871,-418011.2999999377
cash_ACC,RSI2,2025-11-18 11:28:00,2025-11-18 11:33:00,1843.5,1844.42175,1843.4,1842.4783000000002,50,LONG,-97.17249999998785,-418108.4724999377
cash_ACC,RSI2,2025-11-18 12:05:00,2025-11-18 12:11:00,1839.5,1840.4197499999998,1839.6,1838.6802,50,LONG,-86.97749999998905,-418195.4499999377
cash_ACC,RSI2,2025-11-18 12:23:00,2025-11-18 12:27:00,1838.2,1839.1191,1838.6,1837.6807000000001,50,LONG,-71.9199999999887,-418267.36999993765
cash_ACC,RSI2,2025-11-18 12:52:00,2025-11-18 12:54:00,1838.6,1839.5192999999997,1839.9,1838.9800500000001,50,LONG,-26.962499999979173,-418294.3324999376
cash_ACC,RSI2,2025-11-18 13:07:00,2025-11-18 13:10:00,1838.9,1839.81945,1839.9,1838.9800500000001,50,LONG,-41.96999999999207,-418336.3024999376
cash_ACC,RSI2,2025-11-18 13:27:00,2025-11-18 13:34:00,1839.0,1839.9195,1838.9,1837.9805500000002,50,LONG,-96.94749999998749,-418433.2499999376
cash_ACC,RSI2,2025-11-18 13:50:00,2025-11-18 13:53:00,1839.3,1840.2196499999998,1839.9,1838.9800500000001,50,LONG,-61.97999999998274,-418495.2299999376
cash_ACC,RSI2,2025-11-18 14:03:00,2025-11-18 14:11:00,1839.8,1840.7198999999998,1839.7,1838.78015,50,LONG,-96.98749999998881,-418592.2174999376
cash_ACC,RSI2,2025-11-18 14:13:00,2025-11-18 14:24:00,1839.2,1840.1196,1840.0,1839.0800000000002,50,LONG,-51.97999999999183,-418644.19749993755
cash_ACC,RSI2,2025-11-18 14:31:00,2025-11-18 14:47:00,1839.8,1840.7198999999998,1839.8,1838.8801,50,LONG,-91.98999999998705,-418736.18749993754
cash_ACC,RSI2,2025-11-18 14:53:00,2025-11-18 14:55:00,1839.6,1840.5197999999998,1839.8,1838.8801,50,LONG,-81.98499999998603,-418818.17249993753
cash_ACC,RSI2,2025-11-18 15:10:00,2025-11-18 15:13:00,1839.8,1840.7198999999998,1840.0,1839.0800000000002,50,LONG,-81.99499999998352,-418900.1674999375
cash_ACC,RSI2,2025-11-18 15:29:00,2025-11-19 09:16:00,1835.0,1835.9174999999998,1846.6,1845.6767,50,LONG,487.9600000000096,-418412.2074999375
cash_ACC,RSI2,2025-11-19 09:21:00,2025-11-19 09:22:00,1838.1,1839.0190499999999,1842.7,1841.7786500000002,50,LONG,137.98000000001593,-418274.22749993746
cash_ACC,RSI2,2025-11-19 09:30:00,2025-11-19 09:32:00,1841.1,1842.0205499999997,1844.9,1843.9775500000003,50,LONG,97.8500000000281,-418176.3774999374
cash_ACC,RSI2,2025-11-19 09:38:00,2025-11-19 09:47:00,1841.5,1842.42075,1841.2,1840.2794000000001,50,LONG,-107.06749999999374,-418283.44499993743
cash_ACC,RSI2,2025-11-19 09:57:00,2025-11-19 10:01:00,1837.0,1837.9185,1837.9,1836.98105,50,LONG,-46.87249999999494,-418330.31749993743
cash_ACC,RSI2,2025-11-19 10:08:00,2025-11-19 10:15:00,1836.9,1837.81845,1837.0,1836.0815,50,LONG,-86.84749999999894,-418417.1649999374
cash_ACC,RSI2,2025-11-19 10:21:00,2025-11-19 10:23:00,1836.6,1837.5182999999997,1837.0,1836.0815,50,LONG,-71.83999999998605,-418489.0049999374
cash_ACC,RSI2,2025-11-19 10:39:00,2025-11-19 10:45:00,1836.6,1837.5182999999997,1837.0,1836.0815,50,LONG,-71.83999999998605,-418560.84499993734
cash_ACC,RSI2,2025-11-19 10:49:00,2025-11-19 10:54:00,1836.0,1836.918,1837.0,1836.0815,50,LONG,-41.82499999999436,-418602.66999993735
cash_ACC,RSI2,2025-11-19 10:59:00,2025-11-19 11:05:00,1836.1,1837.01805,1836.3,1835.38185,50,LONG,-81.80999999999585,-418684.47999993735
cash_ACC,RSI2,2025-11-19 11:14:00,2025-11-19 11:20:00,1836.6,1837.5182999999997,1837.0,1836.0815,50,LONG,-71.83999999998605,-418756.3199999373
cash_ACC,RSI2,2025-11-19 11:37:00,2025-11-19 11:39:00,1836.8,1837.7183999999997,1837.0,1836.0815,50,LONG,-81.84499999998707,-418838.1649999373
cash_ACC,RSI2,2025-11-19 12:03:00,2025-11-19 12:19:00,1836.7,1837.61835,1836.0,1835.082,50,LONG,-126.81749999999283,-418964.9824999373
cash_ACC,RSI2,2025-11-19 12:29:00,2025-11-19 12:32:00,1835.8,1836.7178999999999,1835.9,1834.9820500000003,50,LONG,-86.79249999997865,-419051.7749999373
cash_ACC,RSI2,2025-11-19 13:16:00,2025-11-19 13:20:00,1839.5,1840.4197499999998,1840.4,1839.4798000000003,50,LONG,-46.997499999974934,-419098.7724999373
cash_ACC,RSI2,2025-11-19 13:26:00,2025-11-19 13:31:00,1839.8,1840.7198999999998,1840.0,1839.0800000000002,50,LONG,-81.99499999998352,-419180.76749993727
cash_ACC,RSI2,2025-11-19 13:37:00,2025-11-19 13:45:00,1839.4,1840.3197,1838.0,1837.0810000000001,50,LONG,-161.93499999999403,-419342.70249993727
cash_ACC,RSI2,2025-11-19 13:59:00,2025-11-19 14:03:00,1837.9,1838.81895,1838.9,1837.9805500000002,50,LONG,-41.91999999999325,-419384.62249993725
cash_ACC,RSI2,2025-11-19 14:06:00,2025-11-19 14:08:00,1837.8,1838.7188999999998,1838.7,1837.7806500000002,50,LONG,-46.9124999999849,-419431.5349999372
cash_ACC,RSI2,2025-11-19 14:26:00,2025-11-19 14:34:00,1839.1,1840.0195499999998,1838.0,1837.0810000000001,50,LONG,-146.92749999998114,-419578.4624999372
cash_ACC,RSI2,2025-11-19 14:39:00,2025-11-19 15:05:00,1837.7,1838.6188499999998,1837.9,1836.98105,50,LONG,-81.88999999998714,-419660.35249993723
cash_ACC,RSI2,2025-11-19 15:15:00,2025-11-19 15:23:00,1837.7,1838.6188499999998,1837.2,1836.2814,50,LONG,-116.87249999998812,-419777.2249999372
cash_ACC,RSI2,2025-11-20 10:03:00,2025-11-20 10:11:00,1848.5,1849.4242499999998,1847.4,1846.4763000000003,50,LONG,-147.39749999997684,-419924.6224999372
cash_ACC,RSI2,2025-11-20 10:36:00,2025-11-20 10:42:00,1860.9,1861.83045,1862.4,1861.4688,50,LONG,-18.08249999999134,-419942.7049999372
cash_ACC,RSI2,2025-11-20 10:49:00,2025-11-20 10:59:00,1860.5,1861.43025,1856.7,1855.7716500000001,50,LONG,-282.92999999998756,-420225.6349999372
cash_ACC,RSI2,2025-11-20 11:47:00,2025-11-20 12:03:00,1858.0,1858.9289999999999,1856.4,1855.4718000000003,50,LONG,-172.85999999998012,-420398.4949999372
cash_ACC,RSI2,2025-11-20 12:07:00,2025-11-20 12:10:00,1853.8,1854.7269,1854.8,1853.8726000000001,50,LONG,-42.71499999998696,-420441.20999993716
cash_ACC,RSI2,2025-11-20 12:13:00,2025-11-20 12:28:00,1851.3,1852.2256499999999,1848.1,1847.17595,50,LONG,-252.48499999999012,-420693.69499993714
cash_ACC,RSI2,2025-11-20 12:41:00,2025-11-20 12:46:00,1851.0,1851.9254999999998,1851.4,1850.4743,50,LONG,-72.55999999998721,-420766.25499993714
cash_ACC,RSI2,2025-11-20 12:50:00,2025-11-20 12:53:00,1850.7,1851.62535,1851.0,1850.0745000000002,50,LONG,-77.54249999999274,-420843.7974999371
cash_ACC,RSI2,2025-11-20 12:55:00,2025-11-20 12:58:00,1850.0,1850.925,1852.0,1851.074,50,LONG,7.45000000000573,-420836.3474999371
cash_ACC,RSI2,2025-11-20 13:13:00,2025-11-20 13:16:00,1853.3,1854.2266499999998,1855.4,1854.4723000000001,50,LONG,12.282500000014807,-420824.0649999371
cash_ACC,RSI2,2025-11-20 13:21:00,2025-11-20 13:27:00,1852.7,1853.62635,1854.6,1853.6727,50,LONG,2.317500000003747,-420821.7474999371
cash_ACC,RSI2,2025-11-20 13:54:00,2025-11-20 14:03:00,1852.7,1853.62635,1851.4,1850.4743,50,LONG,-157.60249999999587,-420979.34999993705
cash_ACC,RSI2,2025-11-20 14:35:00,2025-11-20 14:38:00,1851.2,1852.1255999999998,1854.0,1853.073,50,LONG,47.37000000001217,-420931.97999993706
cash_ACC,RSI2,2025-11-20 14:43:00,2025-11-20 14:46:00,1852.7,1853.62635,1854.7,1853.77265,50,LONG,7.3150000000055115,-420924.66499993706
cash_ACC,RSI2,2025-11-20 14:53:00,2025-11-20 14:58:00,1850.7,1851.62535,1850.8,1849.8746,50,LONG,-87.53749999999627,-421012.20249993703
cash_ACC,RSI2,2025-11-20 15:03:00,2025-11-20 15:04:00,1849.6,1850.5248,1851.2,1850.2744000000002,50,LONG,-12.519999999983611,-421024.722499937
cash_ACC,RSI2,2025-11-20 15:08:00,2025-11-20 15:20:00,1848.2,1849.1241,1847.9,1846.9760500000002,50,LONG,-107.40249999998923,-421132.12499993696
cash_ACC,RSI2,2025-11-21 09:23:00,2025-11-21 09:35:00,1846.0,1846.923,1846.5,1845.5767500000002,50,LONG,-67.31249999999136,-421199.43749993696
cash_ACC,RSI2,2025-11-21 09:49:00,2025-11-21 09:51:00,1842.9,1843.82145,1844.1,1843.17795,50,LONG,-32.17499999999518,-421231.61249993695
cash_ACC,RSI2,2025-11-21 10:01:00,2025-11-21 10:06:00,1839.9,1840.81995,1841.5,1840.57925,50,LONG,-12.035000000003038,-421243.6474999369
cash_ACC,RSI2,2025-11-21 10:20:00,2025-11-21 10:30:00,1840.0,1840.9199999999998,1840.0,1839.0800000000002,50,LONG,-91.99999999998454,-421335.6474999369
cash_ACC,RSI2,2025-11-21 10:37:00,2025-11-21 10:42:00,1839.0,1839.9195,1838.5,1837.58075,50,LONG,-116.93749999999454,-421452.5849999369
cash_ACC,RSI2,2025-11-21 10:48:00,2025-11-21 10:53:00,1837.1,1838.0185499999998,1838.7,1837.7806500000002,50,LONG,-11.894999999981337,-421464.4799999369
cash_ACC,RSI2,2025-11-21 11:04:00,2025-11-21 11:13:00,1836.7,1837.61835,1836.7,1835.7816500000001,50,LONG,-91.83499999999185,-421556.31499993685
cash_ACC,RSI2,2025-11-21 11:40:00,2025-11-21 11:44:00,1838.8,1839.7194,1840.0,1839.0800000000002,50,LONG,-31.969999999989795,-421588.2849999368
cash_ACC,RSI2,2025-11-21 11:51:00,2025-11-21 11:55:00,1839.2,1840.1196,1840.4,1839.4798000000003,50,LONG,-31.989999999984775,-421620.2749999368
cash_ACC,RSI2,2025-11-21 12:10:00,2025-11-21 12:14:00,1837.8,1838.7188999999998,1839.1,1838.18045,50,LONG,-26.922499999989213,-421647.1974999368
cash_ACC,RSI2,2025-11-21 12:30:00,2025-11-21 12:32:00,1838.5,1839.41925,1839.8,1838.8801,50,LONG,-26.957499999991796,-421674.1549999368
cash_ACC,RSI2,2025-11-21 12:47:00,2025-11-21 12:49:00,1839.5,1840.4197499999998,1839.9,1838.9800500000001,50,LONG,-71.98499999998376,-421746.1399999368
cash_ACC,RSI2,2025-11-21 12:52:00,2025-11-21 13:00:00,1839.0,1839.9195,1840.0,1839.0800000000002,50,LONG,-41.974999999990814,-421788.1149999368
cash_ACC,RSI2,2025-11-21 13:08:00,2025-11-21 13:16:00,1838.8,1839.7194,1838.0,1837.0810000000001,50,LONG,-131.91999999999098,-421920.03499993676
cash_ACC,RSI2,2025-11-21 13:24:00,2025-11-21 13:41:00,1837.6,1838.5187999999998,1838.9,1837.9805500000002,50,LONG,-26.912499999980355,-421946.94749993674
cash_ACC,RSI2,2025-11-21 13:46:00,2025-11-21 13:48:00,1837.5,1838.4187499999998,1838.9,1837.9805500000002,50,LONG,-21.909999999979846,-421968.8574999367
cash_ACC,RSI2,2025-11-21 14:33:00,2025-11-21 14:36:00,1839.8,1840.7198999999998,1839.9,1838.9800500000001,50,LONG,-86.99249999998528,-422055.8499999367
cash_ACC,RSI2,2025-11-21 14:37:00,2025-11-21 14:41:00,1837.1,1838.0185499999998,1839.0,1838.0805,50,LONG,3.0975000000125874,-422052.7524999367
cash_ACC,RSI2,2025-11-21 14:45:00,2025-11-21 14:48:00,1838.0,1838.9189999999999,1838.6,1837.6807000000001,50,LONG,-61.914999999987685,-422114.66749993665
cash_ACC,RSI2,2025-11-21 14:50:00,2025-11-21 14:59:00,1836.2,1837.1181,1837.9,1836.98105,50,LONG,-6.852499999990869,-422121.51999993663
cash_ACC,RSI2,2025-11-21 15:08:00,2025-11-21 15:11:00,1833.7,1834.6168499999999,1835.6,1834.6822,50,LONG,3.26750000000402,-422118.2524999366
cash_ACC,RSI2,2025-11-21 15:20:00,2025-11-21 15:29:00,1829.9,1830.81495,1832.0,1831.084,50,LONG,13.45250000000533,-422104.7999999366
cash_ACC,RSI2,2025-11-24 09:26:00,2025-11-24 09:29:00,1822.0,1822.9109999999998,1824.9,1823.9875500000003,50,LONG,53.82750000002261,-422050.9724999366
cash_ACC,RSI2,2025-11-24 09:32:00,2025-11-24 09:39:00,1822.1,1823.0110499999998,1822.9,1821.9885500000003,50,LONG,-51.12499999997908,-422102.0974999366
cash_ACC,RSI2,2025-11-24 09:46:00,2025-11-24 09:48:00,1821.4,1822.3107,1822.0,1821.0890000000002,50,LONG,-61.084999999991396,-422163.18249993655
cash_ACC,RSI2,2025-11-24 09:53:00,2025-11-24 10:02:00,1821.0,1821.9105,1821.3,1820.3893500000001,50,LONG,-76.05749999999034,-422239.23999993654
cash_ACC,RSI2,2025-11-24 10:25:00,2025-11-24 10:31:00,1824.3,1825.2121499999998,1823.9,1822.9880500000002,50,LONG,-111.20499999998401,-422350.4449999365
cash_ACC,RSI2,2025-11-24 11:11:00,2025-11-24 11:18:00,1823.5,1824.41175,1824.3,1823.38785,50,LONG,-51.194999999995616,-422401.6399999365
cash_ACC,RSI2,2025-11-24 11:47:00,2025-11-24 12:03:00,1823.0,1823.9115,1819.5,1818.5902500000002,50,LONG,-266.0624999999868,-422667.7024999365
cash_ACC,RSI2,2025-11-24 12:17:00,2025-11-24 12:22:00,1816.4,1817.3082,1819.9,1818.99005,50,LONG,84.09250000000839,-422583.6099999365
cash_ACC,RSI2,2025-11-24 12:30:00,2025-11-24 12:34:00,1820.9,1821.81045,1822.0,1821.0890000000002,50,LONG,-36.07249999998885,-422619.6824999365
cash_ACC,RSI2,2025-11-24 13:30:00,2025-11-24 13:31:00,1822.2,1823.1110999999999,1823.0,1822.0885,50,LONG,-51.129999999989195,-422670.8124999365
cash_ACC,RSI2,2025-11-24 13:42:00,2025-11-24 13:49:00,1820.1,1821.0100499999999,1821.7,1820.78915,50,LONG,-11.044999999990068,-422681.8574999365
cash_ACC,RSI2,2025-11-24 14:03:00,2025-11-24 14:05:00,1822.6,1823.5113,1823.8,1822.8881000000001,50,LONG,-31.159999999988486,-422713.01749993645
cash_ACC,RSI2,2025-11-24 14:24:00,2025-11-24 14:46:00,1821.3,1822.2106499999998,1811.2,1810.2944000000002,50,LONG,-595.8124999999768,-423308.82999993645
cash_ACC,RSI2,2025-11-24 15:20:00,2025-11-24 15:21:00,1907.4,1908.3537,1954.0,1953.0230000000001,50,LONG,2233.4650000000124,-421075.3649999364
cash_ACC,RSI2,2025-11-24 15:27:00,2025-11-25 09:45:00,1948.7,1949.67435,1871.8,1870.8641,50,LONG,-3940.5125,-425015.87749993644
cash_ACC,RSI2,2025-11-25 09:50:00,2025-11-25 09:51:00,1870.5,1871.43525,1872.0,1871.064,50,LONG,-18.562499999995907,-425034.43999993644
cash_ACC,RSI2,2025-11-25 09:59:00,2025-11-25 10:04:00,1872.7,1873.63635,1873.4,1872.4633000000001,50,LONG,-58.65249999999378,-425093.0924999364
cash_ACC,RSI2,2025-11-25 10:18:00,2025-11-25 10:23:00,1871.9,1872.83595,1872.7,1871.76365,50,LONG,-53.61499999999069,-425146.7074999364
cash_ACC,RSI2,2025-11-25 10:28:00,2025-11-25 10:41:00,1871.0,1871.9354999999998,1865.6,1864.6672,50,LONG,-363.4149999999863,-425510.1224999364
cash_ACC,RSI2,2025-11-25 10:56:00,2025-11-25 10:59:00,1868.6,1869.5342999999998,1870.5,1869.56475,50,LONG,1.5225000000100408,-425508.59999993636
cash_ACC,RSI2,2025-11-25 11:10:00,2025-11-25 11:14:00,1870.0,1870.935,1870.6,1869.6647,50,LONG,-63.514999999995325,-425572.11499993637
cash_ACC,RSI2,2025-11-25 11:26:00,2025-11-25 11:30:00,1867.9,1868.83395,1867.9,1866.9660500000002,50,LONG,-93.3949999999868,-425665.50999993633
cash_ACC,RSI2,2025-11-25 11:41:00,2025-11-25 11:48:00,1866.4,1867.3332,1866.4,1865.4668000000001,50,LONG,-93.31999999999425,-425758.82999993634
cash_ACC,RSI2,2025-11-25 11:53:00,2025-11-25 11:57:00,1865.4,1866.3327,1867.3,1866.36635,50,LONG,1.6825000000039836,-425757.14749993634
cash_ACC,RSI2,2025-11-25 12:09:00,2025-11-25 12:20:00,1865.1,1866.03255,1864.7,1863.7676500000002,50,LONG,-113.24499999998352,-425870.39249993634
cash_ACC,RSI2,2025-11-25 12:50:00,2025-11-25 12:51:00,1865.5,1866.43275,1867.7,1866.7661500000002,50,LONG,16.670000000010532,-425853.72249993635
cash_ACC,RSI2,2025-11-25 13:03:00,2025-11-25 13:05:00,1867.9,1868.83395,1870.0,1869.065,50,LONG,11.552500000004784,-425842.16999993636
cash_ACC,RSI2,2025-11-25 13:17:00,2025-11-25 13:31:00,1868.7,1869.63435,1868.5,1867.5657500000002,50,LONG,-103.42999999999165,-425945.59999993636
cash_ACC,RSI2,2025-11-25 13:53:00,2025-11-25 14:06:00,1868.2,1869.1341,1867.5,1866.56625,50,LONG,-128.39249999999538,-426073.9924999364
cash_ACC,RSI2,2025-11-25 14:12:00,2025-11-25 14:36:00,1867.1,1868.0335499999999,1859.9,1858.9700500000001,50,LONG,-453.17499999998745,-426527.16749993636
cash_ACC,RSI2,2025-11-25 14:41:00,2025-11-25 14:45:00,1859.0,1859.9295,1859.8,1858.8701,50,LONG,-52.96999999999343,-426580.13749993633
cash_ACC,RSI2,2025-11-25 15:13:00,2025-11-25 15:21:00,1869.2,1870.1345999999999,1867.6,1866.6662000000001,50,LONG,-173.41999999998734,-426753.5574999363
cash_ACC,RSI2,2025-11-25 15:25:00,2025-11-26 09:16:00,1865.9,1866.83295,1863.5,1862.56825,50,LONG,-213.2349999999974,-426966.7924999363
cash_ACC,RSI2,2025-11-26 09:28:00,2025-11-26 09:31:00,1867.0,1867.9334999999999,1869.3,1868.36535,50,LONG,21.592500000008386,-426945.1999999363
cash_ACC,RSI2,2025-11-26 09:43:00,2025-11-26 09:44:00,1868.4,1869.3342,1871.8,1870.8641,50,LONG,76.49499999999989,-426868.7049999363
cash_ACC,RSI2,2025-11-26 09:59:00,2025-11-26 10:02:00,1873.0,1873.9364999999998,1875.0,1874.0625,50,LONG,6.300000000010186,-426862.4049999363
cash_ACC,RSI2,2025-11-26 10:11:00,2025-11-26 10:29:00,1874.2,1875.1371,1873.1,1872.16345,50,LONG,-148.68249999999534,-427011.0874999363
cash_ACC,RSI2,2025-11-26 10:45:00,2025-11-26 10:46:00,1872.6,1873.5362999999998,1873.0,1872.0635000000002,50,LONG,-73.63999999997759,-427084.72749993624
cash_ACC,RSI2,2025-11-26 11:15:00,2025-11-26 11:28:00,1876.0,1876.9379999999999,1871.3,1870.36435,50,LONG,-328.6824999999908,-427413.40999993624
cash_ACC,RSI2,2025-11-26 11:32:00,2025-11-26 11:36:00,1870.0,1870.935,1870.0,1869.065,50,LONG,-93.49999999999454,-427506.90999993624
cash_ACC,RSI2,2025-11-26 11:43:00,2025-11-26 11:49:00,1864.0,1864.9319999999998,1863.9,1862.9680500000002,50,LONG,-98.19749999998066,-427605.10749993625
cash_ACC,RSI2,2025-11-26 11:54:00,2025-11-26 11:56:00,1862.8,1863.7314,1864.5,1863.5677500000002,50,LONG,-8.182499999986703,-427613.28999993624
cash_ACC,RSI2,2025-11-26 12:11:00,2025-11-26 12:13:00,1867.1,1868.0335499999999,1868.0,1867.066,50,LONG,-48.377499999992324,-427661.66749993624
cash_ACC,RSI2,2025-11-26 12:16:00,2025-11-26 12:26:00,1865.7,1866.63285,1866.6,1865.6667,50,LONG,-48.30749999999853,-427709.97499993624
cash_ACC,RSI2,2025-11-26 12:37:00,2025-11-26 12:39:00,1864.2,1865.1321,1865.0,1864.0675,50,LONG,-53.22999999999638,-427763.2049999362
cash_ACC,RSI2,2025-11-26 13:13:00,2025-11-26 13:17:00,1865.6,1866.5327999999997,1867.7,1866.7661500000002,50,LONG,11.667500000021391,-427751.5374999362
cash_ACC,RSI2,2025-11-26 13:22:00,2025-11-26 13:28:00,1860.5,1861.43025,1861.9,1860.9690500000002,50,LONG,-23.059999999986758,-427774.5974999362
cash_ACC,RSI2,2025-11-26 14:01:00,2025-11-26 14:02:00,1866.6,1867.5332999999998,1868.1,1867.16595,50,LONG,-18.367499999988013,-427792.9649999362
cash_ACC,RSI2,2025-11-26 14:26:00,2025-11-26 14:28:00,1869.5,1870.43475,1870.0,1869.065,50,LONG,-68.487499999992,-427861.45249993616
cash_ACC,RSI2,2025-11-26 14:31:00,2025-11-26 14:32:00,1869.0,1869.9344999999998,1870.1,1869.16495,50,LONG,-38.477499999987685,-427899.92999993614
cash_ACC,RSI2,2025-11-26 14:39:00,2025-11-26 14:43:00,1868.6,1869.5342999999998,1869.2,1868.2654000000002,50,LONG,-63.44499999997879,-427963.37499993615
cash_ACC,RSI2,2025-11-26 15:29:00,2025-11-27 09:36:00,1875.0,1875.9375,1875.8,1874.8621,50,LONG,-53.76999999999725,-428017.14499993616
cash_ACC,RSI2,2025-11-27 09:45:00,2025-11-27 09:47:00,1869.0,1869.9344999999998,1872.0,1871.064,50,LONG,56.47500000001173,-427960.66999993613
cash_ACC,RSI2,2025-11-27 10:07:00,2025-11-27 10:10:00,1873.7,1874.6368499999999,1874.4,1873.4628000000002,50,LONG,-58.70249999998123,-428019.3724999361
cash_ACC,RSI2,2025-11-27 10:34:00,2025-11-27 10:36:00,1873.5,1874.4367499999998,1875.1,1874.16245,50,LONG,-13.714999999990596,-428033.08749993605
cash_ACC,RSI2,2025-11-27 10:42:00,2025-11-27 10:45:00,1873.9,1874.83695,1875.5,1874.5622500000002,50,LONG,-13.734999999985575,-428046.82249993604
cash_ACC,RSI2,2025-11-27 10:50:00,2025-11-27 11:05:00,1872.6,1873.5362999999998,1872.5,1871.56375,50,LONG,-98.62749999998641,-428145.44999993604
cash_ACC,RSI2,2025-11-27 12:00:00,2025-11-27 12:02:00,1870.8,1871.7353999999998,1872.8,1871.8636000000001,50,LONG,6.41000000001668,-428139.039999936
cash_ACC,RSI2,2025-11-27 12:14:00,2025-11-27 12:17:00,1865.9,1866.83295,1869.0,1868.0655000000002,50,LONG,61.627500000008695,-428077.412499936
cash_ACC,RSI2,2025-11-27 12:25:00,2025-11-27 12:29:00,1866.6,1867.5332999999998,1868.1,1867.16595,50,LONG,-18.367499999988013,-428095.779999936
cash_ACC,RSI2,2025-11-27 12:58:00,2025-11-27 13:00:00,1871.1,1872.0355499999998,1872.7,1871.76365,50,LONG,-13.594999999986612,-428109.374999936
cash_ACC,RSI2,2025-11-27 13:11:00,2025-11-27 13:24:00,1871.7,1872.63585,1871.9,1870.9640500000003,50,LONG,-83.58999999998105,-428192.96499993594
cash_ACC,RSI2,2025-11-27 13:33:00,2025-11-27 13:34:00,1869.0,1869.9344999999998,1870.0,1869.065,50,LONG,-43.47499999998945,-428236.4399999359
cash_ACC,RSI2,2025-11-27 13:46:00,2025-11-27 13:51:00,1870.6,1871.5352999999998,1869.6,1868.6652,50,LONG,-143.5049999999933,-428379.9449999359
cash_ACC,RSI2,2025-11-27 14:03:00,2025-11-27 14:17:00,1869.8,1870.7349,1869.8,1868.8651,50,LONG,-93.48999999999705,-428473.4349999359
cash_ACC,RSI2,2025-11-27 14:26:00,2025-11-27 14:28:00,1869.0,1869.9344999999998,1869.8,1868.8651,50,LONG,-53.46999999999298,-428526.9049999359
cash_ACC,RSI2,2025-11-27 14:43:00,2025-11-27 14:46:00,1868.6,1869.5342999999998,1869.6,1868.6652,50,LONG,-43.45499999999447,-428570.3599999359
cash_ACC,RSI2,2025-11-27 14:50:00,2025-11-27 14:55:00,1867.7,1868.63385,1869.3,1868.36535,50,LONG,-13.42499999999518,-428583.7849999359
cash_ACC,RSI2,2025-11-27 15:00:00,2025-11-27 15:02:00,1868.6,1869.5342999999998,1870.0,1869.065,50,LONG,-23.464999999987413,-428607.24999993586
cash_ACC,RSI2,2025-11-27 15:18:00,2025-11-28 09:15:00,1867.0,1867.9334999999999,1868.6,1867.6657,50,LONG,-13.389999999992597,-428620.63999993587
cash_ACC,RSI2,2025-11-28 09:29:00,2025-11-28 09:42:00,1864.2,1865.1321,1860.5,1859.56975,50,LONG,-278.1174999999962,-428898.75749993586
cash_ACC,RSI2,2025-11-28 10:14:00,2025-11-28 10:20:00,1865.0,1865.9325,1865.4,1864.4673000000003,50,LONG,-73.25999999998203,-428972.0174999359
cash_ACC,RSI2,2025-11-28 10:33:00,2025-11-28 10:40:00,1863.1,1864.0315499999997,1864.1,1863.16795,50,LONG,-43.17999999998392,-429015.19749993586
cash_ACC,RSI2,2025-11-28 10:48:00,2025-11-28 10:57:00,1861.6,1862.5307999999998,1863.0,1862.0685,50,LONG,-23.11499999998432,-429038.31249993586
cash_ACC,RSI2,2025-11-28 11:00:00,2025-11-28 11:03:00,1861.1,1862.0305499999997,1862.7,1861.7686500000002,50,LONG,-13.094999999975698,-429051.4074999358
cash_ACC,RSI2,2025-11-28 11:08:00,2025-11-28 11:13:00,1861.6,1862.5307999999998,1862.6,1861.6687,50,LONG,-43.10499999999138,-429094.5124999358
cash_ACC,RSI2,2025-11-28 11:14:00,2025-11-28 11:28:00,1861.0,1861.9305,1858.0,1857.0710000000001,50,LONG,-242.9749999999899,-429337.4874999358
cash_ACC,RSI2,2025-11-28 12:02:00,2025-11-28 12:05:00,1856.0,1856.9279999999999,1857.2,1856.2714,50,LONG,-32.82999999998992,-429370.3174999358
cash_ACC,RSI2,2025-11-28 12:22:00,2025-11-28 12:24:00,1853.8,1854.7269,1854.8,1853.8726000000001,50,LONG,-42.71499999998696,-429413.03249993577
cash_ACC,RSI2,2025-11-28 12:32:00,2025-11-28 12:35:00,1853.0,1853.9264999999998,1854.0,1853.073,50,LONG,-42.67499999998563,-429455.70749993576
cash_ACC,RSI2,2025-11-28 12:40:00,2025-11-28 12:42:00,1851.1,1852.0255499999998,1853.1,1852.17345,50,LONG,7.395000000008167,-429448.31249993574
cash_ACC,RSI2,2025-11-28 12:50:00,2025-11-28 12:57:00,1849.7,1850.62485,1850.9,1849.9745500000001,50,LONG,-32.51499999998941,-429480.82749993575
cash_ACC,RSI2,2025-11-28 13:02:00,2025-11-28 13:10:00,1849.0,1849.9244999999999,1850.0,1849.075,50,LONG,-42.47499999999036,-429523.30249993573
cash_ACC,RSI2,2025-11-28 13:17:00,2025-11-28 13:45:00,1849.3,1850.2246499999999,1850.0,1849.075,50,LONG,-57.48249999999189,-429580.7849999357
cash_ACC,RSI2,2025-11-28 14:01:00,2025-11-28 14:04:00,1849.0,1849.9244999999999,1850.0,1849.075,50,LONG,-42.47499999999036,-429623.2599999357
cash_ACC,RSI2,2025-11-28 14:12:00,2025-11-28 14:20:00,1848.0,1848.924,1849.0,1848.0755000000001,50,LONG,-42.42499999999154,-429665.6849999357
cash_ACC,RSI2,2025-11-28 15:03:00,2025-11-28 15:05:00,1849.8,1850.7249,1850.0,1849.075,50,LONG,-82.49499999999443,-429748.1799999357
cash_ACC,RSI2,2025-12-01 09:35:00,2025-12-01 09:46:00,1855.2,1856.1276,1852.7,1851.77365,50,LONG,-217.69749999999704,-429965.8774999357
cash_ACC,RSI2,2025-12-01 10:34:00,2025-12-01 11:04:00,1856.8,1857.7284,1853.5,1852.5732500000001,50,LONG,-257.75749999999107,-430223.6349999357
cash_ACC,RSI2,2025-12-01 11:10:00,2025-12-01 11:13:00,1850.1,1851.0250499999997,1852.8,1851.8736000000001,50,LONG,42.427500000019336,-430181.2074999357
cash_ACC,RSI2,2025-12-01 11:24:00,2025-12-01 11:32:00,1854.0,1854.927,1854.8,1853.8726000000001,50,LONG,-52.71999999998798,-430233.9274999357
cash_ACC,RSI2,2025-12-01 11:39:00,2025-12-01 11:48:00,1854.0,1854.927,1852.0,1851.074,50,LONG,-192.6499999999919,-430426.57749993564
cash_ACC,RSI2,2025-12-01 11:55:00,2025-12-01 12:03:00,1851.2,1852.1255999999998,1851.5,1850.5742500000001,50,LONG,-77.56749999998647,-430504.14499993564
cash_ACC,RSI2,2025-12-01 12:30:00,2025-12-01 12:35:00,1848.1,1849.0240499999998,1850.9,1849.9745500000001,50,LONG,47.525000000018736,-430456.6199999356
cash_ACC,RSI2,2025-12-01 12:50:00,2025-12-01 12:51:00,1849.2,1850.1245999999999,1850.0,1849.075,50,LONG,-52.47999999999138,-430509.0999999356
cash_ACC,RSI2,2025-12-01 13:13:00,2025-12-01 13:15:00,1849.2,1850.1245999999999,1850.9,1849.9745500000001,50,LONG,-7.502499999986867,-430516.6024999356
cash_ACC,RSI2,2025-12-01 13:19:00,2025-12-01 13:23:00,1849.4,1850.3247,1850.6,1849.6747,50,LONG,-32.49999999999318,-430549.1024999356
cash_ACC,RSI2,2025-12-01 13:33:00,2025-12-01 13:35:00,1848.7,1849.62435,1850.5,1849.57475,50,LONG,-2.4800000000027467,-430551.5824999356
cash_ACC,RSI2,2025-12-01 14:11:00,2025-12-01 14:16:00,1849.9,1850.82495,1850.2,1849.2749000000001,50,LONG,-77.50249999999141,-430629.0849999356
cash_ACC,RSI2,2025-12-01 14:23:00,2025-12-01 14:27:00,1849.1,1850.0245499999999,1850.9,1849.9745500000001,50,LONG,-2.4999999999863576,-430631.5849999356
cash_ACC,RSI2,2025-12-01 14:41:00,2025-12-01 14:43:00,1849.0,1849.9244999999999,1850.8,1849.8746,50,LONG,-2.4949999999876127,-430634.0799999356
cash_ACC,RSI2,2025-12-01 15:01:00,2025-12-01 15:07:00,1849.3,1850.2246499999999,1850.3,1849.3748500000002,50,LONG,-42.489999999986594,-430676.5699999356
cash_ACC,RSI2,2025-12-01 15:14:00,2025-12-01 15:28:00,1849.9,1850.82495,1851.0,1850.0745000000002,50,LONG,-37.52249999998867,-430714.09249993553
cash_ACC,RSI2,2025-12-02 09:15:00,2025-12-02 09:19:00,1847.0,1847.9234999999999,1850.0,1849.075,50,LONG,57.57500000000846,-430656.5174999355
cash_ACC,RSI2,2025-12-02 09:35:00,2025-12-02 09:42:00,1845.6,1846.5227999999997,1846.9,1845.97655,50,LONG,-27.312499999982265,-430683.8299999355
cash_ACC,RSI2,2025-12-02 10:18:00,2025-12-02 10:21:00,1847.0,1847.9234999999999,1849.8,1848.8751,50,LONG,47.58000000000493,-430636.2499999355
cash_ACC,RSI2,2025-12-02 10:28:00,2025-12-02 10:29:00,1847.7,1848.62385,1849.7,1848.7751500000002,50,LONG,7.5650000000109685,-430628.6849999355
cash_ACC,RSI2,2025-12-02 10:43:00,2025-12-02 10:47:00,1849.0,1849.9244999999999,1850.0,1849.075,50,LONG,-42.47499999999036,-430671.1599999355
cash_ACC,RSI2,2025-12-02 11:13:00,2025-12-02 11:23:00,1853.1,1854.0265499999998,1852.8,1851.8736000000001,50,LONG,-107.64749999998457,-430778.80749993544
cash_ACC,RSI2,2025-12-02 11:42:00,2025-12-02 11:47:00,1848.9,1849.82445,1851.2,1850.2744000000002,50,LONG,22.497500000008586,-430756.30999993545
cash_ACC,RSI2,2025-12-02 11:55:00,2025-12-02 11:58:00,1850.3,1851.2251499999998,1851.8,1850.8741,50,LONG,-17.55249999998796,-430773.86249993544
cash_ACC,RSI2,2025-12-02 12:20:00,2025-12-02 12:26:00,1850.0,1850.925,1852.3,1851.37385,50,LONG,22.442499999999654,-430751.41999993543
cash_ACC,RSI2,2025-12-02 12:31:00,2025-12-02 12:33:00,1851.1,1852.0255499999998,1853.0,1852.0735000000002,50,LONG,2.3975000000177715,-430749.0224999354
cash_ACC,RSI2,2025-12-02 12:42:00,2025-12-02 13:10:00,1852.2,1853.1261,1848.7,1847.77565,50,LONG,-267.5224999999955,-431016.54499993543
cash_ACC,RSI2,2025-12-02 13:15:00,2025-12-02 13:24:00,1848.0,1848.924,1848.0,1847.076,50,LONG,-92.39999999999782,-431108.94499993545
cash_ACC,RSI2,2025-12-02 13:43:00,2025-12-02 13:47:00,1846.0,1846.923,1847.9,1846.9760500000002,50,LONG,2.6525000000106047,-431106.2924999354
cash_ACC,RSI2,2025-12-02 13:54:00,2025-12-02 13:56:00,1847.0,1847.9234999999999,1848.2,1847.2759,50,LONG,-32.379999999989195,-431138.67249993543
cash_ACC,RSI2,2025-12-02 14:14:00,2025-12-02 14:16:00,1848.5,1849.4242499999998,1850.4,1849.4748000000002,50,LONG,2.527500000019245,-431136.1449999354
cash_ACC,RSI2,2025-12-02 14:21:00,2025-12-02 14:28:00,1848.9,1849.82445,1850.0,1849.075,50,LONG,-37.47250000000122,-431173.6174999354
cash_ACC,RSI2,2025-12-02 14:33:00,2025-12-02 14:37:00,1847.9,1848.82395,1850.0,1849.075,50,LONG,12.552500000003874,-431161.0649999354
cash_ACC,RSI2,2025-12-02 14:45:00,2025-12-02 14:46:00,1846.9,1847.82345,1848.7,1847.77565,50,LONG,-2.390000000002601,-431163.4549999354
cash_ACC,RSI2,2025-12-02 14:57:00,2025-12-02 14:59:00,1847.1,1848.02355,1848.0,1847.076,50,LONG,-47.37749999999323,-431210.8324999354
cash_ACC,RSI2,2025-12-02 15:21:00,2025-12-02 15:25:00,1851.8,1852.7259,1852.0,1851.074,50,LONG,-82.59499999999207,-431293.4274999354
cash_ACC,RSI2,2025-12-03 09:21:00,2025-12-03 09:41:00,1854.0,1854.927,1842.4,1841.4788,50,LONG,-672.4099999999908,-431965.83749993535
cash_ACC,RSI2,2025-12-03 09:50:00,2025-12-03 09:53:00,1839.3,1840.2196499999998,1841.3,1840.3793500000002,50,LONG,7.985000000019227,-431957.8524999353
cash_ACC,RSI2,2025-12-03 10:04:00,2025-12-03 10:08:00,1839.0,1839.9195,1840.0,1839.0800000000002,50,LONG,-41.974999999990814,-431999.8274999353
cash_ACC,RSI2,2025-12-03 10:35:00,2025-12-03 10:51:00,1839.1,1840.0195499999998,1836.4,1835.4818000000002,50,LONG,-226.88749999997526,-432226.71499993524
cash_ACC,RSI2,2025-12-03 11:22:00,2025-12-03 11:28:00,1837.7,1838.6188499999998,1839.0,1838.0805,50,LONG,-26.91749999999047,-432253.6324999352
cash_ACC,RSI2,2025-12-03 11:56:00,2025-12-03 12:00:00,1839.4,1840.3197,1839.4,1838.4803000000002,50,LONG,-91.96999999999207,-432345.6024999352
cash_ACC,RSI2,2025-12-03 12:11:00,2025-12-03 12:19:00,1838.6,1839.5192999999997,1840.0,1839.0800000000002,50,LONG,-21.964999999977408,-432367.56749993516
cash_ACC,RSI2,2025-12-03 12:33:00,2025-12-03 12:35:00,1839.5,1840.4197499999998,1839.7,1838.78015,50,LONG,-81.97999999998729,-432449.54749993514
cash_ACC,RSI2,2025-12-03 12:47:00,2025-12-03 12:51:00,1839.0,1839.9195,1839.6,1838.6802,50,LONG,-61.96499999999787,-432511.51249993517
cash_ACC,RSI2,2025-12-03 12:57:00,2025-12-03 13:01:00,1839.0,1839.9195,1840.0,1839.0800000000002,50,LONG,-41.974999999990814,-432553.48749993515
cash_ACC,RSI2,2025-12-03 13:21:00,2025-12-03 13:25:00,1837.6,1838.5187999999998,1838.7,1837.7806500000002,50,LONG,-36.907499999983884,-432590.3949999351
cash_ACC,RSI2,2025-12-03 13:32:00,2025-12-03 13:33:00,1838.1,1839.0190499999999,1839.1,1838.18045,50,LONG,-41.92999999999074,-432632.3249999351
cash_ACC,RSI2,2025-12-03 13:49:00,2025-12-03 13:53:00,1839.2,1840.1196,1839.9,1838.9800500000001,50,LONG,-56.9774999999936,-432689.3024999351
cash_ACC,RSI2,2025-12-03 14:18:00,2025-12-03 14:21:00,1839.0,1839.9195,1839.5,1838.5802500000002,50,LONG,-66.96249999998827,-432756.26499993505
cash_ACC,RSI2,2025-12-03 14:26:00,2025-12-03 14:28:00,1838.3,1839.21915,1839.8,1838.8801,50,LONG,-16.952499999990778,-432773.21749993507
cash_ACC,RSI2,2025-12-03 14:33:00,2025-12-03 14:35:00,1837.2,1838.1186,1838.6,1837.6807000000001,50,LONG,-21.89499999999498,-432795.1124999351
cash_ACC,RSI2,2025-12-03 14:49:00,2025-12-03 14:53:00,1838.1,1839.0190499999999,1839.8,1838.8801,50,LONG,-6.947499999989759,-432802.0599999351
cash_ACC,RSI2,2025-12-03 15:00:00,2025-12-03 15:01:00,1839.3,1840.2196499999998,1839.7,1838.78015,50,LONG,-71.97499999998627,-432874.0349999351
cash_ACC,RSI2,2025-12-03 15:14:00,2025-12-03 15:18:00,1837.2,1838.1186,1839.9,1838.9800500000001,50,LONG,43.07250000000522,-432830.96249993506
cash_ACC,RSI2,2025-12-04 09:19:00,2025-12-04 09:24:00,1836.0,1836.918,1839.0,1838.0805,50,LONG,58.12500000000682,-432772.83749993506
cash_ACC,RSI2,2025-12-04 09:29:00,2025-12-04 09:33:00,1833.5,1834.4167499999999,1834.0,1833.083,50,LONG,-66.68749999998909,-432839.52499993506
cash_ACC,RSI2,2025-12-04 09:48:00,2025-12-04 09:50:00,1834.3,1835.21715,1834.9,1833.9825500000002,50,LONG,-61.72999999998865,-432901.25499993504
cash_ACC,RSI2,2025-12-04 10:07:00,2025-12-04 10:14:00,1836.0,1836.918,1834.5,1833.58275,50,LONG,-166.762499999993,-433068.01749993506
cash_ACC,RSI2,2025-12-04 10:18:00,2025-12-04 10:20:00,1833.5,1834.4167499999999,1835.0,1834.0825000000002,50,LONG,-16.71249999998281,-433084.729999935
cash_ACC,RSI2,2025-12-04 10:24:00,2025-12-04 10:46:00,1832.3,1833.2161499999997,1825.0,1824.0875,50,LONG,-456.4324999999826,-433541.162499935
cash_ACC,RSI2,2025-12-04 11:23:00,2025-12-04 11:42:00,1823.9,1824.81195,1822.0,1821.0890000000002,50,LONG,-186.14749999999276,-433727.30999993504
cash_ACC,RSI2,2025-12-04 11:45:00,2025-12-04 11:49:00,1819.8,1820.7098999999998,1821.1,1820.18945,50,LONG,-26.022499999987758,-433753.332499935
cash_ACC,RSI2,2025-12-04 12:35:00,2025-12-04 12:36:00,1821.0,1821.9105,1822.6,1821.6887,50,LONG,-11.09000000000151,-433764.422499935
cash_ACC,RSI2,2025-12-04 13:00:00,2025-12-04 13:11:00,1821.0,1821.9105,1820.0,1819.0900000000001,50,LONG,-141.02499999999054,-433905.447499935
cash_ACC,RSI2,2025-12-04 13:17:00,2025-12-04 13:20:00,1819.9,1820.80995,1820.0,1819.0900000000001,50,LONG,-85.99749999999631,-433991.444999935
cash_ACC,RSI2,2025-12-04 13:35:00,2025-12-04 13:42:00,1819.9,1820.80995,1819.5,1818.5902500000002,50,LONG,-110.98499999999376,-434102.429999935
cash_ACC,RSI2,2025-12-04 13:52:00,2025-12-04 13:56:00,1818.9,1819.80945,1820.0,1819.0900000000001,50,LONG,-35.972499999991214,-434138.40249993495
cash_ACC,RSI2,2025-12-04 14:18:00,2025-12-04 14:23:00,1819.6,1820.5097999999998,1819.9,1818.99005,50,LONG,-75.98749999998518,-434214.38999993494
cash_ACC,RSI2,2025-12-04 14:32:00,2025-12-04 14:41:00,1819.2,1820.1096,1819.9,1818.99005,50,LONG,-55.97749999999451,-434270.3674999349
cash_ACC,RSI2,2025-12-04 14:57:00,2025-12-04 15:00:00,1817.5,1818.4087499999998,1817.9,1816.99105,50,LONG,-70.88499999998703,-434341.2524999349
cash_ACC,RSI2,2025-12-04 15:10:00,2025-12-04 15:12:00,1816.8,1817.7083999999998,1818.0,1817.0910000000001,50,LONG,-30.8699999999817,-434372.1224999349
cash_ACC,RSI2,2025-12-04 15:20:00,2025-12-04 15:22:00,1815.2,1816.1076,1817.2,1816.2914,50,LONG,9.190000000000964,-434362.9324999349
cash_ACC,RSI2,2025-12-05 09:24:00,2025-12-05 09:28:00,1817.3,1818.2086499999998,1819.2,1818.2904,50,LONG,4.087500000014188,-434358.8449999349
cash_ACC,RSI2,2025-12-05 09:35:00,2025-12-05 09:44:00,1817.2,1818.1086,1814.3,1813.39285,50,LONG,-235.78750000000355,-434594.6324999349
cash_ACC,RSI2,2025-12-05 09:51:00,2025-12-05 10:01:00,1811.4,1812.3057,1812.9,1811.9935500000001,50,LONG,-15.60749999998734,-434610.23999993486
cash_ACC,RSI2,2025-12-05 10:28:00,2025-12-05 10:31:00,1813.3,1814.2066499999999,1814.1,1813.19295,50,LONG,-50.68499999998721,-434660.92499993485
cash_ACC,RSI2,2025-12-05 10:53:00,2025-12-05 10:57:00,1814.0,1814.907,1814.9,1813.9925500000002,50,LONG,-45.72249999998803,-434706.6474999348
cash_ACC,RSI2,2025-12-05 11:08:00,2025-12-05 11:12:00,1814.9,1815.80745,1815.0,1814.0925000000002,50,LONG,-85.74749999999085,-434792.3949999348
cash_ACC,RSI2,2025-12-05 11:28:00,2025-12-05 11:31:00,1814.6,1815.5072999999998,1815.9,1814.9920500000003,50,LONG,-25.762499999973443,-434818.1574999348
cash_ACC,RSI2,2025-12-05 11:58:00,2025-12-05 12:06:00,1814.0,1814.907,1814.4,1813.4928000000002,50,LONG,-70.70999999998548,-434888.86749993474
cash_ACC,RSI2,2025-12-05 12:18:00,2025-12-05 12:22:00,1814.0,1814.907,1815.2,1814.2924,50,LONG,-30.729999999994106,-434919.5974999347
cash_ACC,RSI2,2025-12-05 12:37:00,2025-12-05 12:40:00,1814.0,1814.907,1814.7,1813.79265,50,LONG,-55.71749999999156,-434975.3149999347
cash_ACC,RSI2,2025-12-05 13:12:00,2025-12-05 13:14:00,1814.5,1815.40725,1815.0,1814.0925000000002,50,LONG,-65.73749999998881,-435041.0524999347
cash_ACC,RSI2,2025-12-05 13:18:00,2025-12-05 13:23:00,1808.0,1808.904,1811.8,1810.8941,50,LONG,99.5049999999992,-434941.5474999347
cash_ACC,RSI2,2025-12-05 13:31:00,2025-12-05 13:37:00,1803.9,1804.80195,1806.0,1805.0970000000002,50,LONG,14.752500000008695,-434926.7949999347
cash_ACC,RSI2,2025-12-05 13:54:00,2025-12-05 14:11:00,1805.6,1806.5027999999998,1803.7,1802.79815,50,LONG,-185.2324999999837,-435112.02749993466
cash_ACC,RSI2,2025-12-05 14:17:00,2025-12-05 15:11:00,1803.0,1803.9015,1798.0,1797.101,50,LONG,-340.02499999999145,-435452.0524999346
cash_ACC,RSI2,2025-12-05 15:14:00,2025-12-05 15:17:00,1795.8,1796.6979,1798.0,1797.101,50,LONG,20.155000000011114,-435431.8974999346
cash_ACC,RSI2,2025-12-08 09:35:00,2025-12-08 09:43:00,1804.6,1805.5022999999999,1804.9,1803.9975500000003,50,LONG,-75.23749999998017,-435507.1349999346
cash_ACC,RSI2,2025-12-08 10:07:00,2025-12-08 10:09:00,1803.6,1804.5017999999998,1808.0,1807.096,50,LONG,129.7100000000114,-435377.42499993456
cash_ACC,RSI2,2025-12-08 10:21:00,2025-12-08 10:27:00,1807.1,1808.00355,1808.7,1807.7956500000003,50,LONG,-10.394999999982701,-435387.8199999345
cash_ACC,RSI2,2025-12-08 10:34:00,2025-12-08 10:42:00,1806.0,1806.9029999999998,1806.5,1805.5967500000002,50,LONG,-65.31249999998181,-435453.1324999345
cash_ACC,RSI2,2025-12-08 10:49:00,2025-12-08 10:56:00,1806.0,1806.9029999999998,1805.0,1804.0975,50,LONG,-140.27499999998554,-435593.4074999345
cash_ACC,RSI2,2025-12-08 11:02:00,2025-12-08 11:14:00,1803.0,1803.9015,1802.6,1801.6987,50,LONG,-110.14000000000124,-435703.5474999345
cash_ACC,RSI2,2025-12-08 11:35:00,2025-12-08 11:38:00,1801.8,1802.7008999999998,1803.0,1802.0985,50,LONG,-30.119999999988067,-435733.6674999345
cash_ACC,RSI2,2025-12-08 11:42:00,2025-12-08 11:45:00,1801.7,1802.60085,1803.8,1802.8981,50,LONG,14.86250000000382,-435718.8049999345
cash_ACC,RSI2,2025-12-08 12:14:00,2025-12-08 12:20:00,1801.2,1802.1006,1801.3,1800.3993500000001,50,LONG,-85.06249999999227,-435803.8674999345
cash_ACC,RSI2,2025-12-08 12:27:00,2025-12-08 12:30:00,1799.0,1799.8995,1800.7,1799.7996500000002,50,LONG,-4.992499999991651,-435808.8599999345
cash_ACC,RSI2,2025-12-08 12:35:00,2025-12-08 12:37:00,1800.0,1800.8999999999999,1801.1,1800.19945,50,LONG,-35.027499999989686,-435843.88749993447
cash_ACC,RSI2,2025-12-08 12:48:00,2025-12-08 12:58:00,1799.0,1799.8995,1796.9,1796.0015500000002,50,LONG,-194.8974999999905,-436038.78499993443
cash_ACC,RSI2,2025-12-08 13:03:00,2025-12-08 13:04:00,1794.0,1794.897,1796.1,1795.20195,50,LONG,15.247499999998126,-436023.53749993443
cash_ACC,RSI2,2025-12-08 13:09:00,2025-12-08 13:12:00,1795.2,1796.0976,1796.3,1795.40185,50,LONG,-34.78750000000446,-436058.3249999344
cash_ACC,RSI2,2025-12-08 13:21:00,2025-12-08 13:29:00,1795.3,1796.1976499999998,1792.4,1791.5038000000002,50,LONG,-234.69249999998283,-436293.0174999344
cash_ACC,RSI2,2025-12-08 13:33:00,2025-12-08 13:35:00,1790.3,1791.1951499999998,1791.6,1790.7042,50,LONG,-24.547499999994216,-436317.5649999344
cash_ACC,RSI2,2025-12-08 13:57:00,2025-12-08 13:58:00,1792.5,1793.39625,1794.1,1793.20295,50,LONG,-9.664999999995416,-436327.2299999344
cash_ACC,RSI2,2025-12-08 14:04:00,2025-12-08 14:11:00,1791.6,1792.4958,1794.1,1793.20295,50,LONG,35.35750000000917,-436291.8724999344
cash_ACC,RSI2,2025-12-08 14:37:00,2025-12-08 14:40:00,1798.0,1798.899,1799.2,1798.3004,50,LONG,-29.929999999990287,-436321.8024999344
cash_ACC,RSI2,2025-12-08 14:43:00,2025-12-08 14:48:00,1796.5,1797.39825,1797.0,1796.1015,50,LONG,-64.83749999999873,-436386.6399999344
cash_ACC,RSI2,2025-12-08 14:54:00,2025-12-08 14:58:00,1796.3,1797.19815,1797.0,1796.1015,50,LONG,-54.83249999999771,-436441.47249993443
cash_ACC,RSI2,2025-12-08 15:15:00,2025-12-08 15:17:00,1792.7,1793.59635,1794.9,1794.0025500000002,50,LONG,20.310000000006312,-436421.16249993443
cash_ACC,RSI2,2025-12-08 15:29:00,2025-12-09 09:36:00,1795.0,1795.8974999999998,1775.0,1774.1125000000002,50,LONG,-1089.2499999999814,-437510.41249993443
cash_ACC,RSI2,2025-12-09 10:15:00,2025-12-09 10:16:00,1785.4,1786.2927,1787.0,1786.1065,50,LONG,-9.309999999993579,-437519.72249993443
cash_ACC,RSI2,2025-12-09 10:33:00,2025-12-09 10:39:00,1790.0,1790.895,1787.9,1787.0060500000002,50,LONG,-194.44749999998976,-437714.16999993444
cash_ACC,RSI2,2025-12-09 10:48:00,2025-12-09 10:53:00,1786.1,1786.9930499999998,1786.0,1785.1070000000002,50,LONG,-94.30249999998068,-437808.47249993443
cash_ACC,RSI2,2025-12-09 11:23:00,2025-12-09 11:28:00,1787.6,1788.4937999999997,1788.5,1787.6057500000002,50,LONG,-44.40249999997832,-437852.8749999344
cash_ACC,RSI2,2025-12-09 11:44:00,2025-12-09 11:48:00,1786.0,1786.8929999999998,1787.5,1786.60625,50,LONG,-14.337499999987813,-437867.21249993437
cash_ACC,RSI2,2025-12-09 12:12:00,2025-12-09 12:23:00,1789.3,1790.19465,1788.0,1787.106,50,LONG,-154.4324999999958,-438021.64499993436
cash_ACC,RSI2,2025-12-09 12:34:00,2025-12-09 12:43:00,1786.3,1787.1931499999998,1785.0,1784.1075,50,LONG,-154.28249999998798,-438175.92749993433
cash_ACC,RSI2,2025-12-09 12:49:00,2025-12-09 12:53:00,1783.2,1784.0916,1783.9,1783.0080500000001,50,LONG,-54.177499999991596,-438230.1049999343
cash_ACC,RSI2,2025-12-09 13:38:00,2025-12-09 13:48:00,1784.1,1784.9920499999998,1785.0,1784.1075,50,LONG,-44.22749999998814,-438274.3324999343
cash_ACC,RSI2,2025-12-09 14:32:00,2025-12-09 14:34:00,1785.9,1786.79295,1786.3,1785.40685,50,LONG,-69.30499999999711,-438343.6374999343
cash_ACC,RSI2,2025-12-09 14:48:00,2025-12-09 14:56:00,1785.0,1785.8925,1785.0,1784.1075,50,LONG,-89.24999999999272,-438432.8874999343
cash_ACC,RSI2,2025-12-09 15:16:00,2025-12-09 15:18:00,1784.7,1785.59235,1784.9,1784.0075500000003,50,LONG,-79.23999999998159,-438512.1274999343
cash_ACC,RSI2,2025-12-09 15:23:00,2025-12-09 15:27:00,1784.1,1784.9920499999998,1785.0,1784.1075,50,LONG,-44.22749999998814,-438556.35499993426
cash_ACC,RSI2,2025-12-10 09:36:00,2025-12-10 09:42:00,1791.0,1791.8954999999999,1792.4,1791.5038000000002,50,LONG,-19.584999999983665,-438575.9399999342
cash_ACC,RSI2,2025-12-10 10:08:00,2025-12-10 10:13:00,1790.5,1791.3952499999998,1791.2,1790.3044000000002,50,LONG,-54.542499999979555,-438630.4824999342
cash_ACC,RSI2,2025-12-10 10:22:00,2025-12-10 10:33:00,1791.0,1791.8954999999999,1789.9,1789.0050500000002,50,LONG,-144.5224999999823,-438775.0049999342
cash_ACC,RSI2,2025-12-10 10:47:00,2025-12-10 10:52:00,1787.0,1787.8935,1787.5,1786.60625,50,LONG,-64.3624999999929,-438839.36749993416
cash_ACC,RSI2,2025-12-10 11:08:00,2025-12-10 11:11:00,1786.0,1786.8929999999998,1788.4,1787.5058000000001,50,LONG,30.6400000000167,-438808.72749993415
cash_ACC,RSI2,2025-12-10 11:26:00,2025-12-10 11:31:00,1787.4,1788.2937,1788.0,1787.106,50,LONG,-59.38499999999749,-438868.11249993416
cash_ACC,RSI2,2025-12-10 11:35:00,2025-12-10 11:51:00,1786.4,1787.2932,1782.8,1781.9086,50,LONG,-269.23000000000457,-439137.34249993414
cash_ACC,RSI2,2025-12-10 12:10:00,2025-12-10 12:14:00,1784.0,1784.8919999999998,1784.9,1784.0075500000003,50,LONG,-44.22249999997803,-439181.5649999341
cash_ACC,RSI2,2025-12-10 12:32:00,2025-12-10 12:40:00,1783.0,1783.8915,1782.1,1781.20895,50,LONG,-134.1274999999996,-439315.6924999341
cash_ACC,RSI2,2025-12-10 13:13:00,2025-12-10 13:16:00,1783.5,1784.39175,1784.1,1783.20795,50,LONG,-59.190000000000964,-439374.8824999341
cash_ACC,RSI2,2025-12-10 13:26:00,2025-12-10 13:30:00,1782.0,1782.8909999999998,1783.7,1782.80815,50,LONG,-4.142499999989013,-439379.02499993413
cash_ACC,RSI2,2025-12-10 14:04:00,2025-12-10 14:09:00,1782.0,1782.8909999999998,1782.2,1781.3089000000002,50,LONG,-79.10499999998137,-439458.1299999341
cash_ACC,RSI2,2025-12-10 14:40:00,2025-12-10 14:42:00,1782.0,1782.8909999999998,1783.0,1782.1085,50,LONG,-39.124999999989996,-439497.2549999341
cash_ACC,RSI2,2025-12-10 14:51:00,2025-12-10 14:56:00,1780.9,1781.79045,1781.4,1780.5093000000002,50,LONG,-64.05749999998989,-439561.3124999341
cash_ACC,RSI2,2025-12-10 15:15:00,2025-12-10 15:19:00,1780.5,1781.39025,1781.8,1780.9091,50,LONG,-24.05749999999216,-439585.3699999341
cash_ACC,RSI2,2025-12-11 09:25:00,2025-12-11 09:27:00,1778.4,1779.2892,1780.5,1779.60975,50,LONG,16.027500000006967,-439569.3424999341
cash_ACC,RSI2,2025-12-11 09:37:00,2025-12-11 09:43:00,1777.8,1778.6888999999999,1775.6,1774.7122,50,LONG,-198.83499999999685,-439768.1774999341
cash_ACC,RSI2,2025-12-11 09:59:00,2025-12-11 10:02:00,1773.5,1774.38675,1775.8,1774.9121,50,LONG,26.26750000000584,-439741.9099999341
cash_ACC,RSI2,2025-12-11 10:13:00,2025-12-11 10:14:00,1777.0,1777.8884999999998,1779.0,1778.1105,50,LONG,11.100000000010368,-439730.80999993405
cash_ACC,RSI2,2025-12-11 10:22:00,2025-12-11 10:23:00,1777.1,1777.9885499999998,1778.4,1777.5108000000002,50,LONG,-23.88749999997799,-439754.697499934
cash_ACC,RSI2,2025-12-11 10:31:00,2025-12-11 10:35:00,1777.1,1777.9885499999998,1778.7,1777.8106500000001,50,LONG,-8.894999999984066,-439763.59249993396
cash_ACC,RSI2,2025-12-11 10:59:00,2025-12-11 11:10:00,1776.4,1777.2882,1776.9,1776.0115500000002,50,LONG,-63.83249999998952,-439827.4249999339
cash_ACC,RSI2,2025-12-11 11:59:00,2025-12-11 12:01:00,1778.5,1779.38925,1779.0,1778.1105,50,LONG,-63.93749999999727,-439891.3624999339
cash_ACC,RSI2,2025-12-11 12:57:00,2025-12-11 13:00:00,1779.1,1779.9895499999998,1780.1,1779.20995,50,LONG,-38.97999999999229,-439930.3424999339
cash_ACC,RSI2,2025-12-11 13:02:00,2025-12-11 13:05:00,1778.2,1779.0891,1779.6,1778.7102,50,LONG,-18.944999999996526,-439949.2874999339
cash_ACC,RSI2,2025-12-11 13:22:00,2025-12-11 13:24:00,1777.8,1778.6888999999999,1779.0,1778.1105,50,LONG,-28.919999999993706,-439978.2074999339
cash_ACC,RSI2,2025-12-11 13:37:00,2025-12-11 13:39:00,1778.1,1778.98905,1779.3,1778.41035,50,LONG,-28.93499999998994,-440007.1424999339
cash_ACC,RSI2,2025-12-11 14:06:00,2025-12-11 14:10:00,1779.0,1779.8895,1779.9,1779.01005,50,LONG,-43.97249999999531,-440051.11499993387
cash_ACC,RSI2,2025-12-11 14:54:00,2025-12-11 14:55:00,1778.3,1779.18915,1779.4,1778.5103000000001,50,LONG,-33.942499999989195,-440085.0574999339
cash_ACC,RSI2,2025-12-11 14:59:00,2025-12-11 15:07:00,1778.2,1779.0891,1779.3,1778.41035,50,LONG,-33.93749999999045,-440118.9949999339
cash_ACC,RSI2,2025-12-11 15:10:00,2025-12-11 15:11:00,1778.0,1778.889,1779.5,1778.6102500000002,50,LONG,-13.937499999985903,-440132.9324999339
cash_ACC,RSI2,2025-12-11 15:27:00,2025-12-12 09:15:00,1776.1,1776.9880499999997,1789.0,1788.1055000000001,50,LONG,555.8725000000209,-439577.0599999339
cash_ACC,RSI2,2025-12-12 09:25:00,2025-12-12 09:26:00,1781.1,1781.9905499999998,1784.0,1783.1080000000002,50,LONG,55.872500000020864,-439521.1874999339
cash_ACC,RSI2,2025-12-12 10:03:00,2025-12-12 10:09:00,1791.1,1791.9955499999999,1791.2,1790.3044000000002,50,LONG,-84.55749999998261,-439605.7449999339
cash_ACC,RSI2,2025-12-12 10:24:00,2025-12-12 10:29:00,1786.9,1787.79345,1786.9,1786.0065500000003,50,LONG,-89.34499999998025,-439695.08999993384
cash_ACC,RSI2,2025-12-12 10:49:00,2025-12-12 10:52:00,1782.1,1782.9910499999999,1785.0,1784.1075,50,LONG,55.82250000001068,-439639.26749993383
cash_ACC,RSI2,2025-12-12 11:17:00,2025-12-12 11:21:00,1786.6,1787.4932999999999,1787.2,1786.3064000000002,50,LONG,-59.34499999998479,-439698.6124999338
cash_ACC,RSI2,2025-12-12 11:28:00,2025-12-12 11:30:00,1786.2,1787.0931,1788.6,1787.7057,50,LONG,30.62999999999647,-439667.9824999338
cash_ACC,RSI2,2025-12-12 11:39:00,2025-12-12 11:47:00,1786.5,1787.3932499999999,1786.3,1785.40685,50,LONG,-99.3199999999888,-439767.3024999338
cash_ACC,RSI2,2025-12-12 12:05:00,2025-12-12 12:09:00,1786.8,1787.6933999999999,1786.7,1785.8066500000002,50,LONG,-94.33749999998327,-439861.6399999338
cash_ACC,RSI2,2025-12-12 12:18:00,2025-12-12 12:24:00,1784.4,1785.2922,1784.9,1784.0075500000003,50,LONG,-64.23249999999143,-439925.87249993376
cash_ACC,RSI2,2025-12-12 12:45:00,2025-12-12 12:51:00,1783.5,1784.39175,1783.0,1782.1085,50,LONG,-114.16249999999764,-440040.03499993373
cash_ACC,RSI2,2025-12-12 12:57:00,2025-12-12 13:04:00,1777.8,1778.6888999999999,1780.0,1779.1100000000001,50,LONG,21.05500000001257,-440018.97999993374
cash_ACC,RSI2,2025-12-12 13:10:00,2025-12-12 13:13:00,1779.7,1780.5898499999998,1780.0,1779.1100000000001,50,LONG,-73.99249999998574,-440092.97249993373
cash_ACC,RSI2,2025-12-12 13:17:00,2025-12-12 13:25:00,1778.4,1779.2892,1778.3,1777.41085,50,LONG,-93.91749999999774,-440186.8899999337
cash_ACC,RSI2,2025-12-12 13:39:00,2025-12-12 14:00:00,1777.0,1777.8884999999998,1777.8,1776.9111,50,LONG,-48.86999999998807,-440235.7599999337
cash_ACC,RSI2,2025-12-12 14:26:00,2025-12-12 14:39:00,1778.0,1778.889,1772.4,1771.5138000000002,50,LONG,-368.7599999999861,-440604.5199999337
cash_ACC,RSI2,2025-12-12 15:03:00,2025-12-12 15:05:00,1771.0,1771.8854999999999,1772.0,1771.114,50,LONG,-38.57499999999163,-440643.09499993373
cash_ACC,RSI2,2025-12-12 15:11:00,2025-12-15 09:15:00,1771.1,1771.9855499999999,1780.0,1779.1100000000001,50,LONG,356.2225000000126,-440286.8724999337
cash_ACC,RSI2,2025-12-15 10:11:00,2025-12-15 10:15:00,1784.5,1785.3922499999999,1786.3,1785.40685,50,LONG,0.7300000000100226,-440286.1424999337
cash_ACC,RSI2,2025-12-15 10:23:00,2025-12-15 10:39:00,1785.0,1785.8925,1782.5,1781.60875,50,LONG,-214.18749999999136,-440500.3299999337
cash_ACC,RSI2,2025-12-15 10:46:00,2025-12-15 10:50:00,1777.0,1777.8884999999998,1779.1,1778.21045,50,LONG,16.097500000012133,-440484.2324999337
cash_ACC,RSI2,2025-12-15 10:59:00,2025-12-15 11:01:00,1779.2,1780.0896,1781.2,1780.3094,50,LONG,10.990000000003874,-440473.2424999337
cash_ACC,RSI2,2025-12-15 11:14:00,2025-12-15 11:24:00,1779.1,1779.9895499999998,1775.4,1774.5123,50,LONG,-273.86249999998427,-440747.1049999337
cash_ACC,RSI2,2025-12-15 11:34:00,2025-12-15 11:40:00,1772.8,1773.6863999999998,1773.1,1772.21345,50,LONG,-73.64749999999276,-440820.7524999337
cash_ACC,RSI2,2025-12-15 12:09:00,2025-12-15 12:11:00,1775.7,1776.58785,1776.2,1775.3119000000002,50,LONG,-63.79749999998694,-440884.5499999337
cash_ACC,RSI2,2025-12-15 12:14:00,2025-12-15 12:15:00,1775.0,1775.8874999999998,1776.5,1775.61175,50,LONG,-13.78749999998945,-440898.33749993367
cash_ACC,RSI2,2025-12-15 12:18:00,2025-12-15 12:26:00,1774.5,1775.38725,1776.4,1775.5118000000002,50,LONG,6.227500000011332,-440892.10999993363
cash_ACC,RSI2,2025-12-15 12:47:00,2025-12-15 12:52:00,1774.0,1774.887,1774.5,1773.61275,50,LONG,-63.71249999999691,-440955.82249993365
cash_ACC,RSI2,2025-12-15 12:57:00,2025-12-15 13:00:00,1773.0,1773.8864999999998,1774.0,1773.113,50,LONG,-38.67499999998927,-440994.49749993364
cash_ACC,RSI2,2025-12-15 13:10:00,2025-12-15 13:12:00,1773.5,1774.38675,1774.0,1773.113,50,LONG,-63.687499999991815,-441058.18499993364
cash_ACC,RSI2,2025-12-15 13:31:00,2025-12-15 13:33:00,1774.0,1774.887,1775.1,1774.21245,50,LONG,-33.72749999999769,-441091.9124999336
cash_ACC,RSI2,2025-12-15 13:52:00,2025-12-15 13:57:00,1776.7,1777.58835,1779.0,1778.1105,50,LONG,26.107500000000528,-441065.80499993364
cash_ACC,RSI2,2025-12-15 14:11:00,2025-12-15 14:14:00,1776.2,1777.0881,1777.8,1776.9111,50,LONG,-8.849999999995362,-441074.6549999336
cash_ACC,RSI2,2025-12-15 15:03:00,2025-12-15 15:05:00,1774.0,1774.887,1776.5,1775.61175,50,LONG,36.237500000004275,-441038.4174999336
cash_ACC,RSI2,2025-12-15 15:19:00,2025-12-15 15:20:00,1776.4,1777.2882,1778.8,1777.9106000000002,50,LONG,31.120000000009895,-441007.29749993363
cash_ACC,RSI2,2025-12-16 09:18:00,2025-12-16 09:26:00,1773.6,1774.4868,1769.7,1768.8151500000001,50,LONG,-283.5824999999886,-441290.8799999336
cash_ACC,RSI2,2025-12-16 09:57:00,2025-12-16 10:01:00,1774.2,1775.0871,1773.6,1772.7132,50,LONG,-118.69500000000244,-441409.5749999336
cash_ACC,RSI2,2025-12-16 10:13:00,2025-12-16 10:15:00,1773.3,1774.1866499999999,1774.7,1773.81265,50,LONG,-18.699999999989814,-441428.2749999336
cash_ACC,RSI2,2025-12-16 10:28:00,2025-12-16 10:31:00,1773.0,1773.8864999999998,1773.9,1773.0130500000002,50,LONG,-43.672499999979664,-441471.9474999336
cash_ACC,RSI2,2025-12-16 10:38:00,2025-12-16 10:41:00,1772.6,1773.4862999999998,1773.5,1772.61325,50,LONG,-43.652499999984684,-441515.59999993356
cash_ACC,RSI2,2025-12-16 10:48:00,2025-12-16 10:54:00,1772.6,1773.4862999999998,1774.2,1773.3129000000001,50,LONG,-8.669999999983702,-441524.26999993355
cash_ACC,RSI2,2025-12-16 11:04:00,2025-12-16 11:08:00,1773.3,1774.1866499999999,1774.0,1773.113,50,LONG,-53.682499999990796,-441577.95249993354
cash_ACC,RSI2,2025-12-16 11:16:00,2025-12-16 11:18:00,1773.1,1773.9865499999999,1774.0,1773.113,50,LONG,-43.67749999998978,-441621.62999993353
cash_ACC,RSI2,2025-12-16 11:21:00,2025-12-16 11:24:00,1772.4,1773.2862,1773.6,1772.7132,50,LONG,-28.65000000000464,-441650.27999993355
cash_ACC,RSI2,2025-12-16 11:27:00,2025-12-16 11:42:00,1769.4,1770.2847,1768.3,1767.41585,50,LONG,-143.44249999999192,-441793.72249993356
cash_ACC,RSI2,2025-12-16 12:02:00,2025-12-16 12:06:00,1769.0,1769.8845,1770.0,1769.115,50,LONG,-38.474999999994,-441832.19749993354
cash_ACC,RSI2,2025-12-16 12:17:00,2025-12-16 12:23:00,1769.0,1769.8845,1769.9,1769.0150500000002,50,LONG,-43.47249999998439,-441875.6699999335
cash_ACC,RSI2,2025-12-16 13:00:00,2025-12-16 13:02:00,1769.5,1770.38475,1770.7,1769.8146500000003,50,LONG,-28.504999999984193,-441904.1749999335
cash_ACC,RSI2,2025-12-16 13:29:00,2025-12-16 13:31:00,1770.5,1771.3852499999998,1771.9,1771.0140500000002,50,LONG,-18.559999999979482,-441922.7349999335
cash_ACC,RSI2,2025-12-16 14:14:00,2025-12-16 14:25:00,1773.0,1773.8864999999998,1772.0,1771.114,50,LONG,-138.62499999999045,-442061.3599999335
cash_ACC,RSI2,2025-12-16 14:39:00,2025-12-16 14:44:00,1771.0,1771.8854999999999,1771.8,1770.9141,50,LONG,-48.56999999999516,-442109.9299999335
cash_ACC,RSI2,2025-12-17 09:15:00,2025-12-17 09:16:00,1768.0,1768.884,1770.9,1770.01455,50,LONG,56.52750000000424,-442053.4024999335
cash_ACC,RSI2,2025-12-17 09:30:00,2025-12-17 09:33:00,1768.6,1769.4842999999998,1770.0,1769.115,50,LONG,-18.46499999999196,-442071.86749993346
cash_ACC,RSI2,2025-12-17 10:03:00,2025-12-17 10:08:00,1768.1,1768.9840499999998,1768.2,1767.3159,50,LONG,-83.40749999998707,-442155.27499993343
cash_ACC,RSI2,2025-12-17 10:18:00,2025-12-17 10:20:00,1767.4,1768.2837,1769.0,1768.1155,50,LONG,-8.409999999992124,-442163.6849999334
cash_ACC,RSI2,2025-12-17 10:55:00,2025-12-17 11:00:00,1769.2,1770.0846,1770.3,1769.4148500000001,50,LONG,-33.48749999998972,-442197.1724999334
cash_ACC,RSI2,2025-12-17 11:27:00,2025-12-17 11:30:00,1769.4,1770.2847,1770.0,1769.115,50,LONG,-58.484999999996035,-442255.6574999334
cash_ACC,RSI2,2025-12-17 11:34:00,2025-12-17 11:36:00,1769.1,1769.98455,1769.8,1768.9151,50,LONG,-53.472499999998035,-442309.12999993336
cash_ACC,RSI2,2025-12-17 11:57:00,2025-12-17 12:00:00,1768.8,1769.6843999999999,1770.1,1769.21495,50,LONG,-23.472499999991214,-442332.60249993333
cash_ACC,RSI2,2025-12-17 12:13:00,2025-12-17 12:14:00,1768.7,1769.5843499999999,1769.8,1768.9151,50,LONG,-33.462499999996,-442366.06499993335
cash_ACC,RSI2,2025-12-17 12:15:00,2025-12-17 12:40:00,1764.5,1765.3822499999999,1760.2,1759.3199000000002,50,LONG,-303.11749999998483,-442669.18249993335
cash_ACC,RSI2,2025-12-17 12:54:00,2025-12-17 13:00:00,1759.4,1760.2797,1759.3,1758.42035,50,LONG,-92.96749999999747,-442762.1499999333
cash_ACC,RSI2,2025-12-17 13:05:00,2025-12-17 13:09:00,1757.6,1758.4787999999999,1759.0,1758.1205,50,LONG,-17.914999999993597,-442780.0649999333
cash_ACC,RSI2,2025-12-17 13:20:00,2025-12-17 13:23:00,1757.5,1758.3787499999999,1759.4,1758.5203000000001,50,LONG,7.07750000001397,-442772.9874999333
cash_ACC,RSI2,2025-12-17 13:28:00,2025-12-17 13:29:00,1758.5,1759.37925,1759.4,1758.5203000000001,50,LONG,-42.94749999999112,-442815.9349999333
cash_ACC,RSI2,2025-12-17 13:35:00,2025-12-17 13:46:00,1758.0,1758.879,1758.4,1757.5208000000002,50,LONG,-67.90999999998348,-442883.84499993327
cash_ACC,RSI2,2025-12-17 13:55:00,2025-12-17 14:00:00,1758.1,1758.97905,1758.8,1757.9206000000001,50,LONG,-52.922499999988304,-442936.76749993325
cash_ACC,RSI2,2025-12-17 14:07:00,2025-12-17 14:11:00,1759.0,1759.8795,1759.9,1759.02005,50,LONG,-42.97249999999622,-442979.7399999332
cash_ACC,RSI2,2025-12-17 14:18:00,2025-12-17 14:21:00,1759.1,1759.9795499999998,1760.4,1759.5198000000003,50,LONG,-22.987499999976535,-443002.7274999332
cash_ACC,RSI2,2025-12-17 14:27:00,2025-12-17 14:44:00,1759.7,1760.5798499999999,1759.9,1759.02005,50,LONG,-77.98999999998841,-443080.7174999332
cash_ACC,RSI2,2025-12-17 14:50:00,2025-12-17 14:53:00,1759.0,1759.8795,1760.0,1759.1200000000001,50,LONG,-37.97499999999445,-443118.6924999332
cash_ACC,RSI2,2025-12-17 15:02:00,2025-12-17 15:05:00,1759.3,1760.1796499999998,1760.0,1759.1200000000001,50,LONG,-52.98249999998461,-443171.67499993317
cash_ACC,RSI2,2025-12-17 15:13:00,2025-12-17 15:23:00,1759.2,1760.0796,1758.6,1757.7207,50,LONG,-117.94499999999744,-443289.6199999332
cash_ACC,RSI2,2025-12-17 15:27:00,2025-12-17 15:29:00,1757.4,1758.2787,1760.0,1759.1200000000001,50,LONG,42.06500000000233,-443247.55499993317
cash_ACC,RSI2,2025-12-18 09:31:00,2025-12-18 09:37:00,1757.6,1758.4787999999999,1757.0,1756.1215000000002,50,LONG,-117.86499999998341,-443365.41999993316
cash_ACC,RSI2,2025-12-18 09:42:00,2025-12-18 09:49:00,1754.0,1754.877,1754.4,1753.5228000000002,50,LONG,-67.70999999998821,-443433.1299999331
cash_ACC,RSI2,2025-12-18 09:56:00,2025-12-18 10:01:00,1751.6,1752.4757999999997,1752.9,1752.0235500000001,50,LONG,-22.61249999997972,-443455.7424999331
cash_ACC,RSI2,2025-12-18 10:36:00,2025-12-18 10:39:00,1753.6,1754.4768,1754.0,1753.123,50,LONG,-67.68999999999323,-443523.4324999331
cash_ACC,RSI2,2025-12-18 10:50:00,2025-12-18 10:59:00,1754.3,1755.1771499999998,1755.0,1754.1225000000002,50,LONG,-52.732499999979154,-443576.1649999331
cash_ACC,RSI2,2025-12-18 11:07:00,2025-12-18 11:10:00,1754.1,1754.9770499999997,1755.0,1754.1225000000002,50,LONG,-42.727499999978136,-443618.8924999331
cash_ACC,RSI2,2025-12-18 11:47:00,2025-12-18 11:52:00,1755.6,1756.4778,1755.3,1754.42235,50,LONG,-102.77249999999185,-443721.6649999331
cash_ACC,RSI2,2025-12-18 12:06:00,2025-12-18 12:14:00,1755.7,1756.57785,1756.6,1755.7217,50,LONG,-42.80749999999216,-443764.4724999331
cash_ACC,RSI2,2025-12-18 12:22:00,2025-12-18 12:28:00,1756.1,1756.9780499999997,1755.8,1754.9221,50,LONG,-102.79749999998558,-443867.2699999331
cash_ACC,RSI2,2025-12-18 12:57:00,2025-12-18 13:09:00,1756.0,1756.878,1755.7,1754.8221500000002,50,LONG,-102.79249999998683,-443970.06249993306
cash_ACC,RSI2,2025-12-18 13:24:00,2025-12-18 13:27:00,1755.5,1756.3777499999999,1757.0,1756.1215000000002,50,LONG,-12.812499999984084,-443982.87499993306
cash_ACC,RSI2,2025-12-18 13:35:00,2025-12-18 13:41:00,1754.0,1754.877,1754.1,1753.22295,50,LONG,-82.7024999999935,-444065.5774999331
cash_ACC,RSI2,2025-12-18 14:05:00,2025-12-18 14:07:00,1753.0,1753.8764999999999,1754.6,1753.7227,50,LONG,-7.68999999999096,-444073.2674999331
cash_ACC,RSI2,2025-12-18 14:13:00,2025-12-18 14:19:00,1754.0,1754.877,1754.5,1753.62275,50,LONG,-62.71249999999782,-444135.9799999331
cash_ACC,RSI2,2025-12-18 14:23:00,2025-12-18 14:32:00,1753.6,1754.4768,1754.8,1753.9226,50,LONG,-27.709999999990487,-444163.68999993306
cash_ACC,RSI2,2025-12-18 14:42:00,2025-12-18 14:46:00,1754.4,1755.2772,1755.8,1754.9221,50,LONG,-17.754999999999654,-444181.44499993307
cash_ACC,RSI2,2025-12-19 09:42:00,2025-12-19 09:44:00,1760.0,1760.8799999999999,1760.8,1759.9196,50,LONG,-48.0199999999968,-444229.4649999331
cash_ACC,RSI2,2025-12-19 09:53:00,2025-12-19 09:56:00,1759.0,1759.8795,1759.8,1758.9201,50,LONG,-47.96999999999798,-444277.43499993306
cash_ACC,RSI2,2025-12-19 10:04:00,2025-12-19 10:10:00,1759.9,1760.77995,1759.9,1759.02005,50,LONG,-87.9950000000008,-444365.42999993305
cash_ACC,RSI2,2025-12-19 10:32:00,2025-12-19 10:39:00,1756.7,1757.57835,1756.8,1755.9216000000001,50,LONG,-82.83749999999372,-444448.267499933
cash_ACC,RSI2,2025-12-19 10:47:00,2025-12-19 10:52:00,1755.3,1756.1776499999999,1755.1,1754.22245,50,LONG,-97.75999999999385,-444546.027499933
cash_ACC,RSI2,2025-12-19 11:29:00,2025-12-19 11:36:00,1757.1,1757.9785499999998,1756.3,1755.42185,50,LONG,-127.83499999999322,-444673.86249993305
cash_ACC,RSI2,2025-12-19 11:43:00,2025-12-19 11:48:00,1755.0,1755.8774999999998,1755.7,1754.8221500000002,50,LONG,-52.76749999998174,-444726.629999933
cash_ACC,RSI2,2025-12-19 11:52:00,2025-12-19 11:57:00,1753.2,1754.0765999999999,1754.6,1753.7227,50,LONG,-17.69499999999198,-444744.324999933
cash_ACC,RSI2,2025-12-19 12:03:00,2025-12-19 12:07:00,1755.1,1755.9775499999998,1755.2,1754.3224000000002,50,LONG,-82.7574999999797,-444827.082499933
cash_ACC,RSI2,2025-12-19 12:13:00,2025-12-19 12:20:00,1754.2,1755.0771,1754.9,1754.0225500000001,50,LONG,-52.72749999999178,-444879.809999933
cash_ACC,RSI2,2025-12-19 12:52:00,2025-12-19 12:56:00,1754.0,1754.877,1755.1,1754.22245,50,LONG,-32.7274999999986,-444912.537499933
cash_ACC,RSI2,2025-12-19 13:33:00,2025-12-19 13:34:00,1759.4,1760.2797,1761.0,1760.1195,50,LONG,-8.010000000001583,-444920.547499933
cash_ACC,RSI2,2025-12-19 14:25:00,2025-12-19 14:30:00,1765.2,1766.0826,1767.0,1766.1165,50,LONG,1.6950000000065302,-444918.852499933
cash_ACC,RSI2,2025-12-19 14:57:00,2025-12-19 15:13:00,1766.4,1767.2832,1749.6,1748.7252,50,LONG,-927.8999999999996,-445846.752499933
cash_ACC,RSI2,2025-12-22 09:53:00,2025-12-22 09:55:00,1764.5,1765.3822499999999,1765.6,1764.7172,50,LONG,-33.25249999999187,-445880.004999933
cash_ACC,RSI2,2025-12-22 10:08:00,2025-12-22 10:13:00,1765.0,1765.8825,1765.7,1764.81715,50,LONG,-53.26749999999265,-445933.272499933
cash_ACC,RSI2,2025-12-22 11:15:00,2025-12-22 11:18:00,1767.4,1768.2837,1768.9,1768.01555,50,LONG,-13.407499999993888,-445946.679999933
cash_ACC,RSI2,2025-12-22 11:22:00,2025-12-22 11:33:00,1767.7,1768.58385,1767.3,1766.41635,50,LONG,-108.37500000000091,-446055.054999933
cash_ACC,RSI2,2025-12-22 12:31:00,2025-12-22 12:32:00,1771.1,1771.9855499999999,1772.8,1771.9136,50,LONG,-3.5974999999893953,-446058.65249993297
cash_ACC,RSI2,2025-12-22 12:43:00,2025-12-22 12:46:00,1770.1,1770.9850499999998,1771.2,1770.3144000000002,50,LONG,-33.53249999997843,-446092.18499993294
cash_ACC,RSI2,2025-12-22 12:58:00,2025-12-22 13:03:00,1768.0,1768.884,1769.0,1768.1155,50,LONG,-38.42499999999518,-446130.60999993293
cash_ACC,RSI2,2025-12-22 13:15:00,2025-12-22 13:17:00,1768.0,1768.884,1768.8,1767.9156,50,LONG,-48.41999999999871,-446179.0299999329
cash_ACC,RSI2,2025-12-22 13:21:00,2025-12-22 13:23:00,1767.2,1768.0836,1768.0,1767.116,50,LONG,-48.37999999999738,-446227.4099999329
cash_ACC,RSI2,2025-12-22 13:55:00,2025-12-22 14:02:00,1768.0,1768.884,1769.0,1768.1155,50,LONG,-38.42499999999518,-446265.8349999329
cash_ACC,RSI2,2025-12-22 14:05:00,2025-12-22 14:21:00,1767.0,1767.8835,1764.6,1763.7177,50,LONG,-208.2899999999995,-446474.1249999329
cash_ACC,RSI2,2025-12-22 14:43:00,2025-12-22 14:47:00,1768.2,1769.0841,1769.4,1768.5153000000003,50,LONG,-28.43999999998914,-446502.5649999329
cash_ACC,RSI2,2025-12-22 15:19:00,2025-12-22 15:24:00,1776.8,1777.6883999999998,1778.4,1777.5108000000002,50,LONG,-8.879999999976462,-446511.4449999329
cash_ACC,RSI2,2025-12-22 15:28:00,2025-12-23 09:15:00,1775.7,1776.58785,1776.9,1776.0115500000002,50,LONG,-28.814999999985957,-446540.2599999329
cash_ACC,RSI2,2025-12-23 09:17:00,2025-12-23 09:24:00,1757.5,1758.3787499999999,1763.4,1762.5183000000002,50,LONG,206.97750000001633,-446333.28249993286
cash_ACC,RSI2,2025-12-23 09:30:00,2025-12-23 09:33:00,1754.3,1755.1771499999998,1761.0,1760.1195,50,LONG,247.11750000001302,-446086.16499993287
cash_ACC,RSI2,2025-12-23 09:53:00,2025-12-23 09:58:00,1760.0,1760.8799999999999,1760.9,1760.0195500000002,50,LONG,-43.022499999983665,-446129.1874999328
cash_ACC,RSI2,2025-12-23 10:06:00,2025-12-23 10:08:00,1759.9,1760.77995,1762.0,1761.1190000000001,50,LONG,16.952500000002146,-446112.2349999328
cash_ACC,RSI2,2025-12-23 10:16:00,2025-12-23 10:18:00,1760.0,1760.8799999999999,1761.8,1760.9191,50,LONG,1.955000000009477,-446110.2799999328
cash_ACC,RSI2,2025-12-23 10:53:00,2025-12-23 10:56:00,1766.6,1767.4832999999999,1768.8,1767.9156,50,LONG,21.615000000008422,-446088.6649999328
cash_ACC,RSI2,2025-12-23 11:11:00,2025-12-23 11:16:00,1764.5,1765.3822499999999,1764.4,1763.5178,50,LONG,-93.2224999999903,-446181.8874999328
cash_ACC,RSI2,2025-12-23 11:27:00,2025-12-23 11:36:00,1763.6,1764.4817999999998,1761.5,1760.6192500000002,50,LONG,-193.12749999998005,-446375.0149999328
cash_ACC,RSI2,2025-12-23 11:47:00,2025-12-23 11:50:00,1760.1,1760.98005,1761.3,1760.4193500000001,50,LONG,-28.034999999988486,-446403.04999993276
cash_ACC,RSI2,2025-12-23 12:57:00,2025-12-23 13:05:00,1762.6,1763.4813,1763.6,1762.7182,50,LONG,-38.15499999999474,-446441.2049999327
cash_ACC,RSI2,2025-12-23 13:11:00,2025-12-23 13:20:00,1761.0,1761.8805,1760.0,1759.1200000000001,50,LONG,-138.02499999999327,-446579.2299999327
cash_ACC,RSI2,2025-12-23 13:29:00,2025-12-23 13:40:00,1758.1,1758.97905,1757.5,1756.6212500000001,50,LONG,-117.8899999999885,-446697.1199999327
cash_ACC,RSI2,2025-12-23 14:03:00,2025-12-23 14:09:00,1757.4,1758.2787,1757.4,1756.5213,50,LONG,-87.86999999999807,-446784.9899999327
cash_ACC,RSI2,2025-12-23 14:19:00,2025-12-23 14:21:00,1756.8,1757.6783999999998,1757.8,1756.9211,50,LONG,-37.86499999998796,-446822.8549999327
cash_ACC,RSI2,2025-12-23 14:31:00,2025-12-23 14:34:00,1757.0,1757.8784999999998,1757.8,1756.9211,50,LONG,-47.86999999998898,-446870.7249999327
cash_ACC,RSI2,2025-12-23 14:38:00,2025-12-23 14:41:00,1756.1,1756.9780499999997,1757.7,1756.8211500000002,50,LONG,-7.844999999974789,-446878.56999993266
cash_ACC,RSI2,2025-12-23 15:01:00,2025-12-23 15:05:00,1757.0,1757.8784999999998,1757.7,1756.8211500000002,50,LONG,-52.86749999997937,-446931.43749993265
cash_ACC,RSI2,2025-12-23 15:10:00,2025-12-23 15:26:00,1755.6,1756.4778,1751.8,1750.9241,50,LONG,-277.68499999999676,-447209.12249993265
cash_ACC,RSI2,2025-12-24 09:19:00,2025-12-24 09:23:00,1750.4,1751.2752,1750.0,1749.125,50,LONG,-107.51000000000204,-447316.63249993266
cash_ACC,RSI2,2025-12-24 09:33:00,2025-12-24 09:44:00,1754.0,1754.877,1749.8,1748.9251000000002,50,LONG,-297.5949999999898,-447614.22749993263
cash_ACC,RSI2,2025-12-24 09:53:00,2025-12-24 10:01:00,1747.3,1748.17365,1748.0,1747.1260000000002,50,LONG,-52.38249999998743,-447666.60999993264
cash_ACC,RSI2,2025-12-24 10:05:00,2025-12-24 10:13:00,1743.5,1744.3717499999998,1744.9,1744.0275500000002,50,LONG,-17.2099999999773,-447683.8199999326
cash_ACC,RSI2,2025-12-24 10:29:00,2025-12-24 10:32:00,1744.0,1744.8719999999998,1745.0,1744.1275,50,LONG,-37.22499999998945,-447721.0449999326
cash_ACC,RSI2,2025-12-24 10:37:00,2025-12-24 10:42:00,1744.0,1744.8719999999998,1744.8,1743.9276,50,LONG,-47.21999999999298,-447768.26499993255
cash_ACC,RSI2,2025-12-24 10:44:00,2025-12-24 10:48:00,1744.1,1744.9720499999999,1744.1,1743.22795,50,LONG,-87.20499999999447,-447855.46999993257
cash_ACC,RSI2,2025-12-24 11:11:00,2025-12-24 11:13:00,1744.0,1744.8719999999998,1744.5,1743.62775,50,LONG,-62.2124999999869,-447917.68249993253
cash_ACC,RSI2,2025-12-24 11:29:00,2025-12-24 11:31:00,1744.5,1745.37225,1745.0,1744.1275,50,LONG,-62.237499999991996,-447979.9199999325
cash_ACC,RSI2,2025-12-24 11:40:00,2025-12-24 11:54:00,1744.1,1744.9720499999999,1742.8,1741.9286,50,LONG,-152.17249999999467,-448132.0924999325
cash_ACC,RSI2,2025-12-24 12:20:00,2025-12-24 12:24:00,1743.7,1744.57185,1744.0,1743.1280000000002,50,LONG,-72.1924999999942,-448204.2849999325
cash_ACC,RSI2,2025-12-24 12:37:00,2025-12-24 12:46:00,1743.3,1744.1716499999998,1743.8,1742.9281,50,LONG,-62.17749999998432,-448266.4624999325
cash_ACC,RSI2,2025-12-24 12:47:00,2025-12-24 12:54:00,1740.0,1740.87,1741.2,1740.3294,50,LONG,-27.02999999999065,-448293.4924999325
cash_ACC,RSI2,2025-12-24 13:01:00,2025-12-24 13:06:00,1739.8,1740.6698999999999,1739.9,1739.03005,50,LONG,-81.99249999998983,-448375.48499993247
cash_ACC,RSI2,2025-12-24 13:14:00,2025-12-24 13:24:00,1739.0,1739.8695,1739.9,1739.03005,50,LONG,-41.972499999997126,-448417.45749993244
cash_ACC,RSI2,2025-12-24 13:27:00,2025-12-24 13:35:00,1739.0,1739.8695,1738.9,1738.0305500000002,50,LONG,-91.94749999999203,-448509.40499993245
cash_ACC,RSI2,2025-12-24 13:48:00,2025-12-24 13:54:00,1739.2,1740.0696,1738.7,1737.83065,50,LONG,-111.94749999999658,-448621.35249993246
cash_ACC,RSI2,2025-12-24 13:57:00,2025-12-24 13:58:00,1736.1,1736.9680499999997,1738.7,1737.83065,50,LONG,43.13000000001921,-448578.22249993245
cash_ACC,RSI2,2025-12-24 14:08:00,2025-12-24 14:17:00,1737.8,1738.6689,1736.5,1735.63175,50,LONG,-151.85749999999416,-448730.07999993244
cash_ACC,RSI2,2025-12-24 14:23:00,2025-12-24 14:25:00,1736.9,1737.76845,1737.6,1736.7312,50,LONG,-51.862500000004275,-448781.9424999324
cash_ACC,RSI2,2025-12-24 14:51:00,2025-12-24 14:55:00,1738.7,1739.56935,1739.2,1738.3304,50,LONG,-61.94749999999658,-448843.88999993243
cash_ACC,RSI2,2025-12-24 15:04:00,2025-12-24 15:09:00,1739.3,1740.1696499999998,1739.9,1739.03005,50,LONG,-56.979999999987285,-448900.8699999324
cash_ACC,RSI2,2025-12-24 15:27:00,2025-12-24 15:29:00,1737.4,1738.2687,1739.5,1738.6302500000002,50,LONG,18.077500000003965,-448882.7924999324
cash_ACC,RSI2,2025-12-26 09:23:00,2025-12-26 09:28:00,1741.5,1742.3707499999998,1743.3,1742.4283500000001,50,LONG,2.8800000000160253,-448879.9124999324
cash_ACC,RSI2,2025-12-26 09:31:00,2025-12-26 09:46:00,1742.0,1742.8709999999999,1737.0,1736.1315000000002,50,LONG,-336.974999999984,-449216.8874999324
cash_ACC,RSI2,2025-12-26 09:57:00,2025-12-26 09:59:00,1735.0,1735.8674999999998,1737.0,1736.1315000000002,50,LONG,13.200000000017553,-449203.68749993236
cash_ACC,RSI2,2025-12-26 10:08:00,2025-12-26 10:13:00,1735.8,1736.6679,1736.8,1735.9316000000001,50,LONG,-36.81499999999005,-449240.50249993237
cash_ACC,RSI2,2025-12-26 10:25:00,2025-12-26 10:33:00,1734.3,1735.1671499999998,1735.7,1734.8321500000002,50,LONG,-16.74999999997908,-449257.25249993237
cash_ACC,RSI2,2025-12-26 10:41:00,2025-12-26 10:44:00,1734.0,1734.867,1735.3,1734.43235,50,LONG,-21.73249999999598,-449278.98499993235
cash_ACC,RSI2,2025-12-26 10:51:00,2025-12-26 10:54:00,1734.5,1735.36725,1734.9,1734.0325500000001,50,LONG,-66.73499999999422,-449345.71999993233
cash_ACC,RSI2,2025-12-26 10:57:00,2025-12-26 11:00:00,1733.1,1733.9665499999999,1734.5,1733.63275,50,LONG,-16.689999999994143,-449362.40999993234
cash_ACC,RSI2,2025-12-26 11:49:00,2025-12-26 11:57:00,1734.3,1735.1671499999998,1735.1,1734.23245,50,LONG,-46.73499999998967,-449409.1449999323
cash_ACC,RSI2,2025-12-26 12:20:00,2025-12-26 12:29:00,1734.5,1735.36725,1734.9,1734.0325500000001,50,LONG,-66.73499999999422,-449475.8799999323
cash_ACC,RSI2,2025-12-26 12:35:00,2025-12-26 12:38:00,1733.8,1734.6669,1735.0,1734.1325000000002,50,LONG,-26.719999999988886,-449502.5999999323
cash_ACC,RSI2,2025-12-26 12:55:00,2025-12-26 12:57:00,1733.9,1734.76695,1734.8,1733.9326,50,LONG,-41.717499999992924,-449544.31749993225
cash_ACC,RSI2,2025-12-26 13:19:00,2025-12-26 13:47:00,1731.2,1732.0656,1728.5,1727.6357500000001,50,LONG,-221.492499999988,-449765.80999993224
cash_ACC,RSI2,2025-12-26 14:05:00,2025-12-26 14:09:00,1728.3,1729.1641499999998,1729.6,1728.7352,50,LONG,-21.44749999998794,-449787.25749993225
cash_ACC,RSI2,2025-12-26 15:14:00,2025-12-26 15:21:00,1735.0,1735.8674999999998,1735.5,1734.63225,50,LONG,-61.762499999986176,-449849.01999993226
cash_ACC,RSI2,2025-12-29 09:15:00,2025-12-29 09:30:00,1733.1,1733.9665499999999,1733.1,1732.23345,50,LONG,-86.65499999999611,-449935.67499993223
cash_ACC,RSI2,2025-12-29 09:39:00,2025-12-29 09:43:00,1732.0,1732.866,1731.9,1731.0340500000002,50,LONG,-91.59749999998894,-450027.2724999322
cash_ACC,RSI2,2025-12-29 09:59:00,2025-12-29 10:05:00,1733.0,1733.8664999999999,1733.3,1732.43335,50,LONG,-71.65749999999207,-450098.9299999322
cash_ACC,RSI2,2025-12-29 10:19:00,2025-12-29 10:25:00,1731.0,1731.8654999999999,1732.0,1731.134,50,LONG,-36.57499999999345,-450135.5049999322
cash_ACC,RSI2,2025-12-29 10:40:00,2025-12-29 10:47:00,1731.0,1731.8654999999999,1731.0,1730.1345000000001,50,LONG,-86.54999999998836,-450222.0549999322
cash_ACC,RSI2,2025-12-29 11:03:00,2025-12-29 11:17:00,1729.6,1730.4647999999997,1728.8,1727.9356,50,LONG,-126.45999999998594,-450348.51499993214
cash_ACC,RSI2,2025-12-29 11:34:00,2025-12-29 11:36:00,1724.1,1724.9620499999999,1725.0,1724.1375,50,LONG,-41.22749999999087,-450389.7424999321
cash_ACC,RSI2,2025-12-29 12:11:00,2025-12-29 12:17:00,1724.8,1725.6624,1725.1,1724.23745,50,LONG,-71.24749999999267,-450460.9899999321
cash_ACC,RSI2,2025-12-29 12:27:00,2025-12-29 12:48:00,1724.6,1725.4623,1725.5,1724.63725,50,LONG,-41.25249999999596,-450502.2424999321
cash_ACC,RSI2,2025-12-29 13:05:00,2025-12-29 13:33:00,1724.5,1725.36225,1725.0,1724.1375,50,LONG,-61.237499999992906,-450563.4799999321
cash_ACC,RSI2,2025-12-29 14:18:00,2025-12-29 14:22:00,1724.0,1724.8619999999999,1725.0,1724.1375,50,LONG,-36.22499999999036,-450599.7049999321
cash_ACC,RSI2,2025-12-29 14:28:00,2025-12-29 14:34:00,1724.8,1725.6624,1725.0,1724.1375,50,LONG,-76.24499999999443,-450675.9499999321
cash_ACC,RSI2,2025-12-29 14:54:00,2025-12-29 15:00:00,1724.0,1724.8619999999999,1724.3,1723.43785,50,LONG,-71.20749999999134,-450747.1574999321
cash_ACC,RSI2,2025-12-29 15:19:00,2025-12-29 15:20:00,1725.0,1725.8625,1726.0,1725.1370000000002,50,LONG,-36.27499999998918,-450783.43249993207
