symbol,strategy,entry_time,exit_time,actual_entry_close,slippage_entry_price,actual_exit_close,slippage_exit_price,qty,side,pnl,equity
cash_ACC,Supertrend,2024-08-01 12:43:00,2024-08-01 13:43:00,2502.6,2503.8513,2506.5,2505.2467500000002,50,LONG,69.77250000002186,69.77250000002186
cash_ACC,Supertrend,2024-08-01 15:11:00,2024-08-01 15:26:00,2492.7,2493.9463499999997,2483.7,2482.45815,50,LONG,-574.4099999999889,-504.6374999999671
cash_ACC,Supertrend,2024-08-02 10:13:00,2024-08-02 11:05:00,2450.05,2451.275025,2456.0,2454.772,50,LONG,174.84875000000102,-329.78874999996606
cash_ACC,Supertrend,2024-08-02 12:47:00,2024-08-02 13:20:00,2451.8,2453.0259,2443.75,2442.5281250000003,50,LONG,-524.888749999991,-854.677499999957
cash_ACC,Supertrend,2024-08-02 13:37:00,2024-08-02 14:07:00,2452.05,2453.276025,2446.1,2444.87695,50,LONG,-419.9537500000133,-1274.6312499999704
cash_ACC,Supertrend,2024-08-05 09:37:00,2024-08-05 10:00:00,2411.0,2412.2055,2420.0,2418.79,50,LONG,329.2249999999967,-945.4062499999736
cash_ACC,Supertrend,2024-08-05 11:41:00,2024-08-05 12:31:00,2376.2,2377.3880999999997,2366.0,2364.817,50,LONG,-628.554999999983,-1573.9612499999566
cash_ACC,Supertrend,2024-08-05 13:05:00,2024-08-05 14:23:00,2352.85,2354.0264249999996,2377.15,2375.9614250000004,50,LONG,1096.7500000000427,-477.2112499999139
cash_ACC,Supertrend,2024-08-05 14:46:00,2024-08-06 10:24:00,2380.0,2381.19,2415.2,2413.9924,50,LONG,1640.1200000000017,1162.9087500000878
cash_ACC,Supertrend,2024-08-06 11:25:00,2024-08-06 11:48:00,2419.0,2420.2095,2412.05,2410.8439750000002,50,LONG,-468.27624999998534,694.6325000001025
cash_ACC,Supertrend,2024-08-06 14:22:00,2024-08-06 14:44:00,2361.55,2362.730775,2350.1,2348.92495,50,LONG,-690.2912499999957,4.341250000106811
cash_ACC,Supertrend,2024-08-06 14:55:00,2024-08-06 15:07:00,2359.0,2360.1794999999997,2344.7,2343.52765,50,LONG,-832.592499999987,-828.2512499998802
cash_ACC,Supertrend,2024-08-07 09:15:00,2024-08-07 11:03:00,2370.35,2371.535175,2388.0,2386.806,50,LONG,763.541250000003,-64.70999999987725
cash_ACC,Supertrend,2024-08-07 12:04:00,2024-08-07 12:32:00,2386.4,2387.5932,2383.0,2381.8085,50,LONG,-289.2349999999851,-353.9449999998624
cash_ACC,Supertrend,2024-08-07 12:37:00,2024-08-07 12:48:00,2391.45,2392.645725,2384.1,2382.9079500000003,50,LONG,-486.88874999998006,-840.8337499998424
cash_ACC,Supertrend,2024-08-07 13:47:00,2024-08-07 14:33:00,2378.8,2379.9894,2376.65,2375.461675,50,LONG,-226.38624999999593,-1067.2199999998384
cash_ACC,Supertrend,2024-08-07 14:40:00,2024-08-08 09:15:00,2389.65,2390.844825,2383.65,2382.458175,50,LONG,-419.3324999999959,-1486.5524999998343
cash_ACC,Supertrend,2024-08-08 10:01:00,2024-08-08 10:56:00,2369.85,2371.034925,2373.05,2371.863475,50,LONG,41.42750000000888,-1445.1249999998254
cash_ACC,Supertrend,2024-08-08 11:17:00,2024-08-08 12:49:00,2381.45,2382.6407249999997,2383.8,2382.6081000000004,50,LONG,-1.6312499999685315,-1446.756249999794
cash_ACC,Supertrend,2024-08-08 13:21:00,2024-08-08 13:29:00,2381.8,2382.9909000000002,2371.75,2370.5641250000003,50,LONG,-621.3387499999953,-2068.0949999997893
cash_ACC,Supertrend,2024-08-08 14:32:00,2024-08-08 14:54:00,2372.6,2373.7862999999998,2362.2,2361.0189,50,LONG,-638.3699999999862,-2706.4649999997755
cash_ACC,Supertrend,2024-08-09 09:15:00,2024-08-09 10:01:00,2370.65,2371.835325,2369.0,2367.8155,50,LONG,-200.99124999999276,-2907.4562499997683
cash_ACC,Supertrend,2024-08-09 10:48:00,2024-08-09 11:14:00,2365.7,2366.8828499999995,2358.15,2356.970925,50,LONG,-495.5962499999714,-3403.0524999997397
cash_ACC,Supertrend,2024-08-09 11:34:00,2024-08-09 12:43:00,2359.85,2361.029925,2361.85,2360.6690750000002,50,LONG,-18.042499999978645,-3421.0949999997183
cash_ACC,Supertrend,2024-08-09 13:34:00,2024-08-09 13:56:00,2359.3,2360.47965,2353.9,2352.72305,50,LONG,-387.8300000000081,-3808.9249999997264
cash_ACC,Supertrend,2024-08-09 15:07:00,2024-08-12 09:15:00,2348.65,2349.824325,2315.05,2313.892475,50,LONG,-1796.592499999997,-5605.517499999723
cash_ACC,Supertrend,2024-08-12 10:08:00,2024-08-12 11:02:00,2312.0,2313.156,2316.05,2314.8919750000005,50,LONG,86.7987500000254,-5518.718749999698
cash_ACC,Supertrend,2024-08-12 11:36:00,2024-08-12 12:14:00,2323.45,2324.6117249999998,2315.7,2314.5421499999998,50,LONG,-503.4787499999993,-6022.197499999697
cash_ACC,Supertrend,2024-08-12 12:31:00,2024-08-12 13:53:00,2319.5,2320.65975,2327.7,2326.53615,50,LONG,293.82000000000517,-5728.377499999692
cash_ACC,Supertrend,2024-08-12 14:34:00,2024-08-12 14:49:00,2331.65,2332.815825,2325.3,2324.1373500000004,50,LONG,-433.9237499999854,-6162.301249999678
cash_ACC,Supertrend,2024-08-12 15:29:00,2024-08-13 09:51:00,2329.0,2330.1645,2341.35,2340.179325,50,LONG,500.74125000001004,-5661.5599999996675
cash_ACC,Supertrend,2024-08-13 10:48:00,2024-08-13 11:32:00,2331.75,2332.9158749999997,2330.05,2328.8849750000004,50,LONG,-201.5449999999646,-5863.104999999632
cash_ACC,Supertrend,2024-08-13 12:51:00,2024-08-13 13:41:00,2317.2,2318.3585999999996,2316.35,2315.191825,50,LONG,-158.33874999998443,-6021.443749999617
cash_ACC,Supertrend,2024-08-13 15:09:00,2024-08-13 15:18:00,2312.15,2313.306075,2301.0,2299.8495000000003,50,LONG,-672.8287499999851,-6694.272499999602
cash_ACC,Supertrend,2024-08-14 09:46:00,2024-08-14 09:59:00,2298.75,2299.899375,2292.15,2291.0039250000004,50,LONG,-444.7724999999764,-7139.044999999578
cash_ACC,Supertrend,2024-08-14 10:34:00,2024-08-14 10:48:00,2297.95,2299.098975,2291.25,2290.1043750000003,50,LONG,-449.7299999999768,-7588.774999999555
cash_ACC,Supertrend,2024-08-14 11:13:00,2024-08-14 11:40:00,2287.8,2288.9439,2277.95,2276.811025,50,LONG,-606.643750000012,-8195.418749999568
cash_ACC,Supertrend,2024-08-14 12:06:00,2024-08-14 12:22:00,2280.6,2281.7403,2276.0,2274.862,50,LONG,-343.9149999999927,-8539.333749999561
cash_ACC,Supertrend,2024-08-14 12:45:00,2024-08-14 13:17:00,2279.8,2280.9399,2279.4,2278.2603000000004,50,LONG,-133.9799999999741,-8673.313749999536
cash_ACC,Supertrend,2024-08-14 14:03:00,2024-08-14 14:39:00,2277.05,2278.188525,2277.65,2276.511175,50,LONG,-83.86749999999665,-8757.181249999532
cash_ACC,Supertrend,2024-08-14 14:57:00,2024-08-14 15:27:00,2283.5,2284.64175,2279.1,2277.96045,50,LONG,-334.06499999998687,-9091.24624999952
cash_ACC,Supertrend,2024-08-16 09:15:00,2024-08-16 09:51:00,2295.35,2296.4976749999996,2291.0,2289.8545,50,LONG,-332.15874999998505,-9423.404999999504
cash_ACC,Supertrend,2024-08-16 10:04:00,2024-08-16 10:26:00,2303.0,2304.1515,2294.95,2293.802525,50,LONG,-517.4487499999941,-9940.853749999498
cash_ACC,Supertrend,2024-08-16 10:36:00,2024-08-16 11:05:00,2302.75,2303.901375,2299.5,2298.35025,50,LONG,-277.5562499999978,-10218.409999999496
cash_ACC,Supertrend,2024-08-16 11:27:00,2024-08-16 12:03:00,2302.25,2303.401125,2301.7,2300.54915,50,LONG,-142.59875000000193,-10361.008749999499
cash_ACC,Supertrend,2024-08-16 12:10:00,2024-08-16 14:20:00,2308.8,2309.9544,2318.1,2316.94095,50,LONG,349.32750000000397,-10011.681249999496
cash_ACC,Supertrend,2024-08-16 14:27:00,2024-08-19 09:20:00,2324.0,2325.162,2336.35,2335.181825,50,LONG,500.9912500000155,-9510.68999999948
cash_ACC,Supertrend,2024-08-19 09:48:00,2024-08-19 10:26:00,2339.55,2340.719775,2333.25,2332.083375,50,LONG,-431.81999999999334,-9942.509999999475
cash_ACC,Supertrend,2024-08-19 10:36:00,2024-08-19 10:54:00,2344.8,2345.9724,2335.15,2333.982425,50,LONG,-599.4987499999979,-10542.008749999473
cash_ACC,Supertrend,2024-08-19 11:15:00,2024-08-19 11:37:00,2346.05,2347.2230250000002,2339.95,2338.780025,50,LONG,-422.15000000001055,-10964.158749999484
cash_ACC,Supertrend,2024-08-19 11:55:00,2024-08-19 12:22:00,2342.9,2344.07145,2336.15,2334.981925,50,LONG,-454.47624999999334,-11418.634999999478
cash_ACC,Supertrend,2024-08-19 12:38:00,2024-08-19 13:22:00,2341.35,2342.5206749999998,2341.25,2340.0793750000003,50,LONG,-122.06499999997504,-11540.699999999453
cash_ACC,Supertrend,2024-08-19 13:59:00,2024-08-19 15:02:00,2344.85,2346.0224249999997,2342.85,2341.678575,50,LONG,-217.19249999998738,-11757.892499999441
cash_ACC,Supertrend,2024-08-19 15:14:00,2024-08-20 09:42:00,2349.0,2350.1745,2347.15,2345.9764250000003,50,LONG,-209.9037499999895,-11967.796249999432
cash_ACC,Supertrend,2024-08-20 12:21:00,2024-08-20 13:22:00,2325.1,2326.26255,2324.25,2323.087875,50,LONG,-158.7337499999876,-12126.52999999942
cash_ACC,Supertrend,2024-08-20 14:52:00,2024-08-21 09:15:00,2326.65,2327.813325,2321.0,2319.8395,50,LONG,-398.6912500000017,-12525.221249999422
cash_ACC,Supertrend,2024-08-21 09:26:00,2024-08-21 09:54:00,2337.8,2338.9689,2328.5,2327.33575,50,LONG,-581.657499999983,-13106.878749999405
cash_ACC,Supertrend,2024-08-21 10:24:00,2024-08-21 11:11:00,2337.05,2338.218525,2331.55,2330.3842250000002,50,LONG,-391.71499999999924,-13498.593749999403
cash_ACC,Supertrend,2024-08-21 13:53:00,2024-08-21 14:32:00,2322.4,2323.5612,2321.05,2319.8894750000004,50,LONG,-183.58624999998483,-13682.17999999939
cash_ACC,Supertrend,2024-08-21 14:49:00,2024-08-22 09:27:00,2322.75,2323.9113749999997,2323.85,2322.688075,50,LONG,-61.16499999998268,-13743.344999999372
cash_ACC,Supertrend,2024-08-22 10:07:00,2024-08-22 11:49:00,2328.5,2329.66425,2345.0,2343.8275000000003,50,LONG,708.1625000000258,-13035.182499999346
cash_ACC,Supertrend,2024-08-22 12:02:00,2024-08-22 12:57:00,2357.15,2358.328575,2353.6,2352.4232,50,LONG,-295.2687499999911,-13330.451249999336
cash_ACC,Supertrend,2024-08-22 13:40:00,2024-08-22 14:20:00,2354.2,2355.3770999999997,2353.3,2352.1233500000003,50,LONG,-162.68749999997,-13493.138749999307
cash_ACC,Supertrend,2024-08-22 15:14:00,2024-08-23 09:30:00,2347.0,2348.1735,2356.35,2355.171825,50,LONG,349.9162500000011,-13143.222499999305
cash_ACC,Supertrend,2024-08-23 12:16:00,2024-08-23 13:05:00,2328.25,2329.414125,2324.1,2322.93795,50,LONG,-323.80874999998923,-13467.031249999294
cash_ACC,Supertrend,2024-08-23 14:30:00,2024-08-23 15:00:00,2320.25,2321.410125,2318.2,2317.0409,50,LONG,-218.46124999999574,-13685.49249999929
cash_ACC,Supertrend,2024-08-23 15:08:00,2024-08-26 10:45:00,2322.8,2323.9614,2326.0,2324.837,50,LONG,43.77999999999247,-13641.7124999993
cash_ACC,Supertrend,2024-08-26 11:29:00,2024-08-26 12:13:00,2327.9,2329.0639499999997,2327.9,2326.7360500000004,50,LONG,-116.39499999996588,-13758.107499999265
cash_ACC,Supertrend,2024-08-26 12:23:00,2024-08-27 09:15:00,2334.95,2336.1174749999996,2340.95,2339.779525,50,LONG,183.10250000001815,-13575.004999999248
cash_ACC,Supertrend,2024-08-27 09:25:00,2024-08-27 09:38:00,2348.95,2350.1244749999996,2336.4,2335.2318,50,LONG,-744.63374999998,-14319.638749999227
cash_ACC,Supertrend,2024-08-27 09:56:00,2024-08-27 11:21:00,2346.65,2347.823325,2348.3,2347.1258500000004,50,LONG,-34.87374999997428,-14354.5124999992
cash_ACC,Supertrend,2024-08-27 11:35:00,2024-08-27 11:44:00,2350.95,2352.125475,2341.1,2339.92945,50,LONG,-609.8012499999868,-14964.313749999186
cash_ACC,Supertrend,2024-08-27 12:53:00,2024-08-27 14:46:00,2346.0,2347.173,2346.2,2345.0269,50,LONG,-107.30499999999665,-15071.618749999183
cash_ACC,Supertrend,2024-08-27 15:22:00,2024-08-28 09:18:00,2349.0,2350.1745,2345.0,2343.8275000000003,50,LONG,-317.34999999998763,-15388.96874999917
cash_ACC,Supertrend,2024-08-28 10:20:00,2024-08-28 11:59:00,2345.95,2347.1229749999998,2343.5,2342.32825,50,LONG,-239.7362499999872,-15628.704999999158
cash_ACC,Supertrend,2024-08-28 12:27:00,2024-08-28 12:37:00,2344.85,2346.0224249999997,2342.5,2341.32875,50,LONG,-234.6837499999765,-15863.388749999134
cash_ACC,Supertrend,2024-08-28 14:01:00,2024-08-28 14:30:00,2341.35,2342.5206749999998,2340.8,2339.6296,50,LONG,-144.5537499999773,-16007.942499999112
cash_ACC,Supertrend,2024-08-28 15:29:00,2024-08-29 09:15:00,2333.0,2334.1665,2322.15,2320.988925,50,LONG,-658.8787499999853,-16666.8212499991
cash_ACC,Supertrend,2024-08-29 10:44:00,2024-08-29 10:58:00,2309.2,2310.3545999999997,2302.45,2301.2987749999998,50,LONG,-452.79124999999567,-17119.612499999093
cash_ACC,Supertrend,2024-08-29 12:22:00,2024-08-29 13:09:00,2297.9,2299.04895,2301.65,2300.4991750000004,50,LONG,72.51125000002503,-17047.10124999907
cash_ACC,Supertrend,2024-08-29 14:53:00,2024-08-30 11:57:00,2301.15,2302.3005749999998,2331.55,2330.3842250000002,50,LONG,1404.1825000000244,-15642.918749999044
cash_ACC,Supertrend,2024-08-30 12:22:00,2024-08-30 14:04:00,2333.75,2334.916875,2331.05,2329.8844750000003,50,LONG,-251.61999999997988,-15894.538749999025
cash_ACC,Supertrend,2024-08-30 14:34:00,2024-08-30 15:02:00,2332.9,2334.06645,2327.2,2326.0364,50,LONG,-401.5024999999923,-16296.041249999016
cash_ACC,Supertrend,2024-09-02 09:15:00,2024-09-02 09:30:00,2339.4,2340.5697,2329.5,2328.33525,50,LONG,-611.7224999999962,-16907.763749999012
cash_ACC,Supertrend,2024-09-02 10:38:00,2024-09-02 11:55:00,2331.7,2332.8658499999997,2329.75,2328.585125,50,LONG,-214.036249999981,-17121.79999999899
cash_ACC,Supertrend,2024-09-02 12:16:00,2024-09-02 12:43:00,2332.9,2334.06645,2333.0,2331.8335,50,LONG,-111.64749999998094,-17233.447499998972
cash_ACC,Supertrend,2024-09-02 13:12:00,2024-09-03 09:23:00,2333.25,2334.416625,2331.35,2330.184325,50,LONG,-211.6149999999834,-17445.062499998956
cash_ACC,Supertrend,2024-09-03 09:48:00,2024-09-03 10:01:00,2338.8,2339.9694,2334.75,2333.582625,50,LONG,-319.33874999999716,-17764.401249998955
cash_ACC,Supertrend,2024-09-03 10:55:00,2024-09-03 11:24:00,2334.05,2335.217025,2330.8,2329.6346000000003,50,LONG,-279.12124999998014,-18043.522499998937
cash_ACC,Supertrend,2024-09-03 11:40:00,2024-09-03 13:28:00,2332.65,2333.816325,2340.5,2339.3297500000003,50,LONG,275.6712500000276,-17767.85124999891
cash_ACC,Supertrend,2024-09-03 14:42:00,2024-09-04 09:15:00,2344.0,2345.172,2327.0,2325.8365000000003,50,LONG,-966.7749999999842,-18734.62624999889
cash_ACC,Supertrend,2024-09-04 09:22:00,2024-09-04 10:26:00,2338.75,2339.919375,2341.75,2340.579125,50,LONG,32.987500000012915,-18701.638749998878
cash_ACC,Supertrend,2024-09-04 10:53:00,2024-09-04 11:31:00,2341.05,2342.220525,2339.3,2338.1303500000004,50,LONG,-204.50874999999087,-18906.147499998868
cash_ACC,Supertrend,2024-09-04 11:34:00,2024-09-04 12:55:00,2347.0,2348.1735,2348.1,2346.92595,50,LONG,-62.37750000000233,-18968.52499999887
cash_ACC,Supertrend,2024-09-04 13:16:00,2024-09-04 13:27:00,2353.0,2354.1765,2351.15,2349.9744250000003,50,LONG,-210.10374999998476,-19178.628749998854
cash_ACC,Supertrend,2024-09-04 15:02:00,2024-09-04 15:13:00,2351.0,2352.1755,2347.85,2346.676075,50,LONG,-274.9712499999987,-19453.599999998853
cash_ACC,Supertrend,2024-09-04 15:28:00,2024-09-05 10:30:00,2353.6,2354.7767999999996,2396.0,2394.802,50,LONG,2001.2600000000248,-17452.33999999883
cash_ACC,Supertrend,2024-09-05 10:38:00,2024-09-05 13:53:00,2404.35,2405.552175,2435.9,2434.6820500000003,50,LONG,1456.493750000027,-15995.846249998802
cash_ACC,Supertrend,2024-09-05 14:10:00,2024-09-05 14:29:00,2440.35,2441.570175,2437.45,2436.231275,50,LONG,-266.944999999987,-16262.791249998789
cash_ACC,Supertrend,2024-09-06 09:34:00,2024-09-06 09:46:00,2416.25,2417.4581249999997,2401.1,2399.89945,50,LONG,-877.9337499999883,-17140.724999998776
cash_ACC,Supertrend,2024-09-06 10:22:00,2024-09-06 12:49:00,2385.6,2386.7927999999997,2435.65,2434.4321750000004,50,LONG,2381.9687500000327,-14758.756249998743
cash_ACC,Supertrend,2024-09-06 13:23:00,2024-09-06 14:19:00,2433.7,2434.9168499999996,2435.05,2433.832475,50,LONG,-54.218749999972715,-14812.974999998716
cash_ACC,Supertrend,2024-09-06 15:00:00,2024-09-09 09:15:00,2432.7,2433.9163499999995,2422.55,2421.3387250000005,50,LONG,-628.8812499999494,-15441.856249998666
cash_ACC,Supertrend,2024-09-09 09:36:00,2024-09-09 10:01:00,2405.2,2406.4026,2415.5,2414.29225,50,LONG,394.4825000000037,-15047.373749998662
cash_ACC,Supertrend,2024-09-09 10:36:00,2024-09-09 11:54:00,2412.95,2414.156475,2428.5,2427.28575,50,LONG,656.4637500000117,-14390.90999999865
cash_ACC,Supertrend,2024-09-09 12:33:00,2024-09-09 13:06:00,2428.95,2430.1644749999996,2428.85,2427.6355750000002,50,LONG,-126.44499999996697,-14517.354999998617
cash_ACC,Supertrend,2024-09-09 13:13:00,2024-09-09 13:42:00,2432.15,2433.366075,2445.0,2443.7775,50,LONG,520.5712500000118,-13996.783749998605
cash_ACC,Supertrend,2024-09-09 14:07:00,2024-09-10 09:33:00,2451.0,2452.2255,2453.3,2452.07335,50,LONG,-7.607499999994616,-14004.3912499986
cash_ACC,Supertrend,2024-09-10 10:08:00,2024-09-10 10:55:00,2452.3,2453.52615,2445.05,2443.8274750000005,50,LONG,-484.93374999998196,-14489.324999998582
cash_ACC,Supertrend,2024-09-10 12:35:00,2024-09-10 13:19:00,2443.7,2444.9218499999997,2450.25,2449.024875,50,LONG,205.15125000001717,-14284.173749998565
cash_ACC,Supertrend,2024-09-10 14:06:00,2024-09-10 14:31:00,2447.65,2448.873825,2446.0,2444.777,50,LONG,-204.84125000000404,-14489.01499999857
cash_ACC,Supertrend,2024-09-10 15:10:00,2024-09-11 09:15:00,2441.2,2442.4205999999995,2435.35,2434.132325,50,LONG,-414.4137499999715,-14903.42874999854
cash_ACC,Supertrend,2024-09-11 09:29:00,2024-09-11 10:16:00,2450.0,2451.225,2463.8,2462.5681000000004,50,LONG,567.1550000000252,-14336.273749998516
cash_ACC,Supertrend,2024-09-11 10:24:00,2024-09-11 10:44:00,2471.1,2472.33555,2465.9,2464.66705,50,LONG,-383.42499999998836,-14719.698749998504
cash_ACC,Supertrend,2024-09-11 11:43:00,2024-09-11 13:00:00,2464.1,2465.33205,2460.85,2459.619575,50,LONG,-285.62374999999065,-15005.322499998496
cash_ACC,Supertrend,2024-09-11 13:28:00,2024-09-11 13:32:00,2459.35,2460.579675,2453.35,2452.123325,50,LONG,-422.81749999999647,-15428.139999998493
cash_ACC,Supertrend,2024-09-11 14:28:00,2024-09-11 14:43:00,2451.65,2452.875825,2446.55,2445.3267250000004,50,LONG,-377.4549999999863,-15805.59499999848
cash_ACC,Supertrend,2024-09-11 14:58:00,2024-09-11 15:02:00,2447.85,2449.0739249999997,2440.5,2439.27975,50,LONG,-489.70874999997704,-16295.303749998457
cash_ACC,Supertrend,2024-09-12 09:16:00,2024-09-12 09:47:00,2444.45,2445.672225,2431.4,2430.1843000000003,50,LONG,-774.3962499999725,-17069.69999999843
cash_ACC,Supertrend,2024-09-12 10:06:00,2024-09-12 10:10:00,2438.5,2439.7192499999996,2431.4,2430.1843000000003,50,LONG,-476.74749999996493,-17546.447499998394
cash_ACC,Supertrend,2024-09-12 11:00:00,2024-09-12 12:06:00,2430.5,2431.7152499999997,2447.5,2446.2762500000003,50,LONG,728.0500000000302,-16818.397499998362
cash_ACC,Supertrend,2024-09-12 12:15:00,2024-09-12 12:47:00,2451.0,2452.2255,2450.0,2448.775,50,LONG,-172.524999999996,-16990.922499998356
cash_ACC,Supertrend,2024-09-12 12:57:00,2024-09-12 13:12:00,2454.75,2455.977375,2450.6,2449.3747,50,LONG,-330.1337500000045,-17321.05624999836
cash_ACC,Supertrend,2024-09-12 13:27:00,2024-09-12 14:16:00,2454.7,2455.9273499999995,2450.0,2448.775,50,LONG,-357.61749999996937,-17678.67374999833
cash_ACC,Supertrend,2024-09-12 14:22:00,2024-09-13 09:15:00,2459.05,2460.279525,2459.05,2457.8204750000004,50,LONG,-122.95249999997395,-17801.626249998302
cash_ACC,Supertrend,2024-09-13 09:23:00,2024-09-13 11:15:00,2478.25,2479.489125,2497.2,2495.9514,50,LONG,823.1137499999932,-16978.51249999831
cash_ACC,Supertrend,2024-09-13 11:19:00,2024-09-13 11:44:00,2508.8,2510.0544,2503.45,2502.1982749999997,50,LONG,-392.80625000001237,-17371.31874999832
cash_ACC,Supertrend,2024-09-13 13:25:00,2024-09-13 13:57:00,2501.05,2502.300525,2513.55,2512.2932250000003,50,LONG,499.63500000001204,-16871.68374999831
cash_ACC,Supertrend,2024-09-13 14:41:00,2024-09-13 15:00:00,2517.0,2518.2585,2514.2,2512.9429,50,LONG,-265.7799999999952,-17137.463749998304
cash_ACC,Supertrend,2024-09-16 09:22:00,2024-09-16 10:04:00,2524.0,2525.2619999999997,2520.85,2519.589575,50,LONG,-283.6212499999874,-17421.08499999829
cash_ACC,Supertrend,2024-09-16 10:06:00,2024-09-16 10:19:00,2529.5,2530.76475,2521.25,2519.989375,50,LONG,-538.7687499999856,-17959.853749998274
cash_ACC,Supertrend,2024-09-16 11:19:00,2024-09-16 11:46:00,2521.2,2522.4606,2514.7,2513.44265,50,LONG,-450.8974999999964,-18410.75124999827
cash_ACC,Supertrend,2024-09-16 12:28:00,2024-09-16 12:43:00,2513.0,2514.2565,2506.7,2505.44665,50,LONG,-440.49250000000484,-18851.243749998273
cash_ACC,Supertrend,2024-09-16 14:04:00,2024-09-16 14:46:00,2506.9,2508.15345,2510.3,2509.04485,50,LONG,44.57000000002154,-18806.673749998252
cash_ACC,Supertrend,2024-09-16 15:02:00,2024-09-16 15:28:00,2512.45,2513.706225,2510.0,2508.7450000000003,50,LONG,-248.06124999997792,-19054.73499999823
cash_ACC,Supertrend,2024-09-17 10:35:00,2024-09-17 10:48:00,2496.65,2497.898325,2492.7,2491.45365,50,LONG,-322.2337500000094,-19376.96874999824
cash_ACC,Supertrend,2024-09-17 10:51:00,2024-09-17 11:23:00,2502.1,2503.3510499999998,2501.45,2500.199275,50,LONG,-157.5887499999908,-19534.55749999823
cash_ACC,Supertrend,2024-09-17 12:00:00,2024-09-17 12:13:00,2502.4,2503.6512,2497.95,2496.701025,50,LONG,-347.50874999999724,-19882.066249998228
cash_ACC,Supertrend,2024-09-17 13:06:00,2024-09-17 13:12:00,2498.5,2499.74925,2493.3,2492.05335,50,LONG,-384.7949999999855,-20266.861249998212
cash_ACC,Supertrend,2024-09-17 13:35:00,2024-09-17 14:22:00,2498.5,2499.74925,2504.9,2503.64755,50,LONG,194.91500000001452,-20071.946249998196
cash_ACC,Supertrend,2024-09-17 14:41:00,2024-09-17 14:47:00,2510.4,2511.6552,2502.65,2501.3986750000004,50,LONG,-512.8262499999892,-20584.772499998187
cash_ACC,Supertrend,2024-09-17 14:56:00,2024-09-17 15:05:00,2510.5,2511.7552499999997,2504.2,2502.9479,50,LONG,-440.3674999999794,-21025.139999998166
cash_ACC,Supertrend,2024-09-18 09:43:00,2024-09-18 10:24:00,2503.65,2504.901825,2514.85,2513.592575,50,LONG,434.53750000001037,-20590.602499998156
cash_ACC,Supertrend,2024-09-18 13:44:00,2024-09-18 14:04:00,2465.35,2466.5826749999997,2464.3,2463.0678500000004,50,LONG,-175.74124999996457,-20766.343749998123
cash_ACC,Supertrend,2024-09-18 14:24:00,2024-09-18 15:19:00,2471.8,2473.0359,2473.45,2472.213275,50,LONG,-41.13124999998945,-20807.474999998114
cash_ACC,Supertrend,2024-09-19 09:15:00,2024-09-19 09:50:00,2485.05,2486.292525,2478.65,2477.410675,50,LONG,-444.0924999999879,-21251.567499998102
cash_ACC,Supertrend,2024-09-19 10:54:00,2024-09-19 11:08:00,2471.1,2472.33555,2461.05,2459.8194750000002,50,LONG,-625.8037499999773,-21877.37124999808
cash_ACC,Supertrend,2024-09-19 11:52:00,2024-09-19 12:00:00,2433.75,2434.966875,2421.2,2419.9894,50,LONG,-748.873750000007,-22626.244999998085
cash_ACC,Supertrend,2024-09-19 12:07:00,2024-09-19 12:58:00,2436.0,2437.218,2438.9,2437.68055,50,LONG,23.127500000009604,-22603.117499998076
cash_ACC,Supertrend,2024-09-19 13:22:00,2024-09-19 13:27:00,2442.6,2443.8212999999996,2437.2,2435.9814,50,LONG,-391.9949999999744,-22995.11249999805
cash_ACC,Supertrend,2024-09-19 14:26:00,2024-09-20 09:27:00,2433.4,2434.6167,2438.4,2437.1808,50,LONG,128.20500000000266,-22866.907499998048
cash_ACC,Supertrend,2024-09-20 10:41:00,2024-09-20 11:02:00,2423.7,2424.9118499999995,2414.4,2413.1928000000003,50,LONG,-585.9524999999621,-23452.85999999801
cash_ACC,Supertrend,2024-09-20 11:12:00,2024-09-20 12:00:00,2424.05,2425.262025,2443.05,2441.8284750000003,50,LONG,828.322500000013,-22624.537499997998
cash_ACC,Supertrend,2024-09-20 13:11:00,2024-09-20 13:30:00,2441.2,2442.4205999999995,2433.7,2432.48315,50,LONG,-496.8724999999722,-23121.40999999797
cash_ACC,Supertrend,2024-09-20 14:14:00,2024-09-20 14:28:00,2435.0,2436.2174999999997,2434.9,2433.6825500000004,50,LONG,-126.74749999996493,-23248.157499997935
cash_ACC,Supertrend,2024-09-20 14:49:00,2024-09-20 15:00:00,2438.2,2439.4190999999996,2431.0,2429.7845,50,LONG,-481.72999999997046,-23729.887499997905
cash_ACC,Supertrend,2024-09-20 15:06:00,2024-09-20 15:29:00,2437.45,2438.6687249999995,2440.0,2438.78,50,LONG,5.5637500000329965,-23724.32374999787
cash_ACC,Supertrend,2024-09-23 09:15:00,2024-09-23 10:40:00,2452.25,2453.4761249999997,2464.9,2463.66755,50,LONG,509.5712500000218,-23214.75249999785
cash_ACC,Supertrend,2024-09-23 11:16:00,2024-09-23 12:56:00,2467.2,2468.4336,2483.3,2482.0583500000002,50,LONG,681.2375000000202,-22533.514999997828
cash_ACC,Supertrend,2024-09-23 13:01:00,2024-09-23 13:06:00,2489.7,2490.94485,2484.0,2482.7580000000003,50,LONG,-409.34249999997974,-22942.85749999781
cash_ACC,Supertrend,2024-09-23 13:18:00,2024-09-23 13:51:00,2488.7,2489.9443499999998,2482.0,2480.759,50,LONG,-459.2674999999872,-23402.124999997795
cash_ACC,Supertrend,2024-09-23 14:37:00,2024-09-23 15:16:00,2486.05,2487.293025,2484.4,2483.1578000000004,50,LONG,-206.76124999997683,-23608.886249997773
cash_ACC,Supertrend,2024-09-23 15:26:00,2024-09-24 09:17:00,2489.0,2490.2445,2475.0,2473.7625000000003,50,LONG,-824.0999999999758,-24432.98624999775
cash_ACC,Supertrend,2024-09-24 10:42:00,2024-09-24 11:03:00,2474.75,2475.9873749999997,2472.65,2471.4136750000002,50,LONG,-228.68499999997312,-24661.671249997722
cash_ACC,Supertrend,2024-09-24 12:09:00,2024-09-24 13:05:00,2465.2,2466.4325999999996,2462.9,2461.6685500000003,50,LONG,-238.20249999996577,-24899.87374999769
cash_ACC,Supertrend,2024-09-24 14:01:00,2024-09-24 14:54:00,2462.15,2463.381075,2456.55,2455.3217250000002,50,LONG,-402.967499999977,-25302.841249997666
cash_ACC,Supertrend,2024-09-24 15:09:00,2024-09-24 15:26:00,2466.9,2468.13345,2460.4,2459.1698,50,LONG,-448.18249999998443,-25751.02374999765
cash_ACC,Supertrend,2024-09-24 15:29:00,2024-09-25 10:16:00,2475.0,2476.2374999999997,2477.15,2475.9114250000002,50,LONG,-16.30374999997457,-25767.327499997624
cash_ACC,Supertrend,2024-09-25 10:47:00,2024-09-25 10:56:00,2479.2,2480.4395999999997,2474.45,2473.212775,50,LONG,-361.34124999998676,-26128.66874999761
cash_ACC,Supertrend,2024-09-25 11:11:00,2024-09-25 11:21:00,2476.95,2478.1884749999995,2471.0,2469.7645,50,LONG,-421.1987499999623,-26549.867499997574
cash_ACC,Supertrend,2024-09-25 13:14:00,2024-09-25 13:34:00,2462.0,2463.2309999999998,2461.85,2460.619075,50,LONG,-130.59624999998505,-26680.463749997558
cash_ACC,Supertrend,2024-09-25 15:04:00,2024-09-25 15:20:00,2457.4,2458.6286999999998,2454.15,2452.9229250000003,50,LONG,-285.2887499999724,-26965.75249999753
cash_ACC,Supertrend,2024-09-26 10:42:00,2024-09-26 10:46:00,2436.6,2437.8183,2427.85,2426.636075,50,LONG,-559.1112500000008,-27524.86374999753
cash_ACC,Supertrend,2024-09-26 11:18:00,2024-09-26 11:59:00,2437.25,2438.468625,2438.4,2437.1808,50,LONG,-64.39124999999422,-27589.254999997524
cash_ACC,Supertrend,2024-09-26 12:05:00,2024-09-27 09:15:00,2443.0,2444.2214999999997,2466.7,2465.46665,50,LONG,1062.2575000000097,-26526.997499997513
cash_ACC,Supertrend,2024-09-27 09:16:00,2024-09-27 11:53:00,2476.9,2478.13845,2500.1,2498.8499500000003,50,LONG,1035.575000000017,-25491.422499997498
cash_ACC,Supertrend,2024-09-27 12:43:00,2024-09-27 12:52:00,2502.0,2503.2509999999997,2497.85,2496.601075,50,LONG,-332.4962499999856,-25823.918749997483
cash_ACC,Supertrend,2024-09-27 13:27:00,2024-09-27 14:07:00,2497.3,2498.54865,2500.6,2499.3497,50,LONG,40.0525000000016,-25783.86624999748
cash_ACC,Supertrend,2024-09-27 14:29:00,2024-09-27 14:52:00,2499.95,2501.1999749999995,2494.35,2493.102825,50,LONG,-404.85749999998006,-26188.72374999746
cash_ACC,Supertrend,2024-09-30 09:16:00,2024-09-30 10:33:00,2493.15,2494.3965749999998,2524.45,2523.187775,50,LONG,1439.5600000000059,-24749.163749997457
cash_ACC,Supertrend,2024-09-30 11:16:00,2024-09-30 11:55:00,2531.0,2532.2655,2533.05,2531.783475,50,LONG,-24.101249999989705,-24773.264999997446
cash_ACC,Supertrend,2024-09-30 12:47:00,2024-09-30 13:10:00,2527.75,2529.0138749999996,2523.6,2522.3382,50,LONG,-333.78374999997504,-25107.04874999742
cash_ACC,Supertrend,2024-09-30 14:48:00,2024-09-30 15:26:00,2509.45,2510.7047249999996,2509.8,2508.5451000000003,50,LONG,-107.98124999996617,-25215.029999997387
cash_ACC,Supertrend,2024-10-01 09:18:00,2024-10-01 09:30:00,2516.1,2517.35805,2501.35,2500.099325,50,LONG,-862.9362499999843,-26077.96624999737
cash_ACC,Supertrend,2024-10-01 10:51:00,2024-10-01 12:41:00,2486.05,2487.293025,2502.6,2501.3487,50,LONG,702.7837500000032,-25375.18249999737
cash_ACC,Supertrend,2024-10-01 12:53:00,2024-10-01 13:08:00,2506.4,2507.6531999999997,2505.6,2504.3472,50,LONG,-165.29999999997926,-25540.48249999735
cash_ACC,Supertrend,2024-10-01 13:13:00,2024-10-01 14:19:00,2513.0,2514.2565,2513.4,2512.1433,50,LONG,-105.65999999998894,-25646.14249999734
cash_ACC,Supertrend,2024-10-01 14:47:00,2024-10-03 09:15:00,2507.25,2508.503625,2481.15,2479.9094250000003,50,LONG,-1429.7099999999773,-27075.852499997316
cash_ACC,Supertrend,2024-10-03 09:17:00,2024-10-03 10:02:00,2493.1,2494.3465499999998,2504.0,2502.748,50,LONG,420.07250000001477,-26655.7799999973
cash_ACC,Supertrend,2024-10-03 10:43:00,2024-10-03 11:03:00,2505.05,2506.302525,2501.0,2499.7495000000004,50,LONG,-327.65124999998534,-26983.431249997284
cash_ACC,Supertrend,2024-10-03 12:34:00,2024-10-03 12:56:00,2476.85,2478.088425,2475.0,2473.7625000000003,50,LONG,-216.29624999998214,-27199.727499997265
cash_ACC,Supertrend,2024-10-03 13:57:00,2024-10-03 14:47:00,2441.95,2443.1709749999995,2445.0,2443.7775,50,LONG,30.326250000030086,-27169.401249997234
cash_ACC,Supertrend,2024-10-03 14:51:00,2024-10-04 09:18:00,2452.25,2453.4761249999997,2454.0,2452.773,50,LONG,-35.15624999997726,-27204.557499997212
cash_ACC,Supertrend,2024-10-04 09:34:00,2024-10-04 10:16:00,2445.0,2446.2225,2462.2,2460.9689,50,LONG,737.3199999999997,-26467.237499997213
cash_ACC,Supertrend,2024-10-04 10:26:00,2024-10-04 11:07:00,2466.05,2467.283025,2471.75,2470.514125,50,LONG,161.55499999999847,-26305.682499997216
cash_ACC,Supertrend,2024-10-04 11:50:00,2024-10-04 12:17:00,2466.3,2467.53315,2466.95,2465.716525,50,LONG,-90.83125000001928,-26396.513749997233
cash_ACC,Supertrend,2024-10-04 13:49:00,2024-10-04 14:00:00,2434.75,2435.9673749999997,2431.25,2430.034375,50,LONG,-296.6499999999769,-26693.16374999721
cash_ACC,Supertrend,2024-10-04 14:30:00,2024-10-04 14:38:00,2429.0,2430.2145,2415.95,2414.742025,50,LONG,-773.6237500000016,-27466.787499997212
cash_ACC,Supertrend,2024-10-04 15:01:00,2024-10-07 09:26:00,2432.1,2433.31605,2431.95,2430.7340249999997,50,LONG,-129.1012500000079,-27595.88874999722
cash_ACC,Supertrend,2024-10-07 11:07:00,2024-10-07 11:59:00,2356.55,2357.728275,2341.45,2340.279275,50,LONG,-872.4500000000035,-28468.338749997223
cash_ACC,Supertrend,2024-10-07 12:13:00,2024-10-07 12:31:00,2354.5,2355.6772499999997,2343.0,2341.8285,50,LONG,-692.4374999999827,-29160.776249997205
cash_ACC,Supertrend,2024-10-07 12:59:00,2024-10-07 13:13:00,2339.65,2340.819825,2331.0,2329.8345,50,LONG,-549.2662500000051,-29710.04249999721
cash_ACC,Supertrend,2024-10-07 13:36:00,2024-10-07 13:41:00,2330.2,2331.3650999999995,2313.2,2312.0434,50,LONG,-966.0849999999755,-30676.127499997187
cash_ACC,Supertrend,2024-10-07 14:05:00,2024-10-08 09:15:00,2328.5,2329.66425,2338.2,2337.0308999999997,50,LONG,368.3324999999968,-30307.79499999719
cash_ACC,Supertrend,2024-10-08 09:28:00,2024-10-08 09:37:00,2355.0,2356.1775,2334.95,2333.782525,50,LONG,-1119.7487499999852,-31427.543749997174
cash_ACC,Supertrend,2024-10-08 09:46:00,2024-10-08 11:53:00,2350.4,2351.5751999999998,2371.05,2369.8644750000003,50,LONG,914.4637500000272,-30513.079999997146
cash_ACC,Supertrend,2024-10-08 12:15:00,2024-10-08 12:23:00,2367.1,2368.2835499999997,2363.4,2362.2183,50,LONG,-303.26249999998254,-30816.34249999713
cash_ACC,Supertrend,2024-10-08 13:05:00,2024-10-08 14:01:00,2367.55,2368.733775,2367.95,2366.766025,50,LONG,-98.38750000001255,-30914.72999999714
cash_ACC,Supertrend,2024-10-08 14:41:00,2024-10-09 09:26:00,2369.4,2370.5847,2377.05,2375.861475,50,LONG,263.83875000001353,-30650.891249997127
cash_ACC,Supertrend,2024-10-09 10:38:00,2024-10-09 11:34:00,2379.95,2381.1399749999996,2379.35,2378.160325,50,LONG,-148.98249999998825,-30799.873749997114
cash_ACC,Supertrend,2024-10-09 12:26:00,2024-10-09 12:41:00,2369.95,2371.1349749999995,2368.35,2367.165825,50,LONG,-198.45749999997224,-30998.331249997085
cash_ACC,Supertrend,2024-10-09 13:56:00,2024-10-09 14:17:00,2355.55,2356.727775,2353.2,2352.0234,50,LONG,-235.21874999999,-31233.549999997074
cash_ACC,Supertrend,2024-10-09 15:20:00,2024-10-09 15:28:00,2344.3,2345.47215,2336.05,2334.8819750000002,50,LONG,-529.5087499999909,-31763.058749997064
cash_ACC,Supertrend,2024-10-10 09:15:00,2024-10-10 10:24:00,2357.15,2358.328575,2346.4,2345.2268000000004,50,LONG,-655.0887499999817,-32418.147499997045
cash_ACC,Supertrend,2024-10-10 13:45:00,2024-10-10 14:18:00,2301.35,2302.500675,2297.65,2296.5011750000003,50,LONG,-299.97499999997217,-32718.122499997018
cash_ACC,Supertrend,2024-10-10 15:03:00,2024-10-11 09:17:00,2303.95,2305.1019749999996,2309.05,2307.8954750000003,50,LONG,139.67500000003383,-32578.447499996983
cash_ACC,Supertrend,2024-10-11 09:27:00,2024-10-11 10:28:00,2319.6,2320.7598,2318.8,2317.6406,50,LONG,-155.95999999998185,-32734.407499996963
cash_ACC,Supertrend,2024-10-11 11:50:00,2024-10-11 13:24:00,2306.7,2307.85335,2314.0,2312.8430000000003,50,LONG,249.4825000000219,-32484.92499999694
cash_ACC,Supertrend,2024-10-11 13:47:00,2024-10-11 14:12:00,2309.5,2310.6547499999997,2302.8,2301.6486000000004,50,LONG,-450.3074999999626,-32935.2324999969
cash_ACC,Supertrend,2024-10-11 14:26:00,2024-10-14 09:19:00,2308.0,2309.154,2311.1,2309.94445,50,LONG,39.52249999999822,-32895.7099999969
cash_ACC,Supertrend,2024-10-14 09:46:00,2024-10-14 10:18:00,2316.75,2317.908375,2309.55,2308.395225,50,LONG,-475.65749999998843,-33371.367499996886
cash_ACC,Supertrend,2024-10-14 11:38:00,2024-10-14 12:02:00,2309.3,2310.45465,2304.3,2303.1478500000003,50,LONG,-365.33999999999196,-33736.707499996875
cash_ACC,Supertrend,2024-10-14 12:39:00,2024-10-15 09:31:00,2307.8,2308.9539,2317.2,2316.0414,50,LONG,354.37500000000455,-33382.33249999687
cash_ACC,Supertrend,2024-10-15 11:54:00,2024-10-15 13:00:00,2299.9,2301.04995,2296.1,2294.95195,50,LONG,-304.8999999999978,-33687.23249999687
cash_ACC,Supertrend,2024-10-15 13:35:00,2024-10-15 14:24:00,2298.0,2299.149,2294.4,2293.2528,50,LONG,-294.80999999998403,-33982.04249999685
cash_ACC,Supertrend,2024-10-15 15:20:00,2024-10-16 09:20:00,2295.9,2297.04795,2294.8,2293.6526000000003,50,LONG,-169.767499999989,-34151.80999999684
cash_ACC,Supertrend,2024-10-16 09:41:00,2024-10-16 10:03:00,2298.05,2299.199025,2291.95,2290.804025,50,LONG,-419.7499999999991,-34571.55999999684
cash_ACC,Supertrend,2024-10-16 10:32:00,2024-10-16 11:15:00,2292.0,2293.1459999999997,2290.0,2288.855,50,LONG,-214.54999999998563,-34786.10999999683
cash_ACC,Supertrend,2024-10-16 12:19:00,2024-10-16 12:22:00,2285.0,2286.1425,2280.0,2278.86,50,LONG,-364.12499999999,-35150.23499999682
cash_ACC,Supertrend,2024-10-16 12:53:00,2024-10-16 14:50:00,2281.1,2282.24055,2309.05,2307.8954750000003,50,LONG,1282.7462500000138,-33867.48874999681
cash_ACC,Supertrend,2024-10-16 15:28:00,2024-10-17 09:19:00,2309.95,2311.1049749999997,2303.75,2302.598125,50,LONG,-425.3424999999879,-34292.8312499968
cash_ACC,Supertrend,2024-10-17 10:36:00,2024-10-17 10:56:00,2289.45,2290.5947249999995,2286.8,2285.6566000000003,50,LONG,-246.9062499999609,-34539.737499996765
cash_ACC,Supertrend,2024-10-17 11:53:00,2024-10-17 12:02:00,2281.0,2282.1405,2273.6,2272.4632,50,LONG,-483.8649999999916,-35023.602499996756
cash_ACC,Supertrend,2024-10-17 12:32:00,2024-10-17 12:45:00,2277.4,2278.5387,2272.2,2271.0639,50,LONG,-373.73999999999796,-35397.342499996754
cash_ACC,Supertrend,2024-10-17 14:07:00,2024-10-17 14:14:00,2264.95,2266.0824749999997,2257.5,2256.37125,50,LONG,-485.5612499999779,-35882.90374999673
cash_ACC,Supertrend,2024-10-17 15:00:00,2024-10-18 09:15:00,2266.45,2267.583225,2250.15,2249.024925,50,LONG,-927.9149999999845,-36810.81874999672
cash_ACC,Supertrend,2024-10-18 09:48:00,2024-10-18 10:00:00,2253.85,2254.976925,2245.8,2244.6771000000003,50,LONG,-514.99124999998,-37325.809999996694
cash_ACC,Supertrend,2024-10-18 10:08:00,2024-10-18 10:51:00,2253.6,2254.7268,2261.1,2259.96945,50,LONG,262.132500000007,-37063.67749999669
cash_ACC,Supertrend,2024-10-18 11:27:00,2024-10-18 12:14:00,2263.1,2264.23155,2270.1,2268.96495,50,LONG,236.6700000000037,-36827.00749999668
cash_ACC,Supertrend,2024-10-18 12:26:00,2024-10-18 12:33:00,2278.6,2279.7392999999997,2272.0,2270.864,50,LONG,-443.76499999998487,-37270.77249999667
cash_ACC,Supertrend,2024-10-18 13:19:00,2024-10-18 14:15:00,2274.2,2275.3370999999997,2281.25,2280.109375,50,LONG,238.61375000001317,-37032.158749996655
cash_ACC,Supertrend,2024-10-18 14:31:00,2024-10-18 14:36:00,2285.0,2286.1425,2280.3,2279.1598500000005,50,LONG,-349.13249999997333,-37381.291249996626
cash_ACC,Supertrend,2024-10-18 14:44:00,2024-10-21 09:33:00,2284.8,2285.9424,2288.85,2287.705575,50,LONG,88.15875000000233,-37293.132499996624
cash_ACC,Supertrend,2024-10-21 10:06:00,2024-10-21 10:18:00,2297.15,2298.298575,2286.1,2284.9569500000002,50,LONG,-667.0812499999784,-37960.213749996605
cash_ACC,Supertrend,2024-10-21 10:28:00,2024-10-21 10:50:00,2294.2,2295.3470999999995,2285.0,2283.8575,50,LONG,-574.4799999999714,-38534.69374999658
cash_ACC,Supertrend,2024-10-21 11:29:00,2024-10-21 12:14:00,2296.25,2297.3981249999997,2299.0,2297.8505,50,LONG,22.618750000015098,-38512.07499999656
cash_ACC,Supertrend,2024-10-21 12:55:00,2024-10-21 13:29:00,2308.25,2309.404125,2308.85,2307.695575,50,LONG,-85.4274999999916,-38597.50249999655
cash_ACC,Supertrend,2024-10-21 13:48:00,2024-10-21 14:03:00,2310.75,2311.905375,2308.8,2307.6456000000003,50,LONG,-212.9887499999768,-38810.49124999653
cash_ACC,Supertrend,2024-10-21 14:35:00,2024-10-21 14:42:00,2310.0,2311.1549999999997,2304.85,2303.697575,50,LONG,-372.87124999998014,-39183.36249999651
cash_ACC,Supertrend,2024-10-21 15:10:00,2024-10-21 15:26:00,2301.85,2303.000925,2299.0,2297.8505,50,LONG,-257.5212499999907,-39440.8837499965
cash_ACC,Supertrend,2024-10-22 09:15:00,2024-10-22 09:28:00,2320.05,2321.210025,2306.5,2305.34675,50,LONG,-793.1637499999852,-40234.047499996486
cash_ACC,Supertrend,2024-10-22 10:50:00,2024-10-22 11:39:00,2283.3,2284.44165,2276.0,2274.862,50,LONG,-478.98250000000644,-40713.02999999649
cash_ACC,Supertrend,2024-10-22 11:59:00,2024-10-22 12:15:00,2276.15,2277.288075,2271.2,2270.0643999999998,50,LONG,-361.18375000000924,-41074.2137499965
cash_ACC,Supertrend,2024-10-22 14:11:00,2024-10-22 14:49:00,2258.5,2259.62925,2255.0,2253.8725,50,LONG,-287.83750000000055,-41362.051249996504
cash_ACC,Supertrend,2024-10-22 15:29:00,2024-10-23 10:25:00,2258.5,2259.62925,2256.15,2255.021925,50,LONG,-230.3662499999973,-41592.4174999965
cash_ACC,Supertrend,2024-10-23 10:50:00,2024-10-23 11:51:00,2260.75,2261.8803749999997,2278.5,2277.3607500000003,50,LONG,774.0187500000275,-40818.39874999648
cash_ACC,Supertrend,2024-10-23 12:35:00,2024-10-23 13:10:00,2275.55,2276.687775,2271.15,2270.0144250000003,50,LONG,-333.66749999997865,-41152.06624999646
cash_ACC,Supertrend,2024-10-23 13:35:00,2024-10-23 14:08:00,2275.8,2276.9379,2267.85,2266.716075,50,LONG,-511.09125000000404,-41663.157499996465
cash_ACC,Supertrend,2024-10-24 09:22:00,2024-10-24 10:22:00,2261.65,2262.780825,2278.85,2277.710575,50,LONG,746.487500000012,-40916.669999996455
cash_ACC,Supertrend,2024-10-24 10:49:00,2024-10-24 11:16:00,2282.7,2283.8413499999997,2272.2,2271.0639,50,LONG,-638.8724999999795,-41555.54249999643
cash_ACC,Supertrend,2024-10-24 11:58:00,2024-10-24 12:11:00,2268.0,2269.134,2259.2,2258.0704,50,LONG,-553.1799999999976,-42108.72249999643
cash_ACC,Supertrend,2024-10-24 12:37:00,2024-10-24 13:10:00,2262.1,2263.23105,2259.0,2257.8705,50,LONG,-268.0274999999938,-42376.74999999643
cash_ACC,Supertrend,2024-10-24 13:22:00,2024-10-24 13:33:00,2264.95,2266.0824749999997,2255.8,2254.6721000000002,50,LONG,-570.5187499999738,-42947.2687499964
cash_ACC,Supertrend,2024-10-24 14:15:00,2024-10-24 15:26:00,2247.0,2248.1234999999997,2258.95,2257.820525,50,LONG,484.8512500000197,-42462.41749999638
cash_ACC,Supertrend,2024-10-25 10:20:00,2024-10-25 10:28:00,2229.45,2230.5647249999997,2225.0,2223.8875000000003,50,LONG,-333.86124999997264,-42796.27874999635
cash_ACC,Supertrend,2024-10-25 10:58:00,2024-10-25 11:54:00,2205.7,2206.8028499999996,2216.65,2215.5416750000004,50,LONG,436.9412500000408,-42359.33749999631
cash_ACC,Supertrend,2024-10-25 12:22:00,2024-10-25 13:21:00,2228.95,2230.0644749999997,2220.7,2219.58965,50,LONG,-523.7412499999891,-42883.078749996304
cash_ACC,Supertrend,2024-10-25 13:34:00,2024-10-25 13:39:00,2224.0,2225.112,2218.5,2217.39075,50,LONG,-386.06250000000273,-43269.141249996304
cash_ACC,Supertrend,2024-10-25 13:43:00,2024-10-25 14:00:00,2226.35,2227.463175,2225.5,2224.38725,50,LONG,-153.79624999998214,-43422.93749999629
cash_ACC,Supertrend,2024-10-25 14:49:00,2024-10-28 09:17:00,2221.2,2222.3106,2231.25,2230.134375,50,LONG,391.1887500000148,-43031.74874999627
cash_ACC,Supertrend,2024-10-28 09:53:00,2024-10-28 10:31:00,2220.45,2221.5602249999997,2230.9,2229.7845500000003,50,LONG,411.2162500000295,-42620.53249999625
cash_ACC,Supertrend,2024-10-28 10:36:00,2024-10-28 11:34:00,2244.6,2245.7223,2264.1,2262.96795,50,LONG,862.2825000000148,-41758.24999999623
cash_ACC,Supertrend,2024-10-28 12:13:00,2024-10-28 12:18:00,2263.65,2264.781825,2257.75,2256.621125,50,LONG,-408.0349999999953,-42166.28499999623
cash_ACC,Supertrend,2024-10-28 12:54:00,2024-10-28 14:14:00,2262.15,2263.281075,2297.85,2296.701075,50,LONG,1671.0000000000036,-40495.28499999622
cash_ACC,Supertrend,2024-10-28 14:46:00,2024-10-28 15:00:00,2294.75,2295.897375,2286.7,2285.55665,50,LONG,-517.036250000001,-41012.321249996225
cash_ACC,Supertrend,2024-10-28 15:15:00,2024-10-29 10:20:00,2293.55,2294.696775,2296.3,2295.15185,50,LONG,22.753750000015316,-40989.56749999621
cash_ACC,Supertrend,2024-10-29 11:20:00,2024-10-29 13:22:00,2284.1,2285.24205,2305.6,2304.4472,50,LONG,960.2575000000115,-40029.30999999619
cash_ACC,Supertrend,2024-10-29 13:43:00,2024-10-30 09:15:00,2313.0,2314.1565,2317.65,2316.491175,50,LONG,116.73375000000306,-39912.576249996186
cash_ACC,Supertrend,2024-10-30 09:27:00,2024-10-30 11:48:00,2331.8,2332.9659,2369.1,2367.91545,50,LONG,1747.4774999999909,-38165.09874999619
cash_ACC,Supertrend,2024-10-30 13:06:00,2024-10-30 13:12:00,2362.2,2363.3810999999996,2357.15,2355.971425,50,LONG,-370.4837499999712,-38535.58249999616
cash_ACC,Supertrend,2024-10-30 14:07:00,2024-10-30 14:15:00,2353.65,2354.826825,2345.4,2344.2273,50,LONG,-529.9762500000043,-39065.55874999617
cash_ACC,Supertrend,2024-10-31 09:49:00,2024-10-31 10:03:00,2329.2,2330.3646,2325.8,2324.6371000000004,50,LONG,-286.37499999997544,-39351.93374999615
cash_ACC,Supertrend,2024-10-31 10:23:00,2024-10-31 10:49:00,2329.5,2330.66475,2326.95,2325.786525,50,LONG,-243.91124999999647,-39595.844999996145
cash_ACC,Supertrend,2024-10-31 11:44:00,2024-10-31 12:02:00,2325.95,2327.1129749999996,2319.15,2317.9904250000004,50,LONG,-456.12749999995685,-40051.9724999961
cash_ACC,Supertrend,2024-10-31 13:37:00,2024-10-31 15:17:00,2299.7,2300.8498499999996,2317.45,2316.291275,50,LONG,772.0712500000218,-39279.90124999608
cash_ACC,Supertrend,2024-11-04 09:59:00,2024-11-04 10:08:00,2313.75,2314.9068749999997,2300.2,2299.0499,50,LONG,-792.8487499999846,-40072.749999996064
cash_ACC,Supertrend,2024-11-04 11:20:00,2024-11-04 12:14:00,2288.9,2290.04445,2296.4,2295.2518,50,LONG,260.36750000000666,-39812.382499996056
cash_ACC,Supertrend,2024-11-04 13:49:00,2024-11-04 14:56:00,2285.9,2287.04295,2287.7,2286.55615,50,LONG,-24.340000000006512,-39836.72249999606
cash_ACC,Supertrend,2024-11-04 15:01:00,2024-11-04 15:14:00,2292.0,2293.1459999999997,2287.7,2286.55615,50,LONG,-329.4924999999921,-40166.21499999605
cash_ACC,Supertrend,2024-11-05 09:17:00,2024-11-05 09:49:00,2298.9,2300.04945,2291.55,2290.404225,50,LONG,-482.26124999998774,-40648.47624999604
cash_ACC,Supertrend,2024-11-05 09:56:00,2024-11-05 10:38:00,2305.0,2306.1524999999997,2301.15,2299.9994250000004,50,LONG,-307.6537499999631,-40956.129999996
cash_ACC,Supertrend,2024-11-05 11:00:00,2024-11-05 11:13:00,2307.95,2309.1039749999995,2303.0,2301.8485,50,LONG,-362.7737499999739,-41318.903749995974
cash_ACC,Supertrend,2024-11-05 12:02:00,2024-11-05 13:07:00,2301.05,2302.200525,2302.55,2301.3987250000005,50,LONG,-40.0899999999865,-41358.99374999596
cash_ACC,Supertrend,2024-11-05 13:24:00,2024-11-05 15:20:00,2302.65,2303.801325,2315.0,2313.8425,50,LONG,502.0587500000147,-40856.93499999595
cash_ACC,Supertrend,2024-11-06 09:15:00,2024-11-06 10:24:00,2332.0,2333.1659999999997,2334.05,2332.8829750000004,50,LONG,-14.151249999963511,-40871.08624999592
cash_ACC,Supertrend,2024-11-06 10:53:00,2024-11-06 11:15:00,2336.8,2337.9684,2333.1,2331.93345,50,LONG,-301.7475000000104,-41172.83374999593
cash_ACC,Supertrend,2024-11-06 11:31:00,2024-11-06 12:21:00,2337.95,2339.118975,2343.45,2342.278275,50,LONG,157.96500000001288,-41014.86874999592
cash_ACC,Supertrend,2024-11-06 12:36:00,2024-11-06 13:22:00,2352.35,2353.526175,2358.5,2357.3207500000003,50,LONG,189.7287500000175,-40825.1399999959
cash_ACC,Supertrend,2024-11-06 14:31:00,2024-11-06 14:41:00,2363.3,2364.48165,2358.1,2356.92095,50,LONG,-378.03499999999985,-41203.1749999959
cash_ACC,Supertrend,2024-11-07 10:44:00,2024-11-07 11:57:00,2311.75,2312.905875,2322.6,2321.4387,50,LONG,426.6412500000115,-40776.533749995884
cash_ACC,Supertrend,2024-11-07 12:28:00,2024-11-07 13:37:00,2327.3,2328.46365,2322.1,2320.93895,50,LONG,-376.23499999999694,-41152.768749995885
cash_ACC,Supertrend,2024-11-07 14:00:00,2024-11-07 14:24:00,2328.7,2329.86435,2322.55,2321.3887250000002,50,LONG,-423.7812499999791,-41576.54999999586
cash_ACC,Supertrend,2024-11-07 15:25:00,2024-11-08 09:15:00,2323.0,2324.1614999999997,2315.25,2314.092375,50,LONG,-503.45624999997654,-42080.00624999584
cash_ACC,Supertrend,2024-11-08 09:26:00,2024-11-08 09:39:00,2320.0,2321.16,2316.6,2315.4417,50,LONG,-285.91499999999996,-42365.92124999584
cash_ACC,Supertrend,2024-11-08 09:45:00,2024-11-08 09:52:00,2330.0,2331.165,2319.3,2318.14035,50,LONG,-651.2324999999919,-43017.15374999583
cash_ACC,Supertrend,2024-11-08 10:56:00,2024-11-08 11:02:00,2314.0,2315.1569999999997,2307.0,2305.8465,50,LONG,-465.5249999999796,-43482.67874999581
cash_ACC,Supertrend,2024-11-08 12:13:00,2024-11-08 12:50:00,2292.7,2293.84635,2292.1,2290.95395,50,LONG,-144.61999999998625,-43627.298749995796
cash_ACC,Supertrend,2024-11-08 13:14:00,2024-11-08 13:35:00,2296.5,2297.6482499999997,2291.7,2290.55415,50,LONG,-354.7049999999899,-43982.00374999578
cash_ACC,Supertrend,2024-11-08 14:28:00,2024-11-08 14:56:00,2295.8,2296.9479,2291.55,2290.404225,50,LONG,-327.1837499999947,-44309.18749999578
cash_ACC,Supertrend,2024-11-11 09:31:00,2024-11-11 10:13:00,2279.95,2281.089975,2267.3,2266.1663500000004,50,LONG,-746.1812499999724,-45055.36874999575
cash_ACC,Supertrend,2024-11-11 10:25:00,2024-11-11 10:55:00,2278.0,2279.1389999999997,2279.1,2277.96045,50,LONG,-58.92749999998159,-45114.296249995736
cash_ACC,Supertrend,2024-11-11 11:05:00,2024-11-11 11:38:00,2285.9,2287.04295,2286.2,2285.0569,50,LONG,-99.30249999999887,-45213.598749995734
cash_ACC,Supertrend,2024-11-11 11:42:00,2024-11-11 11:59:00,2292.8,2293.9464000000003,2289.65,2288.5051750000002,50,LONG,-272.06125000000156,-45485.65999999573
cash_ACC,Supertrend,2024-11-11 13:14:00,2024-11-11 13:19:00,2277.9,2279.03895,2272.8,2271.6636000000003,50,LONG,-368.7674999999899,-45854.42749999572
cash_ACC,Supertrend,2024-11-11 14:00:00,2024-11-11 14:07:00,2273.8,2274.9369,2269.1,2267.96545,50,LONG,-348.5725000000002,-46202.99999999572
cash_ACC,Supertrend,2024-11-11 14:21:00,2024-11-11 14:55:00,2268.9,2270.03445,2273.3,2272.1633500000003,50,LONG,106.4450000000079,-46096.554999995715
cash_ACC,Supertrend,2024-11-11 15:27:00,2024-11-12 09:18:00,2277.2,2278.3385999999996,2267.6,2266.4662,50,LONG,-593.6199999999872,-46690.1749999957
cash_ACC,Supertrend,2024-11-12 09:57:00,2024-11-12 10:36:00,2268.95,2270.0844749999997,2281.65,2280.509175,50,LONG,521.2350000000242,-46168.93999999568
cash_ACC,Supertrend,2024-11-12 10:50:00,2024-11-12 11:16:00,2289.9,2291.04495,2281.0,2279.8595,50,LONG,-559.2724999999973,-46728.21249999568
cash_ACC,Supertrend,2024-11-12 13:47:00,2024-11-12 13:59:00,2271.0,2272.1355,2266.0,2264.867,50,LONG,-363.4249999999838,-47091.63749999566
cash_ACC,Supertrend,2024-11-12 14:31:00,2024-11-12 14:41:00,2275.2,2276.3376,2270.55,2269.414725,50,LONG,-346.14374999998745,-47437.78124999565
cash_ACC,Supertrend,2024-11-13 09:22:00,2024-11-13 09:36:00,2268.45,2269.5842249999996,2251.4,2250.2743,50,LONG,-965.4962499999783,-48403.27749999563
cash_ACC,Supertrend,2024-11-13 11:47:00,2024-11-13 12:06:00,2228.4,2229.5142,2222.7,2221.58865,50,LONG,-396.2774999999965,-48799.55499999563
cash_ACC,Supertrend,2024-11-13 12:24:00,2024-11-13 12:27:00,2228.0,2229.114,2222.4,2221.2888000000003,50,LONG,-391.2599999999884,-49190.814999995615
cash_ACC,Supertrend,2024-11-13 13:19:00,2024-11-13 13:32:00,2219.6,2220.7097999999996,2212.15,2211.0439250000004,50,LONG,-483.2937499999616,-49674.108749995576
cash_ACC,Supertrend,2024-11-13 13:38:00,2024-11-13 14:11:00,2219.6,2220.7097999999996,2216.15,2215.041925,50,LONG,-283.393749999982,-49957.50249999556
cash_ACC,Supertrend,2024-11-13 15:29:00,2024-11-14 09:18:00,2206.7,2207.8033499999997,2193.0,2191.9035,50,LONG,-794.9924999999894,-50752.49499999554
cash_ACC,Supertrend,2024-11-14 09:56:00,2024-11-14 10:50:00,2198.45,2199.5492249999998,2201.1,2199.9994500000003,50,LONG,22.51125000002503,-50729.98374999552
cash_ACC,Supertrend,2024-11-14 12:06:00,2024-11-14 12:24:00,2188.9,2189.99445,2185.75,2184.657125,50,LONG,-266.8662499999982,-50996.84999999552
cash_ACC,Supertrend,2024-11-14 12:52:00,2024-11-14 13:35:00,2191.0,2192.0955,2196.25,2195.151875,50,LONG,152.81875000000582,-50844.03124999551
cash_ACC,Supertrend,2024-11-14 15:14:00,2024-11-18 09:19:00,2189.9,2190.99495,2186.85,2185.756575,50,LONG,-261.91874999999527,-51105.94999999551
cash_ACC,Supertrend,2024-11-18 09:48:00,2024-11-18 11:05:00,2178.25,2179.339125,2189.0,2187.9055000000003,50,LONG,428.31875000001673,-50677.631249995495
cash_ACC,Supertrend,2024-11-18 11:45:00,2024-11-18 12:52:00,2195.0,2196.0975,2205.55,2204.4472250000003,50,LONG,417.4862500000245,-50260.14499999547
cash_ACC,Supertrend,2024-11-18 13:38:00,2024-11-18 14:07:00,2206.5,2207.6032499999997,2203.75,2202.648125,50,LONG,-247.7562499999749,-50507.90124999545
cash_ACC,Supertrend,2024-11-18 14:46:00,2024-11-18 15:12:00,2185.05,2186.142525,2181.8,2180.7091000000005,50,LONG,-271.6712499999858,-50779.57249999543
cash_ACC,Supertrend,2024-11-18 15:17:00,2024-11-19 10:19:00,2189.95,2191.044975,2220.0,2218.8900000000003,50,LONG,1392.2512500000266,-49387.32124999541
cash_ACC,Supertrend,2024-11-19 10:27:00,2024-11-19 10:49:00,2229.25,2230.3646249999997,2222.5,2221.38875,50,LONG,-448.7937499999816,-49836.11499999539
cash_ACC,Supertrend,2024-11-19 12:50:00,2024-11-19 13:20:00,2213.8,2214.9069,2214.0,2212.893,50,LONG,-100.69499999999607,-49936.809999995385
cash_ACC,Supertrend,2024-11-19 13:31:00,2024-11-19 13:42:00,2218.0,2219.109,2215.75,2214.6421250000003,50,LONG,-223.3437499999809,-50160.15374999536
cash_ACC,Supertrend,2024-11-21 10:05:00,2024-11-21 14:14:00,1930.0,1930.965,2031.9,2030.8840500000001,50,LONG,4995.95250000001,-45164.201249995356
cash_ACC,Supertrend,2024-11-21 14:19:00,2024-11-21 14:34:00,2045.45,2046.4727249999999,2035.45,2034.4322750000001,50,LONG,-602.0224999999868,-45766.22374999534
cash_ACC,Supertrend,2024-11-21 14:52:00,2024-11-21 15:20:00,2041.45,2042.470725,2020.0,2018.99,50,LONG,-1174.0362499999947,-46940.25999999534
cash_ACC,Supertrend,2024-11-22 09:16:00,2024-11-22 09:49:00,2030.0,2031.0149999999999,2044.1,2043.07795,50,LONG,603.1475000000114,-46337.112499995324
cash_ACC,Supertrend,2024-11-22 09:58:00,2024-11-22 11:37:00,2063.95,2064.9819749999997,2099.85,2098.800075,50,LONG,1690.9050000000207,-44646.207499995304
cash_ACC,Supertrend,2024-11-22 11:55:00,2024-11-22 13:10:00,2108.85,2109.9044249999997,2107.0,2105.9465,50,LONG,-197.89624999998523,-44844.10374999529
cash_ACC,Supertrend,2024-11-22 13:45:00,2024-11-22 13:54:00,2108.0,2109.054,2101.25,2100.199375,50,LONG,-442.7312499999971,-45286.834999995284
cash_ACC,Supertrend,2024-11-22 15:17:00,2024-11-25 11:39:00,2091.8,2092.8459000000003,2148.85,2147.775575,50,LONG,2746.483749999993,-42540.35124999529
cash_ACC,Supertrend,2024-11-25 11:59:00,2024-11-25 12:30:00,2148.25,2149.324125,2148.0,2146.926,50,LONG,-119.90625000000819,-42660.2574999953
cash_ACC,Supertrend,2024-11-25 12:41:00,2024-11-25 12:53:00,2153.6,2154.6767999999997,2148.25,2147.175875,50,LONG,-375.04624999999123,-43035.30374999529
cash_ACC,Supertrend,2024-11-25 13:25:00,2024-11-25 13:55:00,2144.05,2145.122025,2139.25,2138.180375,50,LONG,-347.08250000001044,-43382.3862499953
cash_ACC,Supertrend,2024-11-25 14:43:00,2024-11-25 15:02:00,2137.55,2138.618775,2137.5,2136.43125,50,LONG,-109.37624999999116,-43491.7624999953
cash_ACC,Supertrend,2024-11-25 15:12:00,2024-11-26 09:16:00,2143.35,2144.4216749999996,2140.0,2138.9300000000003,50,LONG,-274.5837499999652,-43766.34624999526
cash_ACC,Supertrend,2024-11-26 09:20:00,2024-11-26 09:45:00,2150.0,2151.075,2138.0,2136.931,50,LONG,-707.1999999999889,-44473.54624999525
cash_ACC,Supertrend,2024-11-26 10:45:00,2024-11-26 12:03:00,2124.0,2125.062,2126.6,2125.5367,50,LONG,23.735000000010587,-44449.81124999524
cash_ACC,Supertrend,2024-11-26 12:45:00,2024-11-26 13:08:00,2122.75,2123.8113749999998,2119.15,2118.0904250000003,50,LONG,-286.0474999999724,-44735.85874999521
cash_ACC,Supertrend,2024-11-26 13:55:00,2024-11-26 14:14:00,2119.3,2120.35965,2113.05,2111.993475,50,LONG,-418.30874999998287,-45154.167499995194
cash_ACC,Supertrend,2024-11-26 14:43:00,2024-11-26 15:02:00,2120.0,2121.06,2116.0,2114.942,50,LONG,-305.8999999999969,-45460.06749999519
cash_ACC,Supertrend,2024-11-27 09:24:00,2024-11-27 10:25:00,2111.8,2112.8559,2132.15,2131.0839250000004,50,LONG,911.4012500000172,-44548.66624999517
cash_ACC,Supertrend,2024-11-27 10:42:00,2024-11-27 11:15:00,2138.45,2139.5192249999996,2128.15,2127.0859250000003,50,LONG,-621.6649999999618,-45170.331249995135
cash_ACC,Supertrend,2024-11-27 11:27:00,2024-11-27 11:48:00,2134.0,2135.067,2151.6,2150.5242,50,LONG,772.8599999999915,-44397.47124999514
cash_ACC,Supertrend,2024-11-27 12:24:00,2024-11-27 13:34:00,2173.25,2174.336625,2198.9,2197.8005500000004,50,LONG,1173.1962500000236,-43224.27499999512
cash_ACC,Supertrend,2024-11-27 14:20:00,2024-11-27 14:53:00,2211.3,2212.40565,2215.85,2214.742075,50,LONG,116.82124999999814,-43107.45374999512
cash_ACC,Supertrend,2024-11-28 09:34:00,2024-11-28 10:06:00,2215.0,2216.1075,2214.4,2213.2928,50,LONG,-140.73499999999513,-43248.18874999511
cash_ACC,Supertrend,2024-11-28 11:35:00,2024-11-28 11:58:00,2202.35,2203.4511749999997,2202.0,2200.8990000000003,50,LONG,-127.60874999996759,-43375.79749999508
cash_ACC,Supertrend,2024-11-28 12:49:00,2024-11-28 13:37:00,2195.6,2196.6978,2195.15,2194.0524250000003,50,LONG,-132.26874999998017,-43508.06624999506
cash_ACC,Supertrend,2024-11-28 13:56:00,2024-11-28 14:13:00,2196.8,2197.8984,2192.55,2191.4537250000003,50,LONG,-322.2337499999867,-43830.29999999505
cash_ACC,Supertrend,2024-11-29 09:20:00,2024-11-29 10:14:00,2197.7,2198.7988499999997,2206.5,2205.3967500000003,50,LONG,329.8950000000332,-43500.404999995015
cash_ACC,Supertrend,2024-11-29 10:32:00,2024-11-29 11:05:00,2216.95,2218.058475,2210.5,2209.39475,50,LONG,-433.1862499999943,-43933.59124999501
cash_ACC,Supertrend,2024-11-29 11:29:00,2024-11-29 11:41:00,2214.75,2215.857375,2208.55,2207.4457250000005,50,LONG,-420.5824999999777,-44354.17374999498
cash_ACC,Supertrend,2024-11-29 12:05:00,2024-11-29 13:06:00,2206.4,2207.5032,2204.8,2203.6976000000004,50,LONG,-190.27999999998428,-44544.453749994966
cash_ACC,Supertrend,2024-11-29 13:22:00,2024-11-29 14:08:00,2206.75,2207.8533749999997,2224.75,2223.6376250000003,50,LONG,789.2125000000306,-43755.241249994935
cash_ACC,Supertrend,2024-11-29 14:38:00,2024-11-29 15:04:00,2229.85,2230.9649249999998,2223.55,2222.4382250000003,50,LONG,-426.33499999997184,-44181.576249994905
cash_ACC,Supertrend,2024-11-29 15:25:00,2024-12-02 10:09:00,2225.9,2227.01295,2238.1,2236.98095,50,LONG,498.4000000000151,-43683.17624999489
cash_ACC,Supertrend,2024-12-02 12:08:00,2024-12-02 13:02:00,2238.0,2239.1189999999997,2230.0,2228.885,50,LONG,-511.69999999997344,-44194.876249994864
cash_ACC,Supertrend,2024-12-02 13:22:00,2024-12-02 14:25:00,2237.2,2238.3185999999996,2234.85,2233.732575,50,LONG,-229.30124999998043,-44424.17749999485
cash_ACC,Supertrend,2024-12-02 14:34:00,2024-12-02 15:18:00,2236.45,2237.5682249999995,2234.05,2232.932975,50,LONG,-231.76249999996799,-44655.939999994815
cash_ACC,Supertrend,2024-12-03 09:20:00,2024-12-03 09:48:00,2238.95,2240.069475,2233.9,2232.78305,50,LONG,-364.32124999998905,-45020.2612499948
cash_ACC,Supertrend,2024-12-03 09:56:00,2024-12-03 10:29:00,2242.85,2243.9714249999997,2238.0,2236.8810000000003,50,LONG,-354.5212499999707,-45374.78249999477
cash_ACC,Supertrend,2024-12-03 10:59:00,2024-12-03 12:55:00,2235.0,2236.1175,2289.3,2288.1553500000005,50,LONG,2601.892500000031,-42772.88999999474
cash_ACC,Supertrend,2024-12-03 13:25:00,2024-12-03 13:54:00,2297.95,2299.098975,2300.4,2299.2498,50,LONG,7.541250000008404,-42765.34874999473
cash_ACC,Supertrend,2024-12-03 15:16:00,2024-12-03 15:25:00,2294.55,2295.697275,2289.05,2287.9054750000005,50,LONG,-389.5899999999756,-43154.938749994704
cash_ACC,Supertrend,2024-12-04 11:18:00,2024-12-04 11:56:00,2252.45,2253.576225,2245.35,2244.227325,50,LONG,-467.4449999999979,-43622.383749994704
cash_ACC,Supertrend,2024-12-04 12:08:00,2024-12-04 13:03:00,2255.0,2256.1275,2249.1,2247.97545,50,LONG,-407.60250000000724,-44029.98624999471
cash_ACC,Supertrend,2024-12-04 15:21:00,2024-12-05 09:19:00,2242.85,2243.9714249999997,2237.15,2236.031425,50,LONG,-396.99999999998,-44426.98624999469
cash_ACC,Supertrend,2024-12-05 10:06:00,2024-12-05 12:22:00,2241.6,2242.7207999999996,2267.4,2266.2663000000002,50,LONG,1177.2750000000315,-43249.71124999466
cash_ACC,Supertrend,2024-12-05 14:28:00,2024-12-05 14:51:00,2264.95,2266.0824749999997,2266.0,2264.867,50,LONG,-60.773749999975735,-43310.48499999464
cash_ACC,Supertrend,2024-12-05 15:14:00,2024-12-06 09:47:00,2268.8,2269.9344,2268.0,2266.866,50,LONG,-153.42000000000553,-43463.904999994644
cash_ACC,Supertrend,2024-12-06 10:01:00,2024-12-06 10:07:00,2270.0,2271.1349999999998,2262.9,2261.7685500000002,50,LONG,-468.32249999997657,-43932.227499994624
cash_ACC,Supertrend,2024-12-06 10:22:00,2024-12-06 11:10:00,2276.8,2277.9384,2268.3,2267.1658500000003,50,LONG,-538.6274999999841,-44470.85499999461
cash_ACC,Supertrend,2024-12-06 11:56:00,2024-12-06 12:15:00,2267.3,2268.43365,2262.0,2260.869,50,LONG,-378.23249999999007,-44849.0874999946
cash_ACC,Supertrend,2024-12-06 12:25:00,2024-12-06 13:26:00,2265.65,2266.782825,2265.0,2263.8675000000003,50,LONG,-145.7662499999742,-44994.853749994574
cash_ACC,Supertrend,2024-12-06 14:46:00,2024-12-06 15:00:00,2260.95,2262.0804749999998,2255.9,2254.77205,50,LONG,-365.4212499999858,-45360.27499999456
cash_ACC,Supertrend,2024-12-06 15:28:00,2024-12-09 09:52:00,2260.25,2261.3801249999997,2257.25,2256.121375,50,LONG,-262.93749999997544,-45623.21249999454
cash_ACC,Supertrend,2024-12-09 10:23:00,2024-12-09 10:51:00,2255.05,2256.177525,2249.2,2248.0753999999997,50,LONG,-405.1062500000171,-46028.318749994556
cash_ACC,Supertrend,2024-12-09 10:59:00,2024-12-09 12:02:00,2260.9,2262.0304499999997,2263.5,2262.36825,50,LONG,16.89000000001215,-46011.42874999454
cash_ACC,Supertrend,2024-12-09 12:06:00,2024-12-09 12:35:00,2267.4,2268.5337,2262.3,2261.1688500000005,50,LONG,-368.2424999999739,-46379.67124999451
cash_ACC,Supertrend,2024-12-09 12:56:00,2024-12-09 13:05:00,2265.5,2266.6327499999998,2262.3,2261.1688500000005,50,LONG,-273.19499999996424,-46652.86624999448
cash_ACC,Supertrend,2024-12-09 13:08:00,2024-12-09 13:22:00,2268.0,2269.134,2263.9,2262.76805,50,LONG,-318.2974999999942,-46971.16374999447
cash_ACC,Supertrend,2024-12-09 14:47:00,2024-12-10 09:26:00,2257.75,2258.878875,2254.35,2253.222825,50,LONG,-282.8025000000025,-47253.966249994475
cash_ACC,Supertrend,2024-12-10 09:45:00,2024-12-10 10:39:00,2269.5,2270.6347499999997,2258.65,2257.520675,50,LONG,-655.7037499999751,-47909.669999994454
cash_ACC,Supertrend,2024-12-10 11:28:00,2024-12-10 11:33:00,2257.5,2258.62875,2254.0,2252.873,50,LONG,-287.78749999999036,-48197.457499994445
cash_ACC,Supertrend,2024-12-10 14:09:00,2024-12-10 15:02:00,2244.0,2245.122,2245.1,2243.97745,50,LONG,-57.227499999999054,-48254.684999994446
cash_ACC,Supertrend,2024-12-11 09:15:00,2024-12-11 10:27:00,2275.05,2276.1875250000003,2279.7,2278.56015,50,LONG,118.63124999997581,-48136.05374999447
cash_ACC,Supertrend,2024-12-11 13:50:00,2024-12-11 14:41:00,2259.75,2260.879875,2254.8,2253.6726000000003,50,LONG,-360.3637499999877,-48496.41749999446
cash_ACC,Supertrend,2024-12-12 09:54:00,2024-12-12 10:13:00,2236.3,2237.41815,2230.25,2229.134875,50,LONG,-414.1637499999888,-48910.581249994444
cash_ACC,Supertrend,2024-12-12 10:19:00,2024-12-12 10:26:00,2235.6,2236.7178,2231.45,2230.334275,50,LONG,-319.1762499999868,-49229.75749999443
cash_ACC,Supertrend,2024-12-12 10:33:00,2024-12-12 11:05:00,2239.05,2240.1695250000002,2249.0,2247.8755,50,LONG,385.29874999999265,-48844.45874999444
cash_ACC,Supertrend,2024-12-12 12:30:00,2024-12-12 12:57:00,2249.0,2250.1245,2248.35,2247.225825,50,LONG,-144.9337499999956,-48989.392499994436
cash_ACC,Supertrend,2024-12-12 14:39:00,2024-12-12 14:52:00,2232.4,2233.5162,2228.15,2227.035925,50,LONG,-324.0137499999946,-49313.40624999443
cash_ACC,Supertrend,2024-12-12 15:04:00,2024-12-12 15:24:00,2233.4,2234.5167,2227.5,2226.38625,50,LONG,-406.5225000000055,-49719.92874999443
cash_ACC,Supertrend,2024-12-13 10:51:00,2024-12-13 12:34:00,2203.8,2204.9019,2220.0,2218.8900000000003,50,LONG,699.4050000000243,-49020.523749994405
cash_ACC,Supertrend,2024-12-13 12:52:00,2024-12-13 14:47:00,2224.3,2225.41215,2228.85,2227.735575,50,LONG,116.17125000000215,-48904.352499994406
cash_ACC,Supertrend,2024-12-13 14:58:00,2024-12-16 09:57:00,2241.05,2242.170525,2255.85,2254.722075,50,LONG,627.5775000000067,-48276.7749999944
cash_ACC,Supertrend,2024-12-16 10:52:00,2024-12-16 11:09:00,2253.0,2254.1265,2246.2,2245.0769,50,LONG,-452.4799999999914,-48729.25499999439
cash_ACC,Supertrend,2024-12-16 12:24:00,2024-12-16 13:31:00,2242.0,2243.121,2240.8,2239.6796000000004,50,LONG,-172.06999999998516,-48901.32499999437
cash_ACC,Supertrend,2024-12-16 13:54:00,2024-12-16 15:10:00,2243.95,2245.071975,2247.1,2245.97645,50,LONG,45.22375000001375,-48856.10124999436
cash_ACC,Supertrend,2024-12-17 10:38:00,2024-12-17 10:54:00,2233.9,2235.01695,2232.15,2231.033925,50,LONG,-199.1512499999999,-49055.25249999436
cash_ACC,Supertrend,2024-12-17 12:29:00,2024-12-17 12:44:00,2219.05,2220.159525,2213.3,2212.1933500000005,50,LONG,-398.3087499999783,-49453.56124999434
cash_ACC,Supertrend,2024-12-17 13:37:00,2024-12-17 14:08:00,2208.85,2209.954425,2202.2,2201.0989,50,LONG,-442.77624999999716,-49896.33749999433
cash_ACC,Supertrend,2024-12-18 09:30:00,2024-12-18 09:56:00,2194.95,2196.047475,2187.0,2185.9065,50,LONG,-507.0487499999899,-50403.38624999432
cash_ACC,Supertrend,2024-12-18 10:31:00,2024-12-18 10:48:00,2188.55,2189.644275,2184.25,2183.1578750000003,50,LONG,-324.3199999999888,-50727.70624999431
cash_ACC,Supertrend,2024-12-18 12:00:00,2024-12-18 12:50:00,2153.35,2154.4266749999997,2150.1,2149.02495,50,LONG,-270.08624999998574,-50997.7924999943
cash_ACC,Supertrend,2024-12-18 13:11:00,2024-12-18 13:32:00,2154.6,2155.6773,2150.0,2148.925,50,LONG,-337.6149999999825,-51335.40749999428
cash_ACC,Supertrend,2024-12-18 13:55:00,2024-12-18 14:31:00,2148.9,2149.97445,2144.0,2142.9280000000003,50,LONG,-352.3224999999911,-51687.72999999428
cash_ACC,Supertrend,2024-12-18 14:48:00,2024-12-19 09:15:00,2145.0,2146.0724999999998,2118.95,2117.890525,50,LONG,-1409.0987499999983,-53096.828749994274
cash_ACC,Supertrend,2024-12-19 09:54:00,2024-12-19 10:01:00,2119.0,2120.0595,2111.0,2109.9445,50,LONG,-505.7499999999891,-53602.57874999427
cash_ACC,Supertrend,2024-12-19 10:24:00,2024-12-19 10:49:00,2114.4,2115.4572,2115.2,2114.1423999999997,50,LONG,-65.74000000000524,-53668.31874999427
cash_ACC,Supertrend,2024-12-19 11:14:00,2024-12-19 11:36:00,2116.25,2117.308125,2119.1,2118.04045,50,LONG,36.61624999999731,-53631.70249999427
cash_ACC,Supertrend,2024-12-19 12:48:00,2024-12-19 13:23:00,2116.95,2118.0084749999996,2117.55,2116.491225,50,LONG,-75.86249999997108,-53707.56499999425
cash_ACC,Supertrend,2024-12-19 13:55:00,2024-12-19 14:16:00,2117.75,2118.8088749999997,2113.7,2112.64315,50,LONG,-308.2862499999919,-54015.85124999424
cash_ACC,Supertrend,2024-12-19 15:01:00,2024-12-19 15:06:00,2116.85,2117.9084249999996,2115.0,2113.9425,50,LONG,-198.29624999997577,-54214.147499994215
cash_ACC,Supertrend,2024-12-20 09:19:00,2024-12-20 09:27:00,2120.85,2121.9104249999996,2112.55,2111.4937250000003,50,LONG,-520.8349999999655,-54734.98249999418
cash_ACC,Supertrend,2024-12-20 09:40:00,2024-12-20 09:49:00,2123.0,2124.0615,2108.65,2107.595675,50,LONG,-823.2912499999884,-55558.273749994165
cash_ACC,Supertrend,2024-12-20 09:53:00,2024-12-20 10:24:00,2118.05,2119.109025,2110.25,2109.194875,50,LONG,-495.70750000000317,-56053.98124999417
cash_ACC,Supertrend,2024-12-20 10:53:00,2024-12-20 12:13:00,2117.5,2118.5587499999997,2125.2,2124.1374,50,LONG,278.932500000019,-55775.04874999415
cash_ACC,Supertrend,2024-12-20 13:28:00,2024-12-20 13:41:00,2110.0,2111.055,2101.1,2100.04945,50,LONG,-550.2774999999929,-56325.32624999415
cash_ACC,Supertrend,2024-12-23 09:15:00,2024-12-23 09:34:00,2071.2,2072.2355999999995,2058.7,2057.67065,50,LONG,-728.2474999999749,-57053.573749994124
cash_ACC,Supertrend,2024-12-23 09:43:00,2024-12-23 11:58:00,2063.85,2064.8819249999997,2105.6,2104.5472,50,LONG,1983.2637500000146,-55070.30999999411
cash_ACC,Supertrend,2024-12-23 12:19:00,2024-12-23 12:29:00,2106.4,2107.4532,2101.0,2099.9495,50,LONG,-375.18499999998767,-55445.4949999941
cash_ACC,Supertrend,2024-12-23 12:43:00,2024-12-23 12:56:00,2104.1,2105.1520499999997,2097.1,2096.05145,50,LONG,-455.0299999999879,-55900.524999994086
cash_ACC,Supertrend,2024-12-23 13:24:00,2024-12-23 14:01:00,2094.85,2095.8974249999997,2094.0,2092.953,50,LONG,-147.22124999998414,-56047.746249994074
cash_ACC,Supertrend,2024-12-23 14:19:00,2024-12-23 14:48:00,2097.6,2098.6488,2098.65,2097.600675,50,LONG,-52.406249999989996,-56100.15249999407
cash_ACC,Supertrend,2024-12-23 15:12:00,2024-12-23 15:24:00,2103.9,2104.95195,2098.5,2097.45075,50,LONG,-375.0600000000077,-56475.21249999407
cash_ACC,Supertrend,2024-12-24 09:43:00,2024-12-24 10:44:00,2094.4,2095.4472,2102.25,2101.198875,50,LONG,287.5837499999989,-56187.62874999407
cash_ACC,Supertrend,2024-12-24 11:17:00,2024-12-24 12:04:00,2097.8,2098.8489,2100.25,2099.1998750000002,50,LONG,17.54875000001448,-56170.07999999406
cash_ACC,Supertrend,2024-12-24 12:36:00,2024-12-24 13:04:00,2097.65,2098.698825,2095.55,2094.502225,50,LONG,-209.8299999999881,-56379.909999994044
cash_ACC,Supertrend,2024-12-24 13:16:00,2024-12-24 13:33:00,2095.35,2096.3976749999997,2092.55,2091.5037250000005,50,LONG,-244.6974999999611,-56624.607499994
cash_ACC,Supertrend,2024-12-24 14:13:00,2024-12-24 14:37:00,2078.45,2079.489225,2074.55,2073.5127250000005,50,LONG,-298.82499999996526,-56923.43249999397
cash_ACC,Supertrend,2024-12-24 14:53:00,2024-12-24 15:29:00,2079.2,2080.2396,2075.0,2073.9625,50,LONG,-313.85499999998956,-57237.28749999396
cash_ACC,Supertrend,2024-12-26 09:15:00,2024-12-26 09:36:00,2082.45,2083.4912249999998,2073.05,2072.013475,50,LONG,-573.887499999978,-57811.174999993935
cash_ACC,Supertrend,2024-12-26 09:42:00,2024-12-26 10:19:00,2081.65,2082.690825,2080.5,2079.45975,50,LONG,-161.5537500000073,-57972.72874999394
cash_ACC,Supertrend,2024-12-26 10:57:00,2024-12-26 11:19:00,2078.85,2079.889425,2080.0,2078.96,50,LONG,-46.471249999990505,-58019.19999999393
cash_ACC,Supertrend,2024-12-26 12:41:00,2024-12-26 13:35:00,2077.45,2078.4887249999997,2087.4,2086.3563000000004,50,LONG,393.3787500000335,-57625.821249993896
cash_ACC,Supertrend,2024-12-26 13:43:00,2024-12-26 14:30:00,2093.3,2094.34665,2091.8,2090.7541,50,LONG,-179.62749999999232,-57805.44874999389
cash_ACC,Supertrend,2024-12-27 09:15:00,2024-12-27 10:12:00,2099.75,2100.7998749999997,2093.9,2092.85305,50,LONG,-397.34124999997675,-58202.78999999387
cash_ACC,Supertrend,2024-12-27 10:32:00,2024-12-27 10:48:00,2097.1,2098.14855,2091.1,2090.05445,50,LONG,-404.7049999999899,-58607.494999993854
cash_ACC,Supertrend,2024-12-27 11:01:00,2024-12-27 11:23:00,2096.0,2097.048,2090.65,2089.604675,50,LONG,-372.1662499999866,-58979.66124999384
cash_ACC,Supertrend,2024-12-27 13:11:00,2024-12-27 14:12:00,2071.65,2072.685825,2067.0,2065.9665,50,LONG,-335.9662500000013,-59315.62749999385
cash_ACC,Supertrend,2024-12-27 15:00:00,2024-12-30 09:17:00,2065.5,2066.53275,2062.65,2061.618675,50,LONG,-245.7037499999842,-59561.33124999383
cash_ACC,Supertrend,2024-12-30 09:20:00,2024-12-30 10:08:00,2070.25,2071.285125,2084.5,2083.45775,50,LONG,608.6312500000076,-58952.69999999383
cash_ACC,Supertrend,2024-12-30 10:30:00,2024-12-30 10:57:00,2100.0,2101.0499999999997,2098.0,2096.951,50,LONG,-204.94999999998527,-59157.64999999381
cash_ACC,Supertrend,2024-12-30 11:52:00,2024-12-30 12:27:00,2088.75,2089.794375,2085.5,2084.45725,50,LONG,-266.8562500000007,-59424.50624999381
cash_ACC,Supertrend,2024-12-30 13:11:00,2024-12-30 13:25:00,2080.0,2081.04,2075.15,2074.1124250000003,50,LONG,-346.3787499999853,-59770.884999993796
cash_ACC,Supertrend,2024-12-30 14:32:00,2024-12-30 14:52:00,2065.8,2066.8329,2064.05,2063.017975,50,LONG,-190.74624999998377,-59961.63124999378
cash_ACC,Supertrend,2024-12-30 14:59:00,2024-12-30 15:01:00,2070.6,2071.6353,2061.0,2059.9695,50,LONG,-583.2899999999881,-60544.921249993764
cash_ACC,Supertrend,2024-12-30 15:25:00,2024-12-31 09:28:00,2064.8,2065.8324000000002,2055.05,2054.022475,50,LONG,-590.496250000001,-61135.41749999377
cash_ACC,Supertrend,2024-12-31 10:54:00,2024-12-31 11:05:00,2047.0,2048.0235,2041.6,2040.5792000000001,50,LONG,-372.21499999998287,-61507.63249999375
cash_ACC,Supertrend,2024-12-31 11:14:00,2024-12-31 11:37:00,2055.0,2056.0274999999997,2054.0,2052.973,50,LONG,-152.72499999998672,-61660.357499993734
cash_ACC,Supertrend,2024-12-31 12:44:00,2024-12-31 14:17:00,2051.6,2052.6258,2058.65,2057.620675,50,LONG,249.743750000016,-61410.61374999372
cash_ACC,Supertrend,2024-12-31 14:39:00,2024-12-31 14:55:00,2063.4,2064.4317,2057.4,2056.3713000000002,50,LONG,-403.01999999999225,-61813.63374999371
cash_ACC,Supertrend,2025-01-01 09:39:00,2025-01-01 09:45:00,2055.35,2056.3776749999997,2046.1,2045.0769500000001,50,LONG,-565.0362499999801,-62378.66999999369
cash_ACC,Supertrend,2025-01-01 10:12:00,2025-01-01 11:25:00,2043.2,2044.2215999999999,2045.25,2044.2273750000002,50,LONG,0.2887500000156251,-62378.381249993676
cash_ACC,Supertrend,2025-01-01 11:44:00,2025-01-01 12:50:00,2047.75,2048.773875,2051.4,2050.3743000000004,50,LONG,80.02125000002707,-62298.35999999365
cash_ACC,Supertrend,2025-01-01 13:43:00,2025-01-01 14:23:00,2051.15,2052.1755749999998,2052.25,2051.223875,50,LONG,-47.58499999998094,-62345.94499999363
cash_ACC,Supertrend,2025-01-01 14:42:00,2025-01-01 15:06:00,2057.65,2058.678825,2051.2,2050.1744,50,LONG,-425.22125000000415,-62771.166249993636
cash_ACC,Supertrend,2025-01-02 09:16:00,2025-01-02 09:50:00,2059.9,2060.92995,2053.65,2052.623175,50,LONG,-415.3387500000008,-63186.50499999364
cash_ACC,Supertrend,2025-01-02 10:17:00,2025-01-02 10:30:00,2051.5,2052.52575,2044.0,2042.978,50,LONG,-477.3874999999862,-63663.89249999363
cash_ACC,Supertrend,2025-01-02 10:52:00,2025-01-02 11:20:00,2048.05,2049.074025,2042.05,2041.0289750000002,50,LONG,-402.25249999998596,-64066.144999993616
cash_ACC,Supertrend,2025-01-02 11:59:00,2025-01-02 14:45:00,2047.5,2048.52375,2075.55,2074.5122250000004,50,LONG,1299.4237500000281,-62766.721249993585
cash_ACC,Supertrend,2025-01-03 09:32:00,2025-01-03 09:58:00,2073.85,2074.886925,2067.0,2065.9665,50,LONG,-446.0212499999898,-63212.742499993576
cash_ACC,Supertrend,2025-01-03 10:02:00,2025-01-03 10:08:00,2074.95,2075.987475,2068.95,2067.915525,50,LONG,-403.59750000000076,-63616.33999999358
cash_ACC,Supertrend,2025-01-03 11:07:00,2025-01-03 11:39:00,2067.1,2068.13355,2066.1,2065.06695,50,LONG,-153.33000000000538,-63769.66999999358
cash_ACC,Supertrend,2025-01-03 14:33:00,2025-01-03 15:03:00,2056.85,2057.878425,2055.95,2054.922025,50,LONG,-147.82000000000153,-63917.48999999358
cash_ACC,Supertrend,2025-01-03 15:09:00,2025-01-06 09:16:00,2058.0,2059.029,2047.25,2046.2263750000002,50,LONG,-640.1312499999904,-64557.62124999357
cash_ACC,Supertrend,2025-01-06 10:00:00,2025-01-06 10:45:00,2031.1,2032.1155499999998,2030.9,2029.8845500000002,50,LONG,-111.54999999997699,-64669.171249993546
cash_ACC,Supertrend,2025-01-06 11:26:00,2025-01-06 11:46:00,1999.85,2000.8499249999998,2001.0,1999.9995000000001,50,LONG,-42.52124999998159,-64711.69249999353
cash_ACC,Supertrend,2025-01-06 12:06:00,2025-01-06 13:11:00,2002.9,2003.90145,2005.3,2004.29735,50,LONG,19.794999999999163,-64691.89749999353
cash_ACC,Supertrend,2025-01-06 13:36:00,2025-01-06 13:49:00,1997.3,1998.29865,1991.85,1990.854075,50,LONG,-372.2287499999993,-65064.12624999353
cash_ACC,Supertrend,2025-01-06 14:03:00,2025-01-06 14:14:00,1991.0,1991.9955,1989.65,1988.655175,50,LONG,-167.01624999999467,-65231.142499993526
cash_ACC,Supertrend,2025-01-06 14:51:00,2025-01-06 15:04:00,1986.35,1987.3431749999997,1984.1,1983.10795,50,LONG,-211.76124999998365,-65442.90374999351
cash_ACC,Supertrend,2025-01-06 15:27:00,2025-01-07 09:49:00,1988.0,1988.994,2014.2,2013.1929000000002,50,LONG,1209.945000000016,-64232.95874999349
cash_ACC,Supertrend,2025-01-07 10:14:00,2025-01-07 10:52:00,2014.35,2015.3571749999999,2012.15,2011.1439250000003,50,LONG,-210.66249999997808,-64443.62124999347
cash_ACC,Supertrend,2025-01-07 11:23:00,2025-01-07 11:50:00,2009.65,2010.654825,2012.6,2011.5937000000001,50,LONG,46.94375000000264,-64396.677499993464
cash_ACC,Supertrend,2025-01-07 12:32:00,2025-01-07 12:58:00,2007.0,2008.0034999999998,2004.45,2003.447775,50,LONG,-227.78624999998556,-64624.46374999345
cash_ACC,Supertrend,2025-01-07 13:09:00,2025-01-07 13:19:00,2008.1,2009.1040499999997,2005.0,2003.9975000000002,50,LONG,-255.32749999997577,-64879.791249993425
cash_ACC,Supertrend,2025-01-07 13:21:00,2025-01-07 13:48:00,2008.45,2009.454225,2009.55,2008.545225,50,LONG,-45.449999999993906,-64925.24124999342
cash_ACC,Supertrend,2025-01-07 14:03:00,2025-01-07 14:25:00,2007.9,2008.90395,2008.2,2007.1959000000002,50,LONG,-85.4024999999865,-65010.64374999341
cash_ACC,Supertrend,2025-01-07 14:46:00,2025-01-07 15:29:00,2010.8,2011.8053999999997,2008.3,2007.29585,50,LONG,-225.47749999998814,-65236.1212499934
cash_ACC,Supertrend,2025-01-08 09:15:00,2025-01-08 10:08:00,2028.45,2029.464225,2017.85,2016.841075,50,LONG,-631.1574999999948,-65867.27874999339
cash_ACC,Supertrend,2025-01-08 10:14:00,2025-01-08 10:26:00,2025.5,2026.5127499999999,2018.0,2016.9910000000002,50,LONG,-476.0874999999828,-66343.36624999337
cash_ACC,Supertrend,2025-01-08 11:16:00,2025-01-08 11:41:00,2017.05,2018.058525,2015.25,2014.242375,50,LONG,-190.80749999999398,-66534.17374999337
cash_ACC,Supertrend,2025-01-08 11:56:00,2025-01-08 12:01:00,2016.7,2017.7083499999999,2015.05,2014.042475,50,LONG,-183.29374999999573,-66717.46749999336
cash_ACC,Supertrend,2025-01-08 12:44:00,2025-01-08 12:49:00,2010.65,2011.655325,2006.0,2004.997,50,LONG,-332.91624999999385,-67050.38374999336
cash_ACC,Supertrend,2025-01-08 12:52:00,2025-01-08 13:01:00,2015.25,2016.257625,2009.0,2007.9955000000002,50,LONG,-413.1062499999871,-67463.48999999334
cash_ACC,Supertrend,2025-01-08 13:23:00,2025-01-08 13:37:00,2013.05,2014.0565249999997,2009.4,2008.3953000000001,50,LONG,-283.0612499999802,-67746.55124999332
cash_ACC,Supertrend,2025-01-08 13:43:00,2025-01-08 14:29:00,2013.2,2014.2066,2015.0,2013.9925,50,LONG,-10.704999999995835,-67757.25624999333
cash_ACC,Supertrend,2025-01-09 10:39:00,2025-01-09 10:47:00,1971.0,1971.9855,1965.3,1964.31735,50,LONG,-383.40749999999844,-68140.66374999333
cash_ACC,Supertrend,2025-01-09 11:19:00,2025-01-09 11:56:00,1959.3,1960.27965,1956.15,1955.171925,50,LONG,-255.3862499999923,-68396.04999999332
cash_ACC,Supertrend,2025-01-09 12:09:00,2025-01-09 12:28:00,1961.05,1962.030525,1960.1,1959.11995,50,LONG,-145.52874999999403,-68541.57874999332
cash_ACC,Supertrend,2025-01-09 13:38:00,2025-01-09 14:28:00,1963.55,1964.531775,1967.65,1966.6661750000003,50,LONG,106.72000000001844,-68434.8587499933
cash_ACC,Supertrend,2025-01-09 14:38:00,2025-01-09 14:57:00,1971.05,1972.0355249999998,1974.3,1973.31285,50,LONG,63.866250000012315,-68370.9924999933
cash_ACC,Supertrend,2025-01-10 10:08:00,2025-01-10 10:15:00,1943.55,1944.521775,1934.65,1933.6826750000002,50,LONG,-541.9549999999845,-68912.94749999329
cash_ACC,Supertrend,2025-01-10 10:22:00,2025-01-10 11:27:00,1943.45,1944.421725,1956.9,1955.9215500000003,50,LONG,574.9912500000164,-68337.95624999327
cash_ACC,Supertrend,2025-01-10 11:47:00,2025-01-10 12:08:00,1956.25,1957.2281249999999,1950.75,1949.774625,50,LONG,-372.67499999999245,-68710.63124999325
cash_ACC,Supertrend,2025-01-10 12:15:00,2025-01-10 12:22:00,1954.95,1955.927475,1951.5,1950.5242500000002,50,LONG,-270.16124999998965,-68980.79249999324
cash_ACC,Supertrend,2025-01-10 12:50:00,2025-01-10 13:28:00,1950.05,1951.025025,1946.3,1945.3268500000001,50,LONG,-284.90874999998823,-69265.70124999323
cash_ACC,Supertrend,2025-01-10 14:43:00,2025-01-10 15:01:00,1931.15,1932.115575,1926.3,1925.3368500000001,50,LONG,-338.93624999999474,-69604.63749999323
cash_ACC,Supertrend,2025-01-10 15:12:00,2025-01-10 15:28:00,1933.45,1934.416725,1927.05,1926.086475,50,LONG,-416.5124999999989,-70021.14999999323
cash_ACC,Supertrend,2025-01-13 09:53:00,2025-01-13 10:18:00,1904.0,1904.952,1892.6,1891.6537,50,LONG,-664.9149999999963,-70686.06499999322
cash_ACC,Supertrend,2025-01-13 10:33:00,2025-01-13 10:50:00,1906.0,1906.953,1901.35,1900.399325,50,LONG,-327.68374999999423,-71013.74874999322
cash_ACC,Supertrend,2025-01-13 11:50:00,2025-01-13 12:21:00,1891.95,1892.895975,1891.4,1890.4543,50,LONG,-122.08374999999023,-71135.83249999321
cash_ACC,Supertrend,2025-01-13 12:39:00,2025-01-13 12:51:00,1898.25,1899.1991249999999,1886.2,1885.2569,50,LONG,-697.111249999989,-71832.9437499932
cash_ACC,Supertrend,2025-01-13 14:44:00,2025-01-14 10:19:00,1851.0,1851.9254999999998,1898.05,1897.100975,50,LONG,2258.7737500000117,-69574.16999999319
cash_ACC,Supertrend,2025-01-14 10:34:00,2025-01-14 11:27:00,1905.75,1906.702875,1933.0,1932.0335,50,LONG,1266.5312500000027,-68307.63874999319
cash_ACC,Supertrend,2025-01-14 12:38:00,2025-01-14 13:00:00,1917.7,1918.65885,1917.55,1916.5912250000001,50,LONG,-103.38124999999536,-68411.01999999318
cash_ACC,Supertrend,2025-01-14 13:08:00,2025-01-15 10:03:00,1926.0,1926.963,1960.25,1959.2698750000002,50,LONG,1615.343750000011,-66795.67624999316
cash_ACC,Supertrend,2025-01-15 11:00:00,2025-01-15 11:31:00,1956.05,1957.0280249999998,1956.0,1955.0220000000002,50,LONG,-100.30124999998407,-66895.97749999315
cash_ACC,Supertrend,2025-01-15 11:40:00,2025-01-15 11:57:00,1957.85,1958.8289249999998,1955.05,1954.0724750000002,50,LONG,-237.82249999998157,-67133.79999999313
cash_ACC,Supertrend,2025-01-15 12:27:00,2025-01-15 12:56:00,1956.8,1957.7784,1964.15,1963.1679250000002,50,LONG,269.4762500000138,-66864.32374999313
cash_ACC,Supertrend,2025-01-15 13:40:00,2025-01-15 14:14:00,1952.8,1953.7763999999997,1957.6,1956.6212,50,LONG,142.24000000001524,-66722.08374999311
cash_ACC,Supertrend,2025-01-15 14:33:00,2025-01-16 10:31:00,1959.95,1960.929975,2025.5,2024.4872500000001,50,LONG,3177.863750000006,-63544.2199999931
cash_ACC,Supertrend,2025-01-16 11:23:00,2025-01-16 11:45:00,2014.9,2015.90745,2012.0,2010.9940000000001,50,LONG,-245.6724999999892,-63789.89249999309
cash_ACC,Supertrend,2025-01-16 12:32:00,2025-01-16 13:08:00,1998.35,1999.3491749999998,1995.7,1994.70215,50,LONG,-232.35124999998789,-64022.243749993075
cash_ACC,Supertrend,2025-01-16 14:06:00,2025-01-16 14:15:00,1998.0,1998.9989999999998,1996.75,1995.751625,50,LONG,-162.36874999998463,-64184.61249999306
cash_ACC,Supertrend,2025-01-16 15:25:00,2025-01-17 09:16:00,1989.5,1990.4947499999998,1982.1,1981.10895,50,LONG,-469.2899999999895,-64653.90249999305
cash_ACC,Supertrend,2025-01-17 09:25:00,2025-01-17 09:42:00,1994.65,1995.647325,1986.55,1985.5567250000001,50,LONG,-504.5299999999884,-65158.43249999304
cash_ACC,Supertrend,2025-01-17 09:57:00,2025-01-17 10:15:00,1997.3,1998.29865,1997.85,1996.851075,50,LONG,-72.37874999999576,-65230.811249993036
cash_ACC,Supertrend,2025-01-17 10:30:00,2025-01-17 10:34:00,2002.75,2003.7513749999998,1994.2,1993.2029000000002,50,LONG,-527.4237499999799,-65758.23499999302
cash_ACC,Supertrend,2025-01-17 11:33:00,2025-01-17 11:45:00,1990.0,1990.995,1985.05,1984.057475,50,LONG,-346.87624999999116,-66105.111249993
cash_ACC,Supertrend,2025-01-17 12:02:00,2025-01-17 12:10:00,1988.95,1989.944475,1983.7,1982.7081500000002,50,LONG,-361.8162499999926,-66466.92749999299
cash_ACC,Supertrend,2025-01-17 12:19:00,2025-01-17 12:46:00,1989.5,1990.4947499999998,1985.7,1984.7071500000002,50,LONG,-289.37999999998283,-66756.30749999298
cash_ACC,Supertrend,2025-01-17 13:10:00,2025-01-17 13:14:00,1986.15,1987.143075,1983.35,1982.358325,50,LONG,-239.23750000000155,-66995.54499999298
cash_ACC,Supertrend,2025-01-17 13:55:00,2025-01-17 14:12:00,1983.6,1984.5917999999997,1994.95,1993.9525250000002,50,LONG,468.03625000002285,-66527.50874999297
cash_ACC,Supertrend,2025-01-17 14:27:00,2025-01-17 15:21:00,2004.55,2005.5522749999998,2007.3,2006.29635,50,LONG,37.20375000001468,-66490.30499999295
cash_ACC,Supertrend,2025-01-20 09:46:00,2025-01-20 11:34:00,1989.55,1990.5447749999998,2001.05,2000.049475,50,LONG,475.2350000000092,-66015.06999999293
cash_ACC,Supertrend,2025-01-20 12:39:00,2025-01-20 13:23:00,2004.0,2005.002,2007.05,2006.046475,50,LONG,52.223750000007385,-65962.84624999293
cash_ACC,Supertrend,2025-01-20 14:41:00,2025-01-20 15:03:00,2009.9,2010.9049499999999,2012.5,2011.49375,50,LONG,29.44000000001097,-65933.40624999291
cash_ACC,Supertrend,2025-01-21 09:15:00,2025-01-21 10:07:00,2037.9,2038.91895,2039.15,2038.1304250000003,50,LONG,-39.42624999998543,-65972.8324999929
cash_ACC,Supertrend,2025-01-21 10:49:00,2025-01-21 11:11:00,2031.9,2032.91595,2024.6,2023.5877,50,LONG,-466.4125000000013,-66439.24499999291
cash_ACC,Supertrend,2025-01-21 11:33:00,2025-01-21 12:08:00,2035.95,2036.967975,2038.85,2037.830575,50,LONG,43.12999999999647,-66396.11499999292
cash_ACC,Supertrend,2025-01-21 12:56:00,2025-01-21 13:16:00,2034.1,2035.1170499999998,2031.35,2030.334325,50,LONG,-239.13624999999,-66635.25124999291
cash_ACC,Supertrend,2025-01-21 13:24:00,2025-01-21 13:56:00,2034.35,2035.3671749999999,2033.0,2031.9835,50,LONG,-169.1837499999906,-66804.43499999291
cash_ACC,Supertrend,2025-01-21 14:59:00,2025-01-21 15:24:00,2018.05,2019.0590249999998,2014.0,2012.9930000000002,50,LONG,-303.30124999998134,-67107.73624999289
cash_ACC,Supertrend,2025-01-21 15:29:00,2025-01-22 09:16:00,2022.95,2023.9614749999998,2002.2,2001.1989,50,LONG,-1138.1287499999871,-68245.86499999287
cash_ACC,Supertrend,2025-01-22 09:56:00,2025-01-22 10:39:00,2001.0,2002.0004999999999,2002.15,2001.1489250000002,50,LONG,-42.57874999998421,-68288.44374999286
cash_ACC,Supertrend,2025-01-22 11:55:00,2025-01-22 12:01:00,1996.65,1997.6483249999999,1988.75,1987.755625,50,LONG,-494.63499999999385,-68783.07874999286
cash_ACC,Supertrend,2025-01-22 12:33:00,2025-01-22 12:50:00,1984.55,1985.5422749999998,1977.7,1976.71115,50,LONG,-441.5562499999851,-69224.63499999284
cash_ACC,Supertrend,2025-01-22 13:10:00,2025-01-22 13:25:00,1979.45,1980.439725,1976.0,1975.0120000000002,50,LONG,-271.3862499999891,-69496.02124999283
cash_ACC,Supertrend,2025-01-22 13:50:00,2025-01-23 09:19:00,1976.0,1976.9879999999998,1989.75,1988.7551250000001,50,LONG,588.3562500000153,-68907.66499999282
cash_ACC,Supertrend,2025-01-23 09:38:00,2025-01-23 10:53:00,1995.9,1996.89795,2020.7,2019.6896500000003,50,LONG,1139.585000000011,-67768.07999999281
cash_ACC,Supertrend,2025-01-23 11:32:00,2025-01-23 11:39:00,2027.95,2028.963975,2021.25,2020.239375,50,LONG,-436.2299999999891,-68204.30999999281
cash_ACC,Supertrend,2025-01-23 11:59:00,2025-01-23 12:25:00,2018.0,2019.0089999999998,2015.9,2014.8920500000002,50,LONG,-205.84749999998166,-68410.15749999278
cash_ACC,Supertrend,2025-01-23 12:45:00,2025-01-23 13:01:00,2021.4,2022.4107,2017.1,2016.0914500000001,50,LONG,-315.9624999999892,-68726.11999999278
cash_ACC,Supertrend,2025-01-23 13:08:00,2025-01-23 13:13:00,2020.85,2021.8604249999999,2017.15,2016.1414250000003,50,LONG,-285.9499999999798,-69012.06999999276
cash_ACC,Supertrend,2025-01-23 13:21:00,2025-01-23 13:33:00,2019.55,2020.559775,2014.1,2013.09295,50,LONG,-373.3412499999986,-69385.41124999276
cash_ACC,Supertrend,2025-01-23 13:45:00,2025-01-23 14:15:00,2018.7,2019.7093499999999,2026.5,2025.48675,50,LONG,288.87000000000853,-69096.54124999275
cash_ACC,Supertrend,2025-01-23 14:35:00,2025-01-23 14:49:00,2036.15,2037.168075,2040.75,2039.7296250000002,50,LONG,128.07750000000624,-68968.46374999275
cash_ACC,Supertrend,2025-01-24 09:18:00,2025-01-24 09:49:00,2054.6,2055.6272999999997,2044.2,2043.1779000000001,50,LONG,-622.4699999999757,-69590.93374999272
cash_ACC,Supertrend,2025-01-24 10:11:00,2025-01-24 10:52:00,2045.8,2046.8229,2048.65,2047.6256750000002,50,LONG,40.1387500000169,-69550.79499999271
cash_ACC,Supertrend,2025-01-24 11:16:00,2025-01-24 11:51:00,2053.15,2054.176575,2054.95,2053.922525,50,LONG,-12.702500000000327,-69563.4974999927
cash_ACC,Supertrend,2025-01-24 12:03:00,2025-01-24 12:37:00,2053.2,2054.2265999999995,2049.5,2048.47525,50,LONG,-287.5674999999774,-69851.06499999268
cash_ACC,Supertrend,2025-01-24 13:21:00,2025-01-24 13:43:00,2049.75,2050.774875,2045.05,2044.027475,50,LONG,-337.3699999999985,-70188.43499999268
cash_ACC,Supertrend,2025-01-24 14:02:00,2025-01-24 14:14:00,2049.9,2050.92495,2048.5,2047.47575,50,LONG,-172.46000000000095,-70360.89499999268
cash_ACC,Supertrend,2025-01-24 14:32:00,2025-01-24 15:25:00,2052.0,2053.026,2053.95,2052.923025,50,LONG,-5.148749999989377,-70366.04374999268
cash_ACC,Supertrend,2025-01-27 09:45:00,2025-01-27 10:17:00,2032.9,2033.91645,2029.2,2028.1854,50,LONG,-286.5524999999934,-70652.59624999267
cash_ACC,Supertrend,2025-01-27 10:42:00,2025-01-27 10:53:00,2035.0,2036.0175,2029.95,2028.9350250000002,50,LONG,-354.1237499999852,-71006.71999999265
cash_ACC,Supertrend,2025-01-27 11:20:00,2025-01-27 12:34:00,2042.8,2043.8213999999998,2051.15,2050.1244250000004,50,LONG,315.1512500000308,-70691.56874999263
cash_ACC,Supertrend,2025-01-27 13:33:00,2025-01-27 13:34:00,2056.1,2057.12805,2044.8,2043.7776000000001,50,LONG,-667.5224999999841,-71359.0912499926
cash_ACC,Supertrend,2025-01-27 13:44:00,2025-01-27 14:23:00,2071.25,2072.285625,2033.2,2032.1834000000001,50,LONG,-2005.111249999993,-73364.20249999259
cash_ACC,Supertrend,2025-01-28 09:15:00,2025-01-28 09:26:00,2011.6,2012.6057999999998,2004.0,2002.998,50,LONG,-480.3899999999885,-73844.59249999258
cash_ACC,Supertrend,2025-01-28 09:59:00,2025-01-28 10:14:00,1979.25,1980.239625,1976.25,1975.2618750000001,50,LONG,-248.88749999998936,-74093.47999999256
cash_ACC,Supertrend,2025-01-28 10:41:00,2025-01-28 11:23:00,1983.75,1984.741875,1987.3,1986.30635,50,LONG,78.22375000000648,-74015.25624999256
cash_ACC,Supertrend,2025-01-28 11:41:00,2025-01-28 12:23:00,1992.2,1993.1961,2008.75,2007.745625,50,LONG,727.4762500000065,-73287.77999999255
cash_ACC,Supertrend,2025-01-28 12:42:00,2025-01-28 13:25:00,2015.45,2016.457725,2036.05,2035.031975,50,LONG,928.712500000006,-72359.06749999254
cash_ACC,Supertrend,2025-01-28 13:59:00,2025-01-28 14:46:00,2020.25,2021.2601249999998,2023.45,2022.4382750000002,50,LONG,58.90750000002072,-72300.15999999252
cash_ACC,Supertrend,2025-01-29 09:15:00,2025-01-29 10:21:00,2007.95,2008.953975,2018.05,2017.0409750000001,50,LONG,404.3500000000108,-71895.80999999252
cash_ACC,Supertrend,2025-01-29 11:27:00,2025-01-29 11:52:00,2010.55,2011.555275,2007.0,2005.9965000000002,50,LONG,-277.93874999998707,-72173.7487499925
cash_ACC,Supertrend,2025-01-29 12:23:00,2025-01-29 13:07:00,2008.05,2009.054025,2020.85,2019.839575,50,LONG,539.2775000000029,-71634.47124999251
cash_ACC,Supertrend,2025-01-29 13:31:00,2025-01-29 14:04:00,2034.9,2035.91745,2011.8,2010.7941,50,LONG,-1256.1674999999923,-72890.6387499925
cash_ACC,Supertrend,2025-01-29 14:54:00,2025-01-29 15:19:00,2004.2,2005.2021,1997.95,1996.951025,50,LONG,-412.55374999999503,-73303.1924999925
cash_ACC,Supertrend,2025-01-30 09:36:00,2025-01-30 10:11:00,1988.9,1989.89445,1986.15,1985.1569250000002,50,LONG,-236.8762499999889,-73540.06874999248
cash_ACC,Supertrend,2025-01-30 10:44:00,2025-01-30 10:53:00,1983.95,1984.941975,1975.0,1974.0125,50,LONG,-546.4737499999956,-74086.54249999247
cash_ACC,Supertrend,2025-01-30 11:12:00,2025-01-30 11:56:00,1963.95,1964.931975,1961.05,1960.069475,50,LONG,-243.12499999999773,-74329.66749999247
cash_ACC,Supertrend,2025-01-30 12:05:00,2025-01-30 13:26:00,1968.1,1969.0840499999997,1967.65,1966.6661750000003,50,LONG,-120.89374999997062,-74450.56124999245
cash_ACC,Supertrend,2025-01-30 13:38:00,2025-01-31 09:15:00,1979.95,1980.939975,1986.5,1985.50675,50,LONG,228.33875000000035,-74222.22249999245
cash_ACC,Supertrend,2025-01-31 09:16:00,2025-01-31 09:33:00,1997.75,1998.748875,1997.0,1996.0015,50,LONG,-137.368749999996,-74359.59124999245
cash_ACC,Supertrend,2025-01-31 09:51:00,2025-01-31 10:09:00,2007.6,2008.6037999999999,1994.35,1993.352825,50,LONG,-762.5487499999963,-75122.13999999245
cash_ACC,Supertrend,2025-01-31 10:28:00,2025-01-31 10:41:00,2003.9,2004.90195,1996.95,1995.9515250000002,50,LONG,-447.5212499999884,-75569.66124999244
cash_ACC,Supertrend,2025-01-31 10:58:00,2025-01-31 11:18:00,2001.3,2002.30065,1998.0,1997.0010000000002,50,LONG,-264.98249999998507,-75834.64374999242
cash_ACC,Supertrend,2025-01-31 11:26:00,2025-01-31 11:36:00,2004.2,2005.2021,1997.8,1996.8011000000001,50,LONG,-420.049999999992,-76254.69374999241
cash_ACC,Supertrend,2025-01-31 12:21:00,2025-01-31 13:43:00,1997.95,1998.948975,2006.15,2005.1469250000002,50,LONG,309.89750000001095,-75944.7962499924
cash_ACC,Supertrend,2025-01-31 14:33:00,2025-01-31 14:48:00,2005.45,2006.4527249999999,2005.05,2004.047475,50,LONG,-120.26249999998981,-76065.0587499924
cash_ACC,Supertrend,2025-02-01 09:16:00,2025-02-01 10:05:00,2010.85,2011.8554249999997,2018.35,2017.340825,50,LONG,274.2700000000127,-75790.78874999238
cash_ACC,Supertrend,2025-02-01 10:15:00,2025-02-01 10:51:00,2024.35,2025.3621749999998,2021.5,2020.48925,50,LONG,-243.6462499999834,-76034.43499999237
cash_ACC,Supertrend,2025-02-01 11:34:00,2025-02-01 11:47:00,2021.75,2022.760875,2015.5,2014.49225,50,LONG,-413.43124999999645,-76447.86624999237
cash_ACC,Supertrend,2025-02-01 12:12:00,2025-02-01 12:29:00,2009.95,2010.9549749999999,1997.45,1996.4512750000001,50,LONG,-725.1849999999877,-77173.05124999235
cash_ACC,Supertrend,2025-02-01 13:26:00,2025-02-01 15:16:00,1976.45,1977.4382249999999,1995.05,1994.052475,50,LONG,830.7125000000042,-76342.33874999234
cash_ACC,Supertrend,2025-02-01 15:22:00,2025-02-03 09:15:00,2002.8,2003.8013999999998,1990.0,1989.005,50,LONG,-739.8199999999861,-77082.15874999233
cash_ACC,Supertrend,2025-02-03 10:10:00,2025-02-03 10:27:00,1990.1,1991.09505,1978.0,1977.0110000000002,50,LONG,-704.2024999999853,-77786.36124999232
cash_ACC,Supertrend,2025-02-03 10:46:00,2025-02-03 11:22:00,1986.0,1986.993,1983.2,1982.2084000000002,50,LONG,-239.22999999998638,-78025.5912499923
cash_ACC,Supertrend,2025-02-03 11:48:00,2025-02-03 12:01:00,1982.9,1983.89145,1975.9,1974.9120500000001,50,LONG,-448.96999999999707,-78474.5612499923
cash_ACC,Supertrend,2025-02-03 13:03:00,2025-02-03 13:56:00,1966.1,1967.0830499999997,1966.65,1965.6666750000002,50,LONG,-70.81874999997808,-78545.37999999228
cash_ACC,Supertrend,2025-02-03 14:05:00,2025-02-03 14:31:00,1972.85,1973.8364249999997,1972.45,1971.4637750000002,50,LONG,-118.63249999997834,-78664.01249999226
cash_ACC,Supertrend,2025-02-03 14:36:00,2025-02-03 15:28:00,1978.5,1979.4892499999999,1983.85,1982.858075,50,LONG,168.44125000001213,-78495.57124999224
cash_ACC,Supertrend,2025-02-04 09:15:00,2025-02-04 10:42:00,2012.0,2013.0059999999999,2025.05,2024.037475,50,LONG,551.5737500000114,-77943.99749999223
cash_ACC,Supertrend,2025-02-04 10:55:00,2025-02-04 11:45:00,2031.6,2032.6157999999998,2036.1,2035.08195,50,LONG,123.3075000000099,-77820.68999999222
cash_ACC,Supertrend,2025-02-04 12:46:00,2025-02-04 13:19:00,2036.65,2037.6683249999999,2029.95,2028.9350250000002,50,LONG,-436.66499999998223,-78257.3549999922
cash_ACC,Supertrend,2025-02-04 13:36:00,2025-02-04 14:14:00,2033.05,2034.066525,2027.65,2026.636175,50,LONG,-371.5174999999931,-78628.87249999218
cash_ACC,Supertrend,2025-02-04 14:39:00,2025-02-05 09:17:00,2028.3,2029.31415,2028.0,2026.986,50,LONG,-116.40749999999116,-78745.27999999217
cash_ACC,Supertrend,2025-02-05 09:25:00,2025-02-05 09:55:00,2040.15,2041.170075,2040.6,2039.5797,50,LONG,-79.51874999999973,-78824.79874999217
cash_ACC,Supertrend,2025-02-05 10:23:00,2025-02-05 11:08:00,2040.7,2041.7203499999998,2052.3,2051.2738500000005,50,LONG,477.6750000000334,-78347.12374999214
cash_ACC,Supertrend,2025-02-05 11:18:00,2025-02-05 11:42:00,2059.65,2060.679825,2052.5,2051.47375,50,LONG,-460.30375000000276,-78807.42749999215
cash_ACC,Supertrend,2025-02-05 12:53:00,2025-02-05 14:10:00,2049.05,2050.074525,2055.0,2053.9725000000003,50,LONG,194.89875000001575,-78612.52874999213
cash_ACC,Supertrend,2025-02-05 14:31:00,2025-02-05 14:45:00,2055.4,2056.4277,2054.1,2053.07295,50,LONG,-167.73749999999836,-78780.26624999213
cash_ACC,Supertrend,2025-02-06 09:16:00,2025-02-06 09:21:00,2053.5,2054.52675,2042.9,2041.8785500000001,50,LONG,-632.409999999993,-79412.67624999212
cash_ACC,Supertrend,2025-02-06 10:06:00,2025-02-06 10:34:00,2022.1,2023.1110499999998,2018.0,2016.9910000000002,50,LONG,-306.00249999997686,-79718.67874999209
cash_ACC,Supertrend,2025-02-06 11:13:00,2025-02-06 11:44:00,2014.0,2015.0069999999998,2004.25,2003.247875,50,LONG,-587.9562499999906,-80306.63499999208
cash_ACC,Supertrend,2025-02-06 12:25:00,2025-02-06 12:34:00,2000.85,2001.8504249999999,1995.1,1994.10245,50,LONG,-387.39874999998847,-80694.03374999207
cash_ACC,Supertrend,2025-02-06 13:31:00,2025-02-06 13:37:00,1997.5,1998.49875,1994.0,1993.0030000000002,50,LONG,-274.7874999999908,-80968.82124999206
cash_ACC,Supertrend,2025-02-06 14:01:00,2025-02-06 14:13:00,1991.4,1992.3957,1988.5,1987.50575,50,LONG,-244.49749999999995,-81213.31874999206
cash_ACC,Supertrend,2025-02-06 14:28:00,2025-02-06 15:12:00,1994.7,1995.69735,1994.25,1993.2528750000001,50,LONG,-122.2237499999892,-81335.54249999205
cash_ACC,Supertrend,2025-02-06 15:27:00,2025-02-07 09:49:00,1997.65,1998.648825,1993.5,1992.5032500000002,50,LONG,-307.27874999998903,-81642.82124999203
cash_ACC,Supertrend,2025-02-07 10:09:00,2025-02-07 10:18:00,1993.65,1994.646825,1980.45,1979.4597750000003,50,LONG,-759.3524999999886,-82402.17374999203
cash_ACC,Supertrend,2025-02-07 10:40:00,2025-02-07 11:39:00,1987.5,1988.4937499999999,2010.25,2009.244875,50,LONG,1037.5562500000115,-81364.61749999202
cash_ACC,Supertrend,2025-02-07 12:31:00,2025-02-07 13:00:00,1996.0,1996.9979999999998,1998.65,1997.650675,50,LONG,32.633750000013606,-81331.98374999201
cash_ACC,Supertrend,2025-02-07 13:20:00,2025-02-07 13:51:00,2003.95,2004.951975,2000.05,1999.0499750000001,50,LONG,-295.0999999999908,-81627.083749992
cash_ACC,Supertrend,2025-02-07 14:36:00,2025-02-07 14:45:00,1988.9,1989.89445,1985.0,1984.0075000000002,50,LONG,-294.3474999999921,-81921.43124999199
cash_ACC,Supertrend,2025-02-07 14:52:00,2025-02-07 15:18:00,1992.6,1993.5962999999997,1996.8,1995.8016,50,LONG,110.26500000001533,-81811.16624999198
cash_ACC,Supertrend,2025-02-10 09:15:00,2025-02-10 09:16:00,2003.15,2004.151575,1993.7,1992.70315,50,LONG,-572.4212500000021,-82383.58749999198
cash_ACC,Supertrend,2025-02-10 09:56:00,2025-02-10 10:07:00,1990.0,1990.995,1979.0,1978.0105,50,LONG,-649.2249999999899,-83032.81249999197
cash_ACC,Supertrend,2025-02-10 10:28:00,2025-02-10 10:45:00,1981.15,1982.140575,1974.1,1973.11295,50,LONG,-451.3812499999972,-83484.19374999196
cash_ACC,Supertrend,2025-02-10 12:22:00,2025-02-10 13:19:00,1964.9,1965.88245,1966.0,1965.017,50,LONG,-43.27250000000049,-83527.46624999197
cash_ACC,Supertrend,2025-02-10 13:48:00,2025-02-10 13:59:00,1967.0,1967.9834999999998,1964.7,1963.71765,50,LONG,-213.29249999998865,-83740.75874999195
cash_ACC,Supertrend,2025-02-10 14:33:00,2025-02-10 15:16:00,1964.0,1964.982,1961.15,1960.1694250000003,50,LONG,-240.62874999998485,-83981.38749999194
cash_ACC,Supertrend,2025-02-11 09:17:00,2025-02-11 09:21:00,1965.0,1965.9824999999998,1946.2,1945.2269000000001,50,LONG,-1037.7799999999866,-85019.16749999192
cash_ACC,Supertrend,2025-02-11 09:36:00,2025-02-11 09:49:00,1955.8,1956.7778999999998,1950.5,1949.52475,50,LONG,-362.6574999999889,-85381.8249999919
cash_ACC,Supertrend,2025-02-11 10:03:00,2025-02-11 10:17:00,1958.0,1958.9789999999998,1946.35,1945.376825,50,LONG,-680.108749999988,-86061.93374999189
cash_ACC,Supertrend,2025-02-11 10:25:00,2025-02-11 10:46:00,1951.5,1952.4757499999998,1941.85,1940.879075,50,LONG,-579.8337499999889,-86641.76749999188
cash_ACC,Supertrend,2025-02-11 10:59:00,2025-02-11 11:26:00,1948.75,1949.7243749999998,1943.45,1942.4782750000002,50,LONG,-362.30499999998074,-87004.07249999186
cash_ACC,Supertrend,2025-02-11 11:42:00,2025-02-11 12:19:00,1948.2,1949.1741,1955.6,1954.6222,50,LONG,272.4050000000034,-86731.66749999186
cash_ACC,Supertrend,2025-02-11 13:17:00,2025-02-11 14:03:00,1937.2,1938.1686,1932.45,1931.4837750000002,50,LONG,-334.24124999999094,-87065.90874999185
cash_ACC,Supertrend,2025-02-11 14:12:00,2025-02-11 14:30:00,1935.25,1936.217625,1928.35,1927.385825,50,LONG,-441.5899999999965,-87507.49874999185
cash_ACC,Supertrend,2025-02-11 14:45:00,2025-02-11 14:58:00,1934.15,1935.1170749999999,1935.05,1934.0824750000002,50,LONG,-51.729999999986376,-87559.22874999183
cash_ACC,Supertrend,2025-02-12 09:17:00,2025-02-12 09:24:00,1939.0,1939.9695,1925.65,1924.6871750000003,50,LONG,-764.1162499999837,-88323.34499999181
cash_ACC,Supertrend,2025-02-12 10:23:00,2025-02-12 11:35:00,1884.85,1885.7924249999999,1915.85,1914.892075,50,LONG,1454.9825000000055,-86868.36249999181
cash_ACC,Supertrend,2025-02-12 11:43:00,2025-02-12 12:23:00,1928.1,1929.0640499999997,1924.6,1923.6377,50,LONG,-271.31749999998647,-87139.6799999918
cash_ACC,Supertrend,2025-02-12 12:32:00,2025-02-12 13:34:00,1932.55,1933.516275,1939.5,1938.53025,50,LONG,250.69875000000366,-86888.98124999179
cash_ACC,Supertrend,2025-02-12 14:42:00,2025-02-13 09:57:00,1923.3,1924.26165,1947.75,1946.776125,50,LONG,1125.7237500000087,-85763.25749999179
cash_ACC,Supertrend,2025-02-13 10:07:00,2025-02-13 10:09:00,1953.7,1954.6768499999998,1947.7,1946.7261500000002,50,LONG,-397.5349999999821,-86160.79249999177
cash_ACC,Supertrend,2025-02-13 11:32:00,2025-02-13 11:48:00,1942.15,1943.121075,1940.6,1939.6297,50,LONG,-174.5687500000031,-86335.36124999178
cash_ACC,Supertrend,2025-02-13 11:51:00,2025-02-13 12:09:00,1945.0,1945.9724999999999,1940.6,1939.6297,50,LONG,-317.13999999999487,-86652.50124999178
cash_ACC,Supertrend,2025-02-13 12:19:00,2025-02-13 12:37:00,1939.75,1940.719875,1937.15,1936.1814250000002,50,LONG,-226.9224999999892,-86879.42374999177
cash_ACC,Supertrend,2025-02-13 13:05:00,2025-02-13 13:14:00,1937.0,1937.9685,1934.8,1933.8326,50,LONG,-206.79499999999962,-87086.21874999176
cash_ACC,Supertrend,2025-02-13 13:57:00,2025-02-13 14:13:00,1926.3,1927.2631499999998,1921.7,1920.73915,50,LONG,-326.199999999983,-87412.41874999175
cash_ACC,Supertrend,2025-02-14 09:15:00,2025-02-14 09:20:00,1925.75,1926.712875,1913.05,1912.0934750000001,50,LONG,-730.9699999999907,-88143.38874999173
cash_ACC,Supertrend,2025-02-14 09:38:00,2025-02-14 10:13:00,1905.25,1906.202625,1891.55,1890.604225,50,LONG,-779.9199999999928,-88923.30874999173
cash_ACC,Supertrend,2025-02-14 11:12:00,2025-02-14 12:01:00,1887.15,1888.0935749999999,1881.0,1880.0595,50,LONG,-401.7037499999901,-89325.01249999172
cash_ACC,Supertrend,2025-02-14 12:27:00,2025-02-14 12:42:00,1876.7,1877.63835,1870.05,1869.114975,50,LONG,-426.16874999999936,-89751.18124999171
cash_ACC,Supertrend,2025-02-14 13:16:00,2025-02-14 13:48:00,1867.0,1867.9334999999999,1866.9,1865.96655,50,LONG,-98.34749999998849,-89849.5287499917
cash_ACC,Supertrend,2025-02-14 14:15:00,2025-02-14 14:47:00,1865.15,1866.082575,1878.75,1877.810625,50,LONG,586.4025000000083,-89263.12624999169
cash_ACC,Supertrend,2025-02-17 09:18:00,2025-02-17 10:02:00,1862.15,1863.081075,1861.2,1860.2694000000001,50,LONG,-140.58374999999614,-89403.70999999168
cash_ACC,Supertrend,2025-02-17 10:29:00,2025-02-17 11:04:00,1877.9,1878.83895,1878.1,1877.16095,50,LONG,-83.90000000000555,-89487.60999999169
cash_ACC,Supertrend,2025-02-17 11:28:00,2025-02-17 13:14:00,1879.5,1880.43975,1890.4,1889.4548000000002,50,LONG,450.75250000001006,-89036.85749999167
cash_ACC,Supertrend,2025-02-17 13:24:00,2025-02-17 13:53:00,1897.3,1898.2486499999998,1896.5,1895.55175,50,LONG,-134.84499999998434,-89171.70249999166
cash_ACC,Supertrend,2025-02-17 14:01:00,2025-02-17 14:08:00,1901.9,1902.85095,1895.05,1894.1024750000001,50,LONG,-437.42374999999356,-89609.12624999165
cash_ACC,Supertrend,2025-02-17 14:23:00,2025-02-17 15:18:00,1903.25,1904.201625,1906.35,1905.396825,50,LONG,59.760000000005675,-89549.36624999164
cash_ACC,Supertrend,2025-02-17 15:29:00,2025-02-18 09:15:00,1915.0,1915.9575,1896.95,1896.0015250000001,50,LONG,-997.7987499999927,-90547.16499999163
cash_ACC,Supertrend,2025-02-18 09:57:00,2025-02-18 10:11:00,1843.0,1843.9215,1833.2,1832.2834000000003,50,LONG,-581.9049999999834,-91129.06999999161
cash_ACC,Supertrend,2025-02-18 10:44:00,2025-02-18 11:05:00,1839.2,1840.1196,1847.9,1846.9760500000002,50,LONG,342.82250000001113,-90786.2474999916
cash_ACC,Supertrend,2025-02-18 11:19:00,2025-02-18 11:51:00,1847.9,1848.82395,1842.2,1841.2789000000002,50,LONG,-377.25249999998596,-91163.49999999159
cash_ACC,Supertrend,2025-02-18 12:03:00,2025-02-18 12:40:00,1849.3,1850.2246499999999,1846.1,1845.17695,50,LONG,-252.3849999999925,-91415.88499999158
cash_ACC,Supertrend,2025-02-18 12:46:00,2025-02-18 12:55:00,1849.0,1849.9244999999999,1842.05,1841.128975,50,LONG,-439.7762499999885,-91855.66124999158
cash_ACC,Supertrend,2025-02-18 13:03:00,2025-02-18 14:56:00,1852.4,1853.3262,1872.8,1871.8636000000001,50,LONG,926.8700000000081,-90928.79124999157
cash_ACC,Supertrend,2025-02-18 15:10:00,2025-02-18 15:27:00,1884.95,1885.8924749999999,1877.6,1876.6612,50,LONG,-461.56374999999343,-91390.35499999156
cash_ACC,Supertrend,2025-02-19 09:19:00,2025-02-19 10:34:00,1886.15,1887.093075,1897.7,1896.75115,50,LONG,482.9037500000027,-90907.45124999156
cash_ACC,Supertrend,2025-02-19 11:03:00,2025-02-19 11:08:00,1896.0,1896.9479999999999,1886.55,1885.606725,50,LONG,-567.0637499999884,-91474.51499999154
cash_ACC,Supertrend,2025-02-19 11:33:00,2025-02-19 11:54:00,1888.05,1888.9940249999997,1876.25,1875.311875,50,LONG,-684.1074999999819,-92158.62249999153
cash_ACC,Supertrend,2025-02-19 12:16:00,2025-02-19 12:25:00,1882.25,1883.1911249999998,1874.3,1873.36285,50,LONG,-491.41374999999243,-92650.03624999152
cash_ACC,Supertrend,2025-02-19 13:36:00,2025-02-19 13:45:00,1868.2,1869.1341,1863.75,1862.818125,50,LONG,-315.798749999999,-92965.83499999152
cash_ACC,Supertrend,2025-02-19 14:01:00,2025-02-19 14:29:00,1865.0,1865.9325,1861.0,1860.0695,50,LONG,-293.14999999999145,-93258.98499999152
cash_ACC,Supertrend,2025-02-19 14:47:00,2025-02-20 09:18:00,1865.9,1866.83295,1862.7,1861.7686500000002,50,LONG,-253.21499999998878,-93512.1999999915
cash_ACC,Supertrend,2025-02-20 09:33:00,2025-02-20 09:50:00,1869.0,1869.9344999999998,1864.3,1863.36785,50,LONG,-328.3324999999877,-93840.53249999149
cash_ACC,Supertrend,2025-02-20 10:10:00,2025-02-20 12:07:00,1872.35,1873.2861749999997,1881.05,1880.109475,50,LONG,341.16500000001224,-93499.36749999148
cash_ACC,Supertrend,2025-02-20 13:42:00,2025-02-20 14:54:00,1875.45,1876.387725,1883.25,1882.308375,50,LONG,296.03250000000116,-93203.33499999148
cash_ACC,Supertrend,2025-02-20 15:14:00,2025-02-20 15:21:00,1889.2,1890.1445999999999,1884.75,1883.8076250000001,50,LONG,-316.84874999998556,-93520.18374999147
cash_ACC,Supertrend,2025-02-21 09:15:00,2025-02-21 09:40:00,1890.0,1890.945,1883.2,1882.2584000000002,50,LONG,-434.32999999998856,-93954.51374999146
cash_ACC,Supertrend,2025-02-21 10:57:00,2025-02-21 11:07:00,1877.45,1878.388725,1873.5,1872.5632500000002,50,LONG,-291.27374999999347,-94245.78749999145
cash_ACC,Supertrend,2025-02-21 11:33:00,2025-02-21 11:48:00,1873.95,1874.886975,1873.45,1872.5132750000002,50,LONG,-118.68499999998221,-94364.47249999143
cash_ACC,Supertrend,2025-02-21 12:01:00,2025-02-21 13:00:00,1876.05,1876.9880249999999,1881.15,1880.2094250000002,50,LONG,161.0700000000179,-94203.40249999141
cash_ACC,Supertrend,2025-02-21 13:45:00,2025-02-21 14:26:00,1882.9,1883.84145,1881.7,1880.75915,50,LONG,-154.11499999999023,-94357.5174999914
cash_ACC,Supertrend,2025-02-21 14:47:00,2025-02-21 15:16:00,1884.95,1885.8924749999999,1881.0,1880.0595,50,LONG,-291.6487499999903,-94649.1662499914
cash_ACC,Supertrend,2025-02-24 10:35:00,2025-02-24 11:57:00,1868.7,1869.63435,1879.25,1878.310375,50,LONG,433.8012499999991,-94215.36499999139
cash_ACC,Supertrend,2025-02-24 12:59:00,2025-02-24 13:17:00,1867.1,1868.0335499999999,1864.55,1863.617725,50,LONG,-220.79124999999067,-94436.15624999139
cash_ACC,Supertrend,2025-02-24 13:30:00,2025-02-24 13:38:00,1863.9,1864.83195,1855.0,1854.0725,50,LONG,-537.9725000000008,-94974.12874999139
cash_ACC,Supertrend,2025-02-24 14:29:00,2025-02-24 15:18:00,1852.45,1853.376225,1850.3,1849.3748500000002,50,LONG,-200.06874999999127,-95174.19749999138
cash_ACC,Supertrend,2025-02-25 09:15:00,2025-02-25 09:21:00,1855.15,1856.077575,1846.5,1845.5767500000002,50,LONG,-525.0412499999925,-95699.23874999137
cash_ACC,Supertrend,2025-02-25 09:34:00,2025-02-25 09:59:00,1851.25,1852.1756249999999,1850.5,1849.57475,50,LONG,-130.043749999993,-95829.28249999137
cash_ACC,Supertrend,2025-02-25 11:42:00,2025-02-25 11:51:00,1840.85,1841.7704249999997,1838.1,1837.18095,50,LONG,-229.47374999998829,-96058.75624999136
cash_ACC,Supertrend,2025-02-25 12:09:00,2025-02-25 13:23:00,1839.5,1840.4197499999998,1840.85,1839.929575,50,LONG,-24.508749999984047,-96083.26499999134
cash_ACC,Supertrend,2025-02-25 13:35:00,2025-02-25 14:06:00,1845.3,1846.22265,1842.9,1841.9785500000003,50,LONG,-212.2049999999831,-96295.46999999133
cash_ACC,Supertrend,2025-02-27 10:13:00,2025-02-27 11:15:00,1817.8,1818.7088999999999,1821.0,1820.0895,50,LONG,69.0300000000093,-96226.43999999131
cash_ACC,Supertrend,2025-02-27 11:32:00,2025-02-27 11:54:00,1821.1,1822.0105499999997,1822.7,1821.7886500000002,50,LONG,-11.094999999977517,-96237.53499999129
cash_ACC,Supertrend,2025-02-27 12:02:00,2025-02-27 12:10:00,1828.75,1829.6643749999998,1820.0,1819.0900000000001,50,LONG,-528.7187499999845,-96766.25374999127
cash_ACC,Supertrend,2025-02-27 13:17:00,2025-02-27 13:38:00,1821.65,1822.560825,1818.0,1817.0910000000001,50,LONG,-273.49124999999503,-97039.74499999126
cash_ACC,Supertrend,2025-02-27 14:32:00,2025-02-27 14:39:00,1820.3,1821.2101499999999,1816.15,1815.2419250000003,50,LONG,-298.411249999981,-97338.15624999124
cash_ACC,Supertrend,2025-02-27 14:51:00,2025-02-27 15:16:00,1821.75,1822.6608749999998,1822.0,1821.0890000000002,50,LONG,-78.59374999998181,-97416.74999999123
cash_ACC,Supertrend,2025-02-28 09:21:00,2025-02-28 09:30:00,1817.35,1818.2586749999998,1802.15,1801.248925,50,LONG,-850.4874999999856,-98267.23749999121
cash_ACC,Supertrend,2025-02-28 09:47:00,2025-02-28 10:02:00,1809.0,1809.9044999999999,1799.1,1798.20045,50,LONG,-585.2024999999912,-98852.4399999912
cash_ACC,Supertrend,2025-02-28 10:14:00,2025-02-28 10:49:00,1805.75,1806.652875,1806.8,1805.8966,50,LONG,-37.81374999999798,-98890.2537499912
cash_ACC,Supertrend,2025-02-28 11:21:00,2025-02-28 11:43:00,1809.45,1810.354725,1805.55,1804.6472250000002,50,LONG,-285.3749999999877,-99175.62874999119
cash_ACC,Supertrend,2025-02-28 12:16:00,2025-02-28 12:24:00,1809.4,1810.3047,1806.0,1805.0970000000002,50,LONG,-260.3849999999852,-99436.01374999117
cash_ACC,Supertrend,2025-02-28 12:29:00,2025-02-28 12:32:00,1811.6,1812.5058,1806.15,1805.2469250000001,50,LONG,-362.9437499999881,-99798.95749999116
cash_ACC,Supertrend,2025-02-28 13:07:00,2025-03-03 09:21:00,1807.2,1808.1036,1824.9,1823.9875500000003,50,LONG,794.1975000000184,-99004.75999999113
cash_ACC,Supertrend,2025-03-03 10:28:00,2025-03-03 10:40:00,1798.15,1799.049075,1786.0,1785.1070000000002,50,LONG,-697.1037499999852,-99701.86374999111
cash_ACC,Supertrend,2025-03-03 10:57:00,2025-03-03 12:02:00,1788.95,1789.8444749999999,1790.7,1789.80465,50,LONG,-1.991249999991851,-99703.8549999911
cash_ACC,Supertrend,2025-03-03 12:14:00,2025-03-03 13:08:00,1800.0,1800.8999999999999,1810.0,1809.095,50,LONG,409.7500000000082,-99294.10499999109
cash_ACC,Supertrend,2025-03-03 13:16:00,2025-03-03 13:28:00,1818.1,1819.00905,1813.65,1812.7431750000003,50,LONG,-313.2937499999798,-99607.39874999107
cash_ACC,Supertrend,2025-03-03 14:12:00,2025-03-03 15:20:00,1812.55,1813.4562749999998,1821.9,1820.9890500000001,50,LONG,376.6387500000178,-99230.75999999106
cash_ACC,Supertrend,2025-03-04 09:22:00,2025-03-04 10:09:00,1819.9,1820.80995,1824.6,1823.6877,50,LONG,143.8874999999939,-99086.87249999106
cash_ACC,Supertrend,2025-03-04 10:55:00,2025-03-04 11:10:00,1829.2,1830.1145999999999,1827.4,1826.4863000000003,50,LONG,-181.41499999998132,-99268.28749999104
cash_ACC,Supertrend,2025-03-04 12:31:00,2025-03-04 12:54:00,1819.2,1820.1096,1813.1,1812.19345,50,LONG,-395.8075000000008,-99664.09499999104
cash_ACC,Supertrend,2025-03-04 13:51:00,2025-03-04 15:28:00,1815.25,1816.1576249999998,1826.3,1825.38685,50,LONG,461.4612500000135,-99202.63374999103
cash_ACC,Supertrend,2025-03-05 09:18:00,2025-03-05 10:05:00,1835.0,1835.9174999999998,1830.7,1829.78465,50,LONG,-306.64249999998674,-99509.27624999102
cash_ACC,Supertrend,2025-03-05 10:29:00,2025-03-05 11:09:00,1834.7,1835.61735,1845.55,1844.627225,50,LONG,450.4937499999983,-99058.78249999102
cash_ACC,Supertrend,2025-03-05 11:36:00,2025-03-05 11:49:00,1853.7,1854.6268499999999,1848.4,1847.4758000000002,50,LONG,-357.5524999999857,-99416.33499999101
cash_ACC,Supertrend,2025-03-05 12:31:00,2025-03-05 12:51:00,1851.8,1852.7259,1847.35,1846.426325,50,LONG,-314.9787500000002,-99731.31374999101
cash_ACC,Supertrend,2025-03-05 13:17:00,2025-03-05 13:40:00,1847.8,1848.7239,1841.45,1840.529275,50,LONG,-409.731249999993,-100141.044999991
cash_ACC,Supertrend,2025-03-05 13:52:00,2025-03-06 09:32:00,1845.55,1846.472775,1858.3,1857.37085,50,LONG,544.9037500000031,-99596.14124999101
cash_ACC,Supertrend,2025-03-06 09:38:00,2025-03-06 10:02:00,1870.95,1871.885475,1861.7,1860.76915,50,LONG,-555.816249999998,-100151.95749999101
cash_ACC,Supertrend,2025-03-06 10:27:00,2025-03-06 10:54:00,1870.0,1870.935,1865.75,1864.817125,50,LONG,-305.89374999999563,-100457.85124999101
cash_ACC,Supertrend,2025-03-06 11:06:00,2025-03-06 11:27:00,1875.0,1875.9375,1869.8,1868.8651,50,LONG,-353.6200000000008,-100811.47124999101
cash_ACC,Supertrend,2025-03-06 12:30:00,2025-03-06 12:45:00,1868.9,1869.83445,1865.95,1865.017025,50,LONG,-240.87124999999787,-101052.342499991
cash_ACC,Supertrend,2025-03-06 12:52:00,2025-03-06 12:59:00,1871.0,1871.9354999999998,1867.4,1866.4663000000003,50,LONG,-273.4599999999773,-101325.80249999098
cash_ACC,Supertrend,2025-03-06 13:16:00,2025-03-06 13:29:00,1871.3,1872.2356499999999,1869.3,1868.36535,50,LONG,-193.51499999999078,-101519.31749999097
cash_ACC,Supertrend,2025-03-06 14:03:00,2025-03-06 14:49:00,1869.7,1870.63485,1872.15,1871.2139250000002,50,LONG,28.9537500000165,-101490.36374999095
cash_ACC,Supertrend,2025-03-06 15:07:00,2025-03-06 15:19:00,1873.9,1874.83695,1869.0,1868.0655000000002,50,LONG,-338.5724999999866,-101828.93624999093
cash_ACC,Supertrend,2025-03-07 09:16:00,2025-03-07 09:23:00,1872.2,1873.1361,1867.6,1866.6662000000001,50,LONG,-323.49499999999125,-102152.43124999093
cash_ACC,Supertrend,2025-03-07 10:05:00,2025-03-07 11:12:00,1870.9,1871.83545,1873.95,1873.0130250000002,50,LONG,58.87875000000804,-102093.55249999092
cash_ACC,Supertrend,2025-03-07 11:38:00,2025-03-07 11:45:00,1877.0,1877.9385,1870.65,1869.7146750000002,50,LONG,-411.1912499999903,-102504.74374999091
cash_ACC,Supertrend,2025-03-07 11:55:00,2025-03-07 12:11:00,1871.3,1872.2356499999999,1864.65,1863.717675,50,LONG,-425.89874999998756,-102930.6424999909
cash_ACC,Supertrend,2025-03-07 12:18:00,2025-03-07 13:52:00,1867.25,1868.183625,1872.0,1871.064,50,LONG,144.01875000000928,-102786.6237499909
cash_ACC,Supertrend,2025-03-07 14:16:00,2025-03-07 15:16:00,1876.0,1876.9379999999999,1884.5,1883.5577500000002,50,LONG,330.98750000001473,-102455.63624999089
cash_ACC,Supertrend,2025-03-07 15:29:00,2025-03-10 09:16:00,1887.0,1887.9434999999999,1873.25,1872.3133750000002,50,LONG,-781.506249999984,-103237.14249999088
cash_ACC,Supertrend,2025-03-10 09:23:00,2025-03-10 10:03:00,1885.2,1886.1426,1903.3,1902.34835,50,LONG,810.287500000004,-102426.85499999087
cash_ACC,Supertrend,2025-03-10 11:35:00,2025-03-10 11:50:00,1897.7,1898.64885,1891.7,1890.7541500000002,50,LONG,-394.7349999999915,-102821.58999999086
cash_ACC,Supertrend,2025-03-10 13:06:00,2025-03-10 13:19:00,1883.65,1884.591825,1879.1,1878.16045,50,LONG,-321.56874999999445,-103143.15874999085
cash_ACC,Supertrend,2025-03-10 14:11:00,2025-03-10 14:21:00,1873.2,1874.1366,1869.55,1868.615225,50,LONG,-276.0687500000017,-103419.22749999085
cash_ACC,Supertrend,2025-03-10 15:01:00,2025-03-10 15:15:00,1867.25,1868.183625,1858.2,1857.2709000000002,50,LONG,-545.6362499999841,-103964.86374999084
cash_ACC,Supertrend,2025-03-11 09:17:00,2025-03-11 11:22:00,1857.75,1858.6788749999998,1882.0,1881.0590000000002,50,LONG,1119.006250000018,-102845.85749999082
cash_ACC,Supertrend,2025-03-11 11:49:00,2025-03-11 12:22:00,1888.0,1888.944,1882.0,1881.0590000000002,50,LONG,-394.2499999999882,-103240.1074999908
cash_ACC,Supertrend,2025-03-11 13:53:00,2025-03-11 15:20:00,1876.15,1877.088075,1877.0,1876.0615,50,LONG,-51.328749999993306,-103291.4362499908
cash_ACC,Supertrend,2025-03-11 15:25:00,2025-03-12 09:22:00,1879.65,1880.589825,1873.9,1872.9630500000003,50,LONG,-381.33874999998625,-103672.77499999078
cash_ACC,Supertrend,2025-03-12 11:23:00,2025-03-12 11:30:00,1838.15,1839.0690749999999,1829.15,1828.2354250000003,50,LONG,-541.682499999979,-104214.45749999076
cash_ACC,Supertrend,2025-03-12 11:55:00,2025-03-12 12:18:00,1836.8,1837.7183999999997,1832.0,1831.084,50,LONG,-331.71999999998434,-104546.17749999075
cash_ACC,Supertrend,2025-03-12 12:21:00,2025-03-12 12:39:00,1838.3,1839.21915,1832.5,1831.58375,50,LONG,-381.7699999999945,-104927.94749999074
cash_ACC,Supertrend,2025-03-12 12:51:00,2025-03-12 13:34:00,1838.05,1838.9690249999999,1854.65,1853.7226750000002,50,LONG,737.6825000000167,-104190.26499999073
cash_ACC,Supertrend,2025-03-12 14:06:00,2025-03-12 15:26:00,1855.0,1855.9275,1861.0,1860.0695,50,LONG,207.10000000000264,-103983.16499999072
cash_ACC,Supertrend,2025-03-13 09:15:00,2025-03-13 09:34:00,1871.0,1871.9354999999998,1854.7,1853.77265,50,LONG,-908.1424999999854,-104891.30749999071
cash_ACC,Supertrend,2025-03-13 10:15:00,2025-03-13 10:39:00,1858.3,1859.22915,1856.25,1855.321875,50,LONG,-195.36374999998998,-105086.6712499907
cash_ACC,Supertrend,2025-03-13 10:53:00,2025-03-13 11:01:00,1857.3,1858.2286499999998,1850.55,1849.6247250000001,50,LONG,-430.19624999998314,-105516.86749999068
cash_ACC,Supertrend,2025-03-13 11:09:00,2025-03-13 11:29:00,1857.3,1858.2286499999998,1855.05,1854.1224750000001,50,LONG,-205.30874999998332,-105722.17624999066
cash_ACC,Supertrend,2025-03-13 11:34:00,2025-03-13 11:39:00,1861.9,1862.83095,1856.3,1855.37185,50,LONG,-372.95500000000175,-106095.13124999066
cash_ACC,Supertrend,2025-03-13 12:02:00,2025-03-13 12:31:00,1860.65,1861.580325,1855.75,1854.8221250000001,50,LONG,-337.90999999998803,-106433.04124999065
cash_ACC,Supertrend,2025-03-13 12:46:00,2025-03-13 13:43:00,1858.95,1859.879475,1858.05,1857.120975,50,LONG,-137.92499999999563,-106570.96624999066
cash_ACC,Supertrend,2025-03-13 14:00:00,2025-03-13 14:21:00,1857.8,1858.7288999999998,1856.0,1855.0720000000001,50,LONG,-182.84499999998616,-106753.81124999064
cash_ACC,Supertrend,2025-03-13 14:26:00,2025-03-13 14:59:00,1858.9,1859.82945,1856.4,1855.4718000000003,50,LONG,-217.8824999999847,-106971.69374999062
cash_ACC,Supertrend,2025-03-13 15:22:00,2025-03-17 10:16:00,1856.5,1857.42825,1871.7,1870.7641500000002,50,LONG,666.7950000000133,-106304.8987499906
cash_ACC,Supertrend,2025-03-17 10:46:00,2025-03-17 11:06:00,1873.7,1874.6368499999999,1872.3,1871.36385,50,LONG,-163.64999999999554,-106468.5487499906
cash_ACC,Supertrend,2025-03-17 11:38:00,2025-03-17 11:53:00,1874.25,1875.187125,1870.2,1869.2649000000001,50,LONG,-296.1112499999899,-106764.65999999059
cash_ACC,Supertrend,2025-03-17 12:29:00,2025-03-17 13:47:00,1869.9,1870.83495,1872.95,1872.013525,50,LONG,58.92875000000686,-106705.73124999058
cash_ACC,Supertrend,2025-03-17 13:56:00,2025-03-18 10:23:00,1875.2,1876.1376,1897.3,1896.3513500000001,50,LONG,1010.6875000000059,-105695.04374999058
cash_ACC,Supertrend,2025-03-18 11:34:00,2025-03-18 11:38:00,1897.0,1897.9485,1893.05,1892.1034750000001,50,LONG,-292.2512499999925,-105987.29499999057
cash_ACC,Supertrend,2025-03-18 13:40:00,2025-03-18 14:19:00,1881.5,1882.44075,1878.0,1877.0610000000001,50,LONG,-268.98749999999154,-106256.28249999056
cash_ACC,Supertrend,2025-03-18 15:09:00,2025-03-18 15:21:00,1881.45,1882.390725,1877.95,1877.0110250000002,50,LONG,-268.9849999999865,-106525.26749999054
cash_ACC,Supertrend,2025-03-19 09:15:00,2025-03-19 09:21:00,1887.65,1888.593825,1889.5,1888.5552500000001,50,LONG,-1.9287499999904867,-106527.19624999053
cash_ACC,Supertrend,2025-03-19 09:30:00,2025-03-19 10:28:00,1894.7,1895.64735,1897.65,1896.7011750000001,50,LONG,52.691250000009404,-106474.50499999053
cash_ACC,Supertrend,2025-03-19 10:35:00,2025-03-19 11:00:00,1903.0,1903.9515,1898.85,1897.9005750000001,50,LONG,-302.54624999998896,-106777.05124999052
cash_ACC,Supertrend,2025-03-19 11:34:00,2025-03-19 11:58:00,1900.0,1900.9499999999998,1896.05,1895.101975,50,LONG,-292.401249999989,-107069.45249999051
cash_ACC,Supertrend,2025-03-19 12:11:00,2025-03-19 12:44:00,1899.65,1900.599825,1897.65,1896.7011750000001,50,LONG,-194.93249999999307,-107264.3849999905
cash_ACC,Supertrend,2025-03-19 12:54:00,2025-03-19 13:05:00,1902.35,1903.3011749999998,1898.8,1897.8506,50,LONG,-272.5287499999922,-107536.9137499905
cash_ACC,Supertrend,2025-03-19 13:10:00,2025-03-19 14:13:00,1900.0,1900.9499999999998,1905.2,1904.2474000000002,50,LONG,164.870000000019,-107372.04374999048
cash_ACC,Supertrend,2025-03-19 14:41:00,2025-03-19 14:58:00,1906.6,1907.5532999999998,1902.55,1901.598725,50,LONG,-297.7287499999875,-107669.77249999047
cash_ACC,Supertrend,2025-03-20 09:15:00,2025-03-20 10:05:00,1907.2,1908.1535999999999,1896.0,1895.0520000000001,50,LONG,-655.0799999999867,-108324.85249999046
cash_ACC,Supertrend,2025-03-20 10:27:00,2025-03-20 10:45:00,1897.5,1898.4487499999998,1889.6,1888.6552,50,LONG,-489.6774999999934,-108814.52999999045
cash_ACC,Supertrend,2025-03-20 10:57:00,2025-03-20 12:14:00,1891.75,1892.695875,1889.7,1888.7551500000002,50,LONG,-197.0362499999851,-109011.56624999044
cash_ACC,Supertrend,2025-03-20 12:27:00,2025-03-20 12:53:00,1892.65,1893.596325,1894.7,1893.7526500000001,50,LONG,7.816250000007585,-109003.74999999044
cash_ACC,Supertrend,2025-03-20 13:24:00,2025-03-20 13:41:00,1897.85,1898.7989249999998,1895.3,1894.3523500000001,50,LONG,-222.32874999998558,-109226.07874999043
cash_ACC,Supertrend,2025-03-20 14:24:00,2025-03-20 14:40:00,1894.3,1895.24715,1891.8,1890.8541,50,LONG,-219.65249999999514,-109445.73124999042
cash_ACC,Supertrend,2025-03-21 09:16:00,2025-03-21 09:18:00,1892.8,1893.7463999999998,1886.0,1885.057,50,LONG,-434.4699999999875,-109880.20124999041
cash_ACC,Supertrend,2025-03-21 09:27:00,2025-03-21 09:50:00,1894.0,1894.947,1891.8,1890.8541,50,LONG,-204.64499999999362,-110084.8462499904
cash_ACC,Supertrend,2025-03-21 10:30:00,2025-03-21 11:10:00,1896.3,1897.24815,1898.3,1897.35085,50,LONG,5.1350000000070395,-110079.71124999039
cash_ACC,Supertrend,2025-03-21 11:21:00,2025-03-21 11:39:00,1901.15,1902.100575,1897.15,1896.2014250000002,50,LONG,-294.9574999999868,-110374.66874999038
cash_ACC,Supertrend,2025-03-21 11:54:00,2025-03-21 13:15:00,1898.0,1898.9489999999998,1909.1,1908.14545,50,LONG,459.82250000000704,-109914.84624999037
cash_ACC,Supertrend,2025-03-21 13:29:00,2025-03-21 13:36:00,1911.1,1912.0555499999998,1905.65,1904.6971750000002,50,LONG,-367.91874999997844,-110282.76499999035
cash_ACC,Supertrend,2025-03-21 14:06:00,2025-03-24 09:33:00,1915.0,1915.9575,1915.9,1914.94205,50,LONG,-50.77249999999367,-110333.53749999034
cash_ACC,Supertrend,2025-03-24 09:50:00,2025-03-24 10:29:00,1922.0,1922.9609999999998,1929.05,1928.085475,50,LONG,256.2237500000151,-110077.31374999032
cash_ACC,Supertrend,2025-03-24 10:30:00,2025-03-24 10:39:00,1935.35,1936.3176749999998,1930.4,1929.4348000000002,50,LONG,-344.1437499999779,-110421.4574999903
cash_ACC,Supertrend,2025-03-24 11:34:00,2025-03-24 11:42:00,1927.45,1928.4137249999999,1925.6,1924.6372000000001,50,LONG,-188.82624999998825,-110610.28374999028
cash_ACC,Supertrend,2025-03-24 12:29:00,2025-03-24 12:34:00,1930.7,1931.66535,1931.2,1930.2344,50,LONG,-71.54749999999694,-110681.83124999028
cash_ACC,Supertrend,2025-03-24 13:11:00,2025-03-24 14:33:00,1936.15,1937.118075,1938.8,1937.8306,50,LONG,35.62624999999571,-110646.20499999028
cash_ACC,Supertrend,2025-03-25 09:15:00,2025-03-25 09:26:00,1950.05,1951.025025,1945.05,1944.077475,50,LONG,-347.37749999999323,-110993.58249999027
cash_ACC,Supertrend,2025-03-25 09:34:00,2025-03-25 10:13:00,1956.0,1956.9779999999998,1952.0,1951.0240000000001,50,LONG,-297.6999999999862,-111291.28249999025
cash_ACC,Supertrend,2025-03-25 10:48:00,2025-03-25 10:57:00,1947.8,1948.7739,1940.55,1939.579725,50,LONG,-459.70874999999296,-111750.99124999024
cash_ACC,Supertrend,2025-03-25 11:32:00,2025-03-25 11:42:00,1946.0,1946.973,1943.65,1942.6781750000002,50,LONG,-214.74124999998594,-111965.73249999023
cash_ACC,Supertrend,2025-03-25 11:58:00,2025-03-25 12:53:00,1947.2,1948.1735999999999,1944.05,1943.0779750000002,50,LONG,-254.781249999985,-112220.51374999022
cash_ACC,Supertrend,2025-03-25 13:24:00,2025-03-25 14:29:00,1944.25,1945.222125,1941.6,1940.6292,50,LONG,-229.64624999999614,-112450.15999999021
cash_ACC,Supertrend,2025-03-26 09:16:00,2025-03-26 09:45:00,1931.3,1932.2656499999998,1931.95,1930.9840250000002,50,LONG,-64.08124999998108,-112514.24124999018
cash_ACC,Supertrend,2025-03-26 09:57:00,2025-03-26 10:25:00,1942.5,1943.4712499999998,1942.15,1941.1789250000002,50,LONG,-114.61624999998321,-112628.85749999016
cash_ACC,Supertrend,2025-03-26 10:51:00,2025-03-26 11:02:00,1949.95,1950.924975,1947.0,1946.0265000000002,50,LONG,-244.92374999998674,-112873.78124999015
cash_ACC,Supertrend,2025-03-26 11:18:00,2025-03-26 11:56:00,1949.2,1950.1745999999998,1945.15,1944.177425,50,LONG,-299.85874999998714,-113173.63999999013
cash_ACC,Supertrend,2025-03-26 12:31:00,2025-03-26 13:02:00,1943.5,1944.47175,1947.85,1946.8760750000001,50,LONG,120.21625000000995,-113053.42374999012
cash_ACC,Supertrend,2025-03-26 13:30:00,2025-03-26 13:42:00,1944.75,1945.7223749999998,1939.5,1938.53025,50,LONG,-359.60624999999027,-113413.02999999012
cash_ACC,Supertrend,2025-03-26 13:52:00,2025-03-26 14:18:00,1942.0,1942.971,1943.05,1942.078475,50,LONG,-44.62624999999889,-113457.65624999012
cash_ACC,Supertrend,2025-03-26 15:10:00,2025-03-27 09:15:00,1936.0,1936.9679999999998,1931.25,1930.2843750000002,50,LONG,-334.18124999998327,-113791.8374999901
cash_ACC,Supertrend,2025-03-27 09:19:00,2025-03-27 10:02:00,1939.0,1939.9695,1934.6,1933.6327,50,LONG,-316.8399999999906,-114108.6774999901
cash_ACC,Supertrend,2025-03-27 10:36:00,2025-03-27 10:57:00,1936.8,1937.7684,1930.75,1929.784625,50,LONG,-399.18874999999616,-114507.8662499901
cash_ACC,Supertrend,2025-03-27 11:02:00,2025-03-27 12:07:00,1937.0,1937.9685,1939.1,1938.13045,50,LONG,8.09750000000804,-114499.7687499901
cash_ACC,Supertrend,2025-03-27 12:46:00,2025-03-27 13:02:00,1939.25,1940.219625,1938.0,1937.0310000000002,50,LONG,-159.43124999998872,-114659.19999999009
cash_ACC,Supertrend,2025-03-27 14:12:00,2025-03-28 09:29:00,1940.6,1941.5702999999999,1968.0,1967.016,50,LONG,1272.2850000000108,-113386.91499999008
cash_ACC,Supertrend,2025-03-28 10:33:00,2025-03-28 10:50:00,1961.75,1962.730875,1960.5,1959.5197500000002,50,LONG,-160.55624999999054,-113547.47124999008
cash_ACC,Supertrend,2025-03-28 11:56:00,2025-03-28 12:15:00,1953.55,1954.5267749999998,1949.8,1948.8251,50,LONG,-285.0837499999898,-113832.55499999007
cash_ACC,Supertrend,2025-03-28 12:49:00,2025-03-28 13:04:00,1942.0,1942.971,1936.2,1935.2319000000002,50,LONG,-386.954999999989,-114219.50999999006
cash_ACC,Supertrend,2025-03-28 14:17:00,2025-03-28 14:49:00,1928.15,1929.114075,1933.0,1932.0335,50,LONG,145.97125000000233,-114073.53874999005
cash_ACC,Supertrend,2025-03-28 15:06:00,2025-04-01 09:50:00,1941.0,1941.9705,1950.7,1949.72465,50,LONG,387.70750000001044,-113685.83124999005
cash_ACC,Supertrend,2025-04-01 10:48:00,2025-04-01 10:56:00,1945.0,1945.9724999999999,1941.25,1940.279375,50,LONG,-284.6562499999891,-113970.48749999003
cash_ACC,Supertrend,2025-04-01 12:09:00,2025-04-01 13:00:00,1945.25,1946.2226249999999,1950.2,1949.2249000000002,50,LONG,150.11375000001408,-113820.37374999002
cash_ACC,Supertrend,2025-04-01 13:36:00,2025-04-01 15:22:00,1950.5,1951.47525,1950.15,1949.1749250000003,50,LONG,-115.01624999998512,-113935.38999999
cash_ACC,Supertrend,2025-04-02 09:28:00,2025-04-02 09:49:00,1941.45,1942.420725,1939.55,1938.5802250000002,50,LONG,-192.02499999998963,-114127.41499999
cash_ACC,Supertrend,2025-04-02 10:01:00,2025-04-02 11:36:00,1945.85,1946.8229249999997,1953.6,1952.6232,50,LONG,290.01375000001417,-113837.40124998998
cash_ACC,Supertrend,2025-04-02 11:50:00,2025-04-02 12:51:00,1957.1,1958.0785499999997,1968.5,1967.51575,50,LONG,471.86000000001513,-113365.54124998997
cash_ACC,Supertrend,2025-04-02 13:09:00,2025-04-02 13:27:00,1970.0,1970.985,1967.15,1966.1664250000001,50,LONG,-240.92874999998912,-113606.46999998996
cash_ACC,Supertrend,2025-04-02 15:02:00,2025-04-02 15:20:00,1966.0,1966.983,1961.45,1960.4692750000002,50,LONG,-325.68624999998974,-113932.15624998994
cash_ACC,Supertrend,2025-04-02 15:28:00,2025-04-03 09:15:00,1968.35,1969.3341749999997,1957.0,1956.0215,50,LONG,-665.6337499999836,-114597.78999998992
cash_ACC,Supertrend,2025-04-03 09:18:00,2025-04-03 09:49:00,1967.8,1968.7839,1964.05,1963.0679750000002,50,LONG,-285.79624999998714,-114883.58624998991
cash_ACC,Supertrend,2025-04-03 10:10:00,2025-04-03 10:48:00,1969.3,1970.2846499999998,1975.6,1974.6122,50,LONG,216.37750000001006,-114667.20874998989
cash_ACC,Supertrend,2025-04-03 11:28:00,2025-04-03 11:59:00,1979.55,1980.5397749999997,1975.75,1974.7621250000002,50,LONG,-288.882499999977,-114956.09124998987
cash_ACC,Supertrend,2025-04-03 12:15:00,2025-04-03 12:49:00,1979.5,1980.48975,1985.0,1984.0075000000002,50,LONG,175.88750000001028,-114780.20374998986
cash_ACC,Supertrend,2025-04-03 13:26:00,2025-04-03 14:27:00,1986.95,1987.943475,1990.95,1989.954525,50,LONG,100.55250000000342,-114679.65124998985
cash_ACC,Supertrend,2025-04-03 15:00:00,2025-04-04 09:15:00,1990.9,1991.89545,1989.95,1988.9550250000002,50,LONG,-147.02124999998887,-114826.67249998984
cash_ACC,Supertrend,2025-04-04 09:29:00,2025-04-04 09:45:00,1987.5,1988.4937499999999,1977.0,1976.0115,50,LONG,-624.1124999999897,-115450.78499998983
cash_ACC,Supertrend,2025-04-04 10:37:00,2025-04-04 11:06:00,1974.0,1974.9869999999999,1981.45,1980.4592750000002,50,LONG,273.61375000001544,-115177.17124998981
cash_ACC,Supertrend,2025-04-04 13:08:00,2025-04-04 13:36:00,1975.6,1976.5877999999998,1972.0,1971.0140000000001,50,LONG,-278.68999999998323,-115455.8612499898
cash_ACC,Supertrend,2025-04-04 14:05:00,2025-04-04 14:25:00,1967.75,1968.733875,1965.5,1964.51725,50,LONG,-210.83124999998972,-115666.69249998979
cash_ACC,Supertrend,2025-04-04 15:01:00,2025-04-04 15:29:00,1963.0,1963.9814999999999,1962.05,1961.0689750000001,50,LONG,-145.6262499999866,-115812.31874998978
cash_ACC,Supertrend,2025-04-07 09:31:00,2025-04-07 10:15:00,1914.55,1915.507275,1890.75,1889.8046250000002,50,LONG,-1285.132499999986,-117097.45124998977
cash_ACC,Supertrend,2025-04-07 10:28:00,2025-04-07 11:32:00,1903.1,1904.05155,1923.35,1922.3883250000001,50,LONG,916.8387500000108,-116180.61249998976
cash_ACC,Supertrend,2025-04-07 12:41:00,2025-04-07 12:59:00,1905.6,1906.5527999999997,1902.85,1901.898575,50,LONG,-232.71124999998847,-116413.32374998975
cash_ACC,Supertrend,2025-04-07 13:27:00,2025-04-07 14:11:00,1905.7,1906.65285,1912.05,1911.093975,50,LONG,222.05625000000282,-116191.26749998974
cash_ACC,Supertrend,2025-04-07 14:32:00,2025-04-08 09:55:00,1918.9,1919.85945,1949.05,1948.075475,50,LONG,1410.8012500000086,-114780.46624998974
cash_ACC,Supertrend,2025-04-08 10:22:00,2025-04-08 10:35:00,1956.0,1956.9779999999998,1946.4,1945.4268000000002,50,LONG,-577.5599999999827,-115358.02624998972
cash_ACC,Supertrend,2025-04-08 10:54:00,2025-04-08 11:27:00,1952.9,1953.87645,1956.05,1955.071975,50,LONG,59.77625000000444,-115298.24999998971
cash_ACC,Supertrend,2025-04-08 11:52:00,2025-04-08 13:21:00,1959.75,1960.729875,1976.0,1975.0120000000002,50,LONG,714.1062500000089,-114584.1437499897
cash_ACC,Supertrend,2025-04-08 13:30:00,2025-04-08 13:37:00,1981.9,1982.89095,1975.5,1974.5122500000002,50,LONG,-418.93499999998767,-115003.07874998968
cash_ACC,Supertrend,2025-04-08 14:10:00,2025-04-08 14:38:00,1977.0,1977.9885,1976.15,1975.161925,50,LONG,-141.32874999999103,-115144.40749998967
cash_ACC,Supertrend,2025-04-08 15:26:00,2025-04-09 09:15:00,1976.0,1976.9879999999998,1968.55,1967.5657250000002,50,LONG,-471.1137499999836,-115615.52124998966
cash_ACC,Supertrend,2025-04-09 09:18:00,2025-04-09 09:30:00,1973.95,1974.9369749999998,1962.85,1961.868575,50,LONG,-653.4199999999942,-116268.94124998966
cash_ACC,Supertrend,2025-04-09 10:50:00,2025-04-09 11:03:00,1960.3,1961.2801499999998,1954.6,1953.6227000000001,50,LONG,-382.87249999998494,-116651.81374998964
cash_ACC,Supertrend,2025-04-09 11:15:00,2025-04-09 12:13:00,1957.6,1958.5787999999998,1972.6,1971.6137,50,LONG,651.7450000000167,-116000.06874998963
cash_ACC,Supertrend,2025-04-09 12:33:00,2025-04-09 13:24:00,1976.2,1977.1880999999998,1980.0,1979.0100000000002,50,LONG,91.09500000001844,-115908.97374998961
cash_ACC,Supertrend,2025-04-09 13:31:00,2025-04-09 14:31:00,1984.55,1985.5422749999998,1985.85,1984.8570750000001,50,LONG,-34.25999999998339,-115943.2337499896
cash_ACC,Supertrend,2025-04-11 09:15:00,2025-04-11 09:58:00,1998.55,1999.5492749999999,1992.8,1991.8036,50,LONG,-387.2837499999946,-116330.51749998958
cash_ACC,Supertrend,2025-04-11 10:33:00,2025-04-11 10:36:00,1990.3,1991.29515,1983.6,1982.6082000000001,50,LONG,-434.34749999998985,-116764.86499998957
cash_ACC,Supertrend,2025-04-11 10:50:00,2025-04-11 13:18:00,1984.2,1985.1921,2008.9,2007.8955500000002,50,LONG,1135.1725000000101,-115629.69249998956
cash_ACC,Supertrend,2025-04-11 13:25:00,2025-04-11 13:48:00,2011.6,2012.6057999999998,2006.6,2005.5967,50,LONG,-350.4549999999881,-115980.14749998954
cash_ACC,Supertrend,2025-04-11 13:59:00,2025-04-11 14:36:00,2006.1,2007.1030499999997,2005.0,2003.9975000000002,50,LONG,-155.27749999997695,-116135.42499998953
cash_ACC,Supertrend,2025-04-11 14:42:00,2025-04-11 15:07:00,2009.5,2010.5047499999998,2006.05,2005.046975,50,LONG,-272.8887499999928,-116408.31374998952
cash_ACC,Supertrend,2025-04-11 15:23:00,2025-04-15 10:26:00,2008.8,2009.8043999999998,2019.5,2018.49025,50,LONG,434.292500000015,-115974.02124998951
cash_ACC,Supertrend,2025-04-15 10:56:00,2025-04-15 11:15:00,2018.9,2019.9094499999999,2022.5,2021.4887500000002,50,LONG,78.96500000001652,-115895.0562499895
cash_ACC,Supertrend,2025-04-15 11:25:00,2025-04-15 11:46:00,2028.9,2029.91445,2032.0,2030.9840000000002,50,LONG,53.47750000000815,-115841.5787499895
cash_ACC,Supertrend,2025-04-15 13:07:00,2025-04-15 14:06:00,2032.3,2033.3161499999999,2034.0,2032.9830000000002,50,LONG,-16.657499999985248,-115858.23624998948
cash_ACC,Supertrend,2025-04-15 14:26:00,2025-04-16 09:16:00,2039.0,2040.0194999999999,2047.4,2046.3763000000001,50,LONG,317.8400000000124,-115540.39624998947
cash_ACC,Supertrend,2025-04-16 09:23:00,2025-04-16 10:17:00,2052.5,2053.52625,2051.6,2050.5742,50,LONG,-147.6024999999936,-115687.99874998946
cash_ACC,Supertrend,2025-04-16 10:29:00,2025-04-16 10:59:00,2048.7,2049.7243499999995,2047.1,2046.07645,50,LONG,-182.39499999997406,-115870.39374998944
cash_ACC,Supertrend,2025-04-16 11:08:00,2025-04-16 11:33:00,2048.7,2049.7243499999995,2050.5,2049.4747500000003,50,LONG,-12.479999999959546,-115882.8737499894
cash_ACC,Supertrend,2025-04-16 11:45:00,2025-04-16 11:59:00,2052.8,2053.8264,2051.7,2050.67415,50,LONG,-157.61250000000473,-116040.48624998941
cash_ACC,Supertrend,2025-04-16 13:13:00,2025-04-16 13:32:00,2050.7,2051.7253499999997,2049.0,2047.9755,50,LONG,-187.49249999998483,-116227.97874998939
cash_ACC,Supertrend,2025-04-16 13:46:00,2025-04-16 14:03:00,2053.0,2054.0265,2057.6,2056.5712,50,LONG,127.23499999999603,-116100.74374998939
cash_ACC,Supertrend,2025-04-16 14:56:00,2025-04-17 09:21:00,2055.6,2056.6277999999998,2057.2,2056.1713999999997,50,LONG,-22.820000000001528,-116123.5637499894
cash_ACC,Supertrend,2025-04-17 09:41:00,2025-04-17 10:01:00,2058.2,2059.2290999999996,2054.1,2053.07295,50,LONG,-307.80749999996715,-116431.37124998936
cash_ACC,Supertrend,2025-04-17 10:18:00,2025-04-17 10:53:00,2053.7,2054.7268499999996,2058.7,2057.67065,50,LONG,147.19000000002325,-116284.18124998934
cash_ACC,Supertrend,2025-04-17 11:07:00,2025-04-17 11:45:00,2060.0,2061.0299999999997,2057.2,2056.1713999999997,50,LONG,-242.9300000000012,-116527.11124998935
cash_ACC,Supertrend,2025-04-17 12:27:00,2025-04-17 13:19:00,2057.9,2058.92895,2060.3,2059.26985,50,LONG,17.04500000000735,-116510.06624998934
cash_ACC,Supertrend,2025-04-17 13:28:00,2025-04-17 14:03:00,2064.0,2065.0319999999997,2061.3,2060.2693500000005,50,LONG,-238.1324999999606,-116748.1987499893
cash_ACC,Supertrend,2025-04-21 09:15:00,2025-04-21 09:18:00,2068.4,2069.4342,2062.0,2060.969,50,LONG,-423.26000000000477,-117171.45874998931
cash_ACC,Supertrend,2025-04-21 09:31:00,2025-04-21 10:49:00,2072.5,2073.53625,2088.2,2087.1558999999997,50,LONG,680.9824999999819,-116490.47624998933
cash_ACC,Supertrend,2025-04-21 11:02:00,2025-04-21 11:13:00,2097.0,2098.0485,2090.2,2089.1549,50,LONG,-444.6799999999939,-116935.15624998932
cash_ACC,Supertrend,2025-04-21 11:44:00,2025-04-21 11:55:00,2093.0,2094.0465,2089.5,2088.45525,50,LONG,-279.56249999999727,-117214.71874998932
cash_ACC,Supertrend,2025-04-21 12:12:00,2025-04-21 13:02:00,2091.3,2092.34565,2090.2,2089.1549,50,LONG,-159.53750000001037,-117374.25624998932
cash_ACC,Supertrend,2025-04-21 14:04:00,2025-04-21 14:35:00,2085.0,2086.0425,2086.1,2085.05695,50,LONG,-49.27749999999378,-117423.53374998932
cash_ACC,Supertrend,2025-04-21 14:48:00,2025-04-21 15:03:00,2088.9,2089.94445,2083.9,2082.8580500000003,50,LONG,-354.31999999998425,-117777.8537499893
cash_ACC,Supertrend,2025-04-21 15:10:00,2025-04-22 09:15:00,2089.4,2090.4447,2083.0,2081.9585,50,LONG,-424.3099999999913,-118202.1637499893
cash_ACC,Supertrend,2025-04-22 09:31:00,2025-04-22 09:55:00,2089.0,2090.0445,2092.2,2091.1539,50,LONG,55.46999999999116,-118146.69374998931
cash_ACC,Supertrend,2025-04-22 10:47:00,2025-04-22 11:09:00,2101.6,2102.6508,2096.0,2094.952,50,LONG,-384.93999999998323,-118531.6337499893
cash_ACC,Supertrend,2025-04-22 11:50:00,2025-04-22 12:15:00,2094.5,2095.54725,2089.0,2087.9555,50,LONG,-379.58750000000236,-118911.2212499893
cash_ACC,Supertrend,2025-04-22 12:57:00,2025-04-22 13:19:00,2093.1,2094.14655,2086.5,2085.4567500000003,50,LONG,-434.4899999999825,-119345.71124998928
cash_ACC,Supertrend,2025-04-22 14:18:00,2025-04-22 14:45:00,2086.0,2087.0429999999997,2080.3,2079.2598500000004,50,LONG,-389.1574999999648,-119734.86874998925
cash_ACC,Supertrend,2025-04-22 15:04:00,2025-04-23 09:30:00,2084.9,2085.94245,2075.0,2073.9625,50,LONG,-598.9974999999959,-120333.86624998925
cash_ACC,Supertrend,2025-04-23 11:15:00,2025-04-23 11:41:00,2059.6,2060.6297999999997,2051.3,2050.27435,50,LONG,-517.7724999999782,-120851.63874998923
cash_ACC,Supertrend,2025-04-23 11:45:00,2025-04-23 12:25:00,2058.0,2059.029,2051.8,2050.7741,50,LONG,-412.74499999999534,-121264.38374998923
cash_ACC,Supertrend,2025-04-23 12:50:00,2025-04-23 13:24:00,2056.0,2057.028,2057.3,2056.2713500000004,50,LONG,-37.832499999967695,-121302.2162499892
cash_ACC,Supertrend,2025-04-23 13:29:00,2025-04-23 13:45:00,2066.5,2067.53325,2063.0,2061.9685,50,LONG,-278.2375000000002,-121580.4537499892
cash_ACC,Supertrend,2025-04-23 15:15:00,2025-04-24 09:40:00,2050.8,2051.8254,2071.9,2070.86405,50,LONG,951.9324999999981,-120628.52124998921
cash_ACC,Supertrend,2025-04-24 09:52:00,2025-04-24 11:04:00,2087.8,2088.8439,2091.5,2090.4542500000002,50,LONG,80.51750000001903,-120548.00374998919
cash_ACC,Supertrend,2025-04-24 12:05:00,2025-04-24 12:12:00,2092.3,2093.34615,2086.9,2085.8565500000004,50,LONG,-374.47999999997137,-120922.48374998916
cash_ACC,Supertrend,2025-04-24 12:51:00,2025-04-24 13:13:00,2093.5,2094.54675,2089.0,2087.9555,50,LONG,-329.56249999999727,-121252.04624998916
cash_ACC,Supertrend,2025-04-24 13:20:00,2025-04-24 14:15:00,2104.0,2105.0519999999997,2107.0,2105.9465,50,LONG,44.725000000016735,-121207.32124998914
cash_ACC,Supertrend,2025-04-24 14:46:00,2025-04-24 15:03:00,2103.0,2104.0515,2074.4,2073.3628000000003,50,LONG,-1534.434999999985,-122741.75624998912
cash_ACC,Supertrend,2025-04-25 10:48:00,2025-04-25 10:56:00,1957.6,1958.5787999999998,1945.0,1944.0275000000001,50,LONG,-727.5649999999814,-123469.32124998911
cash_ACC,Supertrend,2025-04-25 11:28:00,2025-04-25 12:42:00,1941.5,1942.47075,1957.5,1956.52125,50,LONG,702.5250000000028,-122766.7962499891
cash_ACC,Supertrend,2025-04-25 13:35:00,2025-04-25 14:07:00,1948.8,1949.7743999999998,1943.8,1942.8281,50,LONG,-347.31499999999187,-123114.11124998909
cash_ACC,Supertrend,2025-04-25 14:54:00,2025-04-25 15:19:00,1942.7,1943.6713499999998,1936.0,1935.0320000000002,50,LONG,-431.96749999998474,-123546.07874998907
cash_ACC,Supertrend,2025-04-28 10:04:00,2025-04-28 11:13:00,1934.0,1934.9669999999999,1933.6,1932.6332,50,LONG,-116.68999999999414,-123662.76874998906
cash_ACC,Supertrend,2025-04-28 11:33:00,2025-04-28 11:57:00,1940.1,1941.0700499999998,1935.0,1934.0325,50,LONG,-351.87749999998914,-124014.64624998905
cash_ACC,Supertrend,2025-04-28 12:54:00,2025-04-28 13:07:00,1937.6,1938.5687999999998,1932.8,1931.8336000000002,50,LONG,-336.7599999999811,-124351.40624998903
cash_ACC,Supertrend,2025-04-28 13:35:00,2025-04-28 13:50:00,1931.7,1932.6658499999999,1927.0,1926.0365000000002,50,LONG,-331.4674999999852,-124682.87374998901
cash_ACC,Supertrend,2025-04-28 14:54:00,2025-04-29 09:25:00,1918.7,1919.65935,1924.5,1923.5377500000002,50,LONG,193.92000000001417,-124488.953749989
cash_ACC,Supertrend,2025-04-29 10:48:00,2025-04-29 11:53:00,1910.9,1911.85545,1904.6,1903.6477,50,LONG,-410.38750000000164,-124899.341249989
cash_ACC,Supertrend,2025-04-29 12:03:00,2025-04-29 13:23:00,1904.7,1905.6523499999998,1906.0,1905.047,50,LONG,-30.267499999990832,-124929.60874998898
cash_ACC,Supertrend,2025-04-30 10:25:00,2025-04-30 10:29:00,1887.9,1888.84395,1881.7,1880.75915,50,LONG,-404.23999999999296,-125333.84874998897
cash_ACC,Supertrend,2025-04-30 11:18:00,2025-04-30 12:59:00,1880.4,1881.3402,1895.2,1894.2524,50,LONG,645.6099999999992,-124688.23874998897
cash_ACC,Supertrend,2025-04-30 13:49:00,2025-04-30 14:35:00,1892.3,1893.24615,1889.1,1888.15545,50,LONG,-254.5349999999985,-124942.77374998898
cash_ACC,Supertrend,2025-04-30 15:10:00,2025-04-30 15:15:00,1894.3,1895.24715,1888.4,1887.4558000000002,50,LONG,-389.5674999999869,-125332.34124998897
cash_ACC,Supertrend,2025-05-02 09:15:00,2025-05-02 09:23:00,1892.8,1893.7463999999998,1879.9,1878.9600500000001,50,LONG,-739.3174999999815,-126071.65874998894
cash_ACC,Supertrend,2025-05-02 11:26:00,2025-05-02 11:40:00,1874.9,1875.83745,1873.1,1872.16345,50,LONG,-183.6999999999989,-126255.35874998894
cash_ACC,Supertrend,2025-05-02 11:55:00,2025-05-02 12:07:00,1877.2,1878.1386,1870.4,1869.4648000000002,50,LONG,-433.68999999999005,-126689.04874998893
cash_ACC,Supertrend,2025-05-02 12:46:00,2025-05-02 14:03:00,1866.9,1867.83345,1866.0,1865.067,50,LONG,-138.32250000000386,-126827.37124998894
cash_ACC,Supertrend,2025-05-02 14:49:00,2025-05-02 15:14:00,1866.9,1867.83345,1864.4,1863.4678000000001,50,LONG,-218.28249999999798,-127045.65374998894
cash_ACC,Supertrend,2025-05-05 09:45:00,2025-05-05 11:36:00,1866.8,1867.7333999999998,1885.1,1884.15745,50,LONG,821.202500000004,-126224.45124998894
cash_ACC,Supertrend,2025-05-05 12:06:00,2025-05-05 12:58:00,1893.3,1894.2466499999998,1897.0,1896.0515,50,LONG,90.24250000001075,-126134.20874998893
cash_ACC,Supertrend,2025-05-05 15:07:00,2025-05-05 15:08:00,1888.5,1889.4442499999998,1880.8,1879.8596,50,LONG,-479.23249999998916,-126613.44124998891
cash_ACC,Supertrend,2025-05-06 09:16:00,2025-05-06 09:21:00,1890.0,1890.945,1881.6,1880.6592,50,LONG,-514.289999999994,-127127.73124998891
cash_ACC,Supertrend,2025-05-06 10:43:00,2025-05-06 11:04:00,1868.9,1869.83445,1866.2,1865.2669,50,LONG,-228.37749999999915,-127356.10874998891
cash_ACC,Supertrend,2025-05-06 11:56:00,2025-05-06 12:45:00,1860.5,1861.43025,1863.3,1862.36835,50,LONG,46.90500000000384,-127309.20374998891
cash_ACC,Supertrend,2025-05-06 13:13:00,2025-05-06 14:04:00,1862.2,1863.1310999999998,1857.8,1856.8711,50,LONG,-312.9999999999882,-127622.2037499889
cash_ACC,Supertrend,2025-05-06 15:01:00,2025-05-06 15:26:00,1845.9,1846.82295,1843.1,1842.17845,50,LONG,-232.224999999994,-127854.42874998889
cash_ACC,Supertrend,2025-05-07 09:22:00,2025-05-07 09:43:00,1850.0,1850.925,1839.5,1838.5802500000002,50,LONG,-617.2374999999874,-128471.66624998888
cash_ACC,Supertrend,2025-05-07 11:09:00,2025-05-07 11:46:00,1829.7,1830.61485,1841.2,1840.2794000000001,50,LONG,483.2275000000095,-127988.43874998887
cash_ACC,Supertrend,2025-05-07 12:09:00,2025-05-07 12:39:00,1845.1,1846.02255,1842.8,1841.8786,50,LONG,-207.19749999999522,-128195.63624998886
cash_ACC,Supertrend,2025-05-07 13:22:00,2025-05-07 13:38:00,1841.8,1842.7208999999998,1838.2,1837.2809000000002,50,LONG,-271.99999999998,-128467.63624998885
cash_ACC,Supertrend,2025-05-07 14:06:00,2025-05-07 14:19:00,1842.0,1842.9209999999998,1841.2,1840.2794000000001,50,LONG,-132.07999999998492,-128599.71624998884
cash_ACC,Supertrend,2025-05-07 14:36:00,2025-05-08 09:21:00,1844.5,1845.4222499999998,1847.8,1846.8761,50,LONG,72.69250000000511,-128527.02374998883
cash_ACC,Supertrend,2025-05-08 10:21:00,2025-05-08 10:33:00,1853.4,1854.3267,1854.5,1853.57275,50,LONG,-37.69750000000158,-128564.72124998883
cash_ACC,Supertrend,2025-05-08 12:40:00,2025-05-08 12:53:00,1854.2,1855.1271,1852.2,1851.2739000000001,50,LONG,-192.6599999999894,-128757.38124998882
cash_ACC,Supertrend,2025-05-09 10:11:00,2025-05-09 10:39:00,1789.3,1790.19465,1787.8,1786.9061000000002,50,LONG,-164.42749999998796,-128921.8087499888
cash_ACC,Supertrend,2025-05-09 11:19:00,2025-05-09 12:20:00,1792.0,1792.896,1800.3,1799.39985,50,LONG,325.19250000000284,-128596.6162499888
cash_ACC,Supertrend,2025-05-09 12:50:00,2025-05-09 13:05:00,1804.0,1804.9019999999998,1801.6,1800.6992,50,LONG,-210.13999999998987,-128806.75624998879
cash_ACC,Supertrend,2025-05-09 13:53:00,2025-05-09 13:59:00,1802.5,1803.40125,1798.0,1797.101,50,LONG,-315.0124999999889,-129121.76874998877
cash_ACC,Supertrend,2025-05-09 14:16:00,2025-05-09 14:30:00,1803.9,1804.80195,1800.2,1799.2999000000002,50,LONG,-275.1024999999913,-129396.87124998876
cash_ACC,Supertrend,2025-05-09 14:53:00,2025-05-09 15:29:00,1804.5,1805.4022499999999,1810.1,1809.19495,50,LONG,189.63500000000977,-129207.23624998875
cash_ACC,Supertrend,2025-05-12 09:15:00,2025-05-12 10:14:00,1852.9,1853.82645,1857.6,1856.6712,50,LONG,142.23749999999882,-129064.99874998875
cash_ACC,Supertrend,2025-05-12 10:56:00,2025-05-12 11:33:00,1862.0,1862.9309999999998,1858.4,1857.4708000000003,50,LONG,-273.00999999997657,-129338.00874998873
cash_ACC,Supertrend,2025-05-12 12:04:00,2025-05-12 12:54:00,1856.2,1857.1281,1851.8,1850.8741,50,LONG,-312.69999999999527,-129650.70874998873
cash_ACC,Supertrend,2025-05-12 13:25:00,2025-05-12 14:45:00,1857.1,1858.0285499999998,1856.0,1855.0720000000001,50,LONG,-147.8274999999826,-129798.53624998871
cash_ACC,Supertrend,2025-05-12 14:57:00,2025-05-12 15:26:00,1861.1,1862.0305499999997,1857.0,1856.0715,50,LONG,-297.9524999999853,-130096.4887499887
cash_ACC,Supertrend,2025-05-13 09:15:00,2025-05-13 09:42:00,1865.0,1865.9325,1861.2,1860.2694000000001,50,LONG,-283.1549999999879,-130379.64374998868
cash_ACC,Supertrend,2025-05-13 10:49:00,2025-05-13 11:38:00,1860.9,1861.83045,1858.6,1857.6707000000001,50,LONG,-207.98749999999018,-130587.63124998867
cash_ACC,Supertrend,2025-05-13 11:43:00,2025-05-13 12:15:00,1864.7,1865.6323499999999,1863.0,1862.0685,50,LONG,-178.19249999998874,-130765.82374998866
cash_ACC,Supertrend,2025-05-13 12:30:00,2025-05-13 12:56:00,1865.8,1866.7328999999997,1862.6,1861.6687,50,LONG,-253.20999999999003,-131019.03374998865
cash_ACC,Supertrend,2025-05-13 13:13:00,2025-05-13 13:55:00,1866.9,1867.83345,1864.0,1863.0680000000002,50,LONG,-238.27249999999367,-131257.30624998864
cash_ACC,Supertrend,2025-05-14 09:15:00,2025-05-14 10:34:00,1862.8,1863.7314,1864.7,1863.7676500000002,50,LONG,1.8125000000168257,-131255.49374998861
cash_ACC,Supertrend,2025-05-14 10:46:00,2025-05-14 11:24:00,1869.8,1870.7349,1867.7,1866.7661500000002,50,LONG,-198.43749999998863,-131453.93124998861
cash_ACC,Supertrend,2025-05-14 12:33:00,2025-05-14 12:50:00,1871.2,1872.1355999999998,1866.0,1865.067,50,LONG,-353.42999999999165,-131807.3612499886
cash_ACC,Supertrend,2025-05-14 13:30:00,2025-05-14 13:48:00,1867.7,1868.63385,1863.4,1862.4683000000002,50,LONG,-308.2774999999856,-132115.6387499886
cash_ACC,Supertrend,2025-05-14 14:48:00,2025-05-14 15:28:00,1863.8,1864.7318999999998,1860.0,1859.0700000000002,50,LONG,-283.09499999998025,-132398.73374998858
cash_ACC,Supertrend,2025-05-15 09:15:00,2025-05-15 11:10:00,1866.9,1867.83345,1865.4,1864.4673000000003,50,LONG,-168.3074999999917,-132567.04124998857
cash_ACC,Supertrend,2025-05-15 12:04:00,2025-05-15 12:24:00,1869.5,1870.43475,1866.3,1865.36685,50,LONG,-253.39499999998907,-132820.43624998856
cash_ACC,Supertrend,2025-05-15 12:33:00,2025-05-15 13:27:00,1872.4,1873.3362,1878.2,1877.2609000000002,50,LONG,196.23500000001286,-132624.20124998855
cash_ACC,Supertrend,2025-05-15 13:43:00,2025-05-15 15:07:00,1883.4,1884.3417,1882.6,1881.6587,50,LONG,-134.14999999999964,-132758.35124998854
cash_ACC,Supertrend,2025-05-15 15:23:00,2025-05-15 15:29:00,1885.0,1885.9424999999999,1882.2,1881.2589,50,LONG,-234.1799999999921,-132992.53124998853
cash_ACC,Supertrend,2025-05-16 09:15:00,2025-05-16 10:22:00,1889.6,1890.5448,1904.5,1903.5477500000002,50,LONG,650.1475000000141,-132342.3837499885
cash_ACC,Supertrend,2025-05-16 10:33:00,2025-05-16 11:08:00,1911.6,1912.5557999999999,1907.9,1906.9460500000002,50,LONG,-280.4874999999811,-132622.8712499885
cash_ACC,Supertrend,2025-05-16 11:19:00,2025-05-16 12:15:00,1913.0,1913.9565,1925.0,1924.0375000000001,50,LONG,504.05000000000655,-132118.82124998848
cash_ACC,Supertrend,2025-05-16 13:48:00,2025-05-16 14:27:00,1922.0,1922.9609999999998,1920.6,1919.6397,50,LONG,-166.06499999999187,-132284.88624998849
cash_ACC,Supertrend,2025-05-16 14:40:00,2025-05-16 15:16:00,1926.6,1927.5632999999998,1924.2,1923.2379,50,LONG,-216.26999999998588,-132501.15624998847
cash_ACC,Supertrend,2025-05-19 09:15:00,2025-05-19 09:38:00,1928.3,1929.2641499999997,1920.8,1919.8396,50,LONG,-471.2274999999863,-132972.38374998845
cash_ACC,Supertrend,2025-05-19 09:57:00,2025-05-19 10:27:00,1928.6,1929.5642999999998,1937.0,1936.0315,50,LONG,323.36000000001377,-132649.02374998844
cash_ACC,Supertrend,2025-05-19 11:06:00,2025-05-19 12:01:00,1934.5,1935.46725,1932.9,1931.9335500000002,50,LONG,-176.6849999999863,-132825.70874998844
cash_ACC,Supertrend,2025-05-19 12:29:00,2025-05-19 13:05:00,1934.4,1935.3672,1937.4,1936.4313000000002,50,LONG,53.205000000014024,-132772.50374998842
cash_ACC,Supertrend,2025-05-19 13:18:00,2025-05-19 14:02:00,1939.8,1940.7698999999998,1937.1,1936.13145,50,LONG,-231.92249999998467,-133004.4262499884
cash_ACC,Supertrend,2025-05-19 14:17:00,2025-05-19 14:53:00,1937.0,1937.9685,1931.5,1930.5342500000002,50,LONG,-371.71249999998963,-133376.1387499884
cash_ACC,Supertrend,2025-05-20 09:15:00,2025-05-20 09:18:00,1934.4,1935.3672,1930.8,1929.8346000000001,50,LONG,-276.62999999998874,-133652.76874998838
cash_ACC,Supertrend,2025-05-20 09:33:00,2025-05-20 09:48:00,1941.7,1942.67085,1941.0,1940.0295,50,LONG,-132.06749999999374,-133784.83624998838
cash_ACC,Supertrend,2025-05-20 10:25:00,2025-05-20 11:12:00,1950.6,1951.5752999999997,1945.5,1944.52725,50,LONG,-352.4024999999824,-134137.23874998838
cash_ACC,Supertrend,2025-05-20 11:28:00,2025-05-20 11:57:00,1947.7,1948.67385,1944.5,1943.5277500000002,50,LONG,-257.3049999999853,-134394.54374998837
cash_ACC,Supertrend,2025-05-20 12:31:00,2025-05-20 12:52:00,1950.1,1951.0750499999997,1947.3,1946.32635,50,LONG,-237.4349999999822,-134631.97874998834
cash_ACC,Supertrend,2025-05-20 12:54:00,2025-05-20 13:03:00,1950.0,1950.975,1944.1,1943.12795,50,LONG,-392.3524999999927,-135024.33124998832
cash_ACC,Supertrend,2025-05-20 13:10:00,2025-05-20 13:19:00,1947.7,1948.67385,1943.1,1942.12845,50,LONG,-327.2699999999986,-135351.6012499883
cash_ACC,Supertrend,2025-05-20 14:50:00,2025-05-20 15:03:00,1927.0,1927.9634999999998,1920.2,1919.2399000000003,50,LONG,-436.1799999999789,-135787.7812499883
cash_ACC,Supertrend,2025-05-21 09:20:00,2025-05-21 10:39:00,1927.9,1928.86395,1934.2,1933.2329000000002,50,LONG,218.4475000000134,-135569.3337499883
cash_ACC,Supertrend,2025-05-21 10:51:00,2025-05-21 11:05:00,1937.0,1937.9685,1932.5,1931.53375,50,LONG,-321.7374999999947,-135891.07124998828
cash_ACC,Supertrend,2025-05-21 11:09:00,2025-05-21 11:23:00,1936.7,1937.66835,1931.0,1930.0345000000002,50,LONG,-381.69249999998556,-136272.76374998825
cash_ACC,Supertrend,2025-05-21 11:39:00,2025-05-21 11:45:00,1928.8,1929.7643999999998,1925.0,1924.0375000000001,50,LONG,-286.344999999983,-136559.10874998823
cash_ACC,Supertrend,2025-05-21 12:20:00,2025-05-21 13:29:00,1916.3,1917.25815,1937.5,1936.53125,50,LONG,963.6550000000057,-135595.45374998823
cash_ACC,Supertrend,2025-05-21 14:05:00,2025-05-21 14:54:00,1940.0,1940.9699999999998,1939.5,1938.53025,50,LONG,-121.98749999998881,-135717.44124998822
cash_ACC,Supertrend,2025-05-22 09:15:00,2025-05-22 09:18:00,1942.0,1942.971,1934.0,1933.0330000000001,50,LONG,-496.8999999999937,-136214.3412499882
cash_ACC,Supertrend,2025-05-22 09:59:00,2025-05-22 10:05:00,1941.9,1942.87095,1934.7,1933.7326500000001,50,LONG,-456.91499999999223,-136671.2562499882
cash_ACC,Supertrend,2025-05-22 11:47:00,2025-05-22 12:07:00,1931.1,1932.0655499999998,1929.5,1928.5352500000001,50,LONG,-176.5149999999835,-136847.77124998817
cash_ACC,Supertrend,2025-05-22 12:21:00,2025-05-22 13:44:00,1933.4,1934.3667,1931.5,1930.5342500000002,50,LONG,-191.62249999999403,-137039.39374998817
cash_ACC,Supertrend,2025-05-22 14:01:00,2025-05-22 14:19:00,1931.6,1932.5657999999999,1931.0,1930.0345000000002,50,LONG,-126.56499999998232,-137165.95874998815
cash_ACC,Supertrend,2025-05-22 14:35:00,2025-05-23 09:19:00,1932.1,1933.06605,1941.3,1940.32935,50,LONG,363.1650000000036,-136802.79374998814
cash_ACC,Supertrend,2025-05-23 09:23:00,2025-05-23 10:19:00,1954.3,1955.27715,1960.0,1959.0200000000002,50,LONG,187.14250000001584,-136615.65124998812
cash_ACC,Supertrend,2025-05-23 10:38:00,2025-05-23 10:52:00,1957.7,1958.67885,1958.9,1957.9205500000003,50,LONG,-37.914999999986776,-136653.5662499881
cash_ACC,Supertrend,2025-05-23 11:57:00,2025-05-23 13:10:00,1956.7,1957.67835,1955.7,1954.72215,50,LONG,-147.80999999999267,-136801.3762499881
cash_ACC,Supertrend,2025-05-23 13:58:00,2025-05-23 15:17:00,1956.3,1957.2781499999999,1959.1,1958.1204500000001,50,LONG,42.115000000012515,-136759.26124998808
cash_ACC,Supertrend,2025-05-26 09:15:00,2025-05-26 10:32:00,1967.7,1968.68385,1958.2,1957.2209000000003,50,LONG,-573.1474999999818,-137332.40874998807
cash_ACC,Supertrend,2025-05-26 10:37:00,2025-05-26 11:08:00,1963.0,1963.9814999999999,1959.4,1958.4203000000002,50,LONG,-278.0599999999822,-137610.46874998804
cash_ACC,Supertrend,2025-05-26 11:46:00,2025-05-26 13:16:00,1962.0,1962.981,1962.1,1961.11895,50,LONG,-93.10249999999769,-137703.57124998805
cash_ACC,Supertrend,2025-05-26 13:32:00,2025-05-26 15:15:00,1963.1,1964.0815499999999,1959.8,1958.8201000000001,50,LONG,-263.07249999998703,-137966.64374998803
cash_ACC,Supertrend,2025-05-26 15:29:00,2025-05-27 09:24:00,1960.0,1960.9799999999998,1952.0,1951.0240000000001,50,LONG,-497.7999999999838,-138464.44374998802
cash_ACC,Supertrend,2025-05-27 10:39:00,2025-05-27 10:55:00,1940.9,1941.87045,1931.1,1930.13445,50,LONG,-586.7999999999938,-139051.243749988
cash_ACC,Supertrend,2025-05-27 11:25:00,2025-05-27 11:50:00,1937.6,1938.5687999999998,1930.6,1929.6347,50,LONG,-446.70499999998583,-139497.948749988
cash_ACC,Supertrend,2025-05-27 12:02:00,2025-05-27 12:57:00,1936.2,1937.1680999999999,1935.0,1934.0325,50,LONG,-156.77999999999201,-139654.728749988
cash_ACC,Supertrend,2025-05-27 13:10:00,2025-05-27 13:59:00,1939.7,1940.66985,1934.1,1933.13295,50,LONG,-376.845000000003,-140031.573749988
cash_ACC,Supertrend,2025-05-27 14:30:00,2025-05-28 09:52:00,1935.6,1936.5677999999998,1934.0,1933.0330000000001,50,LONG,-176.73999999998387,-140208.31374998798
cash_ACC,Supertrend,2025-05-28 10:34:00,2025-05-28 11:23:00,1933.0,1933.9665,1937.0,1936.0315,50,LONG,103.25000000000273,-140105.06374998798
cash_ACC,Supertrend,2025-05-28 12:23:00,2025-05-28 12:39:00,1933.7,1934.6668499999998,1927.5,1926.53625,50,LONG,-406.52999999998656,-140511.59374998798
cash_ACC,Supertrend,2025-05-28 14:11:00,2025-05-28 14:19:00,1926.8,1927.7633999999998,1920.7,1919.7396500000002,50,LONG,-401.18749999998045,-140912.78124998795
cash_ACC,Supertrend,2025-05-29 09:15:00,2025-05-29 09:20:00,1924.7,1925.6623499999998,1918.9,1917.9405500000003,50,LONG,-386.0899999999788,-141298.87124998792
cash_ACC,Supertrend,2025-05-29 10:00:00,2025-05-29 10:38:00,1923.4,1924.3617,1918.8,1917.8406,50,LONG,-326.05499999999665,-141624.9262499879
cash_ACC,Supertrend,2025-05-29 11:29:00,2025-05-29 11:53:00,1921.0,1921.9605,1918.1,1917.14095,50,LONG,-240.97749999999678,-141865.90374998792
cash_ACC,Supertrend,2025-05-29 12:28:00,2025-05-29 13:19:00,1920.7,1921.6603499999999,1923.5,1922.53825,50,LONG,43.89500000000908,-141822.0087499879
cash_ACC,Supertrend,2025-05-29 13:30:00,2025-05-29 13:38:00,1927.6,1928.5638,1922.5,1921.5387500000002,50,LONG,-351.25249999998687,-142173.26124998787
cash_ACC,Supertrend,2025-05-30 11:30:00,2025-05-30 11:40:00,1899.0,1899.9495,1892.6,1891.6537,50,LONG,-414.7899999999936,-142588.05124998785
cash_ACC,Supertrend,2025-05-30 13:44:00,2025-05-30 14:33:00,1887.7,1888.64385,1886.5,1885.5567500000002,50,LONG,-154.35499999998683,-142742.40624998783
cash_ACC,Supertrend,2025-05-30 14:57:00,2025-05-30 15:04:00,1887.9,1888.84395,1884.5,1883.5577500000002,50,LONG,-264.30999999998903,-143006.71624998783
cash_ACC,Supertrend,2025-06-02 09:15:00,2025-06-02 10:13:00,1882.0,1882.9409999999998,1869.0,1868.0655000000002,50,LONG,-743.7749999999824,-143750.49124998783
cash_ACC,Supertrend,2025-06-02 10:37:00,2025-06-02 11:01:00,1873.0,1873.9364999999998,1873.0,1872.0635000000002,50,LONG,-93.64999999997963,-143844.14124998782
cash_ACC,Supertrend,2025-06-02 11:41:00,2025-06-02 13:35:00,1877.0,1877.9385,1883.0,1882.0585,50,LONG,206.0000000000059,-143638.14124998782
cash_ACC,Supertrend,2025-06-02 13:44:00,2025-06-02 13:48:00,1886.3,1887.2431499999998,1884.1,1883.15795,50,LONG,-204.25999999998794,-143842.4012499878
cash_ACC,Supertrend,2025-06-02 14:26:00,2025-06-02 14:32:00,1884.6,1885.5422999999998,1882.6,1881.6587,50,LONG,-194.17999999999438,-144036.5812499878
cash_ACC,Supertrend,2025-06-02 15:00:00,2025-06-02 15:05:00,1886.4,1887.3432,1884.0,1883.058,50,LONG,-214.26000000000158,-144250.8412499878
cash_ACC,Supertrend,2025-06-02 15:29:00,2025-06-03 09:21:00,1887.9,1888.84395,1883.7,1882.7581500000001,50,LONG,-304.2899999999918,-144555.13124998778
cash_ACC,Supertrend,2025-06-03 10:17:00,2025-06-03 10:29:00,1883.7,1884.64185,1880.1,1879.15995,50,LONG,-274.0949999999998,-144829.22624998778
cash_ACC,Supertrend,2025-06-03 11:02:00,2025-06-03 11:06:00,1880.9,1881.84045,1878.7,1877.7606500000002,50,LONG,-203.9899999999875,-145033.21624998777
cash_ACC,Supertrend,2025-06-03 11:25:00,2025-06-03 11:32:00,1878.7,1879.63935,1876.0,1875.0620000000001,50,LONG,-228.86749999998983,-145262.08374998777
cash_ACC,Supertrend,2025-06-03 12:28:00,2025-06-03 12:52:00,1875.5,1876.4377499999998,1874.1,1873.16295,50,LONG,-163.7399999999957,-145425.82374998776
cash_ACC,Supertrend,2025-06-03 13:08:00,2025-06-03 13:49:00,1875.9,1876.83795,1873.7,1872.7631500000002,50,LONG,-203.73999999999342,-145629.56374998775
cash_ACC,Supertrend,2025-06-03 14:32:00,2025-06-03 15:04:00,1876.9,1877.83845,1877.9,1876.9610500000001,50,LONG,-43.869999999992615,-145673.43374998774
cash_ACC,Supertrend,2025-06-04 09:15:00,2025-06-04 09:16:00,1881.6,1882.5407999999998,1875.3,1874.36235,50,LONG,-408.92249999998285,-146082.35624998773
cash_ACC,Supertrend,2025-06-04 10:05:00,2025-06-04 10:20:00,1868.9,1869.83445,1865.5,1864.56725,50,LONG,-263.3600000000001,-146345.71624998772
cash_ACC,Supertrend,2025-06-04 12:11:00,2025-06-04 13:22:00,1866.6,1867.5332999999998,1869.6,1868.6652,50,LONG,56.59500000000435,-146289.12124998771
cash_ACC,Supertrend,2025-06-04 13:42:00,2025-06-04 15:17:00,1871.2,1872.1355999999998,1876.8,1875.8616,50,LONG,186.30000000000564,-146102.8212499877
cash_ACC,Supertrend,2025-06-05 09:15:00,2025-06-05 10:04:00,1880.1,1881.0400499999998,1884.0,1883.058,50,LONG,100.89750000000777,-146001.92374998768
cash_ACC,Supertrend,2025-06-05 10:35:00,2025-06-05 11:09:00,1887.9,1888.84395,1890.3,1889.3548500000002,50,LONG,25.545000000010987,-145976.37874998766
cash_ACC,Supertrend,2025-06-05 12:00:00,2025-06-05 12:40:00,1893.9,1894.8469499999999,1889.9,1888.9550500000003,50,LONG,-294.59499999998116,-146270.97374998764
cash_ACC,Supertrend,2025-06-05 13:15:00,2025-06-05 13:32:00,1892.1,1893.0460499999997,1887.5,1886.55625,50,LONG,-324.4899999999802,-146595.46374998763
cash_ACC,Supertrend,2025-06-05 15:00:00,2025-06-06 09:41:00,1884.1,1885.0420499999998,1894.6,1893.6527,50,LONG,430.53250000001526,-146164.93124998763
cash_ACC,Supertrend,2025-06-06 10:06:00,2025-06-06 12:16:00,1897.8,1898.7488999999998,1895.5,1894.5522500000002,50,LONG,-209.8324999999818,-146374.76374998761
cash_ACC,Supertrend,2025-06-06 12:50:00,2025-06-06 14:38:00,1897.4,1898.3487,1906.5,1905.5467500000002,50,LONG,359.9025000000097,-146014.86124998762
cash_ACC,Supertrend,2025-06-06 15:29:00,2025-06-09 09:29:00,1908.0,1908.954,1906.0,1905.047,50,LONG,-195.34999999999627,-146210.21124998762
cash_ACC,Supertrend,2025-06-09 10:52:00,2025-06-09 15:27:00,1905.2,1906.1526,1905.0,1904.0475000000001,50,LONG,-105.25499999998829,-146315.4662499876
cash_ACC,Supertrend,2025-06-10 09:15:00,2025-06-10 09:28:00,1913.1,1914.0565499999998,1907.9,1906.9460500000002,50,LONG,-355.52499999997735,-146670.99124998756
cash_ACC,Supertrend,2025-06-10 10:10:00,2025-06-10 10:51:00,1916.5,1917.45825,1913.0,1912.0435,50,LONG,-270.73749999999563,-146941.72874998755
cash_ACC,Supertrend,2025-06-10 11:44:00,2025-06-10 12:21:00,1913.0,1913.9565,1919.6,1918.6402,50,LONG,234.18500000000222,-146707.54374998756
cash_ACC,Supertrend,2025-06-10 12:32:00,2025-06-10 13:44:00,1920.6,1921.5602999999999,1919.3,1918.3403500000002,50,LONG,-160.99749999998494,-146868.54124998755
cash_ACC,Supertrend,2025-06-11 09:15:00,2025-06-11 10:18:00,1915.1,1916.0575499999998,1918.4,1917.4408000000003,50,LONG,69.1625000000272,-146799.37874998752
cash_ACC,Supertrend,2025-06-11 11:06:00,2025-06-11 11:41:00,1921.9,1922.86095,1918.5,1917.5407500000001,50,LONG,-266.0099999999943,-147065.3887499875
cash_ACC,Supertrend,2025-06-11 13:58:00,2025-06-12 09:28:00,1900.0,1900.9499999999998,1902.2,1901.2489,50,LONG,14.945000000011532,-147050.4437499875
cash_ACC,Supertrend,2025-06-12 10:09:00,2025-06-12 10:43:00,1900.8,1901.7504,1896.2,1895.2519000000002,50,LONG,-324.9249999999847,-147375.36874998748
cash_ACC,Supertrend,2025-06-12 12:42:00,2025-06-12 12:59:00,1889.9,1890.84495,1888.3,1887.3558500000001,50,LONG,-174.454999999989,-147549.82374998747
cash_ACC,Supertrend,2025-06-12 14:22:00,2025-06-12 15:16:00,1873.0,1873.9364999999998,1866.5,1865.5667500000002,50,LONG,-418.4874999999806,-147968.31124998746
cash_ACC,Supertrend,2025-06-13 09:55:00,2025-06-13 11:10:00,1842.5,1843.4212499999999,1845.7,1844.7771500000001,50,LONG,67.79500000001235,-147900.51624998744
cash_ACC,Supertrend,2025-06-13 11:20:00,2025-06-13 11:53:00,1846.9,1847.82345,1844.8,1843.8776,50,LONG,-197.2925000000032,-148097.80874998745
cash_ACC,Supertrend,2025-06-13 12:04:00,2025-06-13 12:59:00,1847.8,1848.7239,1844.5,1843.5777500000002,50,LONG,-257.30749999999034,-148355.11624998745
cash_ACC,Supertrend,2025-06-13 13:15:00,2025-06-13 14:12:00,1847.8,1848.7239,1848.6,1847.6757,50,LONG,-52.40999999999758,-148407.52624998745
cash_ACC,Supertrend,2025-06-13 15:01:00,2025-06-16 09:22:00,1846.7,1847.6233499999998,1847.0,1846.0765000000001,50,LONG,-77.3424999999861,-148484.86874998745
cash_ACC,Supertrend,2025-06-16 10:15:00,2025-06-16 11:54:00,1840.9,1841.82045,1847.9,1846.9760500000002,50,LONG,257.78000000001384,-148227.08874998742
cash_ACC,Supertrend,2025-06-16 12:06:00,2025-06-16 14:17:00,1851.0,1851.9254999999998,1870.1,1869.16495,50,LONG,861.972500000013,-147365.11624998742
cash_ACC,Supertrend,2025-06-16 14:34:00,2025-06-16 15:25:00,1869.9,1870.83495,1868.0,1867.066,50,LONG,-188.44749999999522,-147553.56374998743
cash_ACC,Supertrend,2025-06-17 09:33:00,2025-06-17 09:49:00,1876.5,1877.43825,1867.6,1866.6662000000001,50,LONG,-538.6024999999904,-148092.1662499874
cash_ACC,Supertrend,2025-06-17 10:11:00,2025-06-17 10:50:00,1867.3,1868.23365,1866.0,1865.067,50,LONG,-158.33249999999452,-148250.4987499874
cash_ACC,Supertrend,2025-06-17 11:22:00,2025-06-17 11:51:00,1863.4,1864.3317,1870.0,1869.065,50,LONG,236.66500000000497,-148013.8337499874
cash_ACC,Supertrend,2025-06-17 12:07:00,2025-06-17 12:36:00,1870.0,1870.935,1866.6,1865.6667,50,LONG,-263.4149999999977,-148277.2487499874
cash_ACC,Supertrend,2025-06-17 12:45:00,2025-06-17 12:51:00,1869.9,1870.83495,1867.0,1866.0665000000001,50,LONG,-238.42249999999012,-148515.67124998738
cash_ACC,Supertrend,2025-06-17 12:59:00,2025-06-17 13:16:00,1866.5,1867.4332499999998,1861.5,1860.56925,50,LONG,-343.19999999999027,-148858.87124998737
cash_ACC,Supertrend,2025-06-17 13:41:00,2025-06-17 14:26:00,1865.1,1866.03255,1865.8,1864.8671000000002,50,LONG,-58.27249999998685,-148917.14374998736
cash_ACC,Supertrend,2025-06-17 14:28:00,2025-06-17 14:35:00,1867.5,1868.43375,1865.0,1864.0675,50,LONG,-218.31249999999045,-149135.45624998736
cash_ACC,Supertrend,2025-06-17 14:45:00,2025-06-17 14:53:00,1863.2,1864.1316,1860.7,1859.7696500000002,50,LONG,-218.09749999998758,-149353.55374998733
cash_ACC,Supertrend,2025-06-17 15:09:00,2025-06-17 15:15:00,1863.9,1864.83195,1858.1,1857.17095,50,LONG,-383.0500000000029,-149736.60374998732
cash_ACC,Supertrend,2025-06-18 09:18:00,2025-06-18 09:19:00,1860.3,1861.2301499999999,1855.7,1854.7721500000002,50,LONG,-322.89999999998145,-150059.5037499873
cash_ACC,Supertrend,2025-06-18 09:50:00,2025-06-18 10:25:00,1864.8,1865.7323999999999,1860.0,1859.0700000000002,50,LONG,-333.11999999998534,-150392.6237499873
cash_ACC,Supertrend,2025-06-18 10:39:00,2025-06-18 10:53:00,1861.7,1862.63085,1857.2,1856.2714,50,LONG,-317.9724999999962,-150710.5962499873
cash_ACC,Supertrend,2025-06-18 12:08:00,2025-06-18 12:37:00,1851.4,1852.3257,1848.0,1847.076,50,LONG,-262.48500000000377,-150973.08124998733
cash_ACC,Supertrend,2025-06-18 13:11:00,2025-06-18 13:48:00,1849.0,1849.9244999999999,1845.5,1844.57725,50,LONG,-267.3624999999902,-151240.44374998732
cash_ACC,Supertrend,2025-06-18 14:32:00,2025-06-18 15:06:00,1843.5,1844.42175,1842.4,1841.4788,50,LONG,-147.14749999999412,-151387.5912499873
cash_ACC,Supertrend,2025-06-19 10:24:00,2025-06-19 10:34:00,1838.9,1839.81945,1835.3,1834.38235,50,LONG,-271.85499999999365,-151659.4462499873
cash_ACC,Supertrend,2025-06-19 10:42:00,2025-06-19 11:26:00,1839.2,1840.1196,1839.9,1838.9800500000001,50,LONG,-56.9774999999936,-151716.42374998727
cash_ACC,Supertrend,2025-06-19 12:08:00,2025-06-19 12:33:00,1838.8,1839.7194,1834.6,1833.6827,50,LONG,-301.8349999999941,-152018.25874998726
cash_ACC,Supertrend,2025-06-19 12:47:00,2025-06-19 12:50:00,1835.1,1836.0175499999998,1828.5,1827.5857500000002,50,LONG,-421.5899999999806,-152439.84874998723
cash_ACC,Supertrend,2025-06-19 13:09:00,2025-06-19 13:22:00,1835.7,1836.6178499999999,1828.9,1827.98555,50,LONG,-431.61499999998796,-152871.46374998722
cash_ACC,Supertrend,2025-06-19 14:07:00,2025-06-19 14:27:00,1830.4,1831.3152,1831.7,1830.7841500000002,50,LONG,-26.55249999999114,-152898.0162499872
cash_ACC,Supertrend,2025-06-19 14:47:00,2025-06-19 14:52:00,1835.4,1836.3177,1831.6,1830.6842,50,LONG,-281.675000000007,-153179.69124998723
cash_ACC,Supertrend,2025-06-19 15:29:00,2025-06-20 09:32:00,1827.2,1828.1136,1819.7,1818.79015,50,LONG,-466.1724999999933,-153645.8637499872
cash_ACC,Supertrend,2025-06-20 09:47:00,2025-06-20 09:52:00,1827.9,1828.81395,1823.2,1822.2884000000001,50,LONG,-326.27749999999196,-153972.1412499872
cash_ACC,Supertrend,2025-06-20 10:15:00,2025-06-20 11:26:00,1825.0,1825.9125,1824.0,1823.0880000000002,50,LONG,-141.2249999999858,-154113.3662499872
cash_ACC,Supertrend,2025-06-20 12:12:00,2025-06-20 12:17:00,1824.0,1824.9119999999998,1820.2,1819.2899000000002,50,LONG,-281.10499999997955,-154394.47124998717
cash_ACC,Supertrend,2025-06-20 12:21:00,2025-06-20 12:28:00,1824.8,1825.7124,1819.6,1818.6902,50,LONG,-351.1099999999942,-154745.58124998715
cash_ACC,Supertrend,2025-06-20 12:38:00,2025-06-20 13:10:00,1824.5,1825.4122499999999,1826.0,1825.087,50,LONG,-16.26249999999345,-154761.84374998714
cash_ACC,Supertrend,2025-06-20 13:53:00,2025-06-20 14:12:00,1828.7,1829.6143499999998,1826.0,1825.087,50,LONG,-226.3674999999921,-154988.21124998713
cash_ACC,Supertrend,2025-06-20 14:25:00,2025-06-20 14:36:00,1827.5,1828.41375,1824.3,1823.38785,50,LONG,-251.29499999999325,-155239.5062499871
cash_ACC,Supertrend,2025-06-23 09:52:00,2025-06-23 11:05:00,1822.7,1823.61135,1823.3,1822.38835,50,LONG,-61.14999999999782,-155300.6562499871
cash_ACC,Supertrend,2025-06-23 11:25:00,2025-06-23 11:45:00,1824.8,1825.7124,1823.2,1822.2884000000001,50,LONG,-171.19999999998754,-155471.8562499871
cash_ACC,Supertrend,2025-06-24 09:15:00,2025-06-24 11:00:00,1831.0,1831.9154999999998,1851.3,1850.37435,50,LONG,922.9425000000106,-154548.91374998708
cash_ACC,Supertrend,2025-06-24 11:05:00,2025-06-24 12:28:00,1858.6,1859.5292999999997,1865.4,1864.4673000000003,50,LONG,246.90000000002783,-154302.01374998706
cash_ACC,Supertrend,2025-06-24 13:08:00,2025-06-24 13:22:00,1867.8,1868.7339,1859.9,1858.9700500000001,50,LONG,-488.192499999991,-154790.20624998707
cash_ACC,Supertrend,2025-06-24 13:53:00,2025-06-24 14:19:00,1854.2,1855.1271,1851.3,1850.37435,50,LONG,-237.6374999999939,-155027.84374998705
cash_ACC,Supertrend,2025-06-24 14:34:00,2025-06-24 14:58:00,1854.0,1854.927,1848.7,1847.77565,50,LONG,-357.5674999999933,-155385.41124998705
cash_ACC,Supertrend,2025-06-24 15:09:00,2025-06-25 09:21:00,1849.4,1850.3247,1851.0,1850.0745000000002,50,LONG,-12.509999999986121,-155397.92124998703
cash_ACC,Supertrend,2025-06-25 10:37:00,2025-06-25 10:48:00,1855.8,1856.7278999999999,1854.0,1853.073,50,LONG,-182.74499999998852,-155580.66624998703
cash_ACC,Supertrend,2025-06-25 12:55:00,2025-06-25 13:15:00,1855.9,1856.82795,1854.7,1853.77265,50,LONG,-152.76499999999942,-155733.43124998704
cash_ACC,Supertrend,2025-06-26 09:15:00,2025-06-26 09:19:00,1862.1,1863.0310499999998,1857.0,1856.0715,50,LONG,-347.9774999999904,-156081.40874998702
cash_ACC,Supertrend,2025-06-26 09:21:00,2025-06-26 09:48:00,1867.0,1867.9334999999999,1872.1,1871.16395,50,LONG,161.52250000001231,-155919.886249987
cash_ACC,Supertrend,2025-06-26 11:11:00,2025-06-26 13:25:00,1866.1,1867.0330499999998,1867.6,1866.6662000000001,50,LONG,-18.34249999998292,-155938.22874998697
cash_ACC,Supertrend,2025-06-26 14:33:00,2025-06-27 09:58:00,1870.1,1871.0350499999997,1908.0,1907.046,50,LONG,1800.547500000016,-154137.68124998696
cash_ACC,Supertrend,2025-06-27 10:03:00,2025-06-27 10:56:00,1914.8,1915.7574,1923.1,1922.13845,50,LONG,319.05249999999796,-153818.62874998696
cash_ACC,Supertrend,2025-06-27 11:13:00,2025-06-27 11:46:00,1930.6,1931.5652999999998,1926.3,1925.3368500000001,50,LONG,-311.4224999999806,-154130.05124998695
cash_ACC,Supertrend,2025-06-27 12:27:00,2025-06-27 12:47:00,1928.6,1929.5642999999998,1926.2,1925.2369,50,LONG,-216.36999999998352,-154346.42124998695
cash_ACC,Supertrend,2025-06-27 13:39:00,2025-06-27 14:46:00,1924.6,1925.5622999999998,1929.5,1928.5352500000001,50,LONG,148.6475000000155,-154197.77374998693
cash_ACC,Supertrend,2025-06-30 09:15:00,2025-06-30 09:29:00,1924.9,1925.86245,1921.6,1920.6392,50,LONG,-261.16250000000036,-154458.93624998693
cash_ACC,Supertrend,2025-06-30 10:05:00,2025-06-30 10:09:00,1925.9,1926.86295,1921.0,1920.0395,50,LONG,-341.1724999999933,-154800.10874998692
cash_ACC,Supertrend,2025-06-30 11:28:00,2025-06-30 11:57:00,1914.5,1915.45725,1913.5,1912.5432500000002,50,LONG,-145.699999999988,-154945.8087499869
cash_ACC,Supertrend,2025-06-30 12:12:00,2025-06-30 12:35:00,1917.2,1918.1586,1916.3,1915.34185,50,LONG,-140.83749999999782,-155086.6462499869
cash_ACC,Supertrend,2025-06-30 12:43:00,2025-06-30 13:01:00,1920.5,1921.4602499999999,1916.8,1915.8416,50,LONG,-280.93249999999443,-155367.5787499869
cash_ACC,Supertrend,2025-06-30 14:46:00,2025-07-01 09:38:00,1916.5,1917.45825,1924.1,1923.13795,50,LONG,283.98500000000695,-155083.59374998687
cash_ACC,Supertrend,2025-07-01 10:06:00,2025-07-01 10:14:00,1925.9,1926.86295,1920.1,1919.13995,50,LONG,-386.1499999999978,-155469.74374998687
cash_ACC,Supertrend,2025-07-01 10:23:00,2025-07-01 10:57:00,1925.0,1925.9624999999999,1922.5,1921.5387500000002,50,LONG,-221.187499999985,-155690.93124998684
cash_ACC,Supertrend,2025-07-01 11:43:00,2025-07-01 12:05:00,1923.1,1924.06155,1921.3,1920.33935,50,LONG,-186.1099999999965,-155877.04124998683
cash_ACC,Supertrend,2025-07-01 12:13:00,2025-07-01 12:32:00,1924.7,1925.6623499999998,1923.9,1922.9380500000002,50,LONG,-136.2149999999815,-156013.2562499868
cash_ACC,Supertrend,2025-07-01 14:08:00,2025-07-01 14:43:00,1912.6,1913.5562999999997,1917.8,1916.8411,50,LONG,164.24000000001797,-155849.01624998677
cash_ACC,Supertrend,2025-07-01 14:55:00,2025-07-02 09:41:00,1922.2,1923.1611,1925.0,1924.0375000000001,50,LONG,43.820000000005166,-155805.19624998677
cash_ACC,Supertrend,2025-07-02 09:51:00,2025-07-02 10:10:00,1932.0,1932.966,1924.1,1923.13795,50,LONG,-491.4024999999924,-156296.59874998676
cash_ACC,Supertrend,2025-07-02 10:23:00,2025-07-02 10:50:00,1927.0,1927.9634999999998,1924.0,1923.038,50,LONG,-246.27499999999145,-156542.87374998676
cash_ACC,Supertrend,2025-07-02 10:57:00,2025-07-02 11:12:00,1934.0,1934.9669999999999,1932.0,1931.034,50,LONG,-196.64999999998827,-156739.52374998675
cash_ACC,Supertrend,2025-07-02 11:26:00,2025-07-02 12:19:00,1936.6,1937.5683,1940.7,1939.7296500000002,50,LONG,108.06750000001557,-156631.45624998675
cash_ACC,Supertrend,2025-07-02 12:22:00,2025-07-02 12:41:00,1946.5,1947.4732499999998,1941.5,1940.52925,50,LONG,-347.19999999998663,-156978.65624998673
cash_ACC,Supertrend,2025-07-02 13:52:00,2025-07-02 14:34:00,1937.1,1938.0685499999997,1934.1,1933.13295,50,LONG,-246.77999999998974,-157225.43624998673
cash_ACC,Supertrend,2025-07-02 14:39:00,2025-07-03 10:35:00,1936.0,1936.9679999999998,1967.0,1966.0165000000002,50,LONG,1452.4250000000166,-155773.0112499867
cash_ACC,Supertrend,2025-07-03 12:32:00,2025-07-03 13:01:00,1958.8,1959.7794,1956.8,1955.8216,50,LONG,-197.88999999999533,-155970.9012499867
cash_ACC,Supertrend,2025-07-03 13:21:00,2025-07-03 14:27:00,1961.8,1962.7808999999997,1958.5,1957.5207500000001,50,LONG,-263.0074999999806,-156233.90874998667
cash_ACC,Supertrend,2025-07-03 14:35:00,2025-07-03 14:49:00,1959.0,1959.9795,1955.3,1954.3223500000001,50,LONG,-282.8574999999887,-156516.76624998666
cash_ACC,Supertrend,2025-07-03 15:28:00,2025-07-04 09:16:00,1959.0,1959.9795,1953.7,1952.7231500000003,50,LONG,-362.81749999998283,-156879.58374998663
cash_ACC,Supertrend,2025-07-04 09:27:00,2025-07-04 11:23:00,1956.5,1957.47825,1980.8,1979.8096,50,LONG,1116.5675000000078,-155763.01624998663
cash_ACC,Supertrend,2025-07-04 13:07:00,2025-07-04 13:56:00,1961.8,1962.7808999999997,1962.5,1961.5187500000002,50,LONG,-63.107499999978245,-155826.1237499866
cash_ACC,Supertrend,2025-07-04 14:00:00,2025-07-04 14:10:00,1970.0,1970.985,1962.6,1961.6187,50,LONG,-468.3149999999955,-156294.4387499866
cash_ACC,Supertrend,2025-07-04 14:35:00,2025-07-04 15:18:00,1964.7,1965.68235,1961.8,1960.8191000000002,50,LONG,-243.162499999994,-156537.60124998662
cash_ACC,Supertrend,2025-07-07 09:21:00,2025-07-07 09:49:00,1966.2,1967.1831,1952.0,1951.0240000000001,50,LONG,-807.9549999999927,-157345.5562499866
cash_ACC,Supertrend,2025-07-07 11:05:00,2025-07-07 11:17:00,1949.5,1950.4747499999999,1944.6,1943.6277,50,LONG,-342.3524999999927,-157687.9087499866
cash_ACC,Supertrend,2025-07-07 11:41:00,2025-07-07 11:50:00,1946.7,1947.67335,1943.5,1942.52825,50,LONG,-257.25499999999784,-157945.1637499866
cash_ACC,Supertrend,2025-07-07 12:12:00,2025-07-07 13:42:00,1949.0,1949.9744999999998,1961.5,1960.51925,50,LONG,527.2375000000125,-157417.92624998657
cash_ACC,Supertrend,2025-07-07 13:50:00,2025-07-07 14:14:00,1964.0,1964.982,1961.3,1960.31935,50,LONG,-233.13249999999925,-157651.05874998658
cash_ACC,Supertrend,2025-07-07 14:41:00,2025-07-07 15:20:00,1964.7,1965.68235,1963.5,1962.51825,50,LONG,-158.2049999999981,-157809.26374998657
cash_ACC,Supertrend,2025-07-08 09:18:00,2025-07-08 09:39:00,1966.0,1966.983,1963.1,1962.11845,50,LONG,-243.22750000000042,-158052.49124998657
cash_ACC,Supertrend,2025-07-08 10:57:00,2025-07-08 11:10:00,1953.7,1954.6768499999998,1949.7,1948.7251500000002,50,LONG,-297.58499999998094,-158350.07624998657
cash_ACC,Supertrend,2025-07-08 11:30:00,2025-07-08 12:22:00,1953.0,1953.9765,1958.5,1957.5207500000001,50,LONG,177.21250000000737,-158172.86374998657
cash_ACC,Supertrend,2025-07-08 12:25:00,2025-07-09 10:31:00,1962.0,1962.981,1993.3,1992.3033500000001,50,LONG,1466.117500000007,-156706.74624998658
cash_ACC,Supertrend,2025-07-09 10:53:00,2025-07-09 10:59:00,1993.9,1994.89695,1990.8,1989.8046000000002,50,LONG,-254.61749999999483,-156961.36374998657
cash_ACC,Supertrend,2025-07-09 11:32:00,2025-07-09 11:55:00,1993.0,1993.9965,1992.3,1991.30385,50,LONG,-134.6324999999979,-157095.99624998658
cash_ACC,Supertrend,2025-07-09 13:29:00,2025-07-09 13:40:00,1991.0,1991.9955,1988.7,1987.70565,50,LONG,-214.49249999999438,-157310.48874998657
cash_ACC,Supertrend,2025-07-09 13:53:00,2025-07-09 14:23:00,1990.4,1991.3952,1989.6,1988.6052,50,LONG,-139.49999999999818,-157449.98874998657
cash_ACC,Supertrend,2025-07-09 14:44:00,2025-07-10 09:39:00,1988.9,1989.89445,1995.8,1994.8021,50,LONG,245.38250000000517,-157204.60624998657
cash_ACC,Supertrend,2025-07-10 10:36:00,2025-07-10 10:49:00,1997.5,1998.49875,1995.1,1994.10245,50,LONG,-219.81499999999414,-157424.42124998657
cash_ACC,Supertrend,2025-07-10 11:15:00,2025-07-10 11:59:00,1992.4,1993.3962,1993.7,1992.70315,50,LONG,-34.65249999999287,-157459.07374998656
cash_ACC,Supertrend,2025-07-10 12:12:00,2025-07-10 12:17:00,1993.1,1994.0965499999998,1991.3,1990.30435,50,LONG,-189.60999999998194,-157648.68374998655
cash_ACC,Supertrend,2025-07-10 12:28:00,2025-07-10 12:39:00,1994.1,1995.0970499999999,1992.2,1991.2039000000002,50,LONG,-194.65749999998252,-157843.34124998652
cash_ACC,Supertrend,2025-07-10 13:03:00,2025-07-10 13:48:00,1995.3,1996.2976499999997,1995.5,1994.50225,50,LONG,-89.76999999998725,-157933.1112499865
cash_ACC,Supertrend,2025-07-10 14:07:00,2025-07-10 14:52:00,1998.9,1999.89945,2002.1,2001.09895,50,LONG,59.97500000000855,-157873.1362499865
cash_ACC,Supertrend,2025-07-10 15:26:00,2025-07-11 10:04:00,2003.8,2004.8019,2016.7,2015.6916500000002,50,LONG,544.4875000000138,-157328.6487499865
cash_ACC,Supertrend,2025-07-11 11:12:00,2025-07-11 11:26:00,2004.2,2005.2021,1999.1,1998.10045,50,LONG,-355.08250000000317,-157683.73124998648
cash_ACC,Supertrend,2025-07-11 12:27:00,2025-07-11 12:44:00,1995.8,1996.7978999999998,1995.5,1994.50225,50,LONG,-114.7824999999898,-157798.51374998648
cash_ACC,Supertrend,2025-07-11 13:36:00,2025-07-11 14:20:00,1991.7,1992.6958499999998,1989.6,1988.6052,50,LONG,-204.53249999999343,-158003.04624998648
cash_ACC,Supertrend,2025-07-11 14:26:00,2025-07-11 14:40:00,1992.9,1993.89645,1989.8,1988.8051,50,LONG,-254.56749999999602,-158257.61374998649
cash_ACC,Supertrend,2025-07-14 09:39:00,2025-07-14 10:15:00,1973.3,1974.2866499999998,1980.8,1979.8096,50,LONG,276.1475000000132,-157981.46624998646
cash_ACC,Supertrend,2025-07-14 11:52:00,2025-07-14 13:35:00,1968.1,1969.0840499999997,1975.3,1974.3123500000002,50,LONG,261.41500000002225,-157720.05124998646
cash_ACC,Supertrend,2025-07-14 13:48:00,2025-07-14 13:58:00,1976.0,1976.9879999999998,1972.0,1971.0140000000001,50,LONG,-298.69999999998527,-158018.75124998644
cash_ACC,Supertrend,2025-07-14 14:26:00,2025-07-14 15:12:00,1973.9,1974.88695,1976.0,1975.0120000000002,50,LONG,6.252500000005057,-158012.49874998644
cash_ACC,Supertrend,2025-07-14 15:17:00,2025-07-15 09:41:00,1978.9,1979.88945,1987.0,1986.0065000000002,50,LONG,305.8525000000145,-157706.64624998643
cash_ACC,Supertrend,2025-07-15 10:31:00,2025-07-15 11:12:00,1988.0,1988.994,1993.4,1992.4033000000002,50,LONG,170.46500000001288,-157536.1812499864
cash_ACC,Supertrend,2025-07-15 11:42:00,2025-07-15 12:15:00,1989.9,1990.8949499999999,1986.2,1985.2069000000001,50,LONG,-284.4024999999874,-157820.5837499864
cash_ACC,Supertrend,2025-07-15 12:28:00,2025-07-15 12:35:00,1989.2,1990.1946,1986.1,1985.10695,50,LONG,-254.38249999999698,-158074.9662499864
cash_ACC,Supertrend,2025-07-15 13:39:00,2025-07-16 09:15:00,1974.9,1975.88745,1976.2,1975.2119000000002,50,LONG,-33.77749999998514,-158108.7437499864
cash_ACC,Supertrend,2025-07-16 09:16:00,2025-07-16 09:32:00,1983.8,1984.7919,1971.4,1970.4143000000001,50,LONG,-718.8799999999901,-158827.6237499864
cash_ACC,Supertrend,2025-07-16 10:29:00,2025-07-16 10:39:00,1979.0,1979.9895,1975.0,1974.0125,50,LONG,-298.8499999999931,-159126.4737499864
cash_ACC,Supertrend,2025-07-16 11:27:00,2025-07-16 11:37:00,1973.4,1974.3867,1972.2,1971.2139000000002,50,LONG,-158.63999999999123,-159285.1137499864
cash_ACC,Supertrend,2025-07-16 11:41:00,2025-07-16 13:54:00,1974.2,1975.1870999999999,1990.1,1989.10495,50,LONG,695.8925000000022,-158589.22124998638
cash_ACC,Supertrend,2025-07-16 14:08:00,2025-07-16 15:16:00,1991.2,1992.1956,1989.7,1988.7051500000002,50,LONG,-174.52249999998912,-158763.74374998637
cash_ACC,Supertrend,2025-07-17 10:56:00,2025-07-17 11:19:00,1980.6,1981.5902999999998,1977.6,1976.6112,50,LONG,-248.95499999998947,-159012.69874998636
cash_ACC,Supertrend,2025-07-17 11:37:00,2025-07-17 12:07:00,1981.0,1981.9904999999999,1979.1,1978.1104500000001,50,LONG,-194.00249999998778,-159206.70124998636
cash_ACC,Supertrend,2025-07-17 12:31:00,2025-07-17 13:05:00,1977.7,1978.68885,1980.0,1979.0100000000002,50,LONG,16.057500000010805,-159190.64374998634
cash_ACC,Supertrend,2025-07-17 14:44:00,2025-07-17 14:49:00,1979.7,1980.68985,1977.9,1976.9110500000002,50,LONG,-188.93999999999096,-159379.58374998634
cash_ACC,Supertrend,2025-07-17 15:05:00,2025-07-17 15:13:00,1979.7,1980.68985,1979.3,1978.31035,50,LONG,-118.97500000000036,-159498.55874998635
cash_ACC,Supertrend,2025-07-18 09:15:00,2025-07-18 09:35:00,1982.2,1983.1911,1981.6,1980.6092,50,LONG,-129.09499999999525,-159627.65374998635
cash_ACC,Supertrend,2025-07-18 11:04:00,2025-07-18 11:36:00,1969.5,1970.4847499999998,1969.3,1968.31535,50,LONG,-108.46999999998843,-159736.12374998635
cash_ACC,Supertrend,2025-07-18 12:41:00,2025-07-18 13:17:00,1970.2,1971.1851,1965.5,1964.51725,50,LONG,-333.39249999999083,-160069.51624998634
cash_ACC,Supertrend,2025-07-18 13:23:00,2025-07-18 13:55:00,1970.2,1971.1851,1971.6,1970.6142,50,LONG,-28.54499999999689,-160098.06124998632
cash_ACC,Supertrend,2025-07-18 14:41:00,2025-07-18 14:51:00,1973.0,1973.9865,1970.0,1969.015,50,LONG,-248.5749999999939,-160346.6362499863
cash_ACC,Supertrend,2025-07-18 15:29:00,2025-07-21 09:24:00,1973.3,1974.2866499999998,1976.6,1975.6117,50,LONG,66.25250000000733,-160280.3837499863
cash_ACC,Supertrend,2025-07-21 09:46:00,2025-07-21 09:55:00,1980.4,1981.3902,1976.4,1975.4118000000003,50,LONG,-298.9199999999869,-160579.30374998628
cash_ACC,Supertrend,2025-07-21 11:23:00,2025-07-21 12:30:00,1967.3,1968.2836499999999,1965.5,1964.51725,50,LONG,-188.31999999998743,-160767.62374998626
cash_ACC,Supertrend,2025-07-21 12:37:00,2025-07-21 13:51:00,1968.0,1968.984,1973.7,1972.71315,50,LONG,186.4575000000059,-160581.16624998624
cash_ACC,Supertrend,2025-07-21 13:59:00,2025-07-21 14:27:00,1977.2,1978.1886,1978.0,1977.0110000000002,50,LONG,-58.87999999998783,-160640.04624998622
cash_ACC,Supertrend,2025-07-21 15:09:00,2025-07-22 09:42:00,1978.3,1979.2891499999998,1979.7,1978.71015,50,LONG,-28.949999999986176,-160668.9962499862
cash_ACC,Supertrend,2025-07-22 10:21:00,2025-07-22 10:30:00,1976.1,1977.0880499999998,1971.3,1970.31435,50,LONG,-338.68499999998676,-161007.6812499862
cash_ACC,Supertrend,2025-07-22 10:45:00,2025-07-22 10:57:00,1978.9,1979.88945,1978.5,1977.5107500000001,50,LONG,-118.93499999998767,-161126.6162499862
cash_ACC,Supertrend,2025-07-22 11:11:00,2025-07-22 11:19:00,1978.0,1978.9889999999998,1970.4,1969.4148000000002,50,LONG,-478.7099999999782,-161605.3262499862
cash_ACC,Supertrend,2025-07-22 12:08:00,2025-07-22 12:37:00,1974.5,1975.48725,1973.6,1972.6132,50,LONG,-143.70249999999487,-161749.02874998617
cash_ACC,Supertrend,2025-07-22 14:36:00,2025-07-22 14:56:00,1964.0,1964.982,1961.0,1960.0195,50,LONG,-248.12499999999318,-161997.15374998617
cash_ACC,Supertrend,2025-07-23 10:39:00,2025-07-23 11:00:00,1927.1,1928.0635499999999,1924.4,1923.4378000000002,50,LONG,-231.2874999999849,-162228.44124998615
cash_ACC,Supertrend,2025-07-23 11:19:00,2025-07-23 11:40:00,1927.8,1928.7639,1923.5,1922.53825,50,LONG,-311.282499999993,-162539.72374998615
cash_ACC,Supertrend,2025-07-23 11:49:00,2025-07-23 13:23:00,1929.9,1930.86495,1945.3,1944.32735,50,LONG,673.1200000000058,-161866.60374998616
cash_ACC,Supertrend,2025-07-23 13:52:00,2025-07-23 14:03:00,1946.2,1947.1731,1944.7,1943.72765,50,LONG,-172.27249999999685,-162038.87624998615
cash_ACC,Supertrend,2025-07-23 14:19:00,2025-07-23 14:26:00,1946.9,1947.87345,1944.8,1943.8276,50,LONG,-202.29249999999865,-162241.16874998616
cash_ACC,Supertrend,2025-07-23 14:43:00,2025-07-23 15:03:00,1948.3,1949.2741499999997,1947.5,1946.5262500000001,50,LONG,-137.39499999998088,-162378.56374998615
cash_ACC,Supertrend,2025-07-23 15:07:00,2025-07-23 15:29:00,1952.4,1953.3762,1946.4,1945.4268000000002,50,LONG,-397.46999999998707,-162776.03374998615
cash_ACC,Supertrend,2025-07-24 09:16:00,2025-07-24 09:44:00,1953.5,1954.4767499999998,1946.9,1945.9265500000001,50,LONG,-427.50999999998385,-163203.54374998613
cash_ACC,Supertrend,2025-07-24 10:40:00,2025-07-24 11:14:00,1945.4,1946.3727,1940.4,1939.4298000000001,50,LONG,-347.14499999998907,-163550.68874998612
cash_ACC,Supertrend,2025-07-24 12:07:00,2025-07-24 12:42:00,1943.2,1944.1716,1946.0,1945.027,50,LONG,42.77000000000726,-163507.9187499861
cash_ACC,Supertrend,2025-07-25 09:16:00,2025-07-25 09:44:00,1893.7,1894.6468499999999,1884.9,1883.95755,50,LONG,-534.4649999999888,-164042.3837499861
cash_ACC,Supertrend,2025-07-25 10:01:00,2025-07-25 10:03:00,1886.0,1886.943,1874.9,1873.9625500000002,50,LONG,-649.0224999999896,-164691.4062499861
cash_ACC,Supertrend,2025-07-25 11:23:00,2025-07-25 11:33:00,1868.4,1869.3342,1862.6,1861.6687,50,LONG,-383.2750000000033,-165074.68124998608
cash_ACC,Supertrend,2025-07-25 11:59:00,2025-07-25 12:32:00,1863.5,1864.43175,1858.3,1857.37085,50,LONG,-353.04499999999734,-165427.72624998607
cash_ACC,Supertrend,2025-07-25 13:51:00,2025-07-25 14:05:00,1858.7,1859.62935,1857.6,1856.6712,50,LONG,-147.90749999999662,-165575.63374998607
cash_ACC,Supertrend,2025-07-28 09:17:00,2025-07-28 09:38:00,1850.0,1850.925,1843.1,1842.17845,50,LONG,-437.32749999999214,-166012.96124998605
cash_ACC,Supertrend,2025-07-28 10:52:00,2025-07-28 11:48:00,1840.0,1840.9199999999998,1849.0,1848.0755000000001,50,LONG,357.7750000000151,-165655.18624998603
cash_ACC,Supertrend,2025-07-28 12:20:00,2025-07-28 12:41:00,1849.5,1850.42475,1846.0,1845.077,50,LONG,-267.38749999999527,-165922.573749986
cash_ACC,Supertrend,2025-07-28 13:06:00,2025-07-28 13:20:00,1843.5,1844.42175,1838.3,1837.38085,50,LONG,-352.04499999999825,-166274.618749986
cash_ACC,Supertrend,2025-07-28 14:38:00,2025-07-28 15:00:00,1835.5,1836.4177499999998,1828.3,1827.3858500000001,50,LONG,-451.59499999998616,-166726.21374998597
cash_ACC,Supertrend,2025-07-29 09:15:00,2025-07-29 10:02:00,1832.2,1833.1161,1834.1,1833.1829500000001,50,LONG,3.342500000007931,-166722.87124998597
cash_ACC,Supertrend,2025-07-29 10:55:00,2025-07-29 11:35:00,1834.3,1835.21715,1828.5,1827.5857500000002,50,LONG,-381.5699999999879,-167104.44124998595
cash_ACC,Supertrend,2025-07-29 11:44:00,2025-07-29 12:03:00,1832.4,1833.3162,1829.0,1828.0855000000001,50,LONG,-261.5349999999921,-167365.97624998595
cash_ACC,Supertrend,2025-07-29 12:52:00,2025-07-29 14:07:00,1828.4,1829.3142,1825.4,1824.4873000000002,50,LONG,-241.3449999999898,-167607.32124998595
cash_ACC,Supertrend,2025-07-29 15:08:00,2025-07-30 09:21:00,1829.3,1830.21465,1825.8,1824.8871000000001,50,LONG,-266.3774999999873,-167873.69874998592
cash_ACC,Supertrend,2025-07-30 09:49:00,2025-07-30 10:14:00,1821.7,1822.61085,1814.2,1813.2929000000001,50,LONG,-465.8974999999941,-168339.59624998592
cash_ACC,Supertrend,2025-07-30 10:48:00,2025-07-30 11:54:00,1817.1,1818.0085499999998,1824.1,1823.18795,50,LONG,258.9700000000107,-168080.62624998591
cash_ACC,Supertrend,2025-07-30 12:04:00,2025-07-30 13:19:00,1823.3,1824.21165,1822.3,1821.38885,50,LONG,-141.13999999999578,-168221.7662499859
cash_ACC,Supertrend,2025-07-30 14:08:00,2025-07-30 14:17:00,1819.3,1820.2096499999998,1816.6,1815.6917,50,LONG,-225.89749999998503,-168447.6637499859
cash_ACC,Supertrend,2025-07-30 14:28:00,2025-07-30 14:37:00,1820.0,1820.9099999999999,1817.3,1816.39135,50,LONG,-225.9324999999876,-168673.5962499859
cash_ACC,Supertrend,2025-07-31 09:21:00,2025-07-31 09:37:00,1810.4,1811.3052,1806.0,1805.0970000000002,50,LONG,-310.4099999999903,-168984.0062499859
cash_ACC,Supertrend,2025-07-31 10:46:00,2025-07-31 11:59:00,1795.5,1796.3977499999999,1804.0,1803.0980000000002,50,LONG,335.0125000000162,-168648.99374998588
cash_ACC,Supertrend,2025-07-31 12:11:00,2025-07-31 13:03:00,1811.9,1812.80595,1819.7,1818.79015,50,LONG,299.21000000000504,-168349.7837499859
cash_ACC,Supertrend,2025-07-31 13:29:00,2025-07-31 13:50:00,1825.6,1826.5127999999997,1821.5,1820.58925,50,LONG,-296.1774999999875,-168645.96124998588
cash_ACC,Supertrend,2025-07-31 15:29:00,2025-08-01 09:23:00,1791.0,1791.8954999999999,1801.4,1800.4993000000002,50,LONG,430.19000000001597,-168215.77124998588
cash_ACC,Supertrend,2025-08-01 10:19:00,2025-08-01 11:16:00,1811.4,1812.3057,1803.0,1802.0985,50,LONG,-510.3599999999915,-168726.13124998586
cash_ACC,Supertrend,2025-08-01 12:34:00,2025-08-01 12:45:00,1802.2,1803.1010999999999,1799.5,1798.6002500000002,50,LONG,-225.04249999998365,-168951.17374998584
cash_ACC,Supertrend,2025-08-01 13:13:00,2025-08-01 13:37:00,1804.0,1804.9019999999998,1803.0,1802.0985,50,LONG,-140.1749999999879,-169091.34874998583
cash_ACC,Supertrend,2025-08-01 15:21:00,2025-08-04 09:15:00,1798.7,1799.59935,1790.9,1790.00455,50,LONG,-479.7399999999925,-169571.08874998582
cash_ACC,Supertrend,2025-08-04 09:52:00,2025-08-04 10:48:00,1789.4,1790.2947,1786.2,1785.3069,50,LONG,-249.38999999999396,-169820.4787499858
cash_ACC,Supertrend,2025-08-04 10:53:00,2025-08-04 11:36:00,1791.8,1792.6959,1793.0,1792.1035000000002,50,LONG,-29.619999999988522,-169850.0987499858
cash_ACC,Supertrend,2025-08-04 12:51:00,2025-08-04 13:33:00,1791.1,1791.9955499999999,1789.9,1789.0050500000002,50,LONG,-149.5249999999828,-169999.6237499858
cash_ACC,Supertrend,2025-08-04 13:47:00,2025-08-04 14:20:00,1790.5,1791.3952499999998,1788.8,1787.9056,50,LONG,-174.4824999999878,-170174.10624998578
cash_ACC,Supertrend,2025-08-04 14:31:00,2025-08-05 09:30:00,1794.2,1795.0971,1794.6,1793.7027,50,LONG,-69.71999999999525,-170243.82624998578
cash_ACC,Supertrend,2025-08-05 10:57:00,2025-08-05 11:31:00,1790.4,1791.2952,1789.1,1788.20545,50,LONG,-154.48750000000473,-170398.3137499858
cash_ACC,Supertrend,2025-08-05 11:34:00,2025-08-05 12:40:00,1796.5,1797.39825,1794.7,1793.80265,50,LONG,-179.77999999999383,-170578.0937499858
cash_ACC,Supertrend,2025-08-05 12:43:00,2025-08-05 13:18:00,1804.0,1804.9019999999998,1800.3,1799.39985,50,LONG,-275.10749999999007,-170853.20124998578
cash_ACC,Supertrend,2025-08-05 13:36:00,2025-08-06 10:03:00,1803.4,1804.3017,1822.5,1821.5887500000001,50,LONG,864.3525000000068,-169988.84874998577
cash_ACC,Supertrend,2025-08-06 10:10:00,2025-08-06 10:31:00,1833.3,1834.2166499999998,1826.0,1825.087,50,LONG,-456.4824999999928,-170445.33124998576
cash_ACC,Supertrend,2025-08-06 11:14:00,2025-08-06 14:12:00,1811.2,1812.1055999999999,1826.3,1825.38685,50,LONG,664.0625000000114,-169781.26874998576
cash_ACC,Supertrend,2025-08-06 14:15:00,2025-08-06 15:27:00,1830.3,1831.2151499999998,1827.6,1826.6862,50,LONG,-226.4474999999834,-170007.71624998574
cash_ACC,Supertrend,2025-08-07 10:22:00,2025-08-07 11:14:00,1810.0,1810.905,1799.0,1798.1005,50,LONG,-640.2249999999981,-170647.94124998574
cash_ACC,Supertrend,2025-08-07 11:47:00,2025-08-07 13:30:00,1800.0,1800.8999999999999,1802.0,1801.0990000000002,50,LONG,9.950000000014825,-170637.99124998573
cash_ACC,Supertrend,2025-08-07 13:46:00,2025-08-07 15:16:00,1804.0,1804.9019999999998,1811.9,1810.9940500000002,50,LONG,304.60250000002134,-170333.38874998572
cash_ACC,Supertrend,2025-08-08 09:16:00,2025-08-08 09:43:00,1823.9,1824.81195,1811.0,1810.0945000000002,50,LONG,-735.8724999999936,-171069.26124998572
cash_ACC,Supertrend,2025-08-08 10:26:00,2025-08-08 11:30:00,1809.0,1809.9044999999999,1807.5,1806.59625,50,LONG,-165.4124999999908,-171234.6737499857
cash_ACC,Supertrend,2025-08-08 12:32:00,2025-08-08 13:21:00,1803.2,1804.1016,1799.3,1798.4003500000001,50,LONG,-285.06249999999227,-171519.7362499857
cash_ACC,Supertrend,2025-08-08 14:24:00,2025-08-08 14:31:00,1797.5,1798.3987499999998,1794.7,1793.80265,50,LONG,-229.80499999998756,-171749.5412499857
cash_ACC,Supertrend,2025-08-08 14:42:00,2025-08-08 14:48:00,1798.0,1798.899,1792.5,1791.60375,50,LONG,-364.7624999999948,-172114.30374998567
cash_ACC,Supertrend,2025-08-08 15:07:00,2025-08-08 15:14:00,1797.5,1798.3987499999998,1792.3,1791.4038500000001,50,LONG,-349.74499999998443,-172464.04874998567
cash_ACC,Supertrend,2025-08-11 09:15:00,2025-08-11 09:18:00,1794.8,1795.6973999999998,1784.6,1783.7077,50,LONG,-599.4849999999929,-173063.53374998565
cash_ACC,Supertrend,2025-08-11 09:53:00,2025-08-11 11:14:00,1787.1,1787.99355,1791.1,1790.20445,50,LONG,110.54500000000189,-172952.98874998564
cash_ACC,Supertrend,2025-08-11 11:59:00,2025-08-11 12:25:00,1789.8,1790.6949,1789.2,1788.3054000000002,50,LONG,-119.47499999998854,-173072.46374998562
cash_ACC,Supertrend,2025-08-11 12:47:00,2025-08-11 12:57:00,1789.8,1790.6949,1788.9,1788.00555,50,LONG,-134.46749999999383,-173206.93124998562
cash_ACC,Supertrend,2025-08-11 13:10:00,2025-08-11 14:01:00,1791.4,1792.2957,1788.8,1787.9056,50,LONG,-219.50499999999238,-173426.43624998562
cash_ACC,Supertrend,2025-08-11 14:05:00,2025-08-11 14:23:00,1792.1,1792.9960499999997,1788.2,1787.3059,50,LONG,-284.5074999999838,-173710.9437499856
cash_ACC,Supertrend,2025-08-11 14:30:00,2025-08-11 15:10:00,1791.0,1791.8954999999999,1788.0,1787.106,50,LONG,-239.4749999999931,-173950.4187499856
cash_ACC,Supertrend,2025-08-12 09:15:00,2025-08-12 09:47:00,1791.0,1791.8954999999999,1788.4,1787.5058000000001,50,LONG,-219.48499999998603,-174169.9037499856
cash_ACC,Supertrend,2025-08-12 10:16:00,2025-08-12 10:29:00,1793.3,1794.1966499999999,1790.6,1789.7047,50,LONG,-224.59749999999303,-174394.5012499856
cash_ACC,Supertrend,2025-08-12 11:18:00,2025-08-12 12:51:00,1789.9,1790.79495,1795.6,1794.7022,50,LONG,195.36249999999882,-174199.1387499856
cash_ACC,Supertrend,2025-08-12 12:55:00,2025-08-12 13:03:00,1798.0,1798.899,1794.8,1793.9026000000001,50,LONG,-249.81999999998834,-174448.95874998558
cash_ACC,Supertrend,2025-08-12 14:00:00,2025-08-12 14:10:00,1793.6,1794.4968,1792.0,1791.104,50,LONG,-169.6399999999926,-174618.59874998557
cash_ACC,Supertrend,2025-08-12 15:11:00,2025-08-13 09:26:00,1789.6,1790.4947999999997,1792.8,1791.9036,50,LONG,70.44000000001915,-174548.15874998554
cash_ACC,Supertrend,2025-08-13 10:16:00,2025-08-13 10:41:00,1793.1,1793.9965499999998,1787.7,1786.8061500000001,50,LONG,-359.51999999998634,-174907.67874998553
cash_ACC,Supertrend,2025-08-13 11:16:00,2025-08-13 11:22:00,1790.9,1791.79545,1788.6,1787.7057,50,LONG,-204.48750000000473,-175112.16624998554
cash_ACC,Supertrend,2025-08-13 12:14:00,2025-08-13 13:20:00,1786.1,1786.9930499999998,1787.5,1786.60625,50,LONG,-19.339999999988322,-175131.50624998554
cash_ACC,Supertrend,2025-08-13 13:46:00,2025-08-13 15:01:00,1788.0,1788.894,1788.7,1787.8056500000002,50,LONG,-54.417499999988195,-175185.92374998552
cash_ACC,Supertrend,2025-08-14 09:15:00,2025-08-14 09:21:00,1792.0,1792.896,1788.4,1787.5058000000001,50,LONG,-269.5099999999911,-175455.4337499855
cash_ACC,Supertrend,2025-08-14 09:40:00,2025-08-14 10:00:00,1793.9,1794.79695,1789.0,1788.1055000000001,50,LONG,-334.5724999999902,-175790.00624998548
cash_ACC,Supertrend,2025-08-14 10:14:00,2025-08-14 10:47:00,1791.3,1792.19565,1790.9,1790.00455,50,LONG,-109.55499999998892,-175899.56124998548
cash_ACC,Supertrend,2025-08-14 11:02:00,2025-08-14 11:06:00,1789.9,1790.79495,1787.0,1786.1065,50,LONG,-234.42249999999376,-176133.98374998546
cash_ACC,Supertrend,2025-08-14 11:55:00,2025-08-14 12:41:00,1786.6,1787.4932999999999,1785.0,1784.1075,50,LONG,-169.2899999999895,-176303.27374998544
cash_ACC,Supertrend,2025-08-14 13:34:00,2025-08-14 14:23:00,1784.1,1784.9920499999998,1784.9,1784.0075500000003,50,LONG,-49.224999999978536,-176352.49874998542
cash_ACC,Supertrend,2025-08-18 09:15:00,2025-08-18 11:12:00,1822.9,1823.81145,1842.1,1841.17895,50,LONG,868.3750000000032,-175484.12374998542
cash_ACC,Supertrend,2025-08-18 11:41:00,2025-08-18 12:12:00,1847.9,1848.82395,1842.9,1841.9785500000003,50,LONG,-342.269999999985,-175826.3937499854
cash_ACC,Supertrend,2025-08-18 12:27:00,2025-08-18 13:49:00,1845.6,1846.5227999999997,1847.8,1846.8761,50,LONG,17.665000000010878,-175808.7287499854
cash_ACC,Supertrend,2025-08-18 13:55:00,2025-08-18 14:12:00,1848.3,1849.2241499999998,1841.2,1840.2794000000001,50,LONG,-447.2374999999829,-176255.9662499854
cash_ACC,Supertrend,2025-08-18 14:29:00,2025-08-18 15:21:00,1845.1,1846.02255,1844.0,1843.0780000000002,50,LONG,-147.2274999999854,-176403.19374998537
cash_ACC,Supertrend,2025-08-19 09:15:00,2025-08-19 09:37:00,1848.0,1848.924,1842.5,1841.5787500000001,50,LONG,-367.26249999999254,-176770.45624998535
cash_ACC,Supertrend,2025-08-19 09:42:00,2025-08-19 11:21:00,1849.2,1850.1245999999999,1862.5,1861.5687500000001,50,LONG,572.2075000000132,-176198.24874998533
cash_ACC,Supertrend,2025-08-19 11:39:00,2025-08-19 12:42:00,1866.6,1867.5332999999998,1865.0,1864.0675,50,LONG,-173.28999999998587,-176371.5387499853
cash_ACC,Supertrend,2025-08-19 13:23:00,2025-08-19 13:46:00,1863.4,1864.3317,1861.8,1860.8691000000001,50,LONG,-173.12999999999192,-176544.6687499853
cash_ACC,Supertrend,2025-08-19 14:24:00,2025-08-19 14:47:00,1858.0,1858.9289999999999,1858.8,1857.8706,50,LONG,-52.919999999994616,-176597.5887499853
cash_ACC,Supertrend,2025-08-19 15:07:00,2025-08-19 15:21:00,1860.8,1861.7304,1858.0,1857.0710000000001,50,LONG,-232.9699999999889,-176830.5587499853
cash_ACC,Supertrend,2025-08-20 09:15:00,2025-08-20 09:23:00,1862.1,1863.0310499999998,1855.0,1854.0725,50,LONG,-447.9274999999916,-177278.4862499853
cash_ACC,Supertrend,2025-08-20 09:47:00,2025-08-20 10:44:00,1856.4,1857.3282,1863.0,1862.0685,50,LONG,237.01500000000806,-177041.47124998528
cash_ACC,Supertrend,2025-08-20 10:58:00,2025-08-20 11:24:00,1869.0,1869.9344999999998,1863.9,1862.9680500000002,50,LONG,-348.3224999999834,-177389.79374998526
cash_ACC,Supertrend,2025-08-20 11:28:00,2025-08-20 11:43:00,1869.3,1870.2346499999999,1865.0,1864.0675,50,LONG,-308.35749999998825,-177698.15124998524
cash_ACC,Supertrend,2025-08-20 12:13:00,2025-08-20 12:49:00,1869.5,1870.43475,1864.8,1863.8676,50,LONG,-328.3574999999928,-178026.50874998522
cash_ACC,Supertrend,2025-08-20 13:52:00,2025-08-20 14:53:00,1859.8,1860.7298999999998,1861.9,1860.9690500000002,50,LONG,11.957500000016807,-178014.5512499852
cash_ACC,Supertrend,2025-08-20 15:25:00,2025-08-21 09:39:00,1864.8,1865.7323999999999,1859.0,1858.0705,50,LONG,-383.0949999999916,-178397.6462499852
cash_ACC,Supertrend,2025-08-21 10:26:00,2025-08-21 10:38:00,1863.0,1863.9315,1860.0,1859.0700000000002,50,LONG,-243.07499999998754,-178640.7212499852
cash_ACC,Supertrend,2025-08-21 10:58:00,2025-08-21 11:50:00,1863.8,1864.7318999999998,1863.4,1862.4683000000002,50,LONG,-113.1799999999771,-178753.90124998515
cash_ACC,Supertrend,2025-08-21 12:40:00,2025-08-21 13:38:00,1859.3,1860.2296499999998,1859.3,1858.3703500000001,50,LONG,-92.96499999998105,-178846.86624998512
cash_ACC,Supertrend,2025-08-22 09:15:00,2025-08-22 09:20:00,1856.4,1857.3282,1851.5,1850.5742500000001,50,LONG,-337.6974999999902,-179184.5637499851
cash_ACC,Supertrend,2025-08-22 09:45:00,2025-08-22 10:22:00,1842.4,1843.3212,1839.6,1838.6802,50,LONG,-232.05000000000382,-179416.61374998512
cash_ACC,Supertrend,2025-08-22 13:29:00,2025-08-22 14:00:00,1827.2,1828.1136,1825.1,1824.18745,50,LONG,-196.30750000000035,-179612.9212499851
cash_ACC,Supertrend,2025-08-22 15:19:00,2025-08-25 09:19:00,1824.0,1824.9119999999998,1818.6,1817.6907,50,LONG,-361.06499999998505,-179973.9862499851
cash_ACC,Supertrend,2025-08-25 10:11:00,2025-08-25 11:19:00,1812.9,1813.80645,1818.0,1817.0910000000001,50,LONG,164.22750000000406,-179809.75874998508
cash_ACC,Supertrend,2025-08-25 12:13:00,2025-08-25 12:29:00,1816.0,1816.908,1813.0,1812.0935000000002,50,LONG,-240.72499999998627,-180050.48374998505
cash_ACC,Supertrend,2025-08-25 12:51:00,2025-08-25 13:07:00,1817.9,1818.80895,1815.5,1814.5922500000001,50,LONG,-210.8349999999973,-180261.31874998505
cash_ACC,Supertrend,2025-08-25 13:36:00,2025-08-25 14:24:00,1820.0,1820.9099999999999,1818.1,1817.19095,50,LONG,-185.95249999999623,-180447.27124998503
cash_ACC,Supertrend,2025-08-26 09:15:00,2025-08-26 09:22:00,1813.1,1814.0065499999998,1804.4,1803.4978,50,LONG,-525.4374999999868,-180972.70874998503
cash_ACC,Supertrend,2025-08-26 09:53:00,2025-08-26 10:44:00,1807.1,1808.00355,1806.0,1805.0970000000002,50,LONG,-145.32749999998487,-181118.03624998502
cash_ACC,Supertrend,2025-08-26 11:05:00,2025-08-26 11:34:00,1807.0,1807.9035,1806.6,1805.6967,50,LONG,-110.33999999999651,-181228.376249985
cash_ACC,Supertrend,2025-08-26 11:51:00,2025-08-26 12:30:00,1809.9,1810.80495,1807.0,1806.0965,50,LONG,-235.42249999999285,-181463.798749985
cash_ACC,Supertrend,2025-08-26 13:52:00,2025-08-26 14:20:00,1804.6,1805.5022999999999,1802.3,1801.39885,50,LONG,-205.17249999999194,-181668.97124998498
cash_ACC,Supertrend,2025-08-26 14:49:00,2025-08-26 15:04:00,1801.8,1802.7008999999998,1799.4,1798.5003000000002,50,LONG,-210.02999999998337,-181879.00124998495
cash_ACC,Supertrend,2025-08-28 09:15:00,2025-08-28 09:19:00,1804.3,1805.2021499999998,1794.0,1793.103,50,LONG,-604.9574999999891,-182483.95874998494
cash_ACC,Supertrend,2025-08-28 09:40:00,2025-08-28 11:02:00,1790.4,1791.2952,1806.9,1805.9965500000003,50,LONG,735.0675000000138,-181748.89124998494
cash_ACC,Supertrend,2025-08-28 11:42:00,2025-08-28 12:00:00,1810.4,1811.3052,1808.6,1807.6957,50,LONG,-180.47500000000127,-181929.36624998495
cash_ACC,Supertrend,2025-08-28 12:16:00,2025-08-28 12:27:00,1809.9,1810.80495,1807.3,1806.39635,50,LONG,-220.42999999999893,-182149.79624998494
cash_ACC,Supertrend,2025-08-28 14:08:00,2025-08-28 14:37:00,1799.7,1800.5998499999998,1804.7,1803.7976500000002,50,LONG,159.89000000001852,-181989.90624998492
cash_ACC,Supertrend,2025-08-29 09:15:00,2025-08-29 10:05:00,1815.0,1815.9074999999998,1811.0,1810.0945000000002,50,LONG,-290.64999999998236,-182280.55624998492
cash_ACC,Supertrend,2025-08-29 11:18:00,2025-08-29 12:20:00,1806.8,1807.7033999999999,1809.7,1808.7951500000001,50,LONG,54.58750000001373,-182225.9687499849
cash_ACC,Supertrend,2025-08-29 13:19:00,2025-08-29 13:47:00,1805.0,1805.9025,1803.0,1802.0985,50,LONG,-190.199999999993,-182416.16874998488
cash_ACC,Supertrend,2025-08-29 14:12:00,2025-08-29 14:29:00,1803.5,1804.40175,1799.9,1799.00005,50,LONG,-270.0849999999946,-182686.25374998487
cash_ACC,Supertrend,2025-08-29 14:35:00,2025-08-29 15:12:00,1802.6,1803.5013,1801.2,1800.2994,50,LONG,-160.0949999999898,-182846.34874998487
cash_ACC,Supertrend,2025-09-01 09:15:00,2025-09-01 10:08:00,1818.0,1818.9089999999999,1810.3,1809.3948500000001,50,LONG,-475.70749999998725,-183322.05624998486
cash_ACC,Supertrend,2025-09-01 10:25:00,2025-09-01 10:55:00,1814.4,1815.3072,1813.2,1812.2934000000002,50,LONG,-150.68999999998596,-183472.74624998483
cash_ACC,Supertrend,2025-09-01 11:00:00,2025-09-01 11:03:00,1817.9,1818.80895,1814.3,1813.39285,50,LONG,-270.8050000000071,-183743.55124998483
cash_ACC,Supertrend,2025-09-01 11:27:00,2025-09-01 11:36:00,1818.9,1819.80945,1816.0,1815.092,50,LONG,-235.87249999999358,-183979.42374998482
cash_ACC,Supertrend,2025-09-01 12:03:00,2025-09-01 12:36:00,1816.4,1817.3082,1815.0,1814.0925000000002,50,LONG,-160.78499999998712,-184140.2087499848
cash_ACC,Supertrend,2025-09-01 13:37:00,2025-09-02 09:24:00,1814.9,1815.80745,1824.0,1823.0880000000002,50,LONG,364.0275000000088,-183776.1812499848
cash_ACC,Supertrend,2025-09-02 09:41:00,2025-09-02 10:14:00,1829.9,1830.81495,1824.2,1823.2879,50,LONG,-376.35249999999587,-184152.5337499848
cash_ACC,Supertrend,2025-09-02 10:16:00,2025-09-02 10:35:00,1828.0,1828.914,1829.5,1828.58525,50,LONG,-16.437499999994998,-184168.9712499848
cash_ACC,Supertrend,2025-09-02 10:55:00,2025-09-02 12:26:00,1833.8,1834.7169,1830.3,1829.3848500000001,50,LONG,-266.6024999999877,-184435.5737499848
cash_ACC,Supertrend,2025-09-02 14:20:00,2025-09-02 14:24:00,1817.9,1818.80895,1814.0,1813.093,50,LONG,-285.79750000000104,-184721.3712499848
cash_ACC,Supertrend,2025-09-02 14:37:00,2025-09-02 15:28:00,1816.9,1817.80845,1821.0,1820.0895,50,LONG,114.05250000000251,-184607.3187499848
cash_ACC,Supertrend,2025-09-03 09:15:00,2025-09-03 10:35:00,1828.1,1829.0140499999998,1842.0,1841.0790000000002,50,LONG,603.2475000000204,-184004.0712499848
cash_ACC,Supertrend,2025-09-03 10:57:00,2025-09-03 11:24:00,1844.5,1845.4222499999998,1837.0,1836.0815,50,LONG,-467.0374999999922,-184471.1087499848
cash_ACC,Supertrend,2025-09-03 11:46:00,2025-09-03 12:05:00,1838.9,1839.81945,1836.4,1835.4818000000002,50,LONG,-216.8824999999856,-184687.99124998477
cash_ACC,Supertrend,2025-09-03 12:21:00,2025-09-03 12:29:00,1839.2,1840.1196,1836.0,1835.082,50,LONG,-251.8799999999942,-184939.87124998478
cash_ACC,Supertrend,2025-09-03 12:41:00,2025-09-03 12:49:00,1839.0,1839.9195,1835.5,1834.5822500000002,50,LONG,-266.86249999999063,-185206.73374998476
cash_ACC,Supertrend,2025-09-03 13:03:00,2025-09-03 14:13:00,1837.3,1838.2186499999998,1836.1,1835.18195,50,LONG,-151.83499999999412,-185358.56874998476
cash_ACC,Supertrend,2025-09-03 14:25:00,2025-09-03 14:54:00,1838.9,1839.81945,1838.1,1837.18095,50,LONG,-131.9250000000011,-185490.49374998474
cash_ACC,Supertrend,2025-09-03 14:59:00,2025-09-04 10:07:00,1841.8,1842.7208999999998,1857.6,1856.6712,50,LONG,697.5150000000099,-184792.97874998473
cash_ACC,Supertrend,2025-09-04 10:22:00,2025-09-04 11:14:00,1857.7,1858.62885,1854.2,1853.2729000000002,50,LONG,-267.79749999999467,-185060.77624998472
cash_ACC,Supertrend,2025-09-04 11:43:00,2025-09-04 12:21:00,1852.9,1853.82645,1849.1,1848.17545,50,LONG,-282.55000000000337,-185343.32624998473
cash_ACC,Supertrend,2025-09-04 12:49:00,2025-09-04 13:41:00,1851.7,1852.62585,1845.1,1844.17745,50,LONG,-422.4199999999996,-185765.74624998475
cash_ACC,Supertrend,2025-09-04 14:32:00,2025-09-04 15:02:00,1849.2,1850.1245999999999,1845.4,1844.4773000000002,50,LONG,-282.3649999999816,-186048.11124998474
cash_ACC,Supertrend,2025-09-05 09:15:00,2025-09-05 09:23:00,1842.7,1843.62135,1830.1,1829.18495,50,LONG,-721.8199999999911,-186769.93124998471
cash_ACC,Supertrend,2025-09-05 09:32:00,2025-09-05 10:11:00,1837.8,1838.7188999999998,1837.9,1836.98105,50,LONG,-86.89249999998765,-186856.8237499847
cash_ACC,Supertrend,2025-09-05 11:26:00,2025-09-05 11:40:00,1829.9,1830.81495,1827.2,1826.2864000000002,50,LONG,-226.4274999999884,-187083.2512499847
cash_ACC,Supertrend,2025-09-05 12:40:00,2025-09-05 13:39:00,1823.5,1824.41175,1828.1,1827.18595,50,LONG,138.71000000000322,-186944.5412499847
cash_ACC,Supertrend,2025-09-05 14:00:00,2025-09-05 15:02:00,1830.0,1830.915,1828.0,1827.086,50,LONG,-191.44999999999754,-187135.9912499847
cash_ACC,Supertrend,2025-09-08 09:15:00,2025-09-08 10:12:00,1835.3,1836.2176499999998,1844.4,1843.4778000000001,50,LONG,363.0075000000147,-186772.9837499847
cash_ACC,Supertrend,2025-09-08 10:44:00,2025-09-08 10:52:00,1845.0,1845.9225,1838.3,1837.38085,50,LONG,-427.0824999999945,-187200.0662499847
cash_ACC,Supertrend,2025-09-08 11:14:00,2025-09-08 11:52:00,1840.8,1841.7204,1840.4,1839.4798000000003,50,LONG,-112.02999999998156,-187312.09624998466
cash_ACC,Supertrend,2025-09-08 12:38:00,2025-09-08 13:59:00,1843.0,1843.9215,1844.2,1843.2779,50,LONG,-32.179999999993925,-187344.27624998466
cash_ACC,Supertrend,2025-09-08 14:34:00,2025-09-08 14:51:00,1846.9,1847.82345,1844.0,1843.0780000000002,50,LONG,-237.27249999999458,-187581.54874998465
cash_ACC,Supertrend,2025-09-08 15:29:00,2025-09-09 10:48:00,1841.6,1842.5207999999998,1850.6,1849.6747,50,LONG,357.69500000001244,-187223.85374998464
cash_ACC,Supertrend,2025-09-09 11:53:00,2025-09-09 12:09:00,1851.0,1851.9254999999998,1849.5,1848.57525,50,LONG,-167.51249999998663,-187391.36624998463
cash_ACC,Supertrend,2025-09-09 13:08:00,2025-09-09 13:34:00,1852.0,1852.926,1850.0,1849.075,50,LONG,-192.54999999999427,-187583.9162499846
cash_ACC,Supertrend,2025-09-09 15:09:00,2025-09-09 15:29:00,1851.4,1852.3257,1848.0,1847.076,50,LONG,-262.48500000000377,-187846.40124998463
cash_ACC,Supertrend,2025-09-10 09:15:00,2025-09-10 10:42:00,1857.5,1858.4287499999998,1847.2,1846.2764000000002,50,LONG,-607.6174999999807,-188454.01874998462
cash_ACC,Supertrend,2025-09-10 11:00:00,2025-09-10 13:16:00,1852.9,1853.82645,1848.4,1847.4758000000002,50,LONG,-317.532499999993,-188771.55124998462
cash_ACC,Supertrend,2025-09-10 14:08:00,2025-09-10 14:26:00,1850.1,1851.0250499999997,1847.0,1846.0765000000001,50,LONG,-247.42749999998068,-189018.9787499846
cash_ACC,Supertrend,2025-09-10 15:13:00,2025-09-11 10:06:00,1848.8,1849.7243999999998,1850.7,1849.77465,50,LONG,2.5125000000116415,-189016.4662499846
cash_ACC,Supertrend,2025-09-11 10:40:00,2025-09-11 11:42:00,1855.7,1856.6278499999999,1848.0,1847.076,50,LONG,-477.59249999999156,-189494.0587499846
cash_ACC,Supertrend,2025-09-11 12:02:00,2025-09-11 12:38:00,1849.0,1849.9244999999999,1847.3,1846.37635,50,LONG,-177.40749999999252,-189671.4662499846
cash_ACC,Supertrend,2025-09-11 13:35:00,2025-09-11 14:00:00,1843.5,1844.42175,1837.0,1836.0815,50,LONG,-417.01249999999845,-190088.4787499846
cash_ACC,Supertrend,2025-09-11 14:27:00,2025-09-12 09:46:00,1840.2,1841.1200999999999,1850.2,1849.2749000000001,50,LONG,407.7400000000125,-189680.7387499846
cash_ACC,Supertrend,2025-09-12 10:02:00,2025-09-12 10:19:00,1854.3,1855.22715,1851.3,1850.37435,50,LONG,-242.63999999999442,-189923.37874998458
cash_ACC,Supertrend,2025-09-12 10:40:00,2025-09-12 10:44:00,1854.0,1854.927,1850.5,1849.57475,50,LONG,-267.61249999999563,-190190.99124998457
cash_ACC,Supertrend,2025-09-12 11:21:00,2025-09-12 11:35:00,1853.1,1854.0265499999998,1850.1,1849.17495,50,LONG,-242.57999999998674,-190433.57124998455
cash_ACC,Supertrend,2025-09-12 14:42:00,2025-09-15 09:18:00,1851.1,1852.0255499999998,1850.4,1849.4748000000002,50,LONG,-127.53749999998263,-190561.10874998453
cash_ACC,Supertrend,2025-09-15 09:26:00,2025-09-15 10:17:00,1855.2,1856.1276,1857.8,1856.8711,50,LONG,37.175000000002,-190523.93374998454
cash_ACC,Supertrend,2025-09-15 10:42:00,2025-09-15 10:46:00,1859.7,1860.62985,1856.5,1855.57175,50,LONG,-252.90499999999838,-190776.83874998454
cash_ACC,Supertrend,2025-09-15 11:06:00,2025-09-15 11:41:00,1859.0,1859.9295,1858.6,1857.6707000000001,50,LONG,-112.93999999999187,-190889.77874998454
cash_ACC,Supertrend,2025-09-15 11:59:00,2025-09-15 12:23:00,1863.2,1864.1316,1859.1,1858.17045,50,LONG,-298.05749999999307,-191187.83624998454
cash_ACC,Supertrend,2025-09-15 12:42:00,2025-09-15 13:48:00,1861.2,1862.1306,1858.0,1857.0710000000001,50,LONG,-252.97999999999092,-191440.81624998452
cash_ACC,Supertrend,2025-09-15 14:45:00,2025-09-16 09:54:00,1859.5,1860.4297499999998,1870.0,1869.065,50,LONG,431.76250000001346,-191009.0537499845
cash_ACC,Supertrend,2025-09-16 10:02:00,2025-09-16 10:44:00,1874.7,1875.63735,1869.3,1868.36535,50,LONG,-363.5999999999967,-191372.6537499845
cash_ACC,Supertrend,2025-09-16 10:59:00,2025-09-16 11:53:00,1872.3,1873.23615,1872.1,1871.16395,50,LONG,-103.60999999999194,-191476.2637499845
cash_ACC,Supertrend,2025-09-16 12:11:00,2025-09-16 12:17:00,1874.0,1874.937,1872.4,1871.4638000000002,50,LONG,-173.65999999998394,-191649.92374998447
cash_ACC,Supertrend,2025-09-16 13:08:00,2025-09-16 13:20:00,1871.0,1871.9354999999998,1870.2,1869.2649000000001,50,LONG,-133.52999999998474,-191783.45374998447
cash_ACC,Supertrend,2025-09-16 13:42:00,2025-09-16 13:54:00,1870.6,1871.5352999999998,1868.3,1867.3658500000001,50,LONG,-208.47249999998212,-191991.92624998445
cash_ACC,Supertrend,2025-09-16 14:11:00,2025-09-16 14:34:00,1867.3,1868.23365,1865.4,1864.4673000000003,50,LONG,-188.31749999998237,-192180.24374998442
cash_ACC,Supertrend,2025-09-17 09:15:00,2025-09-17 09:43:00,1870.6,1871.5352999999998,1868.9,1867.9655500000001,50,LONG,-178.4874999999829,-192358.7312499844
cash_ACC,Supertrend,2025-09-17 10:58:00,2025-09-17 12:06:00,1862.4,1863.3312,1859.1,1858.17045,50,LONG,-258.03750000000036,-192616.76874998442
cash_ACC,Supertrend,2025-09-17 12:48:00,2025-09-17 13:13:00,1858.7,1859.62935,1857.9,1856.97105,50,LONG,-132.91499999999132,-192749.6837499844
cash_ACC,Supertrend,2025-09-17 14:23:00,2025-09-17 15:04:00,1854.4,1855.3272,1855.4,1854.4723000000001,50,LONG,-42.744999999990796,-192792.4287499844
cash_ACC,Supertrend,2025-09-18 09:15:00,2025-09-18 09:20:00,1861.1,1862.0305499999997,1854.4,1853.4728000000002,50,LONG,-427.88749999997435,-193220.31624998437
cash_ACC,Supertrend,2025-09-18 09:41:00,2025-09-18 10:31:00,1862.4,1863.3312,1857.8,1856.8711,50,LONG,-323.00500000000056,-193543.32124998438
cash_ACC,Supertrend,2025-09-18 10:42:00,2025-09-18 10:49:00,1861.4,1862.3307,1858.8,1857.8706,50,LONG,-223.00500000000056,-193766.32624998438
cash_ACC,Supertrend,2025-09-18 11:01:00,2025-09-18 11:15:00,1863.8,1864.7318999999998,1863.0,1862.0685,50,LONG,-133.16999999998416,-193899.49624998437
cash_ACC,Supertrend,2025-09-18 11:56:00,2025-09-18 13:56:00,1851.0,1851.9254999999998,1856.0,1855.0720000000001,50,LONG,157.32500000001437,-193742.17124998436
cash_ACC,Supertrend,2025-09-18 14:05:00,2025-09-18 14:57:00,1859.4,1860.3297,1858.1,1857.17095,50,LONG,-157.93750000000273,-193900.10874998436
cash_ACC,Supertrend,2025-09-19 09:15:00,2025-09-19 09:32:00,1888.0,1888.944,1865.0,1864.0675,50,LONG,-1243.8249999999925,-195143.93374998434
cash_ACC,Supertrend,2025-09-19 10:20:00,2025-09-19 10:56:00,1868.7,1869.63435,1869.8,1868.8651,50,LONG,-38.46250000000282,-195182.39624998433
cash_ACC,Supertrend,2025-09-19 12:14:00,2025-09-19 14:04:00,1870.5,1871.43525,1872.0,1871.064,50,LONG,-18.562499999995907,-195200.95874998433
cash_ACC,Supertrend,2025-09-19 15:00:00,2025-09-19 15:29:00,1875.8,1876.7378999999999,1871.0,1870.0645000000002,50,LONG,-333.6699999999837,-195534.62874998432
cash_ACC,Supertrend,2025-09-22 09:33:00,2025-09-22 10:18:00,1882.0,1882.9409999999998,1876.1,1875.16195,50,LONG,-388.9524999999935,-195923.5812499843
cash_ACC,Supertrend,2025-09-22 10:33:00,2025-09-22 11:27:00,1879.6,1880.5397999999998,1896.7,1895.7516500000002,50,LONG,760.5925000000184,-195162.98874998427
cash_ACC,Supertrend,2025-09-22 11:51:00,2025-09-22 12:18:00,1902.0,1902.9509999999998,1895.6,1894.6522,50,LONG,-414.93999999999005,-195577.92874998428
cash_ACC,Supertrend,2025-09-22 12:20:00,2025-09-22 12:45:00,1901.1,1902.0505499999997,1902.1,1901.14895,50,LONG,-45.079999999984466,-195623.00874998426
cash_ACC,Supertrend,2025-09-22 13:07:00,2025-09-22 13:18:00,1910.2,1911.1551,1905.0,1904.0475000000001,50,LONG,-355.379999999991,-195978.38874998427
cash_ACC,Supertrend,2025-09-22 13:44:00,2025-09-22 13:58:00,1907.3,1908.2536499999999,1902.2,1901.2489,50,LONG,-350.23749999999154,-196328.62624998426
cash_ACC,Supertrend,2025-09-22 14:19:00,2025-09-22 14:27:00,1904.5,1905.4522499999998,1898.6,1897.6507,50,LONG,-390.0774999999953,-196718.70374998424
cash_ACC,Supertrend,2025-09-23 09:15:00,2025-09-23 09:35:00,1886.7,1887.64335,1885.1,1884.15745,50,LONG,-174.29500000000644,-196892.99874998425
cash_ACC,Supertrend,2025-09-23 10:04:00,2025-09-23 10:21:00,1887.7,1888.64385,1886.9,1885.95655,50,LONG,-134.36499999999114,-197027.36374998424
cash_ACC,Supertrend,2025-09-23 10:44:00,2025-09-23 11:02:00,1890.8,1891.7453999999998,1887.5,1886.55625,50,LONG,-259.457499999985,-197286.82124998423
cash_ACC,Supertrend,2025-09-23 12:10:00,2025-09-23 12:24:00,1883.4,1884.3417,1882.8,1881.8586,50,LONG,-124.15499999999611,-197410.97624998423
cash_ACC,Supertrend,2025-09-23 13:03:00,2025-09-23 13:54:00,1886.5,1887.4432499999998,1885.6,1884.6572,50,LONG,-139.30249999998523,-197550.27874998422
cash_ACC,Supertrend,2025-09-23 15:14:00,2025-09-24 09:16:00,1879.4,1880.3397,1875.9,1874.96205,50,LONG,-268.88249999999516,-197819.16124998423
cash_ACC,Supertrend,2025-09-24 09:52:00,2025-09-24 10:41:00,1872.9,1873.83645,1873.3,1872.36335,50,LONG,-73.65499999999656,-197892.81624998423
cash_ACC,Supertrend,2025-09-24 10:50:00,2025-09-24 11:04:00,1876.0,1876.9379999999999,1869.3,1868.36535,50,LONG,-428.632499999992,-198321.4487499842
cash_ACC,Supertrend,2025-09-24 11:13:00,2025-09-24 12:04:00,1872.7,1873.63635,1870.6,1869.6647,50,LONG,-198.5824999999977,-198520.0312499842
cash_ACC,Supertrend,2025-09-24 12:12:00,2025-09-24 12:27:00,1872.7,1873.63635,1870.7,1869.76465,50,LONG,-193.58499999999594,-198713.6162499842
cash_ACC,Supertrend,2025-09-24 13:40:00,2025-09-24 13:49:00,1869.0,1869.9344999999998,1865.1,1864.16745,50,LONG,-288.3524999999963,-199001.9687499842
cash_ACC,Supertrend,2025-09-24 14:36:00,2025-09-24 14:55:00,1864.1,1865.0320499999998,1861.0,1860.0695,50,LONG,-248.12749999998687,-199250.09624998417
cash_ACC,Supertrend,2025-09-25 09:22:00,2025-09-25 10:06:00,1868.3,1869.2341499999998,1864.6,1863.6677,50,LONG,-278.3224999999902,-199528.41874998415
cash_ACC,Supertrend,2025-09-25 10:22:00,2025-09-25 10:36:00,1867.5,1868.43375,1863.7,1862.76815,50,LONG,-283.27999999999065,-199811.69874998415
cash_ACC,Supertrend,2025-09-25 13:15:00,2025-09-25 14:05:00,1852.5,1853.42625,1854.9,1853.9725500000002,50,LONG,27.31500000001006,-199784.38374998415
cash_ACC,Supertrend,2025-09-25 14:47:00,2025-09-25 15:00:00,1855.6,1856.5277999999998,1851.0,1850.0745000000002,50,LONG,-322.6649999999836,-200107.04874998413
cash_ACC,Supertrend,2025-09-25 15:17:00,2025-09-26 09:15:00,1853.9,1854.82695,1850.0,1849.075,50,LONG,-287.5974999999926,-200394.64624998413
cash_ACC,Supertrend,2025-09-26 09:24:00,2025-09-26 09:50:00,1855.7,1856.6278499999999,1841.4,1840.4793000000002,50,LONG,-807.427499999983,-201202.07374998412
cash_ACC,Supertrend,2025-09-26 10:40:00,2025-09-26 11:05:00,1842.2,1843.1210999999998,1840.0,1839.0800000000002,50,LONG,-202.05499999998437,-201404.1287499841
cash_ACC,Supertrend,2025-09-26 15:04:00,2025-09-29 09:16:00,1822.4,1823.3112,1817.4,1816.4913000000001,50,LONG,-340.9949999999981,-201745.1237499841
cash_ACC,Supertrend,2025-09-29 09:21:00,2025-09-29 10:06:00,1827.9,1828.81395,1832.4,1831.4838000000002,50,LONG,133.4925000000112,-201611.6312499841
cash_ACC,Supertrend,2025-09-29 10:21:00,2025-09-29 10:30:00,1839.7,1840.61985,1834.9,1833.9825500000002,50,LONG,-331.8649999999934,-201943.49624998408
cash_ACC,Supertrend,2025-09-29 11:01:00,2025-09-29 11:16:00,1839.8,1840.7198999999998,1832.6,1831.6837,50,LONG,-451.80999999998903,-202395.30624998407
cash_ACC,Supertrend,2025-09-29 12:06:00,2025-09-29 12:46:00,1829.5,1830.41475,1830.6,1829.6847,50,LONG,-36.5024999999946,-202431.80874998408
cash_ACC,Supertrend,2025-09-29 12:57:00,2025-09-29 13:29:00,1835.0,1835.9174999999998,1834.9,1833.9825500000002,50,LONG,-96.74749999998085,-202528.55624998405
cash_ACC,Supertrend,2025-09-29 13:55:00,2025-09-29 14:05:00,1837.9,1838.81895,1834.3,1833.38285,50,LONG,-271.8050000000062,-202800.36124998404
cash_ACC,Supertrend,2025-09-29 15:22:00,2025-09-30 09:46:00,1809.8,1810.7049,1825.0,1824.0875,50,LONG,669.1300000000069,-202131.23124998403
cash_ACC,Supertrend,2025-09-30 10:26:00,2025-09-30 10:31:00,1829.3,1830.21465,1825.9,1824.9870500000002,50,LONG,-261.37999999998556,-202392.611249984
cash_ACC,Supertrend,2025-09-30 10:42:00,2025-09-30 11:18:00,1828.5,1829.4142499999998,1826.0,1825.087,50,LONG,-216.3624999999911,-202608.973749984
cash_ACC,Supertrend,2025-09-30 11:45:00,2025-09-30 12:00:00,1828.4,1829.3142,1826.5,1825.5867500000002,50,LONG,-186.37249999999312,-202795.346249984
cash_ACC,Supertrend,2025-09-30 13:58:00,2025-09-30 15:22:00,1822.7,1823.61135,1823.0,1822.0885,50,LONG,-76.14249999999174,-202871.48874998398
cash_ACC,Supertrend,2025-09-30 15:26:00,2025-10-01 09:54:00,1829.2,1830.1145999999999,1840.0,1839.0800000000002,50,LONG,448.2700000000136,-202423.21874998396
cash_ACC,Supertrend,2025-10-01 10:14:00,2025-10-01 10:34:00,1840.5,1841.42025,1836.2,1835.2819000000002,50,LONG,-306.9174999999859,-202730.13624998395
cash_ACC,Supertrend,2025-10-01 11:02:00,2025-10-01 11:24:00,1836.7,1837.61835,1836.7,1835.7816500000001,50,LONG,-91.83499999999185,-202821.97124998394
cash_ACC,Supertrend,2025-10-01 11:27:00,2025-10-01 12:11:00,1840.9,1841.82045,1839.6,1838.6802,50,LONG,-157.01249999999618,-202978.98374998392
cash_ACC,Supertrend,2025-10-01 12:42:00,2025-10-01 13:06:00,1842.0,1842.9209999999998,1842.8,1841.8786,50,LONG,-52.119999999990796,-203031.10374998391
cash_ACC,Supertrend,2025-10-01 13:41:00,2025-10-01 13:53:00,1845.9,1846.82295,1844.3,1843.37785,50,LONG,-172.25499999999556,-203203.35874998392
cash_ACC,Supertrend,2025-10-01 14:45:00,2025-10-01 15:00:00,1830.2,1831.1151,1825.7,1824.78715,50,LONG,-316.39749999999367,-203519.7562499839
cash_ACC,Supertrend,2025-10-01 15:20:00,2025-10-03 10:12:00,1831.6,1832.5158,1843.8,1842.8781000000001,50,LONG,518.1150000000116,-203001.6412499839
cash_ACC,Supertrend,2025-10-03 11:08:00,2025-10-03 11:25:00,1840.4,1841.3201999999999,1838.5,1837.58075,50,LONG,-186.9724999999903,-203188.6137499839
cash_ACC,Supertrend,2025-10-03 11:42:00,2025-10-03 12:11:00,1842.3,1843.2211499999999,1840.0,1839.0800000000002,50,LONG,-207.05749999998488,-203395.6712499839
cash_ACC,Supertrend,2025-10-03 12:41:00,2025-10-03 13:25:00,1838.5,1839.41925,1835.2,1834.2824,50,LONG,-256.8424999999934,-203652.5137499839
cash_ACC,Supertrend,2025-10-03 13:49:00,2025-10-03 13:59:00,1836.5,1837.41825,1836.0,1835.082,50,LONG,-116.81249999999181,-203769.3262499839
cash_ACC,Supertrend,2025-10-03 14:03:00,2025-10-03 14:14:00,1839.0,1839.9195,1835.9,1834.9820500000003,50,LONG,-246.87249999998357,-204016.1987499839
cash_ACC,Supertrend,2025-10-03 14:26:00,2025-10-03 15:17:00,1838.9,1839.81945,1848.0,1847.076,50,LONG,362.82750000000306,-203653.37124998387
cash_ACC,Supertrend,2025-10-06 09:15:00,2025-10-06 09:26:00,1862.2,1863.1310999999998,1848.2,1847.2759,50,LONG,-792.759999999987,-204446.13124998385
cash_ACC,Supertrend,2025-10-06 10:23:00,2025-10-06 10:30:00,1849.1,1850.0245499999999,1845.0,1844.0775,50,LONG,-297.35249999998814,-204743.48374998383
cash_ACC,Supertrend,2025-10-06 11:01:00,2025-10-06 11:48:00,1847.8,1848.7239,1848.0,1847.076,50,LONG,-82.3949999999968,-204825.87874998382
cash_ACC,Supertrend,2025-10-06 12:00:00,2025-10-06 12:39:00,1848.0,1848.924,1842.0,1841.0790000000002,50,LONG,-392.24999999999,-205218.12874998382
cash_ACC,Supertrend,2025-10-06 13:29:00,2025-10-06 13:48:00,1839.7,1840.61985,1838.5,1837.58075,50,LONG,-151.9549999999981,-205370.0837499838
cash_ACC,Supertrend,2025-10-06 14:44:00,2025-10-06 14:52:00,1838.6,1839.5192999999997,1835.0,1834.0825000000002,50,LONG,-271.8399999999747,-205641.92374998378
cash_ACC,Supertrend,2025-10-06 15:23:00,2025-10-07 09:44:00,1837.7,1838.6188499999998,1841.8,1840.8791,50,LONG,113.01250000001346,-205528.91124998376
cash_ACC,Supertrend,2025-10-07 10:47:00,2025-10-07 10:54:00,1841.9,1842.82095,1838.1,1837.18095,50,LONG,-282.000000000005,-205810.91124998376
cash_ACC,Supertrend,2025-10-07 11:08:00,2025-10-07 12:11:00,1842.0,1842.9209999999998,1842.3,1841.37885,50,LONG,-77.10749999998825,-205888.01874998375
cash_ACC,Supertrend,2025-10-07 12:13:00,2025-10-07 12:15:00,1842.9,1843.82145,1842.1,1841.17895,50,LONG,-132.12499999999636,-206020.14374998375
cash_ACC,Supertrend,2025-10-07 12:23:00,2025-10-07 14:31:00,1842.0,1842.9209999999998,1856.1,1855.17195,50,LONG,612.5475000000051,-205407.59624998373
cash_ACC,Supertrend,2025-10-07 14:50:00,2025-10-08 09:50:00,1856.9,1857.82845,1855.2,1854.2724,50,LONG,-177.8024999999957,-205585.39874998372
cash_ACC,Supertrend,2025-10-08 09:58:00,2025-10-08 10:15:00,1861.0,1861.9305,1856.4,1855.4718000000003,50,LONG,-322.93499999998403,-205908.33374998372
cash_ACC,Supertrend,2025-10-08 11:23:00,2025-10-08 12:24:00,1845.6,1846.5227999999997,1850.0,1849.075,50,LONG,127.61000000001559,-205780.7237499837
cash_ACC,Supertrend,2025-10-08 12:42:00,2025-10-08 12:49:00,1851.8,1852.7259,1850.0,1849.075,50,LONG,-182.54499999999325,-205963.2687499837
cash_ACC,Supertrend,2025-10-08 12:59:00,2025-10-08 13:02:00,1853.3,1854.2266499999998,1848.9,1847.97555,50,LONG,-312.5549999999862,-206275.82374998368
cash_ACC,Supertrend,2025-10-08 13:57:00,2025-10-08 14:02:00,1852.0,1852.926,1850.7,1849.77465,50,LONG,-157.5674999999933,-206433.3912499837
cash_ACC,Supertrend,2025-10-08 14:36:00,2025-10-08 15:29:00,1851.9,1852.82595,1861.2,1860.2694000000001,50,LONG,372.1725000000106,-206061.21874998367
cash_ACC,Supertrend,2025-10-09 09:20:00,2025-10-09 09:43:00,1867.0,1867.9334999999999,1873.7,1872.7631500000002,50,LONG,241.4825000000178,-205819.73624998366
cash_ACC,Supertrend,2025-10-09 10:23:00,2025-10-09 10:50:00,1872.5,1873.43625,1870.1,1869.16495,50,LONG,-213.56499999999414,-206033.30124998366
cash_ACC,Supertrend,2025-10-09 11:11:00,2025-10-09 11:33:00,1871.4,1872.3357,1866.7,1865.7666500000003,50,LONG,-328.4524999999917,-206361.75374998365
cash_ACC,Supertrend,2025-10-09 11:48:00,2025-10-09 13:29:00,1871.1,1872.0355499999998,1871.3,1870.36435,50,LONG,-83.55999999998858,-206445.31374998364
cash_ACC,Supertrend,2025-10-09 13:56:00,2025-10-09 14:14:00,1872.6,1873.5362999999998,1872.6,1871.6637,50,LONG,-93.62999999998465,-206538.94374998362
cash_ACC,Supertrend,2025-10-09 14:25:00,2025-10-09 15:20:00,1874.3,1875.23715,1873.6,1872.6632,50,LONG,-128.6974999999984,-206667.64124998363
cash_ACC,Supertrend,2025-10-10 09:24:00,2025-10-10 09:53:00,1873.8,1874.7368999999999,1871.3,1870.36435,50,LONG,-218.62749999999096,-206886.26874998363
cash_ACC,Supertrend,2025-10-10 10:16:00,2025-10-10 10:27:00,1874.5,1875.43725,1872.5,1871.56375,50,LONG,-193.6749999999961,-207079.94374998362
cash_ACC,Supertrend,2025-10-10 10:51:00,2025-10-10 11:09:00,1876.8,1877.7384,1873.0,1872.0635000000002,50,LONG,-283.7449999999876,-207363.68874998362
cash_ACC,Supertrend,2025-10-10 11:35:00,2025-10-10 11:57:00,1876.5,1877.43825,1874.0,1873.063,50,LONG,-218.76249999999118,-207582.4512499836
cash_ACC,Supertrend,2025-10-10 12:04:00,2025-10-10 13:23:00,1876.7,1877.63835,1880.0,1879.0600000000002,50,LONG,71.08250000001135,-207511.36874998358
cash_ACC,Supertrend,2025-10-10 13:43:00,2025-10-10 14:53:00,1881.0,1881.9405,1885.4,1884.4573000000003,50,LONG,125.84000000001652,-207385.52874998355
cash_ACC,Supertrend,2025-10-13 10:35:00,2025-10-13 10:54:00,1874.0,1874.937,1870.5,1869.56475,50,LONG,-268.6124999999947,-207654.14124998354
cash_ACC,Supertrend,2025-10-13 11:18:00,2025-10-13 11:25:00,1868.1,1869.0340499999998,1866.0,1865.067,50,LONG,-198.35249999998723,-207852.49374998352
cash_ACC,Supertrend,2025-10-13 12:12:00,2025-10-13 12:22:00,1869.8,1870.7349,1867.2,1866.2664000000002,50,LONG,-223.42499999998608,-208075.9187499835
cash_ACC,Supertrend,2025-10-13 12:45:00,2025-10-13 13:04:00,1869.9,1870.83495,1868.3,1867.3658500000001,50,LONG,-173.45499999998992,-208249.3737499835
cash_ACC,Supertrend,2025-10-13 13:06:00,2025-10-13 13:13:00,1870.6,1871.5352999999998,1870.0,1869.065,50,LONG,-123.51499999998623,-208372.88874998348
cash_ACC,Supertrend,2025-10-13 13:36:00,2025-10-13 14:07:00,1872.0,1872.936,1868.1,1867.16595,50,LONG,-288.5024999999928,-208661.39124998348
cash_ACC,Supertrend,2025-10-14 09:15:00,2025-10-14 09:33:00,1872.8,1873.7363999999998,1870.4,1869.4648000000002,50,LONG,-213.579999999979,-208874.97124998347
cash_ACC,Supertrend,2025-10-14 10:41:00,2025-10-14 10:54:00,1864.3,1865.2321499999998,1862.3,1861.36885,50,LONG,-193.16499999998769,-209068.13624998345
cash_ACC,Supertrend,2025-10-14 11:01:00,2025-10-14 11:24:00,1867.0,1867.9334999999999,1862.8,1861.8686,50,LONG,-303.2449999999926,-209371.38124998345
cash_ACC,Supertrend,2025-10-14 11:47:00,2025-10-14 11:57:00,1867.1,1868.0335499999999,1863.6,1862.6682,50,LONG,-268.2674999999904,-209639.64874998343
cash_ACC,Supertrend,2025-10-14 12:14:00,2025-10-14 12:49:00,1863.0,1863.9315,1867.1,1866.16645,50,LONG,111.74750000000131,-209527.90124998344
cash_ACC,Supertrend,2025-10-14 13:06:00,2025-10-14 13:12:00,1870.0,1870.935,1865.8,1864.8671000000002,50,LONG,-303.39499999998907,-209831.29624998342
cash_ACC,Supertrend,2025-10-14 14:04:00,2025-10-14 14:19:00,1858.8,1859.7294,1863.4,1862.4683000000002,50,LONG,136.94500000001426,-209694.35124998342
cash_ACC,Supertrend,2025-10-14 14:53:00,2025-10-14 15:03:00,1865.4,1866.3327,1866.2,1865.2669,50,LONG,-53.28999999999269,-209747.6412499834
cash_ACC,Supertrend,2025-10-15 09:16:00,2025-10-15 10:07:00,1867.9,1868.83395,1866.0,1865.067,50,LONG,-188.34749999999758,-209935.9887499834
cash_ACC,Supertrend,2025-10-15 10:55:00,2025-10-15 11:57:00,1863.1,1864.0315499999997,1863.0,1862.0685,50,LONG,-98.15249999998059,-210034.14124998337
cash_ACC,Supertrend,2025-10-15 12:03:00,2025-10-15 12:37:00,1865.1,1866.03255,1863.0,1862.0685,50,LONG,-198.20249999999078,-210232.34374998335
cash_ACC,Supertrend,2025-10-15 13:33:00,2025-10-15 13:44:00,1865.3,1866.23265,1864.8,1863.8676,50,LONG,-118.25249999999414,-210350.59624998335
cash_ACC,Supertrend,2025-10-15 13:52:00,2025-10-15 13:54:00,1865.0,1865.9325,1864.2,1863.2679,50,LONG,-133.22999999999183,-210483.82624998334
cash_ACC,Supertrend,2025-10-15 14:04:00,2025-10-15 14:24:00,1865.0,1865.9325,1864.7,1863.7676500000002,50,LONG,-108.24249999998301,-210592.06874998333
cash_ACC,Supertrend,2025-10-15 14:31:00,2025-10-15 14:53:00,1865.6,1866.5327999999997,1864.1,1863.16795,50,LONG,-168.24249999998528,-210760.31124998332
cash_ACC,Supertrend,2025-10-16 09:15:00,2025-10-16 09:39:00,1865.4,1866.3327,1863.8,1862.8681000000001,50,LONG,-173.22999999998956,-210933.5412499833
cash_ACC,Supertrend,2025-10-16 10:30:00,2025-10-16 11:14:00,1864.3,1865.2321499999998,1866.8,1865.8666,50,LONG,31.722500000012133,-210901.8187499833
cash_ACC,Supertrend,2025-10-16 11:43:00,2025-10-16 11:46:00,1867.6,1868.5337999999997,1865.6,1864.6672,50,LONG,-193.32999999998037,-211095.1487499833
cash_ACC,Supertrend,2025-10-16 12:24:00,2025-10-16 12:28:00,1863.6,1864.5317999999997,1862.8,1861.8686,50,LONG,-133.15999999998667,-211228.30874998326
cash_ACC,Supertrend,2025-10-16 13:38:00,2025-10-16 14:31:00,1857.5,1858.4287499999998,1858.0,1857.0710000000001,50,LONG,-67.88749999998345,-211296.19624998324
cash_ACC,Supertrend,2025-10-16 14:41:00,2025-10-16 15:07:00,1860.8,1861.7304,1861.5,1860.56925,50,LONG,-58.05749999999534,-211354.25374998324
cash_ACC,Supertrend,2025-10-17 09:26:00,2025-10-17 09:47:00,1863.4,1864.3317,1860.0,1859.0700000000002,50,LONG,-263.0849999999896,-211617.33874998323
cash_ACC,Supertrend,2025-10-17 10:57:00,2025-10-17 11:07:00,1855.0,1855.9275,1855.0,1854.0725,50,LONG,-92.75000000000091,-211710.08874998323
cash_ACC,Supertrend,2025-10-17 11:56:00,2025-10-17 12:23:00,1852.5,1853.42625,1850.9,1849.9745500000001,50,LONG,-172.5849999999923,-211882.67374998322
cash_ACC,Supertrend,2025-10-17 13:49:00,2025-10-17 15:08:00,1835.6,1836.5177999999999,1836.5,1835.58175,50,LONG,-46.80249999998978,-211929.4762499832
cash_ACC,Supertrend,2025-10-17 15:19:00,2025-10-17 15:20:00,1839.9,1840.81995,1829.9,1828.9850500000002,50,LONG,-591.7449999999917,-212521.2212499832
cash_ACC,Supertrend,2025-10-21 13:45:00,2025-10-21 14:38:00,1845.0,1845.9225,1846.3,1845.37685,50,LONG,-27.282499999989795,-212548.5037499832
cash_ACC,Supertrend,2025-10-23 10:18:00,2025-10-23 11:06:00,1840.0,1840.9199999999998,1836.5,1835.58175,50,LONG,-266.91249999998945,-212815.4162499832
cash_ACC,Supertrend,2025-10-23 11:58:00,2025-10-23 12:05:00,1838.0,1838.9189999999999,1837.0,1836.0815,50,LONG,-141.87499999999318,-212957.2912499832
cash_ACC,Supertrend,2025-10-23 12:11:00,2025-10-23 12:29:00,1839.3,1840.2196499999998,1837.4,1836.4813000000001,50,LONG,-186.91749999998137,-213144.20874998317
cash_ACC,Supertrend,2025-10-23 12:35:00,2025-10-23 13:50:00,1839.6,1840.5197999999998,1839.1,1838.18045,50,LONG,-116.96749999998701,-213261.17624998317
cash_ACC,Supertrend,2025-10-23 14:07:00,2025-10-23 15:18:00,1838.8,1839.7194,1850.4,1849.4748000000002,50,LONG,487.7700000000118,-212773.40624998315
cash_ACC,Supertrend,2025-10-23 15:21:00,2025-10-24 09:16:00,1858.4,1859.3292,1852.1,1851.17395,50,LONG,-407.7624999999898,-213181.16874998313
cash_ACC,Supertrend,2025-10-24 09:31:00,2025-10-24 09:50:00,1859.3,1860.2296499999998,1846.0,1845.077,50,LONG,-757.6324999999883,-213938.8012499831
cash_ACC,Supertrend,2025-10-24 11:29:00,2025-10-24 11:41:00,1844.6,1845.5222999999999,1843.1,1842.17845,50,LONG,-167.19249999998738,-214105.99374998308
cash_ACC,Supertrend,2025-10-24 11:50:00,2025-10-24 12:25:00,1845.0,1845.9225,1844.1,1843.17795,50,LONG,-137.2274999999945,-214243.2212499831
cash_ACC,Supertrend,2025-10-24 12:48:00,2025-10-24 13:23:00,1845.4,1846.3227,1844.0,1843.0780000000002,50,LONG,-162.23499999998694,-214405.45624998308
cash_ACC,Supertrend,2025-10-24 13:45:00,2025-10-24 14:00:00,1848.0,1848.924,1848.4,1847.4758000000002,50,LONG,-72.40999999999076,-214477.86624998308
cash_ACC,Supertrend,2025-10-24 14:08:00,2025-10-24 14:31:00,1851.7,1852.62585,1850.0,1849.075,50,LONG,-177.54249999999274,-214655.40874998306
cash_ACC,Supertrend,2025-10-24 15:05:00,2025-10-24 15:13:00,1851.9,1852.82595,1847.2,1846.2764000000002,50,LONG,-327.4774999999863,-214982.88624998304
cash_ACC,Supertrend,2025-10-27 09:22:00,2025-10-27 10:03:00,1852.5,1853.42625,1845.2,1844.2774000000002,50,LONG,-457.44249999999056,-215440.32874998305
cash_ACC,Supertrend,2025-10-27 11:20:00,2025-10-27 12:02:00,1842.8,1843.7214,1841.5,1840.57925,50,LONG,-157.10749999999507,-215597.43624998303
cash_ACC,Supertrend,2025-10-27 12:29:00,2025-10-27 13:30:00,1843.6,1844.5217999999998,1853.0,1852.0735000000002,50,LONG,377.58500000002186,-215219.851249983
cash_ACC,Supertrend,2025-10-27 13:34:00,2025-10-27 14:08:00,1857.2,1858.1286,1853.2,1852.2734,50,LONG,-292.7599999999984,-215512.61124998302
cash_ACC,Supertrend,2025-10-27 14:17:00,2025-10-27 14:32:00,1854.8,1855.7273999999998,1852.0,1851.074,50,LONG,-232.6699999999846,-215745.281249983
cash_ACC,Supertrend,2025-10-27 14:35:00,2025-10-27 15:16:00,1855.6,1856.5277999999998,1860.1,1859.16995,50,LONG,132.10750000000644,-215613.173749983
cash_ACC,Supertrend,2025-10-28 11:02:00,2025-10-28 11:56:00,1851.6,1852.5258,1851.4,1850.4743,50,LONG,-102.57499999999027,-215715.74874998297
cash_ACC,Supertrend,2025-10-28 12:24:00,2025-10-28 13:22:00,1853.0,1853.9264999999998,1857.9,1856.97105,50,LONG,152.22750000001497,-215563.52124998296
cash_ACC,Supertrend,2025-10-28 14:47:00,2025-10-29 09:16:00,1855.8,1856.7278999999999,1858.4,1857.4708000000003,50,LONG,37.1450000000209,-215526.37624998295
cash_ACC,Supertrend,2025-10-29 09:17:00,2025-10-29 09:57:00,1868.0,1868.934,1875.0,1874.0625,50,LONG,256.42500000000155,-215269.95124998296
cash_ACC,Supertrend,2025-10-29 10:46:00,2025-10-29 11:14:00,1877.8,1878.7388999999998,1875.0,1874.0625,50,LONG,-233.81999999999152,-215503.77124998294
cash_ACC,Supertrend,2025-10-29 12:39:00,2025-10-29 12:50:00,1877.0,1877.9385,1872.8,1871.8636000000001,50,LONG,-303.74499999999216,-215807.51624998293
cash_ACC,Supertrend,2025-10-29 13:16:00,2025-10-29 13:27:00,1876.0,1876.9379999999999,1873.4,1872.4633000000001,50,LONG,-223.73499999998785,-216031.25124998292
cash_ACC,Supertrend,2025-10-29 13:49:00,2025-10-29 14:16:00,1875.2,1876.1376,1876.0,1875.0620000000001,50,LONG,-53.77999999999474,-216085.03124998292
cash_ACC,Supertrend,2025-10-29 14:31:00,2025-10-29 14:34:00,1880.0,1880.9399999999998,1877.3,1876.3613500000001,50,LONG,-228.93249999998488,-216313.9637499829
cash_ACC,Supertrend,2025-10-29 15:01:00,2025-10-29 15:29:00,1879.0,1879.9395,1876.1,1875.16195,50,LONG,-238.87750000000096,-216552.8412499829
cash_ACC,Supertrend,2025-10-30 09:22:00,2025-10-30 10:01:00,1886.3,1887.2431499999998,1876.8,1875.8616,50,LONG,-569.0774999999917,-217121.9187499829
cash_ACC,Supertrend,2025-10-30 10:22:00,2025-10-30 10:52:00,1879.4,1880.3397,1872.5,1871.56375,50,LONG,-438.7974999999983,-217560.71624998288
cash_ACC,Supertrend,2025-10-30 12:30:00,2025-10-30 12:34:00,1863.4,1864.3317,1860.0,1859.0700000000002,50,LONG,-263.0849999999896,-217823.80124998288
cash_ACC,Supertrend,2025-10-30 13:38:00,2025-10-30 15:18:00,1861.8,1862.7308999999998,1860.2,1859.2699000000002,50,LONG,-173.0499999999779,-217996.85124998286
cash_ACC,Supertrend,2025-10-31 09:20:00,2025-10-31 10:14:00,1864.6,1865.5322999999999,1863.0,1862.0685,50,LONG,-173.18999999998823,-218170.04124998287
cash_ACC,Supertrend,2025-10-31 10:54:00,2025-10-31 11:13:00,1865.4,1866.3327,1860.4,1859.4698000000003,50,LONG,-343.14499999998134,-218513.18624998286
cash_ACC,Supertrend,2025-10-31 11:42:00,2025-10-31 12:05:00,1866.9,1867.83345,1863.2,1862.2684000000002,50,LONG,-278.2524999999964,-218791.43874998286
cash_ACC,Supertrend,2025-10-31 12:21:00,2025-10-31 13:10:00,1869.0,1869.9344999999998,1887.0,1886.0565000000001,50,LONG,806.1000000000149,-217985.33874998285
cash_ACC,Supertrend,2025-10-31 13:31:00,2025-10-31 14:09:00,1903.9,1904.85195,1892.4,1891.4538000000002,50,LONG,-669.907499999988,-218655.24624998285
cash_ACC,Supertrend,2025-10-31 15:07:00,2025-11-03 09:30:00,1887.3,1888.24365,1896.8,1895.8516,50,LONG,380.3975000000037,-218274.84874998286
cash_ACC,Supertrend,2025-11-03 12:43:00,2025-11-03 12:53:00,1888.2,1889.1441,1884.0,1883.058,50,LONG,-304.3049999999994,-218579.15374998286
cash_ACC,Supertrend,2025-11-03 13:16:00,2025-11-03 13:53:00,1889.0,1889.9444999999998,1884.7,1883.7576500000002,50,LONG,-309.34249999997974,-218888.49624998283
cash_ACC,Supertrend,2025-11-04 09:15:00,2025-11-04 09:29:00,1877.5,1878.4387499999998,1860.0,1859.0700000000002,50,LONG,-968.4374999999818,-219856.9337499828
cash_ACC,Supertrend,2025-11-04 10:57:00,2025-11-04 11:14:00,1846.4,1847.3232,1839.9,1838.9800500000001,50,LONG,-417.15749999999616,-220274.0912499828
cash_ACC,Supertrend,2025-11-04 12:10:00,2025-11-04 14:33:00,1835.8,1836.7178999999999,1832.5,1831.58375,50,LONG,-256.70749999999316,-220530.7987499828
cash_ACC,Supertrend,2025-11-04 14:34:00,2025-11-04 14:43:00,1835.4,1836.3177,1831.3,1830.38435,50,LONG,-296.6675000000009,-220827.4662499828
cash_ACC,Supertrend,2025-11-04 15:05:00,2025-11-04 15:21:00,1833.4,1834.3167,1828.8,1827.8856,50,LONG,-321.55500000000075,-221149.0212499828
cash_ACC,Supertrend,2025-11-06 09:20:00,2025-11-06 09:48:00,1836.0,1836.918,1835.0,1834.0825000000002,50,LONG,-141.77499999998417,-221290.79624998278
cash_ACC,Supertrend,2025-11-06 10:45:00,2025-11-06 11:47:00,1835.0,1835.9174999999998,1831.6,1830.6842,50,LONG,-261.6649999999936,-221552.46124998276
cash_ACC,Supertrend,2025-11-06 12:01:00,2025-11-06 12:31:00,1832.6,1833.5162999999998,1830.5,1829.5847500000002,50,LONG,-196.57749999997804,-221749.03874998275
cash_ACC,Supertrend,2025-11-06 12:44:00,2025-11-06 13:20:00,1832.9,1833.81645,1830.2,1829.2849,50,LONG,-226.57749999999623,-221975.61624998273
cash_ACC,Supertrend,2025-11-06 14:12:00,2025-11-06 15:01:00,1831.0,1831.9154999999998,1829.7,1828.7851500000002,50,LONG,-156.517499999984,-222132.13374998272
cash_ACC,Supertrend,2025-11-06 15:08:00,2025-11-06 15:20:00,1833.0,1833.9164999999998,1829.8,1828.8851,50,LONG,-251.56999999999243,-222383.7037499827
cash_ACC,Supertrend,2025-11-07 10:25:00,2025-11-07 10:55:00,1824.8,1825.7124,1825.2,1824.2874000000002,50,LONG,-71.24999999998636,-222454.9537499827
cash_ACC,Supertrend,2025-11-07 11:24:00,2025-11-07 12:24:00,1832.0,1832.916,1834.4,1833.4828000000002,50,LONG,28.340000000014243,-222426.61374998267
cash_ACC,Supertrend,2025-11-07 12:38:00,2025-11-07 12:45:00,1836.1,1837.01805,1835.0,1834.0825000000002,50,LONG,-146.77749999998468,-222573.39124998267
cash_ACC,Supertrend,2025-11-07 13:04:00,2025-11-07 13:21:00,1842.7,1843.62135,1843.2,1842.2784000000001,50,LONG,-67.1474999999873,-222640.53874998266
cash_ACC,Supertrend,2025-11-07 13:28:00,2025-11-07 13:47:00,1848.0,1848.924,1847.5,1846.57625,50,LONG,-117.38749999999527,-222757.92624998264
cash_ACC,Supertrend,2025-11-07 15:21:00,2025-11-10 09:16:00,1843.8,1844.7218999999998,1834.4,1833.4828000000002,50,LONG,-561.9549999999776,-223319.88124998263
cash_ACC,Supertrend,2025-11-10 09:51:00,2025-11-10 10:05:00,1844.0,1844.9219999999998,1844.1,1843.17795,50,LONG,-87.20249999998941,-223407.08374998262
cash_ACC,Supertrend,2025-11-10 10:21:00,2025-11-10 10:53:00,1849.9,1850.82495,1846.9,1845.97655,50,LONG,-242.4199999999928,-223649.5037499826
cash_ACC,Supertrend,2025-11-10 11:49:00,2025-11-10 12:41:00,1843.0,1843.9215,1845.0,1844.0775,50,LONG,7.800000000008822,-223641.70374998258
cash_ACC,Supertrend,2025-11-10 12:58:00,2025-11-10 13:19:00,1845.9,1846.82295,1848.0,1847.076,50,LONG,12.65250000000151,-223629.05124998259
cash_ACC,Supertrend,2025-11-10 14:04:00,2025-11-10 14:24:00,1847.9,1848.82395,1845.9,1844.9770500000002,50,LONG,-192.3449999999889,-223821.3962499826
cash_ACC,Supertrend,2025-11-10 14:40:00,2025-11-10 14:52:00,1847.3,1848.22365,1843.7,1842.77815,50,LONG,-272.27499999999054,-224093.67124998258
cash_ACC,Supertrend,2025-11-10 15:00:00,2025-11-10 15:17:00,1846.3,1847.2231499999998,1842.4,1841.4788,50,LONG,-287.21749999998565,-224380.88874998258
cash_ACC,Supertrend,2025-11-11 09:15:00,2025-11-11 09:33:00,1850.0,1850.925,1842.1,1841.17895,50,LONG,-487.3024999999984,-224868.19124998257
cash_ACC,Supertrend,2025-11-11 10:19:00,2025-11-11 10:46:00,1843.1,1844.0215499999997,1841.0,1840.0795,50,LONG,-197.10249999998268,-225065.29374998255
cash_ACC,Supertrend,2025-11-11 11:09:00,2025-11-11 11:19:00,1844.8,1845.7223999999999,1842.0,1841.0790000000002,50,LONG,-232.16999999998507,-225297.46374998253
cash_ACC,Supertrend,2025-11-11 11:42:00,2025-11-11 12:40:00,1842.9,1843.82145,1845.4,1844.4773000000002,50,LONG,32.79250000001639,-225264.67124998252
cash_ACC,Supertrend,2025-11-11 13:15:00,2025-11-11 13:54:00,1846.5,1847.4232499999998,1847.8,1846.8761,50,LONG,-27.357499999993706,-225292.0287499825
cash_ACC,Supertrend,2025-11-11 14:56:00,2025-11-11 15:14:00,1847.4,1848.3237,1844.8,1843.8776,50,LONG,-222.30499999999438,-225514.3337499825
cash_ACC,Supertrend,2025-11-12 09:15:00,2025-11-12 10:56:00,1846.6,1847.5232999999998,1857.1,1856.17145,50,LONG,432.4075000000107,-225081.9262499825
cash_ACC,Supertrend,2025-11-12 12:24:00,2025-11-12 12:33:00,1854.0,1854.927,1852.5,1851.57375,50,LONG,-167.66249999999445,-225249.5887499825
cash_ACC,Supertrend,2025-11-12 12:47:00,2025-11-12 13:17:00,1854.0,1854.927,1856.1,1855.17195,50,LONG,12.247500000000855,-225237.3412499825
cash_ACC,Supertrend,2025-11-12 14:36:00,2025-11-12 14:49:00,1852.9,1853.82645,1851.0,1850.0745000000002,50,LONG,-187.59749999999258,-225424.9387499825
cash_ACC,Supertrend,2025-11-12 14:52:00,2025-11-12 15:04:00,1852.2,1853.1261,1851.7,1850.7741500000002,50,LONG,-117.59749999998803,-225542.53624998248
cash_ACC,Supertrend,2025-11-12 15:14:00,2025-11-13 09:23:00,1854.5,1855.42725,1852.6,1851.6737,50,LONG,-187.67749999999523,-225730.21374998247
cash_ACC,Supertrend,2025-11-13 09:47:00,2025-11-13 10:17:00,1854.8,1855.7273999999998,1853.6,1852.6732,50,LONG,-152.7099999999905,-225882.92374998247
cash_ACC,Supertrend,2025-11-13 10:26:00,2025-11-13 10:44:00,1855.1,1856.0275499999998,1852.8,1851.8736000000001,50,LONG,-207.6974999999834,-226090.62124998245
cash_ACC,Supertrend,2025-11-13 11:08:00,2025-11-13 11:24:00,1852.8,1853.7263999999998,1853.6,1852.6732,50,LONG,-52.65999999999167,-226143.28124998245
cash_ACC,Supertrend,2025-11-13 11:28:00,2025-11-13 11:41:00,1855.9,1856.82795,1855.7,1854.7721500000002,50,LONG,-102.78999999999314,-226246.07124998243
cash_ACC,Supertrend,2025-11-13 13:05:00,2025-11-13 13:18:00,1852.8,1853.7263999999998,1853.0,1852.0735000000002,50,LONG,-82.64499999997952,-226328.71624998242
cash_ACC,Supertrend,2025-11-13 13:40:00,2025-11-13 13:45:00,1854.2,1855.1271,1853.7,1852.7731500000002,50,LONG,-117.69749999998567,-226446.4137499824
cash_ACC,Supertrend,2025-11-13 14:44:00,2025-11-13 14:52:00,1848.0,1848.924,1845.5,1844.57725,50,LONG,-217.33749999999645,-226663.7512499824
cash_ACC,Supertrend,2025-11-13 15:05:00,2025-11-13 15:19:00,1846.6,1847.5232999999998,1845.3,1844.37735,50,LONG,-157.29749999999285,-226821.04874998238
cash_ACC,Supertrend,2025-11-14 09:20:00,2025-11-14 09:52:00,1846.8,1847.7233999999999,1845.2,1844.2774000000002,50,LONG,-172.29999999998427,-226993.34874998237
cash_ACC,Supertrend,2025-11-14 10:35:00,2025-11-14 11:27:00,1846.3,1847.2231499999998,1846.4,1845.4768000000001,50,LONG,-87.31749999998328,-227080.66624998234
cash_ACC,Supertrend,2025-11-14 11:43:00,2025-11-14 12:06:00,1848.4,1849.3242,1848.4,1847.4758000000002,50,LONG,-92.4199999999928,-227173.08624998233
cash_ACC,Supertrend,2025-11-14 12:13:00,2025-11-14 12:21:00,1849.0,1849.9244999999999,1846.5,1845.5767500000002,50,LONG,-217.3874999999839,-227390.4737499823
cash_ACC,Supertrend,2025-11-14 12:25:00,2025-11-14 12:27:00,1847.8,1848.7239,1844.9,1843.9775500000003,50,LONG,-237.31749999998328,-227627.79124998229
cash_ACC,Supertrend,2025-11-14 12:50:00,2025-11-14 12:55:00,1845.0,1845.9225,1842.3,1841.37885,50,LONG,-227.18249999999216,-227854.97374998228
cash_ACC,Supertrend,2025-11-14 13:35:00,2025-11-14 13:44:00,1840.8,1841.7204,1838.7,1837.7806500000002,50,LONG,-196.9874999999888,-228051.96124998227
cash_ACC,Supertrend,2025-11-14 13:52:00,2025-11-14 14:10:00,1840.2,1841.1200999999999,1838.5,1837.58075,50,LONG,-176.9674999999893,-228228.92874998227
cash_ACC,Supertrend,2025-11-14 14:11:00,2025-11-14 14:26:00,1841.0,1841.9205,1840.5,1839.57975,50,LONG,-117.03749999999218,-228345.96624998227
cash_ACC,Supertrend,2025-11-14 15:06:00,2025-11-14 15:14:00,1841.1,1842.0205499999997,1839.9,1838.9800500000001,50,LONG,-152.02499999998054,-228497.99124998227
cash_ACC,Supertrend,2025-11-17 09:15:00,2025-11-17 10:05:00,1854.0,1854.927,1845.0,1844.0775,50,LONG,-542.4749999999904,-229040.46624998224
cash_ACC,Supertrend,2025-11-17 11:37:00,2025-11-17 12:53:00,1844.9,1845.82245,1844.5,1843.5777500000002,50,LONG,-112.23499999998694,-229152.70124998223
cash_ACC,Supertrend,2025-11-17 13:06:00,2025-11-17 13:15:00,1846.8,1847.7233999999999,1845.3,1844.37735,50,LONG,-167.30249999999387,-229320.00374998222
cash_ACC,Supertrend,2025-11-17 13:53:00,2025-11-17 14:08:00,1846.9,1847.82345,1845.1,1844.17745,50,LONG,-182.30000000000928,-229502.30374998224
cash_ACC,Supertrend,2025-11-17 15:00:00,2025-11-18 09:25:00,1845.5,1846.42275,1845.0,1844.0775,50,LONG,-117.26249999999254,-229619.56624998222
cash_ACC,Supertrend,2025-11-18 10:46:00,2025-11-18 11:18:00,1840.0,1840.9199999999998,1843.2,1842.2784000000001,50,LONG,67.92000000001508,-229551.6462499822
cash_ACC,Supertrend,2025-11-18 12:37:00,2025-11-18 12:52:00,1839.9,1840.81995,1838.6,1837.6807000000001,50,LONG,-156.96249999999736,-229708.6087499822
cash_ACC,Supertrend,2025-11-18 13:38:00,2025-11-18 13:50:00,1839.9,1840.81995,1839.3,1838.3803500000001,50,LONG,-121.97999999999638,-229830.5887499822
cash_ACC,Supertrend,2025-11-18 13:56:00,2025-11-18 14:13:00,1840.0,1840.9199999999998,1839.2,1838.2804,50,LONG,-131.97999999998729,-229962.5687499822
cash_ACC,Supertrend,2025-11-18 14:24:00,2025-11-18 14:42:00,1840.0,1840.9199999999998,1839.2,1838.2804,50,LONG,-131.97999999998729,-230094.54874998218
cash_ACC,Supertrend,2025-11-18 14:47:00,2025-11-18 15:29:00,1839.8,1840.7198999999998,1835.0,1834.0825000000002,50,LONG,-331.8699999999808,-230426.41874998214
cash_ACC,Supertrend,2025-11-19 09:15:00,2025-11-19 09:57:00,1840.2,1841.1200999999999,1837.0,1836.0815,50,LONG,-251.92999999999302,-230678.34874998213
cash_ACC,Supertrend,2025-11-19 11:07:00,2025-11-19 12:03:00,1837.0,1837.9185,1836.7,1835.7816500000001,50,LONG,-106.84249999999338,-230785.19124998213
cash_ACC,Supertrend,2025-11-19 12:35:00,2025-11-19 12:41:00,1836.8,1837.7183999999997,1835.4,1834.4823000000001,50,LONG,-161.8049999999812,-230946.99624998213
cash_ACC,Supertrend,2025-11-19 12:58:00,2025-11-19 13:40:00,1840.4,1841.3201999999999,1837.9,1836.98105,50,LONG,-216.95749999998952,-231163.95374998212
cash_ACC,Supertrend,2025-11-19 14:11:00,2025-11-19 14:29:00,1839.7,1840.61985,1838.0,1837.0810000000001,50,LONG,-176.94249999999556,-231340.89624998212
cash_ACC,Supertrend,2025-11-19 15:05:00,2025-11-19 15:24:00,1837.9,1838.81895,1836.6,1835.6817,50,LONG,-156.86249999999973,-231497.7587499821
cash_ACC,Supertrend,2025-11-20 09:15:00,2025-11-20 10:04:00,1845.0,1845.9225,1846.2,1845.2769,50,LONG,-32.27999999999156,-231530.0387499821
cash_ACC,Supertrend,2025-11-20 10:14:00,2025-11-20 10:54:00,1852.2,1853.1261,1858.4,1857.4708000000003,50,LONG,217.2350000000165,-231312.8037499821
cash_ACC,Supertrend,2025-11-20 11:17:00,2025-11-20 11:48:00,1860.0,1860.9299999999998,1857.4,1856.4713000000002,50,LONG,-222.93499999998403,-231535.7387499821
cash_ACC,Supertrend,2025-11-20 12:31:00,2025-11-20 13:57:00,1859.0,1859.9295,1850.9,1849.9745500000001,50,LONG,-497.7474999999913,-232033.4862499821
cash_ACC,Supertrend,2025-11-20 14:39:00,2025-11-20 14:53:00,1854.4,1855.3272,1850.7,1849.77465,50,LONG,-277.62749999999414,-232311.1137499821
cash_ACC,Supertrend,2025-11-20 15:22:00,2025-11-21 09:19:00,1851.0,1851.9254999999998,1848.0,1847.076,50,LONG,-242.47499999999036,-232553.58874998207
cash_ACC,Supertrend,2025-11-21 11:14:00,2025-11-21 12:10:00,1838.0,1838.9189999999999,1837.8,1836.8811,50,LONG,-101.89499999999043,-232655.48374998206
cash_ACC,Supertrend,2025-11-21 12:22:00,2025-11-21 12:30:00,1841.0,1841.9205,1838.5,1837.58075,50,LONG,-216.98749999999336,-232872.47124998205
cash_ACC,Supertrend,2025-11-21 14:10:00,2025-11-21 14:11:00,1840.0,1840.9199999999998,1837.9,1836.98105,50,LONG,-196.94749999998749,-233069.41874998203
cash_ACC,Supertrend,2025-11-21 15:29:00,2025-11-24 09:26:00,1832.0,1832.916,1822.0,1821.0890000000002,50,LONG,-591.3499999999885,-233660.768749982
cash_ACC,Supertrend,2025-11-24 10:06:00,2025-11-24 10:27:00,1824.8,1825.7124,1822.6,1821.6887,50,LONG,-201.18499999999813,-233861.953749982
cash_ACC,Supertrend,2025-11-24 12:22:00,2025-11-24 13:06:00,1819.9,1820.80995,1822.2,1821.2889000000002,50,LONG,23.947500000008404,-233838.006249982
cash_ACC,Supertrend,2025-11-24 14:00:00,2025-11-24 14:25:00,1824.7,1825.6123499999999,1819.4,1818.4903000000002,50,LONG,-356.10249999998587,-234194.10874998197
cash_ACC,Supertrend,2025-11-24 15:00:00,2025-11-25 09:15:00,1816.5,1817.40825,1895.0,1894.0525,50,LONG,3832.212500000003,-230361.89624998198
cash_ACC,Supertrend,2025-11-25 10:43:00,2025-11-25 11:28:00,1869.0,1869.9344999999998,1866.9,1865.96655,50,LONG,-198.3974999999873,-230560.29374998197
cash_ACC,Supertrend,2025-11-25 12:33:00,2025-11-25 14:26:00,1867.4,1868.3337,1863.1,1862.1684500000001,50,LONG,-308.26249999998936,-230868.55624998195
cash_ACC,Supertrend,2025-11-25 14:49:00,2025-11-25 15:17:00,1864.2,1865.1321,1864.3,1863.36785,50,LONG,-88.21249999999736,-230956.76874998194
cash_ACC,Supertrend,2025-11-26 09:24:00,2025-11-26 10:24:00,1870.2,1871.1351,1870.5,1869.56475,50,LONG,-78.51749999999811,-231035.28624998193
cash_ACC,Supertrend,2025-11-26 10:51:00,2025-11-26 11:19:00,1875.3,1876.2376499999998,1868.9,1867.9655500000001,50,LONG,-413.6049999999841,-231448.8912499819
cash_ACC,Supertrend,2025-11-26 12:00:00,2025-11-26 12:23:00,1866.7,1867.6333499999998,1865.3,1864.36735,50,LONG,-163.29999999999245,-231612.1912499819
cash_ACC,Supertrend,2025-11-26 12:51:00,2025-11-26 13:19:00,1866.3,1867.2331499999998,1863.8,1862.8681000000001,50,LONG,-218.25249999998277,-231830.44374998187
cash_ACC,Supertrend,2025-11-26 13:35:00,2025-11-26 14:31:00,1867.7,1868.63385,1869.0,1868.0655000000002,50,LONG,-28.417499999989104,-231858.86124998186
cash_ACC,Supertrend,2025-11-26 14:52:00,2025-11-26 15:29:00,1878.5,1879.43925,1875.0,1874.0625,50,LONG,-268.8374999999951,-232127.69874998185
cash_ACC,Supertrend,2025-11-27 12:49:00,2025-11-27 12:58:00,1872.0,1872.936,1871.1,1870.16445,50,LONG,-138.5774999999967,-232266.27624998183
cash_ACC,Supertrend,2025-11-27 13:54:00,2025-11-27 14:09:00,1870.6,1871.5352999999998,1867.9,1866.9660500000002,50,LONG,-228.4624999999778,-232494.7387499818
cash_ACC,Supertrend,2025-11-27 15:03:00,2025-11-27 15:18:00,1871.2,1872.1355999999998,1867.0,1866.0665000000001,50,LONG,-303.4549999999854,-232798.1937499818
cash_ACC,Supertrend,2025-11-28 09:15:00,2025-11-28 09:30:00,1868.6,1869.5342999999998,1863.0,1862.0685,50,LONG,-373.28999999998587,-233171.48374998177
cash_ACC,Supertrend,2025-11-28 10:07:00,2025-11-28 10:48:00,1868.4,1869.3342,1861.6,1860.6692,50,LONG,-433.2499999999982,-233604.73374998177
cash_ACC,Supertrend,2025-11-28 15:23:00,2025-12-01 09:18:00,1851.0,1851.9254999999998,1855.8,1854.8721,50,LONG,147.33000000001084,-233457.40374998175
cash_ACC,Supertrend,2025-12-01 10:07:00,2025-12-01 10:41:00,1854.9,1855.82745,1854.3,1853.37285,50,LONG,-122.73000000000138,-233580.13374998176
cash_ACC,Supertrend,2025-12-02 09:59:00,2025-12-02 11:17:00,1849.8,1850.7249,1851.8,1850.8741,50,LONG,7.46000000000322,-233572.67374998177
cash_ACC,Supertrend,2025-12-02 14:07:00,2025-12-02 14:39:00,1849.6,1850.5248,1847.1,1846.17645,50,LONG,-217.4174999999991,-233790.09124998178
cash_ACC,Supertrend,2025-12-02 15:07:00,2025-12-02 15:21:00,1854.0,1854.927,1851.8,1850.8741,50,LONG,-202.64499999999543,-233992.73624998177
cash_ACC,Supertrend,2025-12-03 09:15:00,2025-12-03 09:28:00,1856.7,1857.62835,1847.9,1846.9760500000002,50,LONG,-532.614999999987,-234525.35124998176
cash_ACC,Supertrend,2025-12-03 10:16:00,2025-12-03 10:40:00,1841.3,1842.2206499999998,1838.6,1837.6807000000001,50,LONG,-226.99749999998176,-234752.34874998173
cash_ACC,Supertrend,2025-12-03 11:09:00,2025-12-03 11:23:00,1839.1,1840.0195499999998,1837.1,1836.18145,50,LONG,-191.90499999998565,-234944.25374998173
cash_ACC,Supertrend,2025-12-03 11:38:00,2025-12-03 12:11:00,1839.5,1840.4197499999998,1838.6,1837.6807000000001,50,LONG,-136.95249999998396,-235081.2062499817
cash_ACC,Supertrend,2025-12-03 12:51:00,2025-12-03 12:59:00,1839.6,1840.5197999999998,1838.0,1837.0810000000001,50,LONG,-171.93999999998368,-235253.14624998168
cash_ACC,Supertrend,2025-12-03 13:01:00,2025-12-03 13:16:00,1840.0,1840.9199999999998,1837.8,1836.8811,50,LONG,-201.94499999998925,-235455.09124998166
cash_ACC,Supertrend,2025-12-03 13:35:00,2025-12-03 13:51:00,1839.9,1840.81995,1837.7,1836.7811500000003,50,LONG,-201.9399999999905,-235657.03124998166
cash_ACC,Supertrend,2025-12-03 14:53:00,2025-12-03 15:14:00,1839.8,1840.7198999999998,1837.2,1836.2814,50,LONG,-221.92499999998745,-235878.95624998165
cash_ACC,Supertrend,2025-12-04 09:15:00,2025-12-04 09:19:00,1842.5,1843.4212499999999,1836.0,1835.082,50,LONG,-416.96249999998827,-236295.91874998165
cash_ACC,Supertrend,2025-12-04 15:14:00,2025-12-04 15:20:00,1819.5,1820.4097499999998,1815.2,1814.2924,50,LONG,-305.867499999988,-236601.78624998164
cash_ACC,Supertrend,2025-12-05 09:16:00,2025-12-05 09:51:00,1820.9,1821.81045,1811.4,1810.4943000000003,50,LONG,-565.8074999999826,-237167.59374998164
cash_ACC,Supertrend,2025-12-05 10:03:00,2025-12-05 10:29:00,1814.7,1815.60735,1812.0,1811.094,50,LONG,-225.6674999999973,-237393.26124998165
cash_ACC,Supertrend,2025-12-05 11:17:00,2025-12-05 11:19:00,1816.2,1817.1081,1814.5,1813.59275,50,LONG,-175.76749999999493,-237569.02874998163
cash_ACC,Supertrend,2025-12-05 12:22:00,2025-12-05 13:18:00,1815.2,1816.1076,1808.0,1807.096,50,LONG,-450.5800000000022,-238019.60874998165
cash_ACC,Supertrend,2025-12-05 14:11:00,2025-12-05 14:19:00,1803.7,1804.60185,1802.5,1801.59875,50,LONG,-150.1549999999952,-238169.76374998165
cash_ACC,Supertrend,2025-12-05 15:19:00,2025-12-08 10:34:00,1800.8,1801.7004,1806.0,1805.0970000000002,50,LONG,169.83000000001311,-237999.93374998163
cash_ACC,Supertrend,2025-12-08 11:28:00,2025-12-08 11:35:00,1803.9,1804.80195,1801.8,1800.8991,50,LONG,-195.1424999999972,-238195.07624998162
cash_ACC,Supertrend,2025-12-08 11:45:00,2025-12-08 12:03:00,1803.8,1804.7018999999998,1801.2,1800.2994,50,LONG,-220.12499999998454,-238415.2012499816
cash_ACC,Supertrend,2025-12-08 14:11:00,2025-12-08 15:10:00,1794.1,1794.9970499999997,1795.5,1794.6022500000001,50,LONG,-19.739999999978863,-238434.94124998158
cash_ACC,Supertrend,2025-12-08 15:25:00,2025-12-09 09:16:00,1797.7,1798.5988499999999,1790.0,1789.105,50,LONG,-474.6924999999919,-238909.63374998159
cash_ACC,Supertrend,2025-12-09 10:04:00,2025-12-09 10:36:00,1781.3,1782.1906499999998,1786.0,1785.1070000000002,50,LONG,145.81750000002103,-238763.81624998155
cash_ACC,Supertrend,2025-12-09 11:00:00,2025-12-09 11:23:00,1790.1,1790.9950499999998,1787.6,1786.7062,50,LONG,-214.4424999999842,-238978.25874998153
cash_ACC,Supertrend,2025-12-09 11:58:00,2025-12-09 12:21:00,1790.6,1791.4952999999998,1785.5,1784.60725,50,LONG,-344.4024999999897,-239322.66124998152
cash_ACC,Supertrend,2025-12-09 13:06:00,2025-12-10 09:36:00,1786.7,1787.5933499999999,1791.0,1790.1045000000001,50,LONG,125.55750000001353,-239197.1037499815
cash_ACC,Supertrend,2025-12-10 11:22:00,2025-12-10 11:36:00,1788.8,1789.6943999999999,1784.5,1783.6077500000001,50,LONG,-304.3324999999868,-239501.4362499815
cash_ACC,Supertrend,2025-12-10 12:46:00,2025-12-10 13:15:00,1783.4,1784.2917,1783.0,1782.1085,50,LONG,-109.15999999999713,-239610.5962499815
cash_ACC,Supertrend,2025-12-10 13:32:00,2025-12-10 13:47:00,1784.9,1785.79245,1781.6,1780.7092,50,LONG,-254.16249999999536,-239864.7587499815
cash_ACC,Supertrend,2025-12-11 10:07:00,2025-12-11 10:59:00,1779.0,1779.8895,1776.4,1775.5118000000002,50,LONG,-218.88499999998885,-240083.64374998148
cash_ACC,Supertrend,2025-12-11 11:15:00,2025-12-11 13:09:00,1779.4,1780.2897,1777.2,1776.3114,50,LONG,-198.9149999999995,-240282.5587499815
cash_ACC,Supertrend,2025-12-11 13:54:00,2025-12-11 15:27:00,1780.0,1780.8899999999999,1776.1,1775.2119500000001,50,LONG,-283.90249999998787,-240566.46124998148
cash_ACC,Supertrend,2025-12-12 09:15:00,2025-12-12 10:05:00,1789.0,1789.8944999999999,1787.7,1786.8061500000001,50,LONG,-154.4174999999882,-240720.87874998146
cash_ACC,Supertrend,2025-12-12 11:02:00,2025-12-12 11:43:00,1787.5,1788.39375,1784.3,1783.40785,50,LONG,-249.29499999999507,-240970.17374998145
cash_ACC,Supertrend,2025-12-12 13:36:00,2025-12-12 14:26:00,1780.2,1781.0901,1778.0,1777.111,50,LONG,-198.95499999998947,-241169.12874998144
cash_ACC,Supertrend,2025-12-15 09:15:00,2025-12-15 10:37:00,1780.0,1780.8899999999999,1781.4,1780.5093000000002,50,LONG,-19.034999999985303,-241188.1637499814
cash_ACC,Supertrend,2025-12-15 11:53:00,2025-12-15 12:28:00,1776.6,1777.4882999999998,1774.0,1773.113,50,LONG,-218.76499999998487,-241406.9287499814
cash_ACC,Supertrend,2025-12-15 13:27:00,2025-12-15 14:28:00,1775.1,1775.9875499999998,1776.0,1775.112,50,LONG,-43.77749999998741,-241450.7062499814
cash_ACC,Supertrend,2025-12-15 15:20:00,2025-12-16 09:18:00,1778.8,1779.6893999999998,1773.6,1772.7132,50,LONG,-348.80999999999176,-241799.5162499814
cash_ACC,Supertrend,2025-12-16 09:41:00,2025-12-16 11:26:00,1775.7,1776.58785,1770.6,1769.7147,50,LONG,-343.6574999999948,-242143.1737499814
cash_ACC,Supertrend,2025-12-16 12:26:00,2025-12-16 14:20:00,1770.2,1771.0851,1771.8,1770.9141,50,LONG,-8.550000000002456,-242151.72374998138
cash_ACC,Supertrend,2025-12-16 14:49:00,2025-12-16 15:21:00,1773.9,1774.78695,1770.3,1769.4148500000001,50,LONG,-268.6049999999909,-242420.32874998136
cash_ACC,Supertrend,2025-12-17 11:23:00,2025-12-17 12:15:00,1770.7,1771.5853499999998,1764.5,1763.6177500000001,50,LONG,-398.379999999986,-242818.70874998134
cash_ACC,Supertrend,2025-12-17 14:01:00,2025-12-17 14:39:00,1759.3,1760.1796499999998,1758.0,1757.121,50,LONG,-152.9324999999858,-242971.64124998133
cash_ACC,Supertrend,2025-12-17 14:44:00,2025-12-17 15:13:00,1759.9,1760.77995,1759.2,1758.3204,50,LONG,-122.97750000000178,-243094.61874998134
cash_ACC,Supertrend,2025-12-18 10:12:00,2025-12-18 11:47:00,1754.8,1755.6773999999998,1755.6,1754.7222,50,LONG,-47.75999999999385,-243142.37874998132
cash_ACC,Supertrend,2025-12-18 11:55:00,2025-12-18 12:06:00,1756.8,1757.6783999999998,1755.7,1754.8221500000002,50,LONG,-142.81249999997954,-243285.1912499813
cash_ACC,Supertrend,2025-12-18 12:15:00,2025-12-18 12:57:00,1757.0,1757.8784999999998,1756.0,1755.122,50,LONG,-137.82499999998663,-243423.01624998127
cash_ACC,Supertrend,2025-12-18 13:18:00,2025-12-18 13:24:00,1755.9,1756.77795,1755.5,1754.6222500000001,50,LONG,-107.78499999998985,-243530.80124998128
cash_ACC,Supertrend,2025-12-18 13:27:00,2025-12-18 13:33:00,1757.0,1757.8784999999998,1754.8,1753.9226,50,LONG,-197.79499999998507,-243728.59624998126
cash_ACC,Supertrend,2025-12-18 13:44:00,2025-12-18 14:05:00,1755.7,1756.57785,1753.0,1752.1235000000001,50,LONG,-222.71749999998747,-243951.31374998126
cash_ACC,Supertrend,2025-12-18 14:46:00,2025-12-18 15:25:00,1755.8,1756.6779,1754.6,1753.7227,50,LONG,-147.75999999999385,-244099.07374998124
cash_ACC,Supertrend,2025-12-19 09:21:00,2025-12-19 09:35:00,1758.8,1759.6793999999998,1761.0,1760.1195,50,LONG,22.005000000012842,-244077.06874998123
cash_ACC,Supertrend,2025-12-19 10:28:00,2025-12-19 10:37:00,1759.8,1760.6798999999999,1756.0,1755.122,50,LONG,-277.8949999999895,-244354.96374998122
cash_ACC,Supertrend,2025-12-19 11:08:00,2025-12-19 11:33:00,1756.7,1757.57835,1755.8,1754.9221,50,LONG,-132.8125,-244487.77624998122
cash_ACC,Supertrend,2025-12-19 11:58:00,2025-12-19 12:52:00,1755.7,1756.57785,1754.0,1753.123,50,LONG,-172.74249999999256,-244660.51874998122
cash_ACC,Supertrend,2025-12-19 12:59:00,2025-12-19 14:25:00,1758.1,1758.97905,1765.2,1764.3174000000001,50,LONG,266.91750000001093,-244393.6012499812
cash_ACC,Supertrend,2025-12-19 15:14:00,2025-12-22 11:15:00,1753.8,1754.6769,1767.4,1766.5163000000002,50,LONG,591.9700000000148,-243801.6312499812
cash_ACC,Supertrend,2025-12-22 11:55:00,2025-12-22 12:31:00,1769.7,1770.58485,1771.1,1770.21445,50,LONG,-18.52000000000089,-243820.1512499812
cash_ACC,Supertrend,2025-12-22 13:24:00,2025-12-22 14:05:00,1769.3,1770.18465,1767.0,1766.1165,50,LONG,-203.40749999999161,-244023.5587499812
cash_ACC,Supertrend,2025-12-22 14:26:00,2025-12-22 14:45:00,1766.7,1767.5833499999999,1767.9,1767.0160500000002,50,LONG,-28.36499999998523,-244051.9237499812
cash_ACC,Supertrend,2025-12-22 14:53:00,2025-12-22 15:19:00,1771.0,1771.8854999999999,1776.8,1775.9116000000001,50,LONG,201.30500000001348,-243850.61874998116
cash_ACC,Supertrend,2025-12-23 10:27:00,2025-12-23 11:10:00,1764.6,1765.4823,1764.9,1764.0175500000003,50,LONG,-73.23749999998199,-243923.85624998115
cash_ACC,Supertrend,2025-12-23 11:39:00,2025-12-23 11:48:00,1764.2,1765.0820999999999,1759.2,1758.3204,50,LONG,-338.0849999999896,-244261.94124998114
cash_ACC,Supertrend,2025-12-23 12:04:00,2025-12-23 13:03:00,1764.5,1765.3822499999999,1761.2,1760.3194,50,LONG,-253.14249999998992,-244515.08374998113
cash_ACC,Supertrend,2025-12-23 14:51:00,2025-12-23 15:04:00,1758.9,1759.77945,1756.5,1755.62175,50,LONG,-207.88499999999885,-244722.96874998114
cash_ACC,Supertrend,2025-12-24 09:15:00,2025-12-24 09:19:00,1757.9,1758.77895,1750.4,1749.5248000000001,50,LONG,-462.7074999999877,-245185.67624998113
cash_ACC,Supertrend,2025-12-24 09:26:00,2025-12-24 09:39:00,1756.4,1757.2782,1750.0,1749.125,50,LONG,-407.6599999999985,-245593.33624998113
cash_ACC,Supertrend,2025-12-24 12:15:00,2025-12-24 12:45:00,1744.2,1745.0720999999999,1743.0,1742.1285,50,LONG,-147.17999999999165,-245740.51624998113
cash_ACC,Supertrend,2025-12-24 14:00:00,2025-12-24 14:11:00,1740.0,1740.87,1736.8,1735.9316000000001,50,LONG,-246.9199999999887,-245987.4362499811
cash_ACC,Supertrend,2025-12-24 14:38:00,2025-12-24 15:27:00,1738.9,1739.76945,1737.4,1736.5313,50,LONG,-161.90749999999525,-246149.3437499811
cash_ACC,Supertrend,2025-12-26 09:15:00,2025-12-26 09:32:00,1748.7,1749.5743499999999,1740.0,1739.13,50,LONG,-522.2174999999879,-246671.5612499811
cash_ACC,Supertrend,2025-12-26 13:49:00,2025-12-29 09:15:00,1730.0,1730.865,1733.1,1732.23345,50,LONG,68.42249999999694,-246603.13874998112
cash_ACC,Supertrend,2025-12-29 09:54:00,2025-12-29 10:19:00,1736.0,1736.868,1731.0,1730.1345000000001,50,LONG,-336.6749999999911,-246939.8137499811
cash_ACC,Supertrend,2025-12-29 10:27:00,2025-12-29 10:42:00,1733.9,1734.76695,1730.5,1729.6347500000002,50,LONG,-256.6099999999892,-247196.4237499811
cash_ACC,Supertrend,2025-12-29 13:48:00,2025-12-29 14:54:00,1725.8,1726.6628999999998,1724.0,1723.1380000000001,50,LONG,-176.24499999998307,-247372.6687499811
cash_ACC,Supertrend,2025-12-29 15:08:00,2025-12-29 15:25:00,1725.5,1726.36275,1723.0,1722.1385,50,LONG,-211.21249999999918,-247583.8812499811
