symbol,strategy,entry_time,exit_time,actual_entry_close,slippage_entry_price,actual_exit_close,slippage_exit_price,qty,side,pnl
cash_ACC,MovingAverage,2024-08-01 09:54:00,2024-08-01 10:02:00,2553.2,2554.4765999999995,2546.65,2545.3766750000004,50,LONG,-454.99624999995376
cash_ACC,MovingAverage,2024-08-01 11:30:00,2024-08-01 11:31:00,2519.95,2521.2099749999998,2518.55,2517.2907250000003,50,LONG,-195.96249999997326
cash_ACC,MovingAverage,2024-08-01 11:33:00,2024-08-01 11:53:00,2521.0,2522.2605,2518.9,2517.64055,50,LONG,-230.9974999999895
cash_ACC,MovingAverage,2024-08-01 12:45:00,2024-08-01 13:43:00,2501.1,2502.3505499999997,2506.5,2505.2467500000002,50,LONG,144.8100000000295
cash_ACC,MovingAverage,2024-08-01 14:48:00,2024-08-01 14:59:00,2490.3,2491.54515,2487.15,2485.906425,50,LONG,-281.93624999998974
cash_ACC,MovingAverage,2024-08-01 15:14:00,2024-08-01 15:25:00,2491.75,2492.995875,2485.85,2484.607075,50,LONG,-419.4400000000087
cash_ACC,MovingAverage,2024-08-02 10:16:00,2024-08-02 11:07:00,2448.85,2450.074425,2452.2,2450.9739,50,LONG,44.973750000008295
cash_ACC,MovingAverage,2024-08-02 11:33:00,2024-08-02 11:36:00,2454.0,2455.227,2453.6,2452.3732,50,LONG,-142.68999999999323
cash_ACC,MovingAverage,2024-08-02 12:16:00,2024-08-02 12:37:00,2450.8,2452.0254,2449.9,2448.6750500000003,50,LONG,-167.51749999998538
cash_ACC,MovingAverage,2024-08-02 12:39:00,2024-08-02 13:04:00,2449.05,2450.2745250000003,2449.1,2447.87545,50,LONG,-119.95375000001332
cash_ACC,MovingAverage,2024-08-02 13:33:00,2024-08-02 13:53:00,2450.15,2451.375075,2449.0,2447.7755,50,LONG,-179.97874999998658
cash_ACC,MovingAverage,2024-08-02 14:51:00,2024-08-02 14:52:00,2440.25,2441.470125,2440.1,2438.87995,50,LONG,-129.50874999999087
cash_ACC,MovingAverage,2024-08-02 15:28:00,2024-08-05 09:15:00,2435.4,2436.6177,2411.75,2410.5441250000003,50,LONG,-1303.6787499999718
cash_ACC,MovingAverage,2024-08-05 09:40:00,2024-08-05 10:03:00,2433.3,2434.51665,2419.3,2418.0903500000004,50,LONG,-821.3149999999814
cash_ACC,MovingAverage,2024-08-05 11:41:00,2024-08-05 12:00:00,2376.2,2377.3880999999997,2369.4,2368.2153000000003,50,LONG,-458.6399999999685
cash_ACC,MovingAverage,2024-08-05 12:15:00,2024-08-05 12:31:00,2373.15,2374.336575,2366.0,2364.817,50,LONG,-475.9787499999902
cash_ACC,MovingAverage,2024-08-05 13:12:00,2024-08-05 14:19:00,2355.0,2356.1775,2381.3,2380.10935,50,LONG,1196.5925000000198
cash_ACC,MovingAverage,2024-08-05 14:47:00,2024-08-05 15:22:00,2379.05,2380.239525,2382.2,2381.0089,50,LONG,38.468749999992724
cash_ACC,MovingAverage,2024-08-05 15:29:00,2024-08-06 09:41:00,2385.5,2386.6927499999997,2405.15,2403.9474250000003,50,LONG,862.7337500000294
cash_ACC,MovingAverage,2024-08-06 09:53:00,2024-08-06 10:26:00,2416.2,2417.4080999999996,2418.95,2417.740525,50,LONG,16.62125000002561
cash_ACC,MovingAverage,2024-08-06 10:53:00,2024-08-06 11:08:00,2415.95,2417.1579749999996,2414.2,2412.9928999999997,50,LONG,-208.2537499999944
cash_ACC,MovingAverage,2024-08-06 11:16:00,2024-08-06 11:48:00,2416.7,2417.9083499999997,2412.05,2410.8439750000002,50,LONG,-353.2187499999736
cash_ACC,MovingAverage,2024-08-06 12:24:00,2024-08-06 12:26:00,2397.55,2398.748775,2395.0,2393.8025000000002,50,LONG,-247.31374999998934
cash_ACC,MovingAverage,2024-08-06 13:00:00,2024-08-06 13:04:00,2388.7,2389.8943499999996,2389.05,2387.8554750000003,50,LONG,-101.94374999996398
cash_ACC,MovingAverage,2024-08-06 14:04:00,2024-08-06 14:07:00,2367.9,2369.08395,2363.4,2362.2183,50,LONG,-343.28250000000935
cash_ACC,MovingAverage,2024-08-06 14:33:00,2024-08-06 14:44:00,2360.2,2361.3801,2350.1,2348.92495,50,LONG,-622.7574999999888
cash_ACC,MovingAverage,2024-08-07 09:15:00,2024-08-07 10:09:00,2370.35,2371.535175,2378.65,2377.4606750000003,50,LONG,296.2750000000142
cash_ACC,MovingAverage,2024-08-07 10:18:00,2024-08-07 11:06:00,2383.7,2384.8918499999995,2388.1,2386.90595,50,LONG,100.7050000000163
cash_ACC,MovingAverage,2024-08-07 11:37:00,2024-08-07 11:42:00,2386.25,2387.443125,2381.75,2380.559125,50,LONG,-344.199999999978
cash_ACC,MovingAverage,2024-08-07 12:04:00,2024-08-07 12:31:00,2386.4,2387.5932,2384.7,2383.50765,50,LONG,-204.27749999998923
cash_ACC,MovingAverage,2024-08-07 12:40:00,2024-08-07 12:49:00,2389.25,2390.444625,2384.65,2383.457675,50,LONG,-349.34749999999894
cash_ACC,MovingAverage,2024-08-07 13:46:00,2024-08-07 14:34:00,2375.9,2377.08795,2378.15,2376.9609250000003,50,LONG,-6.351249999988795
cash_ACC,MovingAverage,2024-08-07 14:41:00,2024-08-08 09:17:00,2389.75,2390.9448749999997,2377.95,2376.761025,50,LONG,-709.1924999999947
cash_ACC,MovingAverage,2024-08-08 10:05:00,2024-08-08 10:56:00,2375.0,2376.1875,2373.05,2371.863475,50,LONG,-216.20124999999462
cash_ACC,MovingAverage,2024-08-08 11:13:00,2024-08-08 11:30:00,2378.2,2379.3891,2376.45,2375.261775,50,LONG,-206.3662499999964
cash_ACC,MovingAverage,2024-08-08 11:44:00,2024-08-08 12:05:00,2377.95,2379.138975,2377.3,2376.11135,50,LONG,-151.3812499999858
cash_ACC,MovingAverage,2024-08-08 12:12:00,2024-08-08 12:50:00,2381.05,2382.240525,2387.45,2386.2562749999997,50,LONG,200.78749999997854
cash_ACC,MovingAverage,2024-08-08 13:25:00,2024-08-08 13:32:00,2379.1,2380.28955,2374.4,2373.2128000000002,50,LONG,-353.837499999986
cash_ACC,MovingAverage,2024-08-08 14:32:00,2024-08-08 14:41:00,2372.6,2373.7862999999998,2364.2,2363.0179,50,LONG,-538.4199999999964
cash_ACC,MovingAverage,2024-08-09 09:16:00,2024-08-09 10:01:00,2376.2,2377.3880999999997,2369.0,2367.8155,50,LONG,-478.62999999997555
cash_ACC,MovingAverage,2024-08-09 10:48:00,2024-08-09 11:11:00,2365.7,2366.8828499999995,2360.0,2358.82,50,LONG,-403.1424999999672
cash_ACC,MovingAverage,2024-08-09 11:37:00,2024-08-09 12:09:00,2358.85,2360.0294249999997,2363.05,2361.868475,50,LONG,91.95250000002488
cash_ACC,MovingAverage,2024-08-09 12:22:00,2024-08-09 12:44:00,2364.0,2365.182,2360.7,2359.5196499999997,50,LONG,-283.117500000003
cash_ACC,MovingAverage,2024-08-09 13:27:00,2024-08-09 13:55:00,2356.0,2357.178,2354.45,2353.272775,50,LONG,-195.26124999999865
cash_ACC,MovingAverage,2024-08-09 14:55:00,2024-08-12 09:15:00,2346.2,2347.3731,2315.05,2313.892475,50,LONG,-1674.0312499999845
cash_ACC,MovingAverage,2024-08-12 10:08:00,2024-08-12 10:30:00,2312.0,2313.156,2311.2,2310.0443999999998,50,LONG,-155.58000000000902
cash_ACC,MovingAverage,2024-08-12 10:31:00,2024-08-12 11:25:00,2313.0,2314.1565,2319.1,2317.94045,50,LONG,189.19750000000022
cash_ACC,MovingAverage,2024-08-12 11:37:00,2024-08-12 11:52:00,2321.9,2323.06095,2318.1,2316.94095,50,LONG,-305.99999999999454
cash_ACC,MovingAverage,2024-08-12 12:10:00,2024-08-12 12:13:00,2320.0,2321.16,2317.45,2316.291275,50,LONG,-243.43624999999065
cash_ACC,MovingAverage,2024-08-12 12:35:00,2024-08-12 13:26:00,2320.0,2321.16,2323.0,2321.8385000000003,50,LONG,33.92500000002201
cash_ACC,MovingAverage,2024-08-12 13:32:00,2024-08-12 13:56:00,2329.2,2330.3646,2328.35,2327.185825,50,LONG,-158.93874999999298
cash_ACC,MovingAverage,2024-08-12 14:17:00,2024-08-12 14:26:00,2327.0,2328.1634999999997,2325.95,2324.787025,50,LONG,-168.82374999997865
cash_ACC,MovingAverage,2024-08-12 14:34:00,2024-08-12 14:52:00,2331.65,2332.815825,2320.75,2319.589625,50,LONG,-661.3100000000031
cash_ACC,MovingAverage,2024-08-12 15:29:00,2024-08-13 09:56:00,2329.0,2330.1645,2333.95,2332.7830249999997,50,LONG,130.92624999999316
cash_ACC,MovingAverage,2024-08-13 10:42:00,2024-08-13 11:10:00,2327.3,2328.46365,2332.0,2330.8340000000003,50,LONG,118.5175000000072
cash_ACC,MovingAverage,2024-08-13 11:19:00,2024-08-13 11:35:00,2334.4,2335.5672,2330.1,2328.93495,50,LONG,-331.61250000000564
cash_ACC,MovingAverage,2024-08-13 12:58:00,2024-08-13 13:12:00,2318.4,2319.5592,2315.3,2314.1423500000005,50,LONG,-270.84249999998065
cash_ACC,MovingAverage,2024-08-13 13:13:00,2024-08-13 13:41:00,2316.0,2317.158,2316.35,2315.191825,50,LONG,-98.30875000000106
cash_ACC,MovingAverage,2024-08-13 14:25:00,2024-08-13 14:34:00,2308.0,2309.154,2308.35,2307.1958250000002,50,LONG,-97.90874999998778
cash_ACC,MovingAverage,2024-08-13 15:08:00,2024-08-13 15:19:00,2306.65,2307.803325,2301.1,2299.94945,50,LONG,-392.69374999998945
cash_ACC,MovingAverage,2024-08-14 09:49:00,2024-08-14 10:07:00,2301.6,2302.7508,2295.0,2293.8525,50,LONG,-444.9149999999918
cash_ACC,MovingAverage,2024-08-14 10:34:00,2024-08-14 10:51:00,2297.95,2299.098975,2290.75,2289.604625,50,LONG,-474.717499999997
cash_ACC,MovingAverage,2024-08-14 11:21:00,2024-08-14 11:23:00,2282.45,2283.5912249999997,2285.0,2283.8575,50,LONG,13.313750000020264
cash_ACC,MovingAverage,2024-08-14 11:25:00,2024-08-14 11:28:00,2283.0,2284.1414999999997,2281.9,2280.75905,50,LONG,-169.1224999999804
cash_ACC,MovingAverage,2024-08-14 12:02:00,2024-08-14 12:24:00,2279.8,2280.9399,2278.5,2277.3607500000003,50,LONG,-178.9574999999786
cash_ACC,MovingAverage,2024-08-14 12:48:00,2024-08-14 13:15:00,2280.0,2281.14,2281.0,2279.8595,50,LONG,-64.02499999999236
cash_ACC,MovingAverage,2024-08-14 13:44:00,2024-08-14 13:51:00,2277.65,2278.788825,2275.65,2274.5121750000003,50,LONG,-213.83249999998952
cash_ACC,MovingAverage,2024-08-14 14:09:00,2024-08-14 14:37:00,2277.25,2278.388625,2277.8,2276.6611000000003,50,LONG,-86.37624999998934
cash_ACC,MovingAverage,2024-08-14 14:56:00,2024-08-14 15:22:00,2282.35,2283.4911749999997,2282.0,2280.859,50,LONG,-131.60874999998668
cash_ACC,MovingAverage,2024-08-16 09:15:00,2024-08-16 09:44:00,2295.35,2296.4976749999996,2299.95,2298.800025,50,LONG,115.11750000001939
cash_ACC,MovingAverage,2024-08-16 10:04:00,2024-08-16 10:19:00,2303.0,2304.1515,2295.8,2294.6521000000002,50,LONG,-474.9699999999848
cash_ACC,MovingAverage,2024-08-16 10:38:00,2024-08-16 11:07:00,2301.5,2302.65075,2298.0,2296.851,50,LONG,-289.9874999999838
cash_ACC,MovingAverage,2024-08-16 11:29:00,2024-08-16 12:55:00,2301.8,2302.9509000000003,2312.85,2311.6935750000002,50,LONG,437.13374999999814
cash_ACC,MovingAverage,2024-08-16 13:11:00,2024-08-16 13:21:00,2313.3,2314.45665,2311.0,2309.8445,50,LONG,-230.60749999999643
cash_ACC,MovingAverage,2024-08-16 13:30:00,2024-08-16 13:59:00,2317.8,2318.9589,2316.8,2315.6416000000004,50,LONG,-165.86499999998523
cash_ACC,MovingAverage,2024-08-16 14:01:00,2024-08-16 14:25:00,2318.5,2319.6592499999997,2320.1,2318.93995,50,LONG,-35.96499999998741
cash_ACC,MovingAverage,2024-08-16 14:29:00,2024-08-19 09:25:00,2323.45,2324.6117249999998,2334.7,2333.53265,50,LONG,446.0462500000176
cash_ACC,MovingAverage,2024-08-19 09:46:00,2024-08-19 10:02:00,2338.25,2339.419125,2334.8,2333.6326000000004,50,LONG,-289.3262499999764
cash_ACC,MovingAverage,2024-08-19 10:03:00,2024-08-19 10:26:00,2338.85,2340.019425,2333.25,2332.083375,50,LONG,-396.8024999999898
cash_ACC,MovingAverage,2024-08-19 10:39:00,2024-08-19 10:52:00,2340.0,2341.17,2336.5,2335.3317500000003,50,LONG,-291.91249999998945
cash_ACC,MovingAverage,2024-08-19 11:06:00,2024-08-19 11:36:00,2337.85,2339.018925,2341.7,2340.52915,50,LONG,75.51124999999956
cash_ACC,MovingAverage,2024-08-19 12:00:00,2024-08-19 12:18:00,2341.0,2342.1704999999997,2340.25,2339.079875,50,LONG,-154.5312499999909
cash_ACC,MovingAverage,2024-08-19 12:38:00,2024-08-19 13:23:00,2341.35,2342.5206749999998,2340.85,2339.679575,50,LONG,-142.0549999999821
cash_ACC,MovingAverage,2024-08-19 13:56:00,2024-08-19 14:27:00,2339.6,2340.7697999999996,2347.15,2345.9764250000003,50,LONG,260.33125000003565
cash_ACC,MovingAverage,2024-08-19 14:34:00,2024-08-19 14:38:00,2348.0,2349.174,2347.0,2345.8265,50,LONG,-167.37499999999272
cash_ACC,MovingAverage,2024-08-19 14:46:00,2024-08-19 14:58:00,2348.4,2349.5742,2345.4,2344.2273,50,LONG,-267.34500000000025
cash_ACC,MovingAverage,2024-08-19 15:15:00,2024-08-20 09:35:00,2349.0,2350.1745,2353.4,2352.2233,50,LONG,102.44000000000142
cash_ACC,MovingAverage,2024-08-20 10:44:00,2024-08-20 10:51:00,2344.1,2345.2720499999996,2341.25,2340.0793750000003,50,LONG,-259.6337499999663
cash_ACC,MovingAverage,2024-08-20 12:26:00,2024-08-20 13:14:00,2323.05,2324.211525,2325.9,2324.73705,50,LONG,26.2762500000008
cash_ACC,MovingAverage,2024-08-20 13:54:00,2024-08-20 13:55:00,2325.0,2326.1625,2324.15,2322.9879250000004,50,LONG,-158.72874999997748
cash_ACC,MovingAverage,2024-08-20 13:59:00,2024-08-20 14:02:00,2324.1,2325.26205,2323.55,2322.388225,50,LONG,-143.69124999998348
cash_ACC,MovingAverage,2024-08-20 14:12:00,2024-08-20 14:17:00,2324.2,2325.3621,2322.85,2321.688575,50,LONG,-183.67624999998498
cash_ACC,MovingAverage,2024-08-20 14:41:00,2024-08-20 15:19:00,2324.6,2325.7623,2325.3,2324.1373500000004,50,LONG,-81.2474999999722
cash_ACC,MovingAverage,2024-08-20 15:25:00,2024-08-21 09:46:00,2327.55,2328.713775,2331.8,2330.6341,50,LONG,96.0162500000024
cash_ACC,MovingAverage,2024-08-21 10:07:00,2024-08-21 10:33:00,2336.2,2337.3680999999997,2333.35,2332.183325,50,LONG,-259.2387499999859
cash_ACC,MovingAverage,2024-08-21 10:48:00,2024-08-21 11:09:00,2335.0,2336.1675,2334.6,2333.4327,50,LONG,-136.74000000000888
cash_ACC,MovingAverage,2024-08-21 12:04:00,2024-08-21 12:18:00,2325.9,2327.06295,2325.75,2324.587125,50,LONG,-123.79124999999931
cash_ACC,MovingAverage,2024-08-21 12:19:00,2024-08-21 12:29:00,2326.75,2327.913375,2324.3,2323.1378500000005,50,LONG,-238.77624999997806
cash_ACC,MovingAverage,2024-08-21 13:39:00,2024-08-21 14:34:00,2320.4,2321.5602,2318.8,2317.6406,50,LONG,-195.97999999998592
cash_ACC,MovingAverage,2024-08-21 14:49:00,2024-08-22 09:32:00,2322.75,2323.9113749999997,2327.65,2326.486175,50,LONG,128.74000000001615
cash_ACC,MovingAverage,2024-08-22 10:06:00,2024-08-22 10:32:00,2325.85,2327.012925,2327.95,2326.786025,50,LONG,-11.345000000005712
cash_ACC,MovingAverage,2024-08-22 10:36:00,2024-08-22 11:54:00,2328.65,2329.814325,2350.55,2349.374725,50,LONG,978.020000000015
cash_ACC,MovingAverage,2024-08-22 12:03:00,2024-08-22 12:28:00,2355.5,2356.67775,2355.8,2354.6221000000005,50,LONG,-102.7824999999666
cash_ACC,MovingAverage,2024-08-22 12:40:00,2024-08-22 12:48:00,2357.0,2358.1785,2355.0,2353.8225,50,LONG,-217.79999999998836
cash_ACC,MovingAverage,2024-08-22 13:34:00,2024-08-22 14:22:00,2350.65,2351.825325,2357.8,2356.6211000000003,50,LONG,239.78875000002517
cash_ACC,MovingAverage,2024-08-22 15:07:00,2024-08-23 09:33:00,2344.15,2345.322075,2349.2,2348.0254,50,LONG,135.1662499999975
cash_ACC,MovingAverage,2024-08-23 10:32:00,2024-08-23 10:40:00,2338.05,2339.219025,2332.55,2331.383725,50,LONG,-391.7649999999867
cash_ACC,MovingAverage,2024-08-23 11:12:00,2024-08-23 11:14:00,2328.0,2329.1639999999998,2326.55,2325.3867250000003,50,LONG,-188.86374999997315
cash_ACC,MovingAverage,2024-08-23 11:23:00,2024-08-23 11:33:00,2329.0,2330.1645,2327.75,2326.5861250000003,50,LONG,-178.9187499999798
cash_ACC,MovingAverage,2024-08-23 11:41:00,2024-08-23 11:50:00,2329.55,2330.714775,2326.15,2324.986925,50,LONG,-286.3924999999881
cash_ACC,MovingAverage,2024-08-23 12:21:00,2024-08-23 12:35:00,2327.7,2328.8638499999997,2325.9,2324.73705,50,LONG,-206.3399999999774
cash_ACC,MovingAverage,2024-08-23 12:36:00,2024-08-23 13:04:00,2326.5,2327.66325,2325.05,2323.8874750000004,50,LONG,-188.7887499999806
cash_ACC,MovingAverage,2024-08-23 14:08:00,2024-08-23 14:17:00,2318.6,2319.7592999999997,2316.85,2315.691575,50,LONG,-203.3862499999941
cash_ACC,MovingAverage,2024-08-23 14:32:00,2024-08-23 14:58:00,2323.25,2324.4116249999997,2320.1,2318.93995,50,LONG,-273.58374999998887
cash_ACC,MovingAverage,2024-08-23 15:11:00,2024-08-26 09:38:00,2321.35,2322.510675,2329.0,2327.8355,50,LONG,266.2412500000073
cash_ACC,MovingAverage,2024-08-26 09:45:00,2024-08-26 10:05:00,2334.85,2336.017425,2334.0,2332.833,50,LONG,-159.22124999999596
cash_ACC,MovingAverage,2024-08-26 10:17:00,2024-08-26 10:23:00,2336.15,2337.318075,2334.25,2333.082875,50,LONG,-211.76000000000386
cash_ACC,MovingAverage,2024-08-26 11:30:00,2024-08-26 12:10:00,2326.35,2327.5131749999996,2329.25,2328.085375,50,LONG,28.610000000026048
cash_ACC,MovingAverage,2024-08-26 12:26:00,2024-08-26 12:47:00,2334.3,2335.46715,2331.55,2330.3842250000002,50,LONG,-254.14624999998523
cash_ACC,MovingAverage,2024-08-26 12:57:00,2024-08-26 13:48:00,2334.6,2335.7673,2337.9,2336.7310500000003,50,LONG,48.18750000001728
cash_ACC,MovingAverage,2024-08-26 14:15:00,2024-08-26 14:45:00,2340.85,2342.0204249999997,2340.6,2339.4297,50,LONG,-129.53624999997828
cash_ACC,MovingAverage,2024-08-26 14:52:00,2024-08-26 15:19:00,2342.95,2344.1214749999995,2342.0,2340.829,50,LONG,-164.62374999996428
cash_ACC,MovingAverage,2024-08-26 15:23:00,2024-08-26 15:24:00,2342.95,2344.1214749999995,2342.5,2341.32875,50,LONG,-139.63624999996682
cash_ACC,MovingAverage,2024-08-26 15:25:00,2024-08-27 09:36:00,2343.7,2344.8718499999995,2341.7,2340.52915,50,LONG,-217.13499999998476
cash_ACC,MovingAverage,2024-08-27 09:58:00,2024-08-27 10:16:00,2344.45,2345.6222249999996,2341.7,2340.52915,50,LONG,-254.65374999998858
cash_ACC,MovingAverage,2024-08-27 10:33:00,2024-08-27 10:35:00,2341.0,2342.1704999999997,2341.25,2340.0793750000003,50,LONG,-104.55624999997326
cash_ACC,MovingAverage,2024-08-27 10:42:00,2024-08-27 11:18:00,2343.95,2345.1219749999996,2351.0,2349.8245,50,LONG,235.12625000003027
cash_ACC,MovingAverage,2024-08-27 11:39:00,2024-08-27 11:44:00,2349.6,2350.7747999999997,2341.1,2339.92945,50,LONG,-542.2674999999799
cash_ACC,MovingAverage,2024-08-27 12:40:00,2024-08-27 12:41:00,2343.95,2345.1219749999996,2343.7,2342.52815,50,LONG,-129.69124999997348
cash_ACC,MovingAverage,2024-08-27 12:42:00,2024-08-27 12:44:00,2343.7,2344.8718499999995,2343.0,2341.8285,50,LONG,-152.1674999999732
cash_ACC,MovingAverage,2024-08-27 12:46:00,2024-08-27 12:47:00,2343.0,2344.1715,2343.15,2341.9784250000002,50,LONG,-109.65374999998403
cash_ACC,MovingAverage,2024-08-27 12:53:00,2024-08-27 13:09:00,2346.0,2347.173,2343.1,2341.92845,50,LONG,-262.2274999999945
cash_ACC,MovingAverage,2024-08-27 13:10:00,2024-08-27 13:41:00,2345.05,2346.222525,2344.3,2343.1278500000003,50,LONG,-154.73374999999123
cash_ACC,MovingAverage,2024-08-27 13:49:00,2024-08-27 14:37:00,2348.4,2349.5742,2347.85,2346.676075,50,LONG,-144.90625000000819
cash_ACC,MovingAverage,2024-08-27 15:24:00,2024-08-28 09:23:00,2349.0,2350.1745,2346.0,2344.827,50,LONG,-267.3749999999927
cash_ACC,MovingAverage,2024-08-28 09:25:00,2024-08-28 09:30:00,2349.0,2350.1745,2339.05,2337.8804750000004,50,LONG,-614.7012499999846
cash_ACC,MovingAverage,2024-08-28 09:55:00,2024-08-28 10:09:00,2341.0,2342.1704999999997,2341.0,2339.8295000000003,50,LONG,-117.04999999997199
cash_ACC,MovingAverage,2024-08-28 10:22:00,2024-08-28 10:45:00,2345.6,2346.7727999999997,2342.95,2341.778525,50,LONG,-249.71374999997806
cash_ACC,MovingAverage,2024-08-28 10:52:00,2024-08-28 11:25:00,2344.45,2345.6222249999996,2346.0,2344.827,50,LONG,-39.76124999996955
cash_ACC,MovingAverage,2024-08-28 11:46:00,2024-08-28 12:02:00,2346.95,2348.123475,2342.7,2341.5286499999997,50,LONG,-329.7412500000064
cash_ACC,MovingAverage,2024-08-28 12:25:00,2024-08-28 12:38:00,2344.45,2345.6222249999996,2342.5,2341.32875,50,LONG,-214.67374999997446
cash_ACC,MovingAverage,2024-08-28 13:01:00,2024-08-28 13:15:00,2342.35,2343.521175,2341.05,2339.879475,50,LONG,-182.08499999998367
cash_ACC,MovingAverage,2024-08-28 14:06:00,2024-08-28 14:34:00,2341.05,2342.220525,2341.0,2339.8295000000003,50,LONG,-119.55124999999498
cash_ACC,MovingAverage,2024-08-29 10:04:00,2024-08-29 10:13:00,2313.7,2314.8568499999997,2308.65,2307.495675,50,LONG,-368.0587499999774
cash_ACC,MovingAverage,2024-08-29 10:37:00,2024-08-29 10:55:00,2308.65,2309.804325,2307.0,2305.8465,50,LONG,-197.89124999999785
cash_ACC,MovingAverage,2024-08-29 12:20:00,2024-08-29 13:09:00,2292.25,2293.3961249999998,2301.65,2300.4991750000004,50,LONG,355.15250000003107
cash_ACC,MovingAverage,2024-08-29 13:51:00,2024-08-29 14:04:00,2299.85,2300.9999249999996,2295.0,2293.8525,50,LONG,-357.37124999998287
cash_ACC,MovingAverage,2024-08-29 14:18:00,2024-08-29 14:22:00,2296.95,2298.098475,2291.9,2290.75405,50,LONG,-367.2212499999887
cash_ACC,MovingAverage,2024-08-29 14:53:00,2024-08-29 15:24:00,2301.15,2302.3005749999998,2308.7,2307.54565,50,LONG,262.2537500000135
cash_ACC,MovingAverage,2024-08-30 09:16:00,2024-08-30 11:12:00,2322.05,2323.211025,2332.8,2331.6336,50,LONG,421.1287500000026
cash_ACC,MovingAverage,2024-08-30 11:32:00,2024-08-30 11:57:00,2334.4,2335.5672,2331.55,2330.3842250000002,50,LONG,-259.14874999998574
cash_ACC,MovingAverage,2024-08-30 12:25:00,2024-08-30 13:13:00,2330.5,2331.66525,2332.05,2330.883975,50,LONG,-39.06374999999116
cash_ACC,MovingAverage,2024-08-30 13:43:00,2024-08-30 13:59:00,2332.6,2333.7663,2332.3,2331.13385,50,LONG,-131.6224999999804
cash_ACC,MovingAverage,2024-08-30 14:34:00,2024-08-30 14:49:00,2332.9,2334.06645,2330.4,2329.2348,50,LONG,-241.58249999998134
cash_ACC,MovingAverage,2024-08-30 15:29:00,2024-09-02 09:32:00,2331.0,2332.1655,2328.0,2326.8360000000002,50,LONG,-266.47499999999127
cash_ACC,MovingAverage,2024-09-02 09:46:00,2024-09-02 09:59:00,2336.95,2338.1184749999998,2331.0,2329.8345,50,LONG,-414.1987499999914
cash_ACC,MovingAverage,2024-09-02 10:38:00,2024-09-02 11:21:00,2331.7,2332.8658499999997,2333.7,2332.5331499999998,50,LONG,-16.63499999999658
cash_ACC,MovingAverage,2024-09-02 11:24:00,2024-09-02 11:25:00,2335.8,2336.9679,2334.9,2333.73255,50,LONG,-161.7674999999963
cash_ACC,MovingAverage,2024-09-02 11:28:00,2024-09-02 11:44:00,2336.0,2337.1679999999997,2333.25,2332.083375,50,LONG,-254.23124999997526
cash_ACC,MovingAverage,2024-09-02 12:19:00,2024-09-02 12:45:00,2332.75,2333.916375,2332.55,2331.383725,50,LONG,-126.63249999998243
cash_ACC,MovingAverage,2024-09-02 13:10:00,2024-09-02 13:28:00,2332.25,2333.4161249999997,2331.0,2329.8345,50,LONG,-179.08124999999018
cash_ACC,MovingAverage,2024-09-02 13:50:00,2024-09-02 15:14:00,2331.75,2332.9158749999997,2337.05,2335.881475,50,LONG,148.28000000002248
cash_ACC,MovingAverage,2024-09-02 15:15:00,2024-09-02 15:19:00,2337.8,2338.9689,2336.5,2335.3317500000003,50,LONG,-181.85749999997824
cash_ACC,MovingAverage,2024-09-03 09:48:00,2024-09-03 10:06:00,2338.8,2339.9694,2330.0,2328.835,50,LONG,-556.7199999999957
cash_ACC,MovingAverage,2024-09-03 10:48:00,2024-09-03 10:51:00,2330.15,2331.315075,2329.0,2327.8355,50,LONG,-173.97874999999203
cash_ACC,MovingAverage,2024-09-03 10:55:00,2024-09-03 11:21:00,2334.05,2335.217025,2333.4,2332.2333000000003,50,LONG,-149.18624999997974
cash_ACC,MovingAverage,2024-09-03 11:46:00,2024-09-03 13:28:00,2333.65,2334.816825,2340.5,2339.3297500000003,50,LONG,225.64625000002252
cash_ACC,MovingAverage,2024-09-03 14:12:00,2024-09-03 14:59:00,2340.3,2341.47015,2341.8,2340.6291,50,LONG,-42.05249999999978
cash_ACC,MovingAverage,2024-09-03 15:16:00,2024-09-04 09:15:00,2340.95,2342.1204749999997,2327.0,2325.8365000000003,50,LONG,-814.1987499999686
cash_ACC,MovingAverage,2024-09-04 09:39:00,2024-09-04 09:50:00,2339.0,2340.1695,2337.4,2336.2313000000004,50,LONG,-196.90999999997985
cash_ACC,MovingAverage,2024-09-04 09:52:00,2024-09-04 10:28:00,2341.25,2342.4206249999997,2338.55,2337.3807250000004,50,LONG,-251.99499999996533
cash_ACC,MovingAverage,2024-09-04 10:55:00,2024-09-04 11:24:00,2340.0,2341.17,2343.95,2342.778025,50,LONG,80.40124999999989
cash_ACC,MovingAverage,2024-09-04 11:29:00,2024-09-04 11:31:00,2344.85,2346.0224249999997,2339.3,2338.1303500000004,50,LONG,-394.60374999996475
cash_ACC,MovingAverage,2024-09-04 11:34:00,2024-09-04 12:19:00,2347.0,2348.1735,2350.95,2349.774525,50,LONG,80.0512499999968
cash_ACC,MovingAverage,2024-09-04 12:43:00,2024-09-04 12:58:00,2353.0,2354.1765,2348.0,2346.826,50,LONG,-367.52500000000055
cash_ACC,MovingAverage,2024-09-04 13:16:00,2024-09-04 13:34:00,2353.0,2354.1765,2350.35,2349.174825,50,LONG,-250.08374999999887
cash_ACC,MovingAverage,2024-09-04 14:04:00,2024-09-04 14:08:00,2348.85,2350.0244249999996,2346.35,2345.176825,50,LONG,-242.3799999999801
cash_ACC,MovingAverage,2024-09-04 14:16:00,2024-09-04 14:25:00,2349.45,2350.6247249999997,2346.3,2345.12685,50,LONG,-274.89374999997835
cash_ACC,MovingAverage,2024-09-04 14:30:00,2024-09-04 14:39:00,2349.4,2350.5747,2345.8,2344.6271,50,LONG,-297.3799999999983
cash_ACC,MovingAverage,2024-09-04 15:00:00,2024-09-04 15:19:00,2349.2,2350.3745999999996,2348.85,2347.675575,50,LONG,-134.95124999997188
cash_ACC,MovingAverage,2024-09-05 09:15:00,2024-09-05 10:20:00,2367.5,2368.6837499999997,2404.6,2403.3977,50,LONG,1735.6975000000148
cash_ACC,MovingAverage,2024-09-05 10:43:00,2024-09-05 11:08:00,2409.0,2410.2045,2406.15,2404.946925,50,LONG,-262.87874999998166
cash_ACC,MovingAverage,2024-09-05 11:14:00,2024-09-05 12:10:00,2411.55,2412.755775,2416.6,2415.3917,50,LONG,131.79625000000215
cash_ACC,MovingAverage,2024-09-05 12:28:00,2024-09-05 13:57:00,2423.15,2424.361575,2433.7,2432.48315,50,LONG,406.07875000000604
cash_ACC,MovingAverage,2024-09-05 14:13:00,2024-09-05 14:33:00,2443.05,2444.271525,2441.0,2439.7795,50,LONG,-224.60125000000062
cash_ACC,MovingAverage,2024-09-06 09:16:00,2024-09-06 09:17:00,2419.9,2421.10995,2416.2,2414.9919,50,LONG,-305.90250000000196
cash_ACC,MovingAverage,2024-09-06 10:25:00,2024-09-06 12:47:00,2389.8,2390.9949,2437.6,2436.3812000000003,50,LONG,2269.315000000006
cash_ACC,MovingAverage,2024-09-06 13:15:00,2024-09-06 14:15:00,2431.65,2432.865825,2439.15,2437.930425,50,LONG,253.23000000000775
cash_ACC,MovingAverage,2024-09-06 15:00:00,2024-09-06 15:14:00,2432.7,2433.9163499999995,2427.1,2425.88645,50,LONG,-401.49499999997715
cash_ACC,MovingAverage,2024-09-06 15:29:00,2024-09-09 09:15:00,2431.6,2432.8158,2422.55,2421.3387250000005,50,LONG,-573.8537499999666
cash_ACC,MovingAverage,2024-09-09 09:43:00,2024-09-09 10:06:00,2412.55,2413.756275,2413.2,2411.9934,50,LONG,-88.14375000001746
cash_ACC,MovingAverage,2024-09-09 10:38:00,2024-09-09 11:55:00,2410.25,2411.455125,2429.0,2427.7855,50,LONG,816.5187500000002
cash_ACC,MovingAverage,2024-09-09 12:27:00,2024-09-09 13:11:00,2425.4,2426.6127,2428.8,2427.5856000000003,50,LONG,48.64500000001044
cash_ACC,MovingAverage,2024-09-09 13:17:00,2024-09-09 13:44:00,2443.0,2444.2214999999997,2443.75,2442.5281250000003,50,LONG,-84.6687499999689
cash_ACC,MovingAverage,2024-09-09 14:01:00,2024-09-09 14:41:00,2448.75,2449.974375,2457.5,2456.2712500000002,50,LONG,314.84375000002274
cash_ACC,MovingAverage,2024-09-09 14:44:00,2024-09-09 14:58:00,2458.15,2459.379075,2457.0,2455.7715000000003,50,LONG,-180.37874999997712
cash_ACC,MovingAverage,2024-09-09 15:14:00,2024-09-10 09:25:00,2458.4,2459.6292,2461.65,2460.4191750000005,50,LONG,39.49875000002976
cash_ACC,MovingAverage,2024-09-10 09:29:00,2024-09-10 09:31:00,2457.7,2458.92885,2455.0,2453.7725,50,LONG,-257.8174999999874
cash_ACC,MovingAverage,2024-09-10 10:09:00,2024-09-10 10:26:00,2451.7,2452.9258499999996,2445.3,2444.0773500000005,50,LONG,-442.42499999995744
cash_ACC,MovingAverage,2024-09-10 10:39:00,2024-09-10 10:55:00,2450.8,2452.0254,2445.05,2443.8274750000005,50,LONG,-409.8962499999743
cash_ACC,MovingAverage,2024-09-10 11:07:00,2024-09-10 11:22:00,2449.5,2450.72475,2447.35,2446.126325,50,LONG,-229.92124999998396
cash_ACC,MovingAverage,2024-09-10 12:05:00,2024-09-10 12:08:00,2443.35,2444.5716749999997,2438.75,2437.5306250000003,50,LONG,-352.05249999996795
cash_ACC,MovingAverage,2024-09-10 12:30:00,2024-09-10 13:22:00,2439.0,2440.2194999999997,2452.0,2450.7740000000003,50,LONG,527.7250000000322
cash_ACC,MovingAverage,2024-09-10 14:10:00,2024-09-10 14:33:00,2449.15,2450.374575,2446.45,2445.226775,50,LONG,-257.3899999999867
cash_ACC,MovingAverage,2024-09-10 15:13:00,2024-09-11 09:16:00,2446.4,2447.6232,2436.9,2435.6815500000002,50,LONG,-597.0824999999877
cash_ACC,MovingAverage,2024-09-11 09:31:00,2024-09-11 10:13:00,2453.35,2454.576675,2466.85,2465.616575,50,LONG,551.9950000000108
cash_ACC,MovingAverage,2024-09-11 10:24:00,2024-09-11 10:46:00,2471.1,2472.33555,2468.55,2467.3157250000004,50,LONG,-250.99124999997002
cash_ACC,MovingAverage,2024-09-11 10:58:00,2024-09-11 11:01:00,2468.5,2469.73425,2468.8,2467.5656000000004,50,LONG,-108.43249999998079
cash_ACC,MovingAverage,2024-09-11 11:43:00,2024-09-11 12:00:00,2464.1,2465.33205,2461.25,2460.0193750000003,50,LONG,-265.6337499999836
cash_ACC,MovingAverage,2024-09-11 12:11:00,2024-09-11 12:13:00,2462.4,2463.6312,2462.2,2460.9689,50,LONG,-133.11499999999796
cash_ACC,MovingAverage,2024-09-11 12:15:00,2024-09-11 12:17:00,2462.2,2463.4311,2462.2,2460.9689,50,LONG,-123.10999999999694
cash_ACC,MovingAverage,2024-09-11 12:20:00,2024-09-11 12:57:00,2463.5,2464.73175,2464.5,2463.26775,50,LONG,-73.19999999999709
cash_ACC,MovingAverage,2024-09-11 13:56:00,2024-09-11 14:01:00,2455.0,2456.2275,2447.1,2445.87645,50,LONG,-517.552499999988
cash_ACC,MovingAverage,2024-09-11 14:26:00,2024-09-11 14:47:00,2447.65,2448.873825,2442.2,2440.9789,50,LONG,-394.7462500000029
cash_ACC,MovingAverage,2024-09-12 09:19:00,2024-09-12 09:33:00,2444.5,2445.72225,2434.55,2433.332725,50,LONG,-619.4762499999797
cash_ACC,MovingAverage,2024-09-12 10:05:00,2024-09-12 10:15:00,2437.75,2438.968875,2429.5,2428.2852500000004,50,LONG,-534.1812499999833
cash_ACC,MovingAverage,2024-09-12 10:41:00,2024-09-12 10:46:00,2430.35,2431.5651749999997,2425.05,2423.8374750000003,50,LONG,-386.38499999997293
cash_ACC,MovingAverage,2024-09-12 11:04:00,2024-09-12 12:10:00,2430.95,2432.165475,2446.9,2445.67655,50,LONG,675.5537500000173
cash_ACC,MovingAverage,2024-09-12 12:21:00,2024-09-12 12:42:00,2453.7,2454.92685,2452.7,2451.47365,50,LONG,-172.65999999999622
cash_ACC,MovingAverage,2024-09-12 12:59:00,2024-09-12 13:12:00,2454.25,2455.477125,2450.6,2449.3747,50,LONG,-305.12125000000196
cash_ACC,MovingAverage,2024-09-12 13:29:00,2024-09-12 13:56:00,2453.95,2455.176975,2453.15,2451.9234250000004,50,LONG,-162.6774999999725
cash_ACC,MovingAverage,2024-09-12 14:07:00,2024-09-12 14:15:00,2454.65,2455.877325,2452.25,2451.0238750000003,50,LONG,-242.67249999998057
cash_ACC,MovingAverage,2024-09-12 14:23:00,2024-09-13 09:19:00,2461.9,2463.1309499999998,2455.0,2453.7725,50,LONG,-467.92249999998603
cash_ACC,MovingAverage,2024-09-13 09:26:00,2024-09-13 10:26:00,2479.8,2481.0399,2496.75,2495.5016250000003,50,LONG,723.0862500000057
cash_ACC,MovingAverage,2024-09-13 10:39:00,2024-09-13 11:46:00,2498.8,2500.0494,2506.85,2505.596575,50,LONG,277.3587500000076
cash_ACC,MovingAverage,2024-09-13 12:43:00,2024-09-13 12:49:00,2497.4,2498.6486999999997,2497.1,2495.85145,50,LONG,-139.86249999998108
cash_ACC,MovingAverage,2024-09-13 13:09:00,2024-09-13 14:00:00,2496.8,2498.0484,2515.3,2514.04235,50,LONG,799.697500000002
cash_ACC,MovingAverage,2024-09-13 14:05:00,2024-09-13 14:17:00,2520.05,2521.310025,2515.15,2513.892425,50,LONG,-370.880000000011
cash_ACC,MovingAverage,2024-09-13 14:45:00,2024-09-13 15:06:00,2519.25,2520.5096249999997,2518.0,2516.741,50,LONG,-188.43124999998508
cash_ACC,MovingAverage,2024-09-13 15:27:00,2024-09-16 09:18:00,2516.0,2517.258,2515.55,2514.292225,50,LONG,-148.28874999998334
cash_ACC,MovingAverage,2024-09-16 09:22:00,2024-09-16 09:57:00,2524.0,2525.2619999999997,2527.5,2526.23625,50,LONG,48.71250000001055
cash_ACC,MovingAverage,2024-09-16 10:13:00,2024-09-16 10:21:00,2528.3,2529.56415,2520.95,2519.689525,50,LONG,-493.7312500000189
cash_ACC,MovingAverage,2024-09-16 10:44:00,2024-09-16 10:57:00,2524.95,2526.212475,2519.95,2518.690025,50,LONG,-376.12249999999676
cash_ACC,MovingAverage,2024-09-16 11:20:00,2024-09-16 11:34:00,2520.5,2521.76025,2520.0,2518.7400000000002,50,LONG,-151.0124999999789
cash_ACC,MovingAverage,2024-09-16 12:28:00,2024-09-16 12:44:00,2513.0,2514.2565,2507.3,2506.0463500000005,50,LONG,-410.5074999999715
cash_ACC,MovingAverage,2024-09-16 13:07:00,2024-09-16 13:21:00,2507.75,2509.003875,2508.0,2506.746,50,LONG,-112.89374999998927
cash_ACC,MovingAverage,2024-09-16 14:06:00,2024-09-16 14:46:00,2507.75,2509.003875,2510.3,2509.04485,50,LONG,2.0487500000172076
cash_ACC,MovingAverage,2024-09-16 15:05:00,2024-09-16 15:29:00,2512.95,2514.2064749999995,2510.0,2508.7450000000003,50,LONG,-273.0737499999577
cash_ACC,MovingAverage,2024-09-17 09:44:00,2024-09-17 09:45:00,2496.75,2497.9983749999997,2497.65,2496.4011750000004,50,LONG,-79.85999999996238
cash_ACC,MovingAverage,2024-09-17 10:23:00,2024-09-17 11:26:00,2495.1,2496.34755,2500.0,2498.75,50,LONG,120.12250000000222
cash_ACC,MovingAverage,2024-09-17 12:02:00,2024-09-17 12:15:00,2502.0,2503.2509999999997,2498.15,2496.9009250000004,50,LONG,-317.50374999996893
cash_ACC,MovingAverage,2024-09-17 12:47:00,2024-09-17 13:16:00,2495.85,2497.0979249999996,2495.05,2493.8024750000004,50,LONG,-164.7724999999582
cash_ACC,MovingAverage,2024-09-17 13:36:00,2024-09-17 14:36:00,2501.75,2503.0008749999997,2505.0,2503.7475,50,LONG,37.331250000011096
cash_ACC,MovingAverage,2024-09-17 14:37:00,2024-09-17 14:51:00,2507.1,2508.35355,2507.0,2505.7465,50,LONG,-130.35249999998086
cash_ACC,MovingAverage,2024-09-17 14:59:00,2024-09-17 15:09:00,2510.0,2511.2549999999997,2505.0,2503.7475,50,LONG,-375.37499999998545
cash_ACC,MovingAverage,2024-09-18 09:37:00,2024-09-18 10:26:00,2502.75,2504.001375,2513.95,2512.693025,50,LONG,434.58250000001044
cash_ACC,MovingAverage,2024-09-18 13:50:00,2024-09-18 14:07:00,2472.5,2473.73625,2465.3,2464.0673500000003,50,LONG,-483.44499999998334
cash_ACC,MovingAverage,2024-09-18 14:23:00,2024-09-18 14:43:00,2469.65,2470.884825,2467.3,2466.0663500000005,50,LONG,-240.923749999979
cash_ACC,MovingAverage,2024-09-18 15:01:00,2024-09-18 15:27:00,2474.9,2476.13745,2474.45,2473.212775,50,LONG,-146.23375000001033
cash_ACC,MovingAverage,2024-09-19 09:17:00,2024-09-19 09:31:00,2486.05,2487.293025,2478.8,2477.5606000000002,50,LONG,-486.6212499999847
cash_ACC,MovingAverage,2024-09-19 09:38:00,2024-09-19 09:52:00,2488.85,2490.094425,2474.4,2473.1628,50,LONG,-846.5812499999856
cash_ACC,MovingAverage,2024-09-19 10:34:00,2024-09-19 10:43:00,2466.1,2467.3330499999997,2463.0,2461.7685,50,LONG,-278.22749999997995
cash_ACC,MovingAverage,2024-09-19 10:57:00,2024-09-19 11:11:00,2468.7,2469.9343499999995,2459.9,2458.67005,50,LONG,-563.2149999999683
cash_ACC,MovingAverage,2024-09-19 11:57:00,2024-09-19 12:02:00,2432.7,2433.9163499999995,2427.15,2425.9364250000003,50,LONG,-398.9962499999592
cash_ACC,MovingAverage,2024-09-19 12:03:00,2024-09-19 12:04:00,2431.55,2432.765775,2429.05,2427.8354750000003,50,LONG,-246.51499999997668
cash_ACC,MovingAverage,2024-09-19 12:08:00,2024-09-19 12:59:00,2439.6,2440.8197999999998,2436.6,2435.3817,50,LONG,-271.90499999999247
cash_ACC,MovingAverage,2024-09-19 13:24:00,2024-09-19 13:36:00,2447.0,2448.2235,2437.8,2436.5811000000003,50,LONG,-582.1199999999862
cash_ACC,MovingAverage,2024-09-19 14:27:00,2024-09-19 14:54:00,2432.3,2433.51615,2435.95,2434.732025,50,LONG,60.79374999999345
cash_ACC,MovingAverage,2024-09-19 14:58:00,2024-09-20 09:27:00,2438.8,2440.0194,2438.4,2437.1808,50,LONG,-141.9300000000021
cash_ACC,MovingAverage,2024-09-20 09:53:00,2024-09-20 10:08:00,2433.4,2434.6167,2432.85,2431.633575,50,LONG,-149.15625000001
cash_ACC,MovingAverage,2024-09-20 10:44:00,2024-09-20 11:02:00,2421.0,2422.2104999999997,2414.4,2413.1928000000003,50,LONG,-450.8849999999711
cash_ACC,MovingAverage,2024-09-20 11:13:00,2024-09-20 12:03:00,2428.85,2430.0644249999996,2440.0,2438.78,50,LONG,435.7787500000313
cash_ACC,MovingAverage,2024-09-20 12:29:00,2024-09-20 12:38:00,2439.75,2440.969875,2438.45,2437.230775,50,LONG,-186.954999999989
cash_ACC,MovingAverage,2024-09-20 13:10:00,2024-09-20 13:29:00,2439.0,2440.2194999999997,2437.6,2436.3812000000003,50,LONG,-191.91499999997177
cash_ACC,MovingAverage,2024-09-20 14:10:00,2024-09-20 14:35:00,2428.85,2430.0644249999996,2436.0,2434.782,50,LONG,235.87875000002896
cash_ACC,MovingAverage,2024-09-20 14:53:00,2024-09-20 15:00:00,2436.5,2437.71825,2431.0,2429.7845,50,LONG,-396.68749999998454
cash_ACC,MovingAverage,2024-09-20 15:12:00,2024-09-23 09:22:00,2435.85,2437.067925,2437.4,2436.1813,50,LONG,-44.33124999998199
cash_ACC,MovingAverage,2024-09-23 09:32:00,2024-09-23 10:07:00,2449.7,2450.92485,2467.4,2466.1663000000003,50,LONG,762.072500000022
cash_ACC,MovingAverage,2024-09-23 10:27:00,2024-09-23 10:45:00,2472.75,2473.986375,2468.0,2466.766,50,LONG,-361.0187499999938
cash_ACC,MovingAverage,2024-09-23 11:20:00,2024-09-23 12:28:00,2470.8,2472.0354,2481.25,2480.009375,50,LONG,398.6987499999941
cash_ACC,MovingAverage,2024-09-23 12:36:00,2024-09-23 12:57:00,2487.25,2488.493625,2485.0,2483.7575,50,LONG,-236.8062499999951
cash_ACC,MovingAverage,2024-09-23 13:00:00,2024-09-23 13:12:00,2487.15,2488.393575,2484.05,2482.807975,50,LONG,-279.2799999999943
cash_ACC,MovingAverage,2024-09-23 13:20:00,2024-09-23 13:26:00,2486.8,2488.0434,2483.85,2482.608075,50,LONG,-271.76624999999603
cash_ACC,MovingAverage,2024-09-23 13:49:00,2024-09-23 13:53:00,2485.25,2486.492625,2483.55,2482.308225,50,LONG,-209.21999999998206
cash_ACC,MovingAverage,2024-09-23 14:18:00,2024-09-23 14:34:00,2482.3,2483.54115,2481.1,2479.85945,50,LONG,-184.08500000000458
cash_ACC,MovingAverage,2024-09-23 14:37:00,2024-09-23 15:08:00,2486.05,2487.293025,2487.9,2486.65605,50,LONG,-31.848749999994652
cash_ACC,MovingAverage,2024-09-24 09:34:00,2024-09-24 09:38:00,2481.55,2482.790775,2479.2,2477.9604,50,LONG,-241.51875000000018
cash_ACC,MovingAverage,2024-09-24 09:40:00,2024-09-24 10:11:00,2479.1,2480.3395499999997,2478.25,2477.010875,50,LONG,-166.4337499999874
cash_ACC,MovingAverage,2024-09-24 10:46:00,2024-09-24 11:08:00,2474.95,2476.1874749999997,2472.0,2470.764,50,LONG,-271.1737499999799
cash_ACC,MovingAverage,2024-09-24 12:10:00,2024-09-24 12:58:00,2465.0,2466.2325,2465.75,2464.5171250000003,50,LONG,-85.76874999998836
cash_ACC,MovingAverage,2024-09-24 12:59:00,2024-09-24 13:03:00,2466.05,2467.283025,2464.4,2463.1678,50,LONG,-205.76125000000047
cash_ACC,MovingAverage,2024-09-24 13:28:00,2024-09-24 13:46:00,2465.0,2466.2325,2463.5,2462.26825,50,LONG,-198.21249999999964
cash_ACC,MovingAverage,2024-09-24 14:19:00,2024-09-24 14:29:00,2460.45,2461.6802249999996,2461.25,2460.0193750000003,50,LONG,-83.042499999965
cash_ACC,MovingAverage,2024-09-24 14:36:00,2024-09-24 14:57:00,2463.05,2464.281525,2458.85,2457.620575,50,LONG,-333.04749999999785
cash_ACC,MovingAverage,2024-09-24 15:10:00,2024-09-25 09:43:00,2469.0,2470.2345,2477.7,2476.46115,50,LONG,311.33250000000317
cash_ACC,MovingAverage,2024-09-25 09:44:00,2024-09-25 10:14:00,2477.4,2478.6387,2483.55,2482.308225,50,LONG,183.47625000001244
cash_ACC,MovingAverage,2024-09-25 10:53:00,2024-09-25 11:03:00,2480.8,2482.0404,2469.0,2467.7655,50,LONG,-713.7449999999944
cash_ACC,MovingAverage,2024-09-25 12:12:00,2024-09-25 12:24:00,2465.25,2466.4826249999996,2462.9,2461.6685500000003,50,LONG,-240.70374999996602
cash_ACC,MovingAverage,2024-09-25 13:12:00,2024-09-25 14:13:00,2458.95,2460.1794749999995,2463.0,2461.7685,50,LONG,79.45125000003372
cash_ACC,MovingAverage,2024-09-25 15:06:00,2024-09-25 15:23:00,2456.85,2458.0784249999997,2456.65,2455.421675,50,LONG,-132.83749999998236
cash_ACC,MovingAverage,2024-09-26 09:55:00,2024-09-26 10:01:00,2439.8,2441.0199000000002,2438.45,2437.230775,50,LONG,-189.456250000012
cash_ACC,MovingAverage,2024-09-26 10:11:00,2024-09-26 10:12:00,2439.5,2440.7197499999997,2440.55,2439.3297250000005,50,LONG,-69.50124999996206
cash_ACC,MovingAverage,2024-09-26 10:13:00,2024-09-26 10:27:00,2440.7,2441.92035,2433.9,2432.68305,50,LONG,-461.86499999998887
cash_ACC,MovingAverage,2024-09-26 11:09:00,2024-09-26 11:52:00,2433.95,2435.1669749999996,2441.8,2440.5791000000004,50,LONG,270.6062500000371
cash_ACC,MovingAverage,2024-09-26 12:10:00,2024-09-26 13:04:00,2445.85,2447.072925,2450.0,2448.775,50,LONG,85.1037500000075
cash_ACC,MovingAverage,2024-09-26 13:13:00,2024-09-26 13:40:00,2453.6,2454.8268,2455.1,2453.87245,50,LONG,-47.717499999998836
cash_ACC,MovingAverage,2024-09-26 13:43:00,2024-09-26 13:49:00,2455.8,2457.0279,2450.8,2449.5746000000004,50,LONG,-372.6649999999836
cash_ACC,MovingAverage,2024-09-26 14:03:00,2024-09-27 09:36:00,2456.15,2457.378075,2478.9,2477.66055,50,LONG,1014.1237499999988
cash_ACC,MovingAverage,2024-09-27 09:44:00,2024-09-27 10:41:00,2496.0,2497.248,2504.0,2502.748,50,LONG,275.0
cash_ACC,MovingAverage,2024-09-27 10:50:00,2024-09-27 11:10:00,2505.35,2506.6026749999996,2500.0,2498.75,50,LONG,-392.6337499999818
cash_ACC,MovingAverage,2024-09-27 11:22:00,2024-09-27 11:25:00,2504.95,2506.2024749999996,2502.0,2500.7490000000003,50,LONG,-272.6737499999672
cash_ACC,MovingAverage,2024-09-27 11:34:00,2024-09-27 11:49:00,2506.35,2507.6031749999997,2501.9,2500.6490500000004,50,LONG,-347.7062499999647
cash_ACC,MovingAverage,2024-09-27 12:16:00,2024-09-27 12:29:00,2501.2,2502.4505999999997,2498.2,2496.9509,50,LONG,-274.9849999999924
cash_ACC,MovingAverage,2024-09-27 12:45:00,2024-09-27 12:59:00,2503.0,2504.2515,2494.15,2492.9029250000003,50,LONG,-567.4287499999764
cash_ACC,MovingAverage,2024-09-27 13:32:00,2024-09-27 14:11:00,2499.25,2500.499625,2499.9,2498.65005,50,LONG,-92.47874999998658
cash_ACC,MovingAverage,2024-09-27 14:35:00,2024-09-27 14:47:00,2500.9,2502.15045,2498.0,2496.751,50,LONG,-269.9724999999944
cash_ACC,MovingAverage,2024-09-30 09:18:00,2024-09-30 10:38:00,2493.65,2494.896825,2526.4,2525.1368,50,LONG,1511.9987500000207
cash_ACC,MovingAverage,2024-09-30 10:52:00,2024-09-30 11:02:00,2532.0,2533.266,2526.0,2524.737,50,LONG,-426.4499999999998
cash_ACC,MovingAverage,2024-09-30 11:20:00,2024-09-30 11:50:00,2537.6,2538.8687999999997,2538.0,2536.731,50,LONG,-106.88999999997577
cash_ACC,MovingAverage,2024-09-30 12:43:00,2024-09-30 13:11:00,2524.05,2525.312025,2526.6,2525.3367,50,LONG,1.233749999983047
cash_ACC,MovingAverage,2024-09-30 13:46:00,2024-09-30 14:08:00,2524.5,2525.7622499999998,2518.05,2516.7909750000003,50,LONG,-448.56374999997115
cash_ACC,MovingAverage,2024-09-30 14:48:00,2024-09-30 15:19:00,2509.45,2510.7047249999996,2511.15,2509.8944250000004,50,LONG,-40.5149999999594
cash_ACC,MovingAverage,2024-10-01 09:26:00,2024-10-01 09:28:00,2515.55,2516.807775,2505.7,2504.44715,50,LONG,-618.0312500000127
cash_ACC,MovingAverage,2024-10-01 10:57:00,2024-10-01 12:40:00,2484.55,2485.7922750000002,2504.0,2502.748,50,LONG,847.7862499999901
cash_ACC,MovingAverage,2024-10-01 12:57:00,2024-10-01 13:50:00,2509.2,2510.4545999999996,2513.0,2511.7435,50,LONG,64.44500000002336
cash_ACC,MovingAverage,2024-10-01 13:56:00,2024-10-01 14:18:00,2519.4,2520.6597,2514.1,2512.84295,50,LONG,-390.8374999999978
cash_ACC,MovingAverage,2024-10-01 14:51:00,2024-10-01 15:17:00,2508.0,2509.254,2508.85,2507.595575,50,LONG,-82.92125000000397
cash_ACC,MovingAverage,2024-10-03 09:42:00,2024-10-03 10:14:00,2499.95,2501.1999749999995,2503.0,2501.7485,50,LONG,27.42625000003045
cash_ACC,MovingAverage,2024-10-03 10:51:00,2024-10-03 11:09:00,2510.75,2512.0053749999997,2504.0,2502.748,50,LONG,-462.8687499999842
cash_ACC,MovingAverage,2024-10-03 12:17:00,2024-10-03 12:21:00,2471.0,2472.2355,2467.4,2466.1663000000003,50,LONG,-303.45999999997275
cash_ACC,MovingAverage,2024-10-03 12:33:00,2024-10-03 12:57:00,2474.4,2475.6372,2475.35,2474.112325,50,LONG,-76.24375000000327
cash_ACC,MovingAverage,2024-10-03 14:05:00,2024-10-03 14:51:00,2440.3,2441.52015,2452.25,2451.0238750000003,50,LONG,475.1862500000243
cash_ACC,MovingAverage,2024-10-03 14:52:00,2024-10-04 09:21:00,2453.0,2454.2264999999998,2453.9,2452.6730500000003,50,LONG,-77.67249999997148
cash_ACC,MovingAverage,2024-10-04 09:47:00,2024-10-04 10:18:00,2445.6,2446.8228,2461.8,2460.5691,50,LONG,687.3150000000123
cash_ACC,MovingAverage,2024-10-04 10:39:00,2024-10-04 11:10:00,2466.65,2467.883325,2470.0,2468.7650000000003,50,LONG,44.08375000002707
cash_ACC,MovingAverage,2024-10-04 11:49:00,2024-10-04 12:20:00,2464.8,2466.0324,2465.5,2464.2672500000003,50,LONG,-88.25749999998607
cash_ACC,MovingAverage,2024-10-04 13:53:00,2024-10-04 14:06:00,2440.1,2441.32005,2429.45,2428.235275,50,LONG,-654.2387499999904
cash_ACC,MovingAverage,2024-10-04 14:56:00,2024-10-07 09:28:00,2422.65,2423.861325,2431.85,2430.634075,50,LONG,338.63750000000437
cash_ACC,MovingAverage,2024-10-07 11:15:00,2024-10-07 11:34:00,2360.35,2361.530175,2354.95,2353.772525,50,LONG,-387.8825000000006
cash_ACC,MovingAverage,2024-10-07 12:15:00,2024-10-07 12:32:00,2354.0,2355.1769999999997,2342.5,2341.32875,50,LONG,-692.4124999999776
cash_ACC,MovingAverage,2024-10-07 13:05:00,2024-10-07 13:09:00,2338.1,2339.26905,2332.7,2331.53365,50,LONG,-386.77000000000135
cash_ACC,MovingAverage,2024-10-07 13:37:00,2024-10-07 13:42:00,2331.9,2333.06595,2313.45,2312.293275,50,LONG,-1038.6337500000081
cash_ACC,MovingAverage,2024-10-07 14:06:00,2024-10-07 14:26:00,2331.0,2332.1655,2325.0,2323.8375,50,LONG,-416.3999999999987
cash_ACC,MovingAverage,2024-10-07 14:35:00,2024-10-07 15:13:00,2335.7,2336.8678499999996,2349.05,2347.8754750000003,50,LONG,550.3812500000322
cash_ACC,MovingAverage,2024-10-08 09:17:00,2024-10-08 09:18:00,2343.3,2344.47165,2342.6,2341.4287,50,LONG,-152.14750000000095
cash_ACC,MovingAverage,2024-10-08 09:29:00,2024-10-08 09:39:00,2357.2,2358.3785999999996,2336.15,2334.981925,50,LONG,-1169.8337499999752
cash_ACC,MovingAverage,2024-10-08 09:51:00,2024-10-08 10:14:00,2354.05,2355.227025,2357.8,2356.6211000000003,50,LONG,69.70375000000786
cash_ACC,MovingAverage,2024-10-08 10:22:00,2024-10-08 10:55:00,2366.35,2367.5331749999996,2366.9,2365.71655,50,LONG,-90.8312499999738
cash_ACC,MovingAverage,2024-10-08 11:07:00,2024-10-08 11:36:00,2378.3,2379.48915,2376.5,2375.3117500000003,50,LONG,-208.86999999997897
cash_ACC,MovingAverage,2024-10-08 12:19:00,2024-10-08 12:30:00,2370.0,2371.185,2360.1,2358.91995,50,LONG,-613.2524999999987
cash_ACC,MovingAverage,2024-10-08 13:05:00,2024-10-08 14:03:00,2367.55,2368.733775,2374.25,2373.062875,50,LONG,216.4549999999963
cash_ACC,MovingAverage,2024-10-08 14:39:00,2024-10-09 09:27:00,2367.8,2368.9839,2381.3,2380.10935,50,LONG,556.2725
cash_ACC,MovingAverage,2024-10-09 10:12:00,2024-10-09 10:27:00,2376.0,2377.1879999999996,2375.7,2374.51215,50,LONG,-133.79249999998137
cash_ACC,MovingAverage,2024-10-09 10:38:00,2024-10-09 11:35:00,2379.95,2381.1399749999996,2378.9,2377.7105500000002,50,LONG,-171.47124999996777
cash_ACC,MovingAverage,2024-10-09 12:15:00,2024-10-09 12:48:00,2367.95,2369.1339749999997,2368.05,2366.865975,50,LONG,-113.39999999997872
cash_ACC,MovingAverage,2024-10-09 13:55:00,2024-10-09 14:20:00,2355.0,2356.1775,2350.55,2349.374725,50,LONG,-340.1387499999828
cash_ACC,MovingAverage,2024-10-09 15:18:00,2024-10-10 09:40:00,2340.8,2341.9704,2340.0,2338.83,50,LONG,-157.02000000001135
cash_ACC,MovingAverage,2024-10-10 09:51:00,2024-10-10 10:26:00,2350.0,2351.1749999999997,2347.7,2346.52615,50,LONG,-232.4424999999792
cash_ACC,MovingAverage,2024-10-10 11:57:00,2024-10-10 12:06:00,2324.95,2326.112475,2314.1,2312.94295,50,LONG,-658.4762499999897
cash_ACC,MovingAverage,2024-10-10 12:48:00,2024-10-10 13:01:00,2301.95,2303.100975,2297.05,2295.901475,50,LONG,-359.9749999999858
cash_ACC,MovingAverage,2024-10-10 13:21:00,2024-10-10 13:29:00,2301.45,2302.600725,2292.2,2291.0539,50,LONG,-577.341249999995
cash_ACC,MovingAverage,2024-10-10 13:48:00,2024-10-10 14:16:00,2301.15,2302.3005749999998,2298.3,2297.1508500000004,50,LONG,-257.48624999996537
cash_ACC,MovingAverage,2024-10-10 14:33:00,2024-10-10 14:49:00,2300.75,2301.9003749999997,2298.4,2297.2508000000003,50,LONG,-232.47874999997293
cash_ACC,MovingAverage,2024-10-10 15:02:00,2024-10-11 09:20:00,2300.95,2302.1004749999997,2310.0,2308.8450000000003,50,LONG,337.2262500000261
cash_ACC,MovingAverage,2024-10-11 09:28:00,2024-10-11 10:12:00,2315.0,2316.1575,2324.7,2323.5376499999998,50,LONG,369.0074999999979
cash_ACC,MovingAverage,2024-10-11 11:53:00,2024-10-11 12:46:00,2306.0,2307.153,2312.0,2310.844,50,LONG,184.55000000001291
cash_ACC,MovingAverage,2024-10-11 12:57:00,2024-10-11 13:30:00,2314.1,2315.2570499999997,2314.05,2312.892975,50,LONG,-118.20374999997512
cash_ACC,MovingAverage,2024-10-11 14:27:00,2024-10-11 15:01:00,2306.9,2308.05345,2307.75,2306.596125,50,LONG,-72.86624999999276
cash_ACC,MovingAverage,2024-10-11 15:16:00,2024-10-14 09:27:00,2314.0,2315.1569999999997,2311.4,2310.2443000000003,50,LONG,-245.6349999999702
cash_ACC,MovingAverage,2024-10-14 09:47:00,2024-10-14 10:18:00,2315.0,2316.1575,2309.55,2308.395225,50,LONG,-388.1137499999795
cash_ACC,MovingAverage,2024-10-14 10:47:00,2024-10-14 11:00:00,2308.35,2309.5041749999996,2306.5,2305.34675,50,LONG,-207.87124999997104
cash_ACC,MovingAverage,2024-10-14 11:12:00,2024-10-14 11:28:00,2308.6,2309.7542999999996,2304.0,2302.848,50,LONG,-345.3149999999823
cash_ACC,MovingAverage,2024-10-14 11:40:00,2024-10-14 11:58:00,2309.5,2310.6547499999997,2307.0,2305.8465,50,LONG,-240.41249999997945
cash_ACC,MovingAverage,2024-10-14 12:39:00,2024-10-14 13:42:00,2307.8,2308.9539,2308.1,2306.94595,50,LONG,-100.39750000000822
cash_ACC,MovingAverage,2024-10-14 13:48:00,2024-10-14 14:37:00,2311.0,2312.1555,2315.1,2313.94245,50,LONG,89.34750000000804
cash_ACC,MovingAverage,2024-10-14 14:39:00,2024-10-14 14:41:00,2316.55,2317.708275,2315.6,2314.4422,50,LONG,-163.30375000000004
cash_ACC,MovingAverage,2024-10-14 14:42:00,2024-10-14 14:43:00,2316.65,2317.808325,2315.4,2314.2423000000003,50,LONG,-178.30124999998134
cash_ACC,MovingAverage,2024-10-14 14:46:00,2024-10-14 14:49:00,2316.0,2317.158,2315.1,2313.94245,50,LONG,-160.7774999999947
cash_ACC,MovingAverage,2024-10-14 15:01:00,2024-10-15 09:34:00,2316.55,2317.708275,2323.8,2322.6381,50,LONG,246.49125000000822
cash_ACC,MovingAverage,2024-10-15 10:43:00,2024-10-15 10:57:00,2305.0,2306.1524999999997,2299.8,2298.6501000000003,50,LONG,-375.1199999999699
cash_ACC,MovingAverage,2024-10-15 11:29:00,2024-10-15 11:37:00,2298.7,2299.8493499999995,2294.4,2293.2528,50,LONG,-329.82749999996486
cash_ACC,MovingAverage,2024-10-15 11:51:00,2024-10-15 12:14:00,2298.6,2299.7493,2298.05,2296.9009750000005,50,LONG,-142.41624999997384
cash_ACC,MovingAverage,2024-10-15 12:35:00,2024-10-15 12:47:00,2298.5,2299.64925,2297.45,2296.301275,50,LONG,-167.39875000000666
cash_ACC,MovingAverage,2024-10-15 12:48:00,2024-10-15 12:49:00,2298.7,2299.8493499999995,2298.2,2297.0508999999997,50,LONG,-139.92249999998876
cash_ACC,MovingAverage,2024-10-15 12:50:00,2024-10-15 13:05:00,2299.0,2300.1495,2294.1,2292.95295,50,LONG,-359.8275000000058
cash_ACC,MovingAverage,2024-10-15 13:27:00,2024-10-15 14:02:00,2295.75,2296.8978749999997,2297.55,2296.4012250000005,50,LONG,-24.83249999995678
cash_ACC,MovingAverage,2024-10-15 15:02:00,2024-10-16 09:29:00,2293.05,2294.196525,2291.0,2289.8545,50,LONG,-217.10124999999607
cash_ACC,MovingAverage,2024-10-16 09:39:00,2024-10-16 09:59:00,2297.8,2298.9489,2294.65,2293.502675,50,LONG,-272.3112499999843
cash_ACC,MovingAverage,2024-10-16 10:37:00,2024-10-16 11:15:00,2291.1,2292.2455499999996,2290.0,2288.855,50,LONG,-169.52749999998105
cash_ACC,MovingAverage,2024-10-16 12:06:00,2024-10-16 12:12:00,2282.9,2284.04145,2283.5,2282.35825,50,LONG,-84.15999999999713
cash_ACC,MovingAverage,2024-10-16 12:13:00,2024-10-16 12:15:00,2283.0,2284.1414999999997,2281.5,2280.35925,50,LONG,-189.11249999998745
cash_ACC,MovingAverage,2024-10-16 12:53:00,2024-10-16 13:27:00,2281.1,2282.24055,2292.25,2291.1038750000002,50,LONG,443.16625000001295
cash_ACC,MovingAverage,2024-10-16 13:47:00,2024-10-16 14:51:00,2292.5,2293.64625,2307.0,2305.8465,50,LONG,610.0125000000162
cash_ACC,MovingAverage,2024-10-17 09:16:00,2024-10-17 09:26:00,2316.7,2317.8583499999995,2301.4,2300.2493000000004,50,LONG,-880.4524999999558
cash_ACC,MovingAverage,2024-10-17 10:33:00,2024-10-17 11:01:00,2285.25,2286.392625,2287.0,2285.8565000000003,50,LONG,-26.806249999981446
cash_ACC,MovingAverage,2024-10-17 11:58:00,2024-10-17 12:04:00,2277.65,2278.788825,2275.9,2274.7620500000003,50,LONG,-201.3387499999908
cash_ACC,MovingAverage,2024-10-17 12:31:00,2024-10-17 12:46:00,2276.95,2278.0884749999996,2271.0,2269.8645,50,LONG,-411.19874999997137
cash_ACC,MovingAverage,2024-10-17 13:04:00,2024-10-17 13:08:00,2273.0,2274.1365,2270.1,2268.96495,50,LONG,-258.57750000000124
cash_ACC,MovingAverage,2024-10-17 13:47:00,2024-10-17 13:49:00,2267.6,2268.7338,2262.4,2261.2688000000003,50,LONG,-373.24999999998454
cash_ACC,MovingAverage,2024-10-17 14:10:00,2024-10-17 14:19:00,2266.3,2267.43315,2262.6,2261.4687,50,LONG,-298.2224999999971
cash_ACC,MovingAverage,2024-10-17 14:24:00,2024-10-17 14:46:00,2262.3,2263.43115,2262.9,2261.7685500000002,50,LONG,-83.12999999998283
cash_ACC,MovingAverage,2024-10-17 15:01:00,2024-10-18 09:15:00,2265.5,2266.6327499999998,2250.15,2249.024925,50,LONG,-880.3912499999797
cash_ACC,MovingAverage,2024-10-18 09:49:00,2024-10-18 10:02:00,2256.75,2257.878375,2244.05,2242.9279750000005,50,LONG,-747.5199999999631
cash_ACC,MovingAverage,2024-10-18 10:11:00,2024-10-18 10:50:00,2257.45,2258.578725,2263.15,2262.018425,50,LONG,171.98500000001786
cash_ACC,MovingAverage,2024-10-18 11:30:00,2024-10-18 12:38:00,2266.4,2267.5332,2272.85,2271.713575,50,LONG,209.01875000001837
cash_ACC,MovingAverage,2024-10-18 13:20:00,2024-10-18 14:18:00,2275.3,2276.43765,2282.85,2281.708575,50,LONG,263.54625000001306
cash_ACC,MovingAverage,2024-10-18 14:32:00,2024-10-18 14:43:00,2284.35,2285.492175,2282.45,2281.308775,50,LONG,-209.16999999999462
cash_ACC,MovingAverage,2024-10-18 14:45:00,2024-10-18 15:12:00,2284.0,2285.142,2285.85,2284.7070750000003,50,LONG,-21.746249999978318
cash_ACC,MovingAverage,2024-10-21 09:16:00,2024-10-21 09:37:00,2296.4,2297.5482,2289.15,2288.0054250000003,50,LONG,-477.1387499999946
cash_ACC,MovingAverage,2024-10-21 09:59:00,2024-10-21 10:18:00,2289.6,2290.7448,2286.1,2284.9569500000002,50,LONG,-289.3924999999854
cash_ACC,MovingAverage,2024-10-21 10:32:00,2024-10-21 10:50:00,2291.95,2293.0959749999997,2285.0,2283.8575,50,LONG,-461.92374999998265
cash_ACC,MovingAverage,2024-10-21 11:19:00,2024-10-21 11:20:00,2288.2,2289.3441,2286.15,2285.006925,50,LONG,-216.85874999998305
cash_ACC,MovingAverage,2024-10-21 11:24:00,2024-10-21 11:27:00,2290.45,2291.5952249999996,2286.65,2285.506675,50,LONG,-304.4274999999743
cash_ACC,MovingAverage,2024-10-21 11:29:00,2024-10-21 12:02:00,2296.25,2297.3981249999997,2300.3,2299.1498500000002,50,LONG,87.58625000002667
cash_ACC,MovingAverage,2024-10-21 12:06:00,2024-10-21 12:21:00,2306.7,2307.85335,2302.6,2301.4487,50,LONG,-320.23249999999734
cash_ACC,MovingAverage,2024-10-21 12:27:00,2024-10-21 12:45:00,2305.65,2306.8028249999998,2302.45,2301.2987749999998,50,LONG,-275.2025000000003
cash_ACC,MovingAverage,2024-10-21 12:54:00,2024-10-21 13:05:00,2306.1,2307.25305,2302.3,2301.1488500000005,50,LONG,-305.2099999999655
cash_ACC,MovingAverage,2024-10-21 13:10:00,2024-10-21 13:31:00,2313.85,2315.0069249999997,2308.75,2307.595625,50,LONG,-370.5649999999878
cash_ACC,MovingAverage,2024-10-21 13:52:00,2024-10-21 14:11:00,2311.8,2312.9559,2305.5,2304.3472500000003,50,LONG,-430.4324999999835
cash_ACC,MovingAverage,2024-10-21 14:34:00,2024-10-21 14:44:00,2309.3,2310.45465,2301.9,2300.7490500000004,50,LONG,-485.27999999998883
cash_ACC,MovingAverage,2024-10-21 15:14:00,2024-10-22 09:33:00,2308.5,2309.65425,2299.9,2298.75005,50,LONG,-545.2099999999973
cash_ACC,MovingAverage,2024-10-22 10:51:00,2024-10-22 11:15:00,2280.95,2282.0904749999995,2278.65,2277.510675,50,LONG,-228.98999999997613
cash_ACC,MovingAverage,2024-10-22 11:33:00,2024-10-22 11:43:00,2283.35,2284.4916749999998,2276.95,2275.811525,50,LONG,-434.00749999998425
cash_ACC,MovingAverage,2024-10-22 12:04:00,2024-10-22 12:17:00,2279.65,2280.789825,2269.9,2268.7650500000004,50,LONG,-601.2387499999704
cash_ACC,MovingAverage,2024-10-22 14:03:00,2024-10-22 14:06:00,2256.2,2257.3280999999997,2253.7,2252.57315,50,LONG,-237.74749999997766
cash_ACC,MovingAverage,2024-10-22 14:15:00,2024-10-22 14:40:00,2261.25,2262.380625,2259.25,2258.120375,50,LONG,-213.01249999999072
cash_ACC,MovingAverage,2024-10-22 14:46:00,2024-10-22 14:47:00,2260.45,2261.5802249999997,2258.9,2257.77055,50,LONG,-190.48374999997577
cash_ACC,MovingAverage,2024-10-22 15:26:00,2024-10-23 09:42:00,2247.65,2248.7738249999998,2246.7,2245.57665,50,LONG,-159.8587499999894
cash_ACC,MovingAverage,2024-10-23 09:55:00,2024-10-23 10:27:00,2260.0,2261.1299999999997,2250.75,2249.624625,50,LONG,-575.2687499999865
cash_ACC,MovingAverage,2024-10-23 10:53:00,2024-10-23 11:31:00,2259.85,2260.9799249999996,2278.05,2276.9109750000002,50,LONG,796.5525000000298
cash_ACC,MovingAverage,2024-10-23 11:35:00,2024-10-23 11:57:00,2280.0,2281.14,2278.1,2276.96095,50,LONG,-208.95249999998668
cash_ACC,MovingAverage,2024-10-23 12:32:00,2024-10-23 13:10:00,2274.15,2275.287075,2271.15,2270.0144250000003,50,LONG,-263.63249999999425
cash_ACC,MovingAverage,2024-10-23 13:35:00,2024-10-23 13:50:00,2275.8,2276.9379,2270.75,2269.614625,50,LONG,-366.163749999987
cash_ACC,MovingAverage,2024-10-23 13:52:00,2024-10-23 13:55:00,2277.85,2278.9889249999997,2272.25,2271.113875,50,LONG,-393.7524999999823
cash_ACC,MovingAverage,2024-10-23 13:58:00,2024-10-23 14:02:00,2274.3,2275.43715,2273.2,2272.0634,50,LONG,-168.68750000001
cash_ACC,MovingAverage,2024-10-23 14:06:00,2024-10-23 14:08:00,2276.95,2278.0884749999996,2267.85,2266.716075,50,LONG,-568.6199999999872
cash_ACC,MovingAverage,2024-10-23 15:05:00,2024-10-23 15:16:00,2258.5,2259.62925,2254.15,2253.022925,50,LONG,-330.3162499999871
cash_ACC,MovingAverage,2024-10-23 15:19:00,2024-10-23 15:28:00,2258.5,2259.62925,2251.0,2249.8745,50,LONG,-487.7375000000029
cash_ACC,MovingAverage,2024-10-24 09:27:00,2024-10-24 10:26:00,2266.05,2267.1830250000003,2276.05,2274.9119750000004,50,LONG,386.4475000000084
cash_ACC,MovingAverage,2024-10-24 10:45:00,2024-10-24 10:59:00,2275.4,2276.5377,2275.15,2274.0124250000003,50,LONG,-126.26374999997552
cash_ACC,MovingAverage,2024-10-24 11:59:00,2024-10-24 12:12:00,2269.25,2270.3846249999997,2258.4,2257.2708000000002,50,LONG,-655.6912499999726
cash_ACC,MovingAverage,2024-10-24 12:39:00,2024-10-24 13:04:00,2261.0,2262.1304999999998,2262.65,2261.5186750000003,50,LONG,-30.591249999974934
cash_ACC,MovingAverage,2024-10-24 13:24:00,2024-10-24 13:47:00,2285.75,2286.892875,2242.55,2241.428725,50,LONG,-2273.2074999999895
cash_ACC,MovingAverage,2024-10-24 14:15:00,2024-10-24 15:06:00,2247.0,2248.1234999999997,2262.25,2261.118875,50,LONG,649.7687500000211
cash_ACC,MovingAverage,2024-10-24 15:17:00,2024-10-25 09:15:00,2276.6,2277.7383,2238.4,2237.2808,50,LONG,-2022.874999999999
cash_ACC,MovingAverage,2024-10-25 10:23:00,2024-10-25 10:36:00,2242.3,2243.42115,2221.95,2220.8390249999998,50,LONG,-1129.106250000018
cash_ACC,MovingAverage,2024-10-25 11:05:00,2024-10-25 11:30:00,2215.15,2216.257575,2207.75,2206.646125,50,LONG,-480.57249999999385
cash_ACC,MovingAverage,2024-10-25 11:43:00,2024-10-25 12:03:00,2222.25,2223.361125,2225.2,2224.0874,50,LONG,36.313749999999345
cash_ACC,MovingAverage,2024-10-25 12:06:00,2024-10-25 12:10:00,2223.1,2224.21155,2218.5,2217.39075,50,LONG,-341.03999999999814
cash_ACC,MovingAverage,2024-10-25 12:23:00,2024-10-25 13:19:00,2225.1,2226.2125499999997,2224.0,2222.888,50,LONG,-166.22749999999087
cash_ACC,MovingAverage,2024-10-25 13:41:00,2024-10-25 14:04:00,2221.65,2222.760825,2224.8,2223.6876,50,LONG,46.33875000001808
cash_ACC,MovingAverage,2024-10-25 14:47:00,2024-10-28 09:21:00,2219.65,2220.759825,2236.9,2235.78155,50,LONG,751.086250000003
cash_ACC,MovingAverage,2024-10-28 09:56:00,2024-10-28 11:40:00,2228.9,2230.01445,2259.35,2258.2203250000002,50,LONG,1410.2937500000053
cash_ACC,MovingAverage,2024-10-28 12:13:00,2024-10-28 12:24:00,2263.65,2264.781825,2250.2,2249.0749,50,LONG,-785.3462499999978
cash_ACC,MovingAverage,2024-10-28 12:46:00,2024-10-28 14:06:00,2255.35,2256.4776749999996,2305.7,2304.54715,50,LONG,2403.473750000012
cash_ACC,MovingAverage,2024-10-28 14:46:00,2024-10-28 15:03:00,2294.75,2295.897375,2283.3,2282.15835,50,LONG,-686.9512499999928
cash_ACC,MovingAverage,2024-10-28 15:20:00,2024-10-29 09:43:00,2289.55,2290.694775,2294.85,2293.7025750000003,50,LONG,150.3900000000158
cash_ACC,MovingAverage,2024-10-29 10:04:00,2024-10-29 10:34:00,2297.25,2298.398625,2298.5,2297.35075,50,LONG,-52.39374999998745
cash_ACC,MovingAverage,2024-10-29 11:24:00,2024-10-29 12:29:00,2287.85,2288.9939249999998,2295.55,2294.4022250000003,50,LONG,270.41500000002543
cash_ACC,MovingAverage,2024-10-29 12:41:00,2024-10-29 13:28:00,2300.0,2301.15,2308.55,2307.3957250000003,50,LONG,312.286250000011
cash_ACC,MovingAverage,2024-10-29 13:34:00,2024-10-29 14:31:00,2311.15,2312.305575,2319.0,2317.8405000000002,50,LONG,276.74625000001924
cash_ACC,MovingAverage,2024-10-29 14:41:00,2024-10-29 15:05:00,2327.4,2328.5637,2326.4,2325.2368,50,LONG,-166.34500000000116
cash_ACC,MovingAverage,2024-10-29 15:11:00,2024-10-30 09:15:00,2328.4,2329.5642,2317.65,2316.491175,50,LONG,-653.6512499999844
cash_ACC,MovingAverage,2024-10-30 09:28:00,2024-10-30 10:07:00,2337.0,2338.1684999999998,2342.6,2341.4287,50,LONG,163.0100000000084
cash_ACC,MovingAverage,2024-10-30 10:11:00,2024-10-30 11:20:00,2351.75,2352.925875,2368.7,2367.51565,50,LONG,729.4887499999959
cash_ACC,MovingAverage,2024-10-30 11:28:00,2024-10-30 11:40:00,2373.0,2374.1865,2371.7,2370.51415,50,LONG,-183.6174999999912
cash_ACC,MovingAverage,2024-10-30 12:01:00,2024-10-30 12:19:00,2373.4,2374.5867,2370.95,2369.764525,50,LONG,-241.1087499999894
cash_ACC,MovingAverage,2024-10-30 13:05:00,2024-10-30 13:16:00,2361.95,2363.1309749999996,2352.7,2351.52365,50,LONG,-580.3662499999746
cash_ACC,MovingAverage,2024-10-30 14:06:00,2024-10-30 14:17:00,2352.45,2353.6262249999995,2346.45,2345.276775,50,LONG,-417.4724999999853
cash_ACC,MovingAverage,2024-10-31 09:42:00,2024-10-31 10:08:00,2320.65,2321.810325,2320.75,2319.589625,50,LONG,-111.03499999999258
cash_ACC,MovingAverage,2024-10-31 10:26:00,2024-10-31 10:49:00,2331.0,2332.1655,2326.95,2325.786525,50,LONG,-318.9487500000041
cash_ACC,MovingAverage,2024-10-31 11:12:00,2024-10-31 11:14:00,2328.85,2330.014425,2326.95,2325.786525,50,LONG,-211.39499999999316
cash_ACC,MovingAverage,2024-10-31 11:51:00,2024-10-31 12:04:00,2323.6,2324.7617999999998,2319.45,2318.290275,50,LONG,-323.57624999999643
cash_ACC,MovingAverage,2024-10-31 13:32:00,2024-10-31 13:33:00,2295.55,2296.697775,2295.5,2294.35225,50,LONG,-117.27625000000899
cash_ACC,MovingAverage,2024-10-31 13:37:00,2024-10-31 15:20:00,2299.7,2300.8498499999996,2320.0,2318.84,50,LONG,899.507500000027
cash_ACC,MovingAverage,2024-11-04 09:44:00,2024-11-04 09:48:00,2312.85,2314.0064249999996,2304.55,2303.3977250000003,50,LONG,-530.4349999999658
cash_ACC,MovingAverage,2024-11-04 10:05:00,2024-11-04 10:08:00,2304.65,2305.802325,2300.2,2299.0499,50,LONG,-337.6212500000065
cash_ACC,MovingAverage,2024-11-04 11:18:00,2024-11-04 11:57:00,2283.55,2284.6917750000002,2293.75,2292.603125,50,LONG,395.56749999999283
cash_ACC,MovingAverage,2024-11-04 11:58:00,2024-11-04 12:19:00,2296.0,2297.1479999999997,2295.3,2294.1523500000003,50,LONG,-149.78249999996933
cash_ACC,MovingAverage,2024-11-04 13:48:00,2024-11-04 14:27:00,2282.25,2283.3911249999996,2286.5,2285.35675,50,LONG,98.28125000001364
cash_ACC,MovingAverage,2024-11-04 14:32:00,2024-11-04 14:57:00,2292.1,2293.2460499999997,2287.35,2286.206325,50,LONG,-351.98624999998174
cash_ACC,MovingAverage,2024-11-04 15:07:00,2024-11-04 15:12:00,2290.35,2291.4951749999996,2289.45,2288.305275,50,LONG,-159.49499999996988
cash_ACC,MovingAverage,2024-11-04 15:22:00,2024-11-04 15:28:00,2291.35,2292.4956749999997,2289.3,2288.1553500000005,50,LONG,-217.01624999996056
cash_ACC,MovingAverage,2024-11-05 09:18:00,2024-11-05 09:49:00,2302.25,2303.401125,2291.55,2290.404225,50,LONG,-649.8449999999821
cash_ACC,MovingAverage,2024-11-05 09:59:00,2024-11-05 10:20:00,2309.5,2310.6547499999997,2300.0,2298.85,50,LONG,-590.2374999999893
cash_ACC,MovingAverage,2024-11-05 10:30:00,2024-11-05 10:53:00,2307.8,2308.9539,2302.95,2301.798525,50,LONG,-357.7687499999911
cash_ACC,MovingAverage,2024-11-05 11:01:00,2024-11-05 11:17:00,2307.0,2308.1535,2305.65,2304.4971750000004,50,LONG,-182.81624999997348
cash_ACC,MovingAverage,2024-11-05 12:03:00,2024-11-05 12:28:00,2301.0,2302.1504999999997,2302.65,2301.4986750000003,50,LONG,-32.591249999973115
cash_ACC,MovingAverage,2024-11-05 12:46:00,2024-11-05 13:09:00,2307.0,2308.1535,2304.7,2303.54765,50,LONG,-230.29249999999593
cash_ACC,MovingAverage,2024-11-05 13:30:00,2024-11-05 14:51:00,2311.9,2313.05595,2319.15,2317.9904250000004,50,LONG,246.72375000002376
cash_ACC,MovingAverage,2024-11-05 15:09:00,2024-11-05 15:20:00,2320.1,2321.26005,2315.0,2313.8425,50,LONG,-370.87749999998323
cash_ACC,MovingAverage,2024-11-06 09:16:00,2024-11-06 10:26:00,2325.1,2326.26255,2335.35,2334.182325,50,LONG,395.988750000015
cash_ACC,MovingAverage,2024-11-06 10:51:00,2024-11-06 11:16:00,2333.0,2334.1665,2333.7,2332.5331499999998,50,LONG,-81.6675000000032
cash_ACC,MovingAverage,2024-11-06 11:31:00,2024-11-06 12:21:00,2337.95,2339.118975,2343.45,2342.278275,50,LONG,157.96500000001288
cash_ACC,MovingAverage,2024-11-06 12:37:00,2024-11-06 13:27:00,2351.5,2352.67575,2360.2,2359.0199,50,LONG,317.207499999995
cash_ACC,MovingAverage,2024-11-06 13:55:00,2024-11-06 13:56:00,2358.0,2359.179,2358.0,2356.821,50,LONG,-117.90000000000873
cash_ACC,MovingAverage,2024-11-06 13:57:00,2024-11-06 13:59:00,2357.5,2358.67875,2357.5,2356.32125,50,LONG,-117.87500000000364
cash_ACC,MovingAverage,2024-11-06 14:16:00,2024-11-06 14:22:00,2359.4,2360.5797,2354.55,2353.372725,50,LONG,-360.3487499999801
cash_ACC,MovingAverage,2024-11-06 14:33:00,2024-11-06 14:50:00,2366.35,2367.5331749999996,2358.15,2356.970925,50,LONG,-528.1124999999747
cash_ACC,MovingAverage,2024-11-06 15:07:00,2024-11-06 15:13:00,2359.65,2360.829825,2357.2,2356.0214,50,LONG,-240.42124999998578
cash_ACC,MovingAverage,2024-11-06 15:26:00,2024-11-07 09:16:00,2361.8,2362.9809,2349.2,2348.0254,50,LONG,-747.7750000000015
cash_ACC,MovingAverage,2024-11-07 10:25:00,2024-11-07 10:34:00,2309.25,2310.4046249999997,2298.65,2297.5006750000002,50,LONG,-645.197499999972
cash_ACC,MovingAverage,2024-11-07 10:43:00,2024-11-07 11:37:00,2310.0,2311.1549999999997,2328.55,2327.385725,50,LONG,811.5362500000174
cash_ACC,MovingAverage,2024-11-07 12:31:00,2024-11-07 13:03:00,2326.35,2327.5131749999996,2325.8,2324.6371000000004,50,LONG,-143.80374999996093
cash_ACC,MovingAverage,2024-11-07 13:54:00,2024-11-07 14:26:00,2325.35,2326.512675,2324.9,2323.7375500000003,50,LONG,-138.75624999998308
cash_ACC,MovingAverage,2024-11-07 14:36:00,2024-11-07 14:53:00,2327.2,2328.3635999999997,2324.65,2323.4876750000003,50,LONG,-243.7962499999685
cash_ACC,MovingAverage,2024-11-07 15:28:00,2024-11-08 09:19:00,2320.9,2322.06045,2313.7,2312.54315,50,LONG,-475.8649999999989
cash_ACC,MovingAverage,2024-11-08 09:31:00,2024-11-08 09:56:00,2330.0,2331.165,2318.1,2316.94095,50,LONG,-711.2024999999903
cash_ACC,MovingAverage,2024-11-08 10:19:00,2024-11-08 10:30:00,2320.0,2321.16,2316.0,2314.842,50,LONG,-315.8999999999878
cash_ACC,MovingAverage,2024-11-08 12:17:00,2024-11-08 12:48:00,2293.4,2294.5467,2293.2,2292.0534,50,LONG,-124.66500000000451
cash_ACC,MovingAverage,2024-11-08 13:16:00,2024-11-08 13:37:00,2294.1,2295.24705,2290.65,2289.504675,50,LONG,-287.11874999999054
cash_ACC,MovingAverage,2024-11-08 14:08:00,2024-11-08 14:18:00,2291.55,2292.695775,2285.45,2284.307275,50,LONG,-419.4250000000011
cash_ACC,MovingAverage,2024-11-08 14:29:00,2024-11-08 14:55:00,2299.75,2300.899875,2293.45,2292.3032749999998,50,LONG,-429.8300000000154
cash_ACC,MovingAverage,2024-11-08 15:12:00,2024-11-08 15:21:00,2296.0,2297.1479999999997,2290.7,2289.55465,50,LONG,-379.6674999999823
cash_ACC,MovingAverage,2024-11-11 09:37:00,2024-11-11 09:45:00,2277.1,2278.2385499999996,2272.15,2271.013925,50,LONG,-361.2312499999689
cash_ACC,MovingAverage,2024-11-11 09:51:00,2024-11-11 10:04:00,2277.55,2278.688775,2273.4,2272.2633,50,LONG,-321.2737500000003
cash_ACC,MovingAverage,2024-11-11 10:06:00,2024-11-11 10:10:00,2277.5,2278.63875,2277.8,2276.6611000000003,50,LONG,-98.88249999999061
cash_ACC,MovingAverage,2024-11-11 10:26:00,2024-11-11 10:52:00,2279.05,2280.1895250000002,2279.4,2278.2603000000004,50,LONG,-96.46124999999302
cash_ACC,MovingAverage,2024-11-11 11:05:00,2024-11-11 11:38:00,2285.9,2287.04295,2286.2,2285.0569,50,LONG,-99.30249999999887
cash_ACC,MovingAverage,2024-11-11 11:45:00,2024-11-11 12:02:00,2292.5,2293.64625,2283.55,2282.408225,50,LONG,-561.9012499999826
cash_ACC,MovingAverage,2024-11-11 12:37:00,2024-11-11 12:56:00,2276.75,2277.888375,2275.5,2274.36225,50,LONG,-176.30624999999327
cash_ACC,MovingAverage,2024-11-11 13:17:00,2024-11-11 13:20:00,2276.65,2277.788325,2272.9,2271.76355,50,LONG,-301.23874999999316
cash_ACC,MovingAverage,2024-11-11 14:02:00,2024-11-11 14:13:00,2273.0,2274.1365,2268.7,2267.56565,50,LONG,-328.5425000000032
cash_ACC,MovingAverage,2024-11-11 14:28:00,2024-11-11 14:56:00,2273.6,2274.7367999999997,2275.0,2273.8625,50,LONG,-43.71499999997468
cash_ACC,MovingAverage,2024-11-11 15:26:00,2024-11-12 09:21:00,2274.55,2275.687275,2266.7,2265.5666499999998,50,LONG,-506.03125000002365
cash_ACC,MovingAverage,2024-11-12 10:02:00,2024-11-12 10:41:00,2272.0,2273.136,2285.8,2284.6571000000004,50,LONG,576.0550000000194
cash_ACC,MovingAverage,2024-11-12 10:48:00,2024-11-12 11:06:00,2289.15,2290.294575,2288.1,2286.95595,50,LONG,-166.93124999999327
cash_ACC,MovingAverage,2024-11-12 11:47:00,2024-11-12 12:01:00,2286.1,2287.2430499999996,2280.55,2279.4097250000004,50,LONG,-391.6662499999575
cash_ACC,MovingAverage,2024-11-12 13:07:00,2024-11-12 13:14:00,2275.4,2276.5377,2271.4,2270.2643000000003,50,LONG,-313.66999999997915
cash_ACC,MovingAverage,2024-11-12 13:50:00,2024-11-12 14:07:00,2269.85,2270.9849249999997,2267.15,2266.0164250000003,50,LONG,-248.42499999997472
cash_ACC,MovingAverage,2024-11-12 14:23:00,2024-11-12 14:45:00,2273.55,2274.686775,2270.95,2269.814525,50,LONG,-243.61250000001746
cash_ACC,MovingAverage,2024-11-13 09:30:00,2024-11-13 09:32:00,2258.25,2259.379125,2260.15,2259.019925,50,LONG,-17.95999999999367
cash_ACC,MovingAverage,2024-11-13 10:29:00,2024-11-13 10:40:00,2242.55,2243.671275,2237.35,2236.231325,50,LONG,-371.9974999999977
cash_ACC,MovingAverage,2024-11-13 11:53:00,2024-11-13 12:08:00,2226.05,2227.163025,2222.95,2221.838525,50,LONG,-266.2249999999858
cash_ACC,MovingAverage,2024-11-13 12:24:00,2024-11-13 12:39:00,2228.0,2229.114,2219.0,2217.8905,50,LONG,-561.1750000000029
cash_ACC,MovingAverage,2024-11-13 13:19:00,2024-11-13 13:33:00,2219.6,2220.7097999999996,2212.65,2211.5436750000003,50,LONG,-458.30624999996417
cash_ACC,MovingAverage,2024-11-13 13:43:00,2024-11-13 14:10:00,2220.05,2221.160025,2219.85,2218.740075,50,LONG,-120.99749999999858
cash_ACC,MovingAverage,2024-11-13 15:01:00,2024-11-13 15:05:00,2198.95,2200.049475,2194.5,2193.40275,50,LONG,-332.3362499999803
cash_ACC,MovingAverage,2024-11-13 15:08:00,2024-11-13 15:11:00,2193.9,2194.99695,2195.1,2194.00245,50,LONG,-49.72500000001219
cash_ACC,MovingAverage,2024-11-13 15:16:00,2024-11-14 09:30:00,2197.85,2198.9489249999997,2187.0,2185.9065,50,LONG,-652.121249999982
cash_ACC,MovingAverage,2024-11-14 09:58:00,2024-11-14 10:25:00,2203.8,2204.9019,2203.9,2202.7980500000003,50,LONG,-105.19249999997555
cash_ACC,MovingAverage,2024-11-14 10:42:00,2024-11-14 10:43:00,2207.1,2208.2035499999997,2205.45,2204.347275,50,LONG,-192.81374999998206
cash_ACC,MovingAverage,2024-11-14 12:07:00,2024-11-14 12:26:00,2186.75,2187.843375,2184.0,2182.908,50,LONG,-246.7687500000011
cash_ACC,MovingAverage,2024-11-14 12:48:00,2024-11-14 13:35:00,2187.5,2188.59375,2196.25,2195.151875,50,LONG,327.9062500000009
cash_ACC,MovingAverage,2024-11-14 14:07:00,2024-11-14 14:23:00,2193.6,2194.6967999999997,2190.85,2189.754575,50,LONG,-247.111249999989
cash_ACC,MovingAverage,2024-11-14 15:12:00,2024-11-18 09:22:00,2187.5,2188.59375,2178.35,2177.260825,50,LONG,-566.646250000008
cash_ACC,MovingAverage,2024-11-18 09:51:00,2024-11-18 10:28:00,2181.75,2182.840875,2185.7,2184.60715,50,LONG,88.31374999999753
cash_ACC,MovingAverage,2024-11-18 10:52:00,2024-11-18 11:11:00,2189.7,2190.7948499999998,2189.9,2188.8050500000004,50,LONG,-99.48999999996886
cash_ACC,MovingAverage,2024-11-18 11:27:00,2024-11-18 12:53:00,2193.2,2194.2965999999997,2205.55,2204.4472250000003,50,LONG,507.53125000003365
cash_ACC,MovingAverage,2024-11-18 13:42:00,2024-11-18 14:11:00,2204.65,2205.752325,2200.9,2199.79955,50,LONG,-297.63874999998734
cash_ACC,MovingAverage,2024-11-18 14:51:00,2024-11-18 15:12:00,2185.35,2186.442675,2181.8,2180.7091000000005,50,LONG,-286.67874999996457
cash_ACC,MovingAverage,2024-11-18 15:19:00,2024-11-19 10:23:00,2189.75,2190.844875,2223.4,2222.2883,50,LONG,1572.1712500000194
cash_ACC,MovingAverage,2024-11-19 10:28:00,2024-11-19 10:48:00,2227.8,2228.9139,2224.35,2223.237825,50,LONG,-283.80374999999276
cash_ACC,MovingAverage,2024-11-19 11:37:00,2024-11-19 11:47:00,2222.8,2223.9114,2220.9,2219.7895500000004,50,LONG,-206.092499999977
cash_ACC,MovingAverage,2024-11-19 12:52:00,2024-11-19 13:47:00,2214.25,2215.357125,2216.7,2215.59165,50,LONG,11.726249999992433
cash_ACC,MovingAverage,2024-11-21 10:06:00,2024-11-21 12:13:00,1932.05,1933.016025,2015.3,2014.2923500000002,50,LONG,4063.8162500000135
cash_ACC,MovingAverage,2024-11-21 12:21:00,2024-11-21 13:19:00,2013.65,2014.656825,2028.85,2027.835575,50,LONG,658.9375000000018
cash_ACC,MovingAverage,2024-11-21 13:33:00,2024-11-21 14:06:00,2037.65,2038.668825,2039.05,2038.030475,50,LONG,-31.91749999999729
cash_ACC,MovingAverage,2024-11-21 14:21:00,2024-11-21 14:35:00,2045.85,2046.872925,2033.05,2032.033475,50,LONG,-741.9724999999971
cash_ACC,MovingAverage,2024-11-21 14:57:00,2024-11-21 15:17:00,2039.65,2040.669825,2030.5,2029.48475,50,LONG,-559.2537499999935
cash_ACC,MovingAverage,2024-11-22 09:23:00,2024-11-22 09:48:00,2047.25,2048.273625,2047.35,2046.326325,50,LONG,-97.36499999999069
cash_ACC,MovingAverage,2024-11-22 10:02:00,2024-11-22 10:48:00,2056.85,2057.878425,2075.2,2074.1623999999997,50,LONG,814.1987499999914
cash_ACC,MovingAverage,2024-11-22 10:53:00,2024-11-22 11:43:00,2090.0,2091.045,2098.7,2097.65065,50,LONG,330.28249999999844
cash_ACC,MovingAverage,2024-11-22 11:58:00,2024-11-22 12:21:00,2114.4,2115.4572,2112.9,2111.84355,50,LONG,-180.68249999998898
cash_ACC,MovingAverage,2024-11-22 12:47:00,2024-11-22 13:10:00,2112.0,2113.056,2107.0,2105.9465,50,LONG,-355.4750000000013
cash_ACC,MovingAverage,2024-11-22 13:43:00,2024-11-22 13:56:00,2103.75,2104.801875,2098.2,2097.1509,50,LONG,-382.54875000000084
cash_ACC,MovingAverage,2024-11-22 15:18:00,2024-11-25 09:42:00,2091.5,2092.5457499999998,2112.45,2111.393775,50,LONG,942.4012500000117
cash_ACC,MovingAverage,2024-11-25 09:54:00,2024-11-25 11:07:00,2116.15,2117.208075,2153.85,2152.773075,50,LONG,1778.2500000000027
cash_ACC,MovingAverage,2024-11-25 11:09:00,2024-11-25 11:34:00,2157.85,2158.9289249999997,2155.3,2154.2223500000005,50,LONG,-235.32874999996238
cash_ACC,MovingAverage,2024-11-25 12:03:00,2024-11-25 12:32:00,2147.0,2148.0735,2148.7,2147.62565,50,LONG,-22.392500000000837
cash_ACC,MovingAverage,2024-11-25 12:42:00,2024-11-25 12:57:00,2154.7,2155.77735,2144.0,2142.9280000000003,50,LONG,-642.4674999999752
cash_ACC,MovingAverage,2024-11-25 13:26:00,2024-11-25 13:45:00,2145.5,2146.57275,2140.3,2139.22985,50,LONG,-367.14499999998225
cash_ACC,MovingAverage,2024-11-25 14:45:00,2024-11-25 15:09:00,2138.0,2139.069,2142.0,2140.929,50,LONG,93.00000000000637
cash_ACC,MovingAverage,2024-11-25 15:13:00,2024-11-26 09:17:00,2147.4,2148.4737,2139.4,2138.3303,50,LONG,-507.16999999999643
cash_ACC,MovingAverage,2024-11-26 09:20:00,2024-11-26 09:32:00,2150.0,2151.075,2148.15,2147.075925,50,LONG,-199.95374999998603
cash_ACC,MovingAverage,2024-11-26 09:34:00,2024-11-26 09:46:00,2148.5,2149.5742499999997,2138.0,2136.931,50,LONG,-632.1624999999813
cash_ACC,MovingAverage,2024-11-26 10:45:00,2024-11-26 11:16:00,2124.0,2125.062,2125.3,2124.2373500000003,50,LONG,-41.232499999978245
cash_ACC,MovingAverage,2024-11-26 11:28:00,2024-11-26 12:02:00,2128.55,2129.614275,2127.2,2126.1364,50,LONG,-173.893750000002
cash_ACC,MovingAverage,2024-11-26 12:47:00,2024-11-26 13:08:00,2121.25,2122.310625,2119.15,2118.0904250000003,50,LONG,-211.00999999998749
cash_ACC,MovingAverage,2024-11-26 13:26:00,2024-11-26 13:35:00,2120.0,2121.06,2118.65,2117.5906750000004,50,LONG,-173.46624999997857
cash_ACC,MovingAverage,2024-11-26 14:01:00,2024-11-26 14:14:00,2117.35,2118.4086749999997,2113.05,2111.993475,50,LONG,-320.75999999997293
cash_ACC,MovingAverage,2024-11-26 14:24:00,2024-11-26 15:08:00,2117.4,2118.4587,2116.8,2115.7416000000003,50,LONG,-135.8549999999923
cash_ACC,MovingAverage,2024-11-27 09:30:00,2024-11-27 09:57:00,2115.65,2116.707825,2120.25,2119.189875,50,LONG,124.1025000000036
cash_ACC,MovingAverage,2024-11-27 10:02:00,2024-11-27 10:31:00,2124.85,2125.912425,2125.75,2124.687125,50,LONG,-61.265000000003056
cash_ACC,MovingAverage,2024-11-27 10:46:00,2024-11-27 10:57:00,2135.95,2137.0179749999998,2134.25,2133.182875,50,LONG,-191.7549999999892
cash_ACC,MovingAverage,2024-11-27 11:04:00,2024-11-27 11:05:00,2133.9,2134.96695,2133.5,2132.43325,50,LONG,-126.68499999999767
cash_ACC,MovingAverage,2024-11-27 11:28:00,2024-11-27 11:55:00,2140.6,2141.6702999999998,2147.75,2146.676125,50,LONG,250.2912500000093
cash_ACC,MovingAverage,2024-11-27 12:14:00,2024-11-27 13:36:00,2155.3,2156.37765,2206.75,2205.6466250000003,50,LONG,2463.4487500000205
cash_ACC,MovingAverage,2024-11-27 13:48:00,2024-11-27 14:01:00,2215.9,2217.00795,2206.7,2205.59665,50,LONG,-570.5650000000105
cash_ACC,MovingAverage,2024-11-27 14:23:00,2024-11-27 14:55:00,2220.85,2221.9604249999998,2204.6,2203.4977,50,LONG,-923.1362499999932
cash_ACC,MovingAverage,2024-11-28 09:25:00,2024-11-28 09:29:00,2205.3,2206.40265,2205.05,2203.9474750000004,50,LONG,-122.75874999997995
cash_ACC,MovingAverage,2024-11-28 09:33:00,2024-11-28 10:08:00,2210.4,2211.5052,2218.0,2216.891,50,LONG,269.2900000000009
cash_ACC,MovingAverage,2024-11-28 11:31:00,2024-11-28 12:02:00,2199.05,2200.1495250000003,2202.1,2200.99895,50,LONG,42.47124999999414
cash_ACC,MovingAverage,2024-11-28 12:50:00,2024-11-28 13:37:00,2198.0,2199.0989999999997,2195.15,2194.0524250000003,50,LONG,-252.32874999996966
cash_ACC,MovingAverage,2024-11-28 14:00:00,2024-11-28 14:20:00,2199.6,2200.6998,2196.05,2194.9519750000004,50,LONG,-287.3912499999733
cash_ACC,MovingAverage,2024-11-28 14:35:00,2024-11-28 14:45:00,2202.55,2203.651275,2192.05,2190.9539750000004,50,LONG,-634.8649999999907
cash_ACC,MovingAverage,2024-11-28 15:15:00,2024-11-28 15:19:00,2186.35,2187.443175,2188.95,2187.855525,50,LONG,20.61750000000302
cash_ACC,MovingAverage,2024-11-29 09:21:00,2024-11-29 10:15:00,2208.45,2209.554225,2205.2,2204.0974,50,LONG,-272.84124999998767
cash_ACC,MovingAverage,2024-11-29 10:32:00,2024-11-29 11:05:00,2216.95,2218.058475,2210.5,2209.39475,50,LONG,-433.1862499999943
cash_ACC,MovingAverage,2024-11-29 11:31:00,2024-11-29 11:45:00,2215.55,2216.657775,2203.0,2201.8985000000002,50,LONG,-737.9637499999944
cash_ACC,MovingAverage,2024-11-29 12:08:00,2024-11-29 13:07:00,2205.5,2206.60275,2204.65,2203.5476750000003,50,LONG,-152.75374999998803
cash_ACC,MovingAverage,2024-11-29 13:28:00,2024-11-29 13:50:00,2206.95,2208.0534749999997,2207.55,2206.446225,50,LONG,-80.36249999997835
cash_ACC,MovingAverage,2024-11-29 13:56:00,2024-11-29 14:23:00,2219.85,2220.9599249999997,2223.85,2222.738075,50,LONG,88.90750000002754
cash_ACC,MovingAverage,2024-11-29 14:39:00,2024-11-29 15:03:00,2233.05,2234.166525,2225.55,2224.437225,50,LONG,-486.4649999999983
cash_ACC,MovingAverage,2024-12-02 09:15:00,2024-12-02 10:02:00,2226.7,2227.81335,2243.15,2242.0284250000004,50,LONG,710.7537500000262
cash_ACC,MovingAverage,2024-12-02 10:20:00,2024-12-02 10:25:00,2243.35,2244.471675,2238.05,2236.930975,50,LONG,-377.034999999978
cash_ACC,MovingAverage,2024-12-02 11:03:00,2024-12-02 11:15:00,2243.0,2244.1214999999997,2230.55,2229.4347250000005,50,LONG,-734.3387499999608
cash_ACC,MovingAverage,2024-12-02 11:53:00,2024-12-02 12:37:00,2229.0,2230.1144999999997,2234.7,2233.58265,50,LONG,173.40750000000753
cash_ACC,MovingAverage,2024-12-02 12:38:00,2024-12-02 12:44:00,2234.45,2235.567225,2234.85,2233.732575,50,LONG,-91.73249999998916
cash_ACC,MovingAverage,2024-12-02 13:22:00,2024-12-02 14:10:00,2237.2,2238.3185999999996,2238.6,2237.4807,50,LONG,-41.89499999997679
cash_ACC,MovingAverage,2024-12-02 14:39:00,2024-12-02 15:07:00,2236.75,2237.868375,2234.65,2233.5326750000004,50,LONG,-216.78499999998166
cash_ACC,MovingAverage,2024-12-03 09:20:00,2024-12-03 09:51:00,2238.95,2240.069475,2233.5,2232.3832500000003,50,LONG,-384.31124999997337
cash_ACC,MovingAverage,2024-12-03 09:59:00,2024-12-03 10:32:00,2241.0,2242.1205,2233.5,2232.3832500000003,50,LONG,-486.8624999999838
cash_ACC,MovingAverage,2024-12-03 10:59:00,2024-12-03 12:26:00,2235.0,2236.1175,2295.5,2294.35225,50,LONG,2911.737500000004
cash_ACC,MovingAverage,2024-12-03 13:21:00,2024-12-03 13:53:00,2295.0,2296.1475,2302.55,2301.3987250000005,50,LONG,262.5612500000216
cash_ACC,MovingAverage,2024-12-03 15:02:00,2024-12-03 15:26:00,2290.9,2292.04545,2290.0,2288.855,50,LONG,-159.52250000000276
cash_ACC,MovingAverage,2024-12-04 10:36:00,2024-12-04 10:38:00,2253.2,2254.3266,2251.0,2249.8745,50,LONG,-222.60499999999865
cash_ACC,MovingAverage,2024-12-04 11:10:00,2024-12-04 11:56:00,2248.95,2250.074475,2245.35,2244.227325,50,LONG,-292.3575000000028
cash_ACC,MovingAverage,2024-12-04 12:14:00,2024-12-04 12:40:00,2251.95,2253.0759749999997,2252.1,2250.97395,50,LONG,-105.10124999998425
cash_ACC,MovingAverage,2024-12-04 13:35:00,2024-12-04 13:44:00,2248.75,2249.874375,2246.65,2245.526675,50,LONG,-217.3849999999902
cash_ACC,MovingAverage,2024-12-04 15:14:00,2024-12-05 09:25:00,2239.7,2240.81985,2240.75,2239.629625,50,LONG,-59.51124999999138
cash_ACC,MovingAverage,2024-12-05 09:29:00,2024-12-05 09:42:00,2244.5,2245.62225,2239.5,2238.38025,50,LONG,-362.0999999999867
cash_ACC,MovingAverage,2024-12-05 10:05:00,2024-12-05 11:24:00,2237.95,2239.0689749999997,2258.15,2257.0209250000003,50,LONG,897.597500000029
cash_ACC,MovingAverage,2024-12-05 11:26:00,2024-12-05 11:35:00,2260.05,2261.180025,2258.2,2257.0709,50,LONG,-205.45624999999745
cash_ACC,MovingAverage,2024-12-05 11:44:00,2024-12-05 12:27:00,2264.0,2265.132,2266.35,2265.216825,50,LONG,4.241249999995489
cash_ACC,MovingAverage,2024-12-05 13:37:00,2024-12-05 13:43:00,2263.0,2264.1315,2262.2,2261.0688999999998,50,LONG,-153.1300000000101
cash_ACC,MovingAverage,2024-12-05 13:44:00,2024-12-05 13:49:00,2263.3,2264.43165,2264.15,2263.017925,50,LONG,-70.68624999999429
cash_ACC,MovingAverage,2024-12-05 14:24:00,2024-12-05 14:55:00,2259.65,2260.779825,2264.3,2263.1678500000003,50,LONG,119.4012500000099
cash_ACC,MovingAverage,2024-12-05 15:15:00,2024-12-06 09:45:00,2268.05,2269.184025,2268.6,2267.4657,50,LONG,-85.91624999999112
cash_ACC,MovingAverage,2024-12-06 10:08:00,2024-12-06 10:52:00,2264.25,2265.382125,2270.5,2269.36475,50,LONG,199.1312500000049
cash_ACC,MovingAverage,2024-12-06 12:00:00,2024-12-06 12:15:00,2269.0,2270.1344999999997,2262.0,2260.869,50,LONG,-463.274999999976
cash_ACC,MovingAverage,2024-12-06 12:29:00,2024-12-06 12:51:00,2267.6,2268.7338,2267.0,2265.8665,50,LONG,-143.36499999999432
cash_ACC,MovingAverage,2024-12-06 12:55:00,2024-12-06 13:05:00,2269.3,2270.43465,2267.05,2265.9164750000004,50,LONG,-225.90874999998505
cash_ACC,MovingAverage,2024-12-06 13:13:00,2024-12-06 13:20:00,2267.7,2268.8338499999995,2267.1,2265.96645,50,LONG,-143.3699999999817
cash_ACC,MovingAverage,2024-12-06 14:16:00,2024-12-06 14:26:00,2261.1,2262.2305499999998,2258.95,2257.820525,50,LONG,-220.50124999998388
cash_ACC,MovingAverage,2024-12-06 14:48:00,2024-12-06 15:04:00,2260.65,2261.780325,2256.55,2255.421725,50,LONG,-317.9300000000012
cash_ACC,MovingAverage,2024-12-06 15:18:00,2024-12-09 09:40:00,2258.65,2259.779325,2262.6,2261.4687,50,LONG,84.46874999999636
cash_ACC,MovingAverage,2024-12-09 09:49:00,2024-12-09 09:51:00,2261.85,2262.980925,2259.25,2258.120375,50,LONG,-243.02749999999378
cash_ACC,MovingAverage,2024-12-09 10:26:00,2024-12-09 10:52:00,2257.25,2258.378625,2252.95,2251.823525,50,LONG,-327.7550000000019
cash_ACC,MovingAverage,2024-12-09 11:02:00,2024-12-09 11:28:00,2261.0,2262.1304999999998,2264.95,2263.817525,50,LONG,84.3512500000088
cash_ACC,MovingAverage,2024-12-09 11:32:00,2024-12-09 11:51:00,2268.2,2269.3340999999996,2264.8,2263.6676,50,LONG,-283.324999999968
cash_ACC,MovingAverage,2024-12-09 12:11:00,2024-12-09 12:21:00,2266.35,2267.483175,2264.3,2263.1678500000003,50,LONG,-215.76624999997875
cash_ACC,MovingAverage,2024-12-09 12:54:00,2024-12-09 13:26:00,2263.95,2265.0819749999996,2263.7,2262.56815,50,LONG,-125.69124999997712
cash_ACC,MovingAverage,2024-12-09 14:45:00,2024-12-10 09:19:00,2255.0,2256.1275,2258.3,2257.1708500000004,50,LONG,52.16750000001866
cash_ACC,MovingAverage,2024-12-10 09:20:00,2024-12-10 09:26:00,2266.7,2267.83335,2254.35,2253.222825,50,LONG,-730.5262500000026
cash_ACC,MovingAverage,2024-12-10 09:28:00,2024-12-10 09:30:00,2261.75,2262.880875,2262.6,2261.4687,50,LONG,-70.60874999999669
cash_ACC,MovingAverage,2024-12-10 09:37:00,2024-12-10 10:02:00,2267.2,2268.3335999999995,2267.0,2265.8665,50,LONG,-123.35499999996955
cash_ACC,MovingAverage,2024-12-10 10:23:00,2024-12-10 10:40:00,2264.5,2265.6322499999997,2260.05,2258.9199750000002,50,LONG,-335.6137499999704
cash_ACC,MovingAverage,2024-12-10 12:32:00,2024-12-10 12:34:00,2246.9,2248.02345,2246.45,2245.326775,50,LONG,-134.83375000000706
cash_ACC,MovingAverage,2024-12-10 12:59:00,2024-12-10 13:09:00,2246.75,2247.8733749999997,2241.1,2239.97945,50,LONG,-394.6962499999927
cash_ACC,MovingAverage,2024-12-10 13:32:00,2024-12-10 13:45:00,2243.45,2244.571725,2239.0,2237.8805,50,LONG,-334.5612499999788
cash_ACC,MovingAverage,2024-12-10 14:07:00,2024-12-10 15:03:00,2239.8,2240.9199,2246.4,2245.2768,50,LONG,217.84500000001117
cash_ACC,MovingAverage,2024-12-10 15:17:00,2024-12-11 09:40:00,2249.7,2250.8248499999995,2274.75,2273.612625,50,LONG,1139.3887500000346
cash_ACC,MovingAverage,2024-12-11 09:56:00,2024-12-11 10:30:00,2277.35,2278.4886749999996,2278.6,2277.4607,50,LONG,-51.398749999975735
cash_ACC,MovingAverage,2024-12-11 11:17:00,2024-12-11 11:25:00,2272.65,2273.786325,2269.0,2267.8655000000003,50,LONG,-296.04124999998476
cash_ACC,MovingAverage,2024-12-11 12:58:00,2024-12-11 13:00:00,2257.05,2258.1785250000003,2255.75,2254.6221250000003,50,LONG,-177.81999999999698
cash_ACC,MovingAverage,2024-12-11 13:10:00,2024-12-11 13:24:00,2258.05,2259.179025,2255.95,2254.822025,50,LONG,-217.84999999999854
cash_ACC,MovingAverage,2024-12-11 13:35:00,2024-12-11 14:01:00,2258.45,2259.5792249999995,2256.65,2255.5216750000004,50,LONG,-202.87749999995413
cash_ACC,MovingAverage,2024-12-11 14:13:00,2024-12-11 14:19:00,2258.2,2259.3290999999995,2256.85,2255.721575,50,LONG,-180.37624999997206
cash_ACC,MovingAverage,2024-12-11 14:20:00,2024-12-11 14:21:00,2257.45,2258.578725,2257.45,2256.321275,50,LONG,-112.87250000000313
cash_ACC,MovingAverage,2024-12-11 14:22:00,2024-12-11 14:39:00,2258.6,2259.7293,2257.9,2256.7710500000003,50,LONG,-147.912499999984
cash_ACC,MovingAverage,2024-12-12 09:59:00,2024-12-12 10:13:00,2235.0,2236.1175,2230.25,2229.134875,50,LONG,-349.1312499999822
cash_ACC,MovingAverage,2024-12-12 10:23:00,2024-12-12 11:09:00,2235.85,2236.967925,2248.0,2246.876,50,LONG,495.40375000001404
cash_ACC,MovingAverage,2024-12-12 11:18:00,2024-12-12 11:33:00,2256.1,2257.2280499999997,2251.25,2250.1243750000003,50,LONG,-355.1837499999692
cash_ACC,MovingAverage,2024-12-12 12:32:00,2024-12-12 13:02:00,2251.1,2252.2255499999997,2249.3,2248.1753500000004,50,LONG,-202.5099999999611
cash_ACC,MovingAverage,2024-12-12 15:06:00,2024-12-12 15:23:00,2231.3,2232.41565,2230.0,2228.885,50,LONG,-176.5324999999848
cash_ACC,MovingAverage,2024-12-13 09:50:00,2024-12-13 09:54:00,2220.55,2221.660275,2218.55,2217.4407250000004,50,LONG,-210.97749999998996
cash_ACC,MovingAverage,2024-12-13 10:53:00,2024-12-13 12:35:00,2202.95,2204.0514749999998,2222.75,2221.638625,50,LONG,879.3575000000146
cash_ACC,MovingAverage,2024-12-13 12:55:00,2024-12-13 13:22:00,2226.85,2227.963425,2226.8,2225.6866000000005,50,LONG,-113.84124999997312
cash_ACC,MovingAverage,2024-12-13 13:36:00,2024-12-13 14:11:00,2230.85,2231.965425,2234.2,2233.0829,50,LONG,55.873750000000655
cash_ACC,MovingAverage,2024-12-13 14:28:00,2024-12-13 14:38:00,2234.4,2235.5172,2231.35,2230.234325,50,LONG,-264.1437499999938
cash_ACC,MovingAverage,2024-12-13 14:58:00,2024-12-16 09:38:00,2241.05,2242.170525,2261.1,2259.96945,50,LONG,889.9462500000027
cash_ACC,MovingAverage,2024-12-16 09:45:00,2024-12-16 09:57:00,2265.6,2266.7327999999998,2255.85,2254.722075,50,LONG,-600.5362499999819
cash_ACC,MovingAverage,2024-12-16 10:55:00,2024-12-16 11:12:00,2252.6,2253.7263,2245.0,2243.8775,50,LONG,-492.4399999999878
cash_ACC,MovingAverage,2024-12-16 11:41:00,2024-12-16 11:43:00,2242.3,2243.42115,2240.0,2238.88,50,LONG,-227.0575000000008
cash_ACC,MovingAverage,2024-12-16 12:24:00,2024-12-16 12:57:00,2242.0,2243.121,2242.2,2241.0789,50,LONG,-102.10500000000593
cash_ACC,MovingAverage,2024-12-16 13:12:00,2024-12-16 13:29:00,2243.0,2244.1214999999997,2241.7,2240.57915,50,LONG,-177.11749999998574
cash_ACC,MovingAverage,2024-12-16 13:53:00,2024-12-16 14:34:00,2243.45,2244.571725,2249.5,2248.37525,50,LONG,190.17625000001317
cash_ACC,MovingAverage,2024-12-16 14:51:00,2024-12-16 15:10:00,2251.15,2252.275575,2247.1,2245.97645,50,LONG,-314.9562500000002
cash_ACC,MovingAverage,2024-12-17 10:19:00,2024-12-17 10:25:00,2233.7,2234.8168499999997,2229.35,2228.235325,50,LONG,-329.07624999998006
cash_ACC,MovingAverage,2024-12-17 10:42:00,2024-12-17 11:00:00,2234.6,2235.7173,2233.0,2231.8835,50,LONG,-191.68999999999414
cash_ACC,MovingAverage,2024-12-17 11:17:00,2024-12-17 11:27:00,2235.45,2236.567725,2231.45,2230.334275,50,LONG,-311.67249999998603
cash_ACC,MovingAverage,2024-12-17 12:31:00,2024-12-17 12:44:00,2216.65,2217.758325,2213.3,2212.1933500000005,50,LONG,-278.2487499999661
cash_ACC,MovingAverage,2024-12-17 13:41:00,2024-12-17 13:58:00,2207.15,2208.253575,2203.2,2202.0984,50,LONG,-307.75875000001633
cash_ACC,MovingAverage,2024-12-17 14:00:00,2024-12-17 14:03:00,2209.0,2210.1045,2204.9,2203.7975500000002,50,LONG,-315.3474999999844
cash_ACC,MovingAverage,2024-12-17 15:07:00,2024-12-17 15:15:00,2201.55,2202.650775,2199.05,2197.950475,50,LONG,-235.0149999999985
cash_ACC,MovingAverage,2024-12-18 09:38:00,2024-12-18 09:57:00,2191.7,2192.7958499999995,2182.3,2181.2088500000004,50,LONG,-579.349999999954
cash_ACC,MovingAverage,2024-12-18 10:20:00,2024-12-18 10:52:00,2186.15,2187.243075,2182.3,2181.2088500000004,50,LONG,-301.7112499999712
cash_ACC,MovingAverage,2024-12-18 12:11:00,2024-12-18 12:39:00,2152.9,2153.97645,2152.25,2151.173875,50,LONG,-140.12875000000804
cash_ACC,MovingAverage,2024-12-18 13:11:00,2024-12-18 13:28:00,2154.6,2155.6773,2153.2,2152.1234,50,LONG,-177.69499999999425
cash_ACC,MovingAverage,2024-12-18 13:59:00,2024-12-18 14:16:00,2150.2,2151.2751,2146.2,2145.1268999999998,50,LONG,-307.4100000000044
cash_ACC,MovingAverage,2024-12-18 14:53:00,2024-12-18 15:02:00,2143.0,2144.0715,2142.5,2141.42875,50,LONG,-132.1374999999989
cash_ACC,MovingAverage,2024-12-18 15:03:00,2024-12-18 15:12:00,2146.55,2147.623275,2140.0,2138.9300000000003,50,LONG,-434.6637499999815
cash_ACC,MovingAverage,2024-12-19 09:44:00,2024-12-19 10:06:00,2118.0,2119.0589999999997,2112.2,2111.1439,50,LONG,-395.75499999998556
cash_ACC,MovingAverage,2024-12-19 10:26:00,2024-12-19 10:51:00,2114.05,2115.1070250000002,2114.9,2113.8425500000003,50,LONG,-63.22374999999738
cash_ACC,MovingAverage,2024-12-19 11:17:00,2024-12-19 11:42:00,2119.6,2120.6598,2120.4,2119.3398,50,LONG,-65.99999999998545
cash_ACC,MovingAverage,2024-12-19 12:50:00,2024-12-19 13:24:00,2115.9,2116.95795,2118.65,2117.5906750000004,50,LONG,31.636250000019572
cash_ACC,MovingAverage,2024-12-19 14:50:00,2024-12-19 15:18:00,2115.0,2116.0575,2113.5,2112.4432500000003,50,LONG,-180.71249999998145
cash_ACC,MovingAverage,2024-12-20 09:19:00,2024-12-20 09:31:00,2120.85,2121.9104249999996,2111.05,2109.9944750000004,50,LONG,-595.7974999999578
cash_ACC,MovingAverage,2024-12-20 09:42:00,2024-12-20 09:50:00,2119.45,2120.509725,2108.5,2107.4457500000003,50,LONG,-653.1987499999786
cash_ACC,MovingAverage,2024-12-20 09:59:00,2024-12-20 10:06:00,2116.0,2117.058,2114.9,2113.8425500000003,50,LONG,-160.77249999998457
cash_ACC,MovingAverage,2024-12-20 10:07:00,2024-12-20 10:08:00,2116.15,2117.208075,2115.3,2114.2423500000004,50,LONG,-148.28624999997828
cash_ACC,MovingAverage,2024-12-20 10:10:00,2024-12-20 10:24:00,2115.4,2116.4577,2110.25,2109.194875,50,LONG,-363.14124999998967
cash_ACC,MovingAverage,2024-12-20 10:43:00,2024-12-20 11:19:00,2114.6,2115.6573,2114.4,2113.3428000000004,50,LONG,-115.7249999999749
cash_ACC,MovingAverage,2024-12-20 11:31:00,2024-12-20 12:13:00,2119.0,2120.0595,2125.2,2124.1374,50,LONG,203.89500000001135
cash_ACC,MovingAverage,2024-12-20 12:41:00,2024-12-20 12:45:00,2121.2,2122.2605999999996,2118.6,2117.5407,50,LONG,-235.99499999997988
cash_ACC,MovingAverage,2024-12-20 13:31:00,2024-12-20 13:37:00,2106.4,2107.4532,2103.0,2101.9485,50,LONG,-275.23499999999785
cash_ACC,MovingAverage,2024-12-20 14:35:00,2024-12-20 14:38:00,2085.85,2086.8929249999997,2081.35,2080.309325,50,LONG,-329.1799999999739
cash_ACC,MovingAverage,2024-12-23 09:15:00,2024-12-23 09:33:00,2071.2,2072.2355999999995,2064.05,2063.017975,50,LONG,-460.8812499999658
cash_ACC,MovingAverage,2024-12-23 09:51:00,2024-12-23 09:59:00,2061.9,2062.93095,2059.0,2057.9705,50,LONG,-248.02250000000186
cash_ACC,MovingAverage,2024-12-23 10:00:00,2024-12-23 11:41:00,2058.55,2059.579275,2102.5,2101.44875,50,LONG,2093.4737499999983
cash_ACC,MovingAverage,2024-12-23 11:47:00,2024-12-23 12:06:00,2104.45,2105.5022249999997,2102.95,2101.898525,50,LONG,-180.18499999998312
cash_ACC,MovingAverage,2024-12-23 12:23:00,2024-12-23 12:31:00,2105.0,2106.0525,2098.65,2097.600675,50,LONG,-422.5912499999822
cash_ACC,MovingAverage,2024-12-23 12:49:00,2024-12-23 12:56:00,2101.85,2102.900925,2097.1,2096.05145,50,LONG,-342.4737499999992
cash_ACC,MovingAverage,2024-12-23 13:44:00,2024-12-23 14:03:00,2099.45,2100.4997249999997,2092.85,2091.803575,50,LONG,-434.80749999998807
cash_ACC,MovingAverage,2024-12-23 14:21:00,2024-12-23 14:53:00,2098.6,2099.6492999999996,2098.0,2096.951,50,LONG,-134.91499999997814
cash_ACC,MovingAverage,2024-12-23 15:11:00,2024-12-23 15:27:00,2100.75,2101.800375,2097.8,2096.7511000000004,50,LONG,-252.46374999996988
cash_ACC,MovingAverage,2024-12-24 09:45:00,2024-12-24 10:19:00,2095.75,2096.7978749999997,2101.5,2100.44925,50,LONG,182.56875000001855
cash_ACC,MovingAverage,2024-12-24 10:24:00,2024-12-24 10:47:00,2102.65,2103.701325,2100.4,2099.3498000000004,50,LONG,-217.57624999997915
cash_ACC,MovingAverage,2024-12-24 11:22:00,2024-12-24 12:03:00,2097.1,2098.14855,2101.65,2100.5991750000003,50,LONG,122.53125000002001
cash_ACC,MovingAverage,2024-12-24 12:37:00,2024-12-24 13:04:00,2097.85,2098.898925,2095.55,2094.502225,50,LONG,-219.83499999998912
cash_ACC,MovingAverage,2024-12-24 13:23:00,2024-12-24 13:35:00,2096.85,2097.898425,2093.75,2092.703125,50,LONG,-259.76499999999305
cash_ACC,MovingAverage,2024-12-24 14:22:00,2024-12-24 14:38:00,2077.0,2078.0385,2075.05,2074.0124750000004,50,LONG,-201.30124999998316
cash_ACC,MovingAverage,2024-12-24 14:52:00,2024-12-24 15:18:00,2078.4,2079.4392,2078.75,2077.710625,50,LONG,-86.42874999998185
cash_ACC,MovingAverage,2024-12-26 09:17:00,2024-12-26 09:29:00,2083.75,2084.791875,2078.65,2077.6106750000004,50,LONG,-359.05999999997675
cash_ACC,MovingAverage,2024-12-26 09:46:00,2024-12-26 10:09:00,2085.9,2086.94295,2081.6,2080.5592,50,LONG,-319.1874999999982
cash_ACC,MovingAverage,2024-12-26 10:18:00,2024-12-26 10:20:00,2085.45,2086.4927249999996,2080.55,2079.5097250000003,50,LONG,-349.14999999996326
cash_ACC,MovingAverage,2024-12-26 11:03:00,2024-12-26 11:23:00,2083.45,2084.491725,2079.5,2078.46025,50,LONG,-301.57374999998865
cash_ACC,MovingAverage,2024-12-26 12:30:00,2024-12-26 13:38:00,2074.8,2075.8374,2085.95,2084.907025,50,LONG,453.48125000000437
cash_ACC,MovingAverage,2024-12-26 13:48:00,2024-12-26 14:15:00,2093.7,2094.7468499999995,2090.35,2089.304825,50,LONG,-272.1012499999688
cash_ACC,MovingAverage,2024-12-26 14:25:00,2024-12-26 15:00:00,2098.35,2099.399175,2092.15,2091.1039250000003,50,LONG,-414.76249999998345
cash_ACC,MovingAverage,2024-12-27 09:17:00,2024-12-27 09:56:00,2092.15,2093.196075,2097.65,2096.6011750000002,50,LONG,170.25500000002012
cash_ACC,MovingAverage,2024-12-27 09:59:00,2024-12-27 10:02:00,2096.5,2097.54825,2097.6,2096.5512,50,LONG,-49.852499999997235
cash_ACC,MovingAverage,2024-12-27 10:10:00,2024-12-27 10:12:00,2096.4,2097.4482,2093.9,2092.85305,50,LONG,-229.75749999998243
cash_ACC,MovingAverage,2024-12-27 10:37:00,2024-12-27 10:44:00,2095.05,2096.097525,2091.7,2090.65415,50,LONG,-272.16875000001437
cash_ACC,MovingAverage,2024-12-27 11:02:00,2024-12-27 11:22:00,2093.5,2094.54675,2093.9,2092.85305,50,LONG,-84.6849999999904
cash_ACC,MovingAverage,2024-12-27 13:14:00,2024-12-27 13:37:00,2070.4,2071.4352,2069.5,2068.46525,50,LONG,-148.49749999998494
cash_ACC,MovingAverage,2024-12-27 13:42:00,2024-12-27 14:07:00,2071.0,2072.0355,2068.0,2066.966,50,LONG,-253.4750000000031
cash_ACC,MovingAverage,2024-12-27 14:39:00,2024-12-27 14:53:00,2067.5,2068.53375,2063.2,2062.1684,50,LONG,-318.26750000000175
cash_ACC,MovingAverage,2024-12-27 15:11:00,2024-12-30 09:18:00,2066.0,2067.033,2062.25,2061.218875,50,LONG,-290.7062499999938
cash_ACC,MovingAverage,2024-12-30 09:19:00,2024-12-30 10:13:00,2068.55,2069.584275,2089.4,2088.3553,50,LONG,938.5512500000004
cash_ACC,MovingAverage,2024-12-30 10:30:00,2024-12-30 10:59:00,2100.0,2101.0499999999997,2096.2,2095.1519,50,LONG,-294.9049999999943
cash_ACC,MovingAverage,2024-12-30 12:10:00,2024-12-30 12:30:00,2086.9,2087.9434499999998,2082.95,2081.908525,50,LONG,-301.7462499999965
cash_ACC,MovingAverage,2024-12-30 13:16:00,2024-12-30 13:26:00,2079.05,2080.089525,2073.0,2071.9635000000003,50,LONG,-406.3012499999786
cash_ACC,MovingAverage,2024-12-30 14:38:00,2024-12-30 14:57:00,2066.8,2067.8334,2068.65,2067.615675,50,LONG,-10.886249999998654
cash_ACC,MovingAverage,2024-12-30 15:29:00,2024-12-31 09:29:00,2059.9,2060.92995,2053.3,2052.2733500000004,50,LONG,-432.8299999999899
cash_ACC,MovingAverage,2024-12-31 09:59:00,2024-12-31 10:06:00,2059.2,2060.2295999999997,2044.3,2043.2778500000002,50,LONG,-847.5874999999746
cash_ACC,MovingAverage,2024-12-31 10:57:00,2024-12-31 11:39:00,2045.55,2046.5727749999999,2054.0,2052.973,50,LONG,320.01125000000457
cash_ACC,MovingAverage,2024-12-31 12:20:00,2024-12-31 12:48:00,2050.0,2051.025,2049.4,2048.3753,50,LONG,-132.48499999999694
cash_ACC,MovingAverage,2024-12-31 12:51:00,2024-12-31 13:07:00,2052.4,2053.4262,2050.1,2049.07495,50,LONG,-217.56249999998545
cash_ACC,MovingAverage,2024-12-31 13:25:00,2024-12-31 14:19:00,2055.0,2056.0274999999997,2059.8,2058.7701,50,LONG,137.13000000002467
cash_ACC,MovingAverage,2024-12-31 14:40:00,2024-12-31 14:57:00,2061.4,2062.4307,2057.9,2056.87105,50,LONG,-277.9824999999846
cash_ACC,MovingAverage,2025-01-01 09:16:00,2025-01-01 09:25:00,2056.4,2057.4282,2048.55,2047.5257250000002,50,LONG,-495.123749999982
cash_ACC,MovingAverage,2025-01-01 09:42:00,2025-01-01 09:48:00,2053.95,2054.9769749999996,2041.1,2040.07945,50,LONG,-744.8762499999816
cash_ACC,MovingAverage,2025-01-01 10:16:00,2025-01-01 11:28:00,2037.4,2038.4187,2044.0,2042.978,50,LONG,227.96500000000606
cash_ACC,MovingAverage,2025-01-01 11:46:00,2025-01-01 12:48:00,2048.75,2049.774375,2054.05,2053.0229750000003,50,LONG,162.43000000001757
cash_ACC,MovingAverage,2025-01-01 13:41:00,2025-01-01 14:19:00,2050.6,2051.6252999999997,2054.0,2052.973,50,LONG,67.38500000001295
cash_ACC,MovingAverage,2025-01-01 14:43:00,2025-01-01 15:06:00,2057.6,2058.6288,2051.2,2050.1744,50,LONG,-422.7200000000039
cash_ACC,MovingAverage,2025-01-02 09:15:00,2025-01-02 09:47:00,2055.85,2056.877925,2057.7,2056.67115,50,LONG,-10.33874999998261
cash_ACC,MovingAverage,2025-01-02 10:18:00,2025-01-02 10:31:00,2050.95,2051.9754749999997,2044.0,2042.978,50,LONG,-449.8737499999834
cash_ACC,MovingAverage,2025-01-02 10:52:00,2025-01-02 11:05:00,2048.05,2049.074025,2043.0,2041.9785000000002,50,LONG,-354.77624999998625
cash_ACC,MovingAverage,2025-01-02 11:29:00,2025-01-02 11:47:00,2046.0,2047.023,2042.0,2040.979,50,LONG,-302.19999999999345
cash_ACC,MovingAverage,2025-01-02 12:00:00,2025-01-02 12:36:00,2048.3,2049.32415,2064.05,2063.017975,50,LONG,684.6912500000144
cash_ACC,MovingAverage,2025-01-02 12:58:00,2025-01-02 14:00:00,2067.2,2068.2335999999996,2075.7,2074.66215,50,LONG,321.42750000002707
cash_ACC,MovingAverage,2025-01-02 14:13:00,2025-01-02 14:29:00,2078.2,2079.2391,2076.75,2075.711625,50,LONG,-176.37374999999338
cash_ACC,MovingAverage,2025-01-02 14:41:00,2025-01-02 14:48:00,2080.25,2081.290125,2069.85,2068.815075,50,LONG,-623.7525000000005
cash_ACC,MovingAverage,2025-01-02 15:29:00,2025-01-03 09:15:00,2072.0,2073.036,2068.35,2067.315825,50,LONG,-286.0087499999963
cash_ACC,MovingAverage,2025-01-03 09:16:00,2025-01-03 09:17:00,2072.1,2073.1360499999996,2067.25,2066.216375,50,LONG,-345.98374999998214
cash_ACC,MovingAverage,2025-01-03 09:18:00,2025-01-03 09:51:00,2069.8,2070.8349000000003,2069.05,2068.015475,50,LONG,-140.97125000000688
cash_ACC,MovingAverage,2025-01-03 10:06:00,2025-01-03 10:13:00,2076.0,2077.038,2069.3,2068.26535,50,LONG,-438.63249999999425
cash_ACC,MovingAverage,2025-01-03 11:04:00,2025-01-03 11:41:00,2065.45,2066.482725,2067.25,2066.216375,50,LONG,-13.317499999993743
cash_ACC,MovingAverage,2025-01-03 12:00:00,2025-01-03 12:07:00,2069.95,2070.984975,2063.75,2062.7181250000003,50,LONG,-413.3424999999761
cash_ACC,MovingAverage,2025-01-03 13:21:00,2025-01-03 13:39:00,2058.55,2059.579275,2057.8,2056.7711000000004,50,LONG,-140.40874999998323
cash_ACC,MovingAverage,2025-01-03 14:32:00,2025-01-03 15:01:00,2055.0,2056.0274999999997,2056.9,2055.8715500000003,50,LONG,-7.797499999969659
cash_ACC,MovingAverage,2025-01-06 10:06:00,2025-01-06 10:32:00,2034.45,2035.4672249999999,2036.9,2035.8815500000003,50,LONG,20.716250000020864
cash_ACC,MovingAverage,2025-01-06 11:31:00,2025-01-06 11:49:00,2007.85,2008.853925,1992.55,1991.553725,50,LONG,-865.0099999999952
cash_ACC,MovingAverage,2025-01-06 12:09:00,2025-01-06 12:33:00,2003.4,2004.4017,2003.1,2002.09845,50,LONG,-115.16249999999673
cash_ACC,MovingAverage,2025-01-06 12:40:00,2025-01-06 12:49:00,2008.0,2009.004,2002.05,2001.0489750000002,50,LONG,-397.7512499999875
cash_ACC,MovingAverage,2025-01-06 12:56:00,2025-01-06 13:14:00,2007.0,2008.0034999999998,2001.45,2000.4492750000002,50,LONG,-377.71124999998165
cash_ACC,MovingAverage,2025-01-06 14:09:00,2025-01-06 14:21:00,1994.05,1995.0470249999998,1988.45,1987.4557750000001,50,LONG,-379.5624999999859
cash_ACC,MovingAverage,2025-01-06 14:54:00,2025-01-06 15:10:00,1990.4,1991.3952,1986.55,1985.5567250000001,50,LONG,-291.92374999998947
cash_ACC,MovingAverage,2025-01-06 15:27:00,2025-01-07 09:54:00,1988.0,1988.994,2010.8,2009.7946000000002,50,LONG,1040.030000000013
cash_ACC,MovingAverage,2025-01-07 10:18:00,2025-01-07 11:09:00,2007.2,2008.2035999999998,2007.0,2005.9965000000002,50,LONG,-110.35499999998137
cash_ACC,MovingAverage,2025-01-07 11:28:00,2025-01-07 11:53:00,2013.65,2014.656825,2013.55,2012.5432250000001,50,LONG,-105.67999999999529
cash_ACC,MovingAverage,2025-01-07 12:38:00,2025-01-07 12:59:00,2007.85,2008.853925,2004.45,2003.447775,50,LONG,-270.3074999999899
cash_ACC,MovingAverage,2025-01-07 13:15:00,2025-01-07 13:51:00,2007.9,2008.90395,2008.75,2007.745625,50,LONG,-57.91624999999385
cash_ACC,MovingAverage,2025-01-07 14:10:00,2025-01-07 14:29:00,2012.5,2013.50625,2005.95,2004.9470250000002,50,LONG,-427.9612499999871
cash_ACC,MovingAverage,2025-01-07 14:49:00,2025-01-07 15:27:00,2010.0,2011.0049999999999,2019.0,2017.9905,50,LONG,349.27500000001146
cash_ACC,MovingAverage,2025-01-08 09:17:00,2025-01-08 09:20:00,2021.65,2022.660825,2010.2,2009.1949000000002,50,LONG,-673.2962499999871
cash_ACC,MovingAverage,2025-01-08 09:39:00,2025-01-08 10:12:00,2017.15,2018.158575,2021.6,2020.5892000000001,50,LONG,121.53125000000955
cash_ACC,MovingAverage,2025-01-08 10:19:00,2025-01-08 10:23:00,2024.9,2025.91245,2019.7,2018.6901500000001,50,LONG,-361.11499999999523
cash_ACC,MovingAverage,2025-01-08 11:17:00,2025-01-08 11:45:00,2015.35,2016.3576749999997,2014.1,2013.09295,50,LONG,-163.23624999998856
cash_ACC,MovingAverage,2025-01-08 12:00:00,2025-01-08 12:16:00,2019.9,2020.90995,2012.0,2010.9940000000001,50,LONG,-495.79749999999194
cash_ACC,MovingAverage,2025-01-08 12:52:00,2025-01-08 13:09:00,2015.25,2016.257625,2009.05,2008.0454750000001,50,LONG,-410.6074999999919
cash_ACC,MovingAverage,2025-01-08 13:25:00,2025-01-08 13:40:00,2014.2,2015.2070999999999,2009.4,2008.3953000000001,50,LONG,-340.58999999998605
cash_ACC,MovingAverage,2025-01-08 13:50:00,2025-01-08 14:31:00,2012.75,2013.756375,2015.0,2013.9925,50,LONG,11.806250000006457
cash_ACC,MovingAverage,2025-01-09 10:16:00,2025-01-09 10:21:00,1974.1,1975.0870499999999,1971.95,1970.9640250000002,50,LONG,-206.15124999998216
cash_ACC,MovingAverage,2025-01-09 10:42:00,2025-01-09 10:53:00,1972.25,1973.236125,1963.5,1962.51825,50,LONG,-535.8937499999911
cash_ACC,MovingAverage,2025-01-09 11:21:00,2025-01-09 11:50:00,1958.2,1959.1790999999998,1958.1,1957.12095,50,LONG,-102.90749999999207
cash_ACC,MovingAverage,2025-01-09 12:12:00,2025-01-09 12:31:00,1962.05,1963.0310249999998,1957.75,1956.7711250000002,50,LONG,-312.99499999997806
cash_ACC,MovingAverage,2025-01-09 12:49:00,2025-01-09 12:57:00,1960.5,1961.4802499999998,1959.1,1958.1204500000001,50,LONG,-167.98999999998614
cash_ACC,MovingAverage,2025-01-09 13:08:00,2025-01-09 13:33:00,1961.35,1962.3306749999997,1958.0,1957.0210000000002,50,LONG,-265.48374999997577
cash_ACC,MovingAverage,2025-01-09 13:38:00,2025-01-09 14:29:00,1963.55,1964.531775,1966.85,1965.866575,50,LONG,66.74000000000433
cash_ACC,MovingAverage,2025-01-09 14:43:00,2025-01-09 15:05:00,1971.15,1972.135575,1971.05,1970.0644750000001,50,LONG,-103.55499999999438
cash_ACC,MovingAverage,2025-01-09 15:24:00,2025-01-10 09:17:00,1974.0,1974.9869999999999,1965.55,1964.567225,50,LONG,-520.9887499999923
cash_ACC,MovingAverage,2025-01-10 10:27:00,2025-01-10 11:32:00,1938.0,1938.9689999999998,1959.1,1958.1204500000001,50,LONG,957.5725000000148
cash_ACC,MovingAverage,2025-01-10 12:19:00,2025-01-10 12:27:00,1956.0,1956.9779999999998,1950.9,1949.9245500000002,50,LONG,-352.67249999998285
cash_ACC,MovingAverage,2025-01-10 12:55:00,2025-01-10 13:05:00,1950.9,1951.87545,1947.3,1946.32635,50,LONG,-277.45499999999765
cash_ACC,MovingAverage,2025-01-10 13:21:00,2025-01-10 13:31:00,1949.0,1949.9744999999998,1946.2,1945.2269000000001,50,LONG,-237.37999999998465
cash_ACC,MovingAverage,2025-01-10 13:33:00,2025-01-10 13:34:00,1947.3,1948.2736499999999,1946.65,1945.6766750000002,50,LONG,-129.8487499999851
cash_ACC,MovingAverage,2025-01-10 14:48:00,2025-01-10 15:03:00,1929.4,1930.3647,1928.45,1927.485775,50,LONG,-143.94624999999905
cash_ACC,MovingAverage,2025-01-10 15:12:00,2025-01-13 09:15:00,1933.45,1934.416725,1901.0,1900.0495,50,LONG,-1718.361249999998
cash_ACC,MovingAverage,2025-01-13 09:52:00,2025-01-13 10:18:00,1900.45,1901.4002249999999,1892.6,1891.6537,50,LONG,-487.3262499999896
cash_ACC,MovingAverage,2025-01-13 10:30:00,2025-01-13 10:56:00,1901.45,1902.400725,1897.0,1896.0515,50,LONG,-317.46124999999665
cash_ACC,MovingAverage,2025-01-13 11:52:00,2025-01-13 12:27:00,1893.7,1894.6468499999999,1893.55,1892.603225,50,LONG,-102.18124999998963
cash_ACC,MovingAverage,2025-01-13 12:47:00,2025-01-13 12:48:00,1888.25,1889.194125,1887.65,1886.7061750000003,50,LONG,-124.3974999999864
cash_ACC,MovingAverage,2025-01-13 13:23:00,2025-01-13 13:24:00,1885.25,1886.192625,1885.45,1884.5072750000002,50,LONG,-84.2674999999872
cash_ACC,MovingAverage,2025-01-13 13:26:00,2025-01-13 13:39:00,1887.95,1888.893975,1881.35,1880.409325,50,LONG,-424.2324999999937
cash_ACC,MovingAverage,2025-01-13 14:50:00,2025-01-13 15:11:00,1862.0,1862.9309999999998,1857.6,1856.6712,50,LONG,-312.9899999999907
cash_ACC,MovingAverage,2025-01-13 15:20:00,2025-01-14 09:42:00,1866.05,1866.9830249999998,1893.45,1892.5032750000003,50,LONG,1276.0125000000244
cash_ACC,MovingAverage,2025-01-14 09:48:00,2025-01-14 10:11:00,1907.8,1908.7539,1902.7,1901.7486500000002,50,LONG,-350.26249999998527
cash_ACC,MovingAverage,2025-01-14 10:14:00,2025-01-14 10:24:00,1907.2,1908.1535999999999,1899.1,1898.15045,50,LONG,-500.1574999999889
cash_ACC,MovingAverage,2025-01-14 10:37:00,2025-01-14 11:24:00,1906.35,1907.3031749999998,1935.85,1934.882075,50,LONG,1378.9450000000102
cash_ACC,MovingAverage,2025-01-14 12:40:00,2025-01-14 13:05:00,1919.95,1920.909975,1923.65,1922.6881750000002,50,LONG,88.91000000000986
cash_ACC,MovingAverage,2025-01-14 13:10:00,2025-01-14 14:46:00,1926.4,1927.3632,1946.7,1945.72665,50,LONG,918.1725000000029
cash_ACC,MovingAverage,2025-01-14 15:03:00,2025-01-14 15:18:00,1946.55,1947.5232749999998,1945.85,1944.877075,50,LONG,-132.30999999998403
cash_ACC,MovingAverage,2025-01-14 15:25:00,2025-01-15 10:05:00,1949.75,1950.7248749999999,1957.85,1956.871075,50,LONG,307.31000000000677
cash_ACC,MovingAverage,2025-01-15 10:30:00,2025-01-15 10:34:00,1958.45,1959.4292249999999,1958.25,1957.2708750000002,50,LONG,-107.91749999998501
cash_ACC,MovingAverage,2025-01-15 11:10:00,2025-01-15 11:12:00,1958.95,1959.929475,1954.0,1953.0230000000001,50,LONG,-345.32374999998865
cash_ACC,MovingAverage,2025-01-15 11:14:00,2025-01-15 11:33:00,1958.9,1959.87945,1954.0,1953.0230000000001,50,LONG,-342.8224999999884
cash_ACC,MovingAverage,2025-01-15 11:48:00,2025-01-15 12:03:00,1960.1,1961.0800499999998,1956.75,1955.771625,50,LONG,-265.4212499999858
cash_ACC,MovingAverage,2025-01-15 12:33:00,2025-01-15 13:01:00,1956.75,1957.728375,1960.2,1959.2199,50,LONG,74.5762500000069
cash_ACC,MovingAverage,2025-01-15 13:41:00,2025-01-15 14:21:00,1954.25,1955.227125,1955.25,1954.272375,50,LONG,-47.737499999993815
cash_ACC,MovingAverage,2025-01-15 14:37:00,2025-01-16 09:44:00,1961.15,1962.130575,2030.25,2029.234875,50,LONG,3355.2150000000097
cash_ACC,MovingAverage,2025-01-16 10:18:00,2025-01-16 10:29:00,2033.0,2034.0165,2029.0,2027.9855,50,LONG,-301.54999999999745
cash_ACC,MovingAverage,2025-01-16 11:19:00,2025-01-16 11:49:00,2011.05,2012.0555249999998,2008.1,2007.0959500000001,50,LONG,-247.97874999998157
cash_ACC,MovingAverage,2025-01-16 12:47:00,2025-01-16 13:06:00,1999.6,2000.5997999999997,1998.55,1997.550725,50,LONG,-152.45374999998376
cash_ACC,MovingAverage,2025-01-16 13:33:00,2025-01-16 13:37:00,1998.5,1999.4992499999998,1996.25,1995.2518750000002,50,LONG,-212.36874999998463
cash_ACC,MovingAverage,2025-01-16 14:06:00,2025-01-16 14:22:00,1998.0,1998.9989999999998,1994.8,1993.8026,50,LONG,-259.8199999999906
cash_ACC,MovingAverage,2025-01-16 15:20:00,2025-01-17 09:42:00,1988.85,1989.8444249999998,1986.55,1985.5567250000001,50,LONG,-214.38499999998157
cash_ACC,MovingAverage,2025-01-17 09:59:00,2025-01-17 10:20:00,2001.2,2002.2006,1998.2,1997.2009,50,LONG,-249.9849999999924
cash_ACC,MovingAverage,2025-01-17 10:34:00,2025-01-17 10:35:00,1994.2,1995.1970999999999,1992.85,1991.853575,50,LONG,-167.1762499999886
cash_ACC,MovingAverage,2025-01-17 11:22:00,2025-01-17 11:47:00,1987.15,1988.143575,1984.1,1983.10795,50,LONG,-251.7812499999991
cash_ACC,MovingAverage,2025-01-17 12:06:00,2025-01-17 12:17:00,1987.1,1988.0935499999998,1986.5,1985.50675,50,LONG,-129.3399999999906
cash_ACC,MovingAverage,2025-01-17 12:19:00,2025-01-17 12:44:00,1989.5,1990.4947499999998,1987.0,1986.0065000000002,50,LONG,-224.41249999998263
cash_ACC,MovingAverage,2025-01-17 13:17:00,2025-01-17 13:18:00,1984.4,1985.3922,1982.0,1981.009,50,LONG,-219.1599999999994
cash_ACC,MovingAverage,2025-01-17 13:49:00,2025-01-17 15:21:00,1980.2,1981.1901,2007.3,2006.29635,50,LONG,1255.3125000000023
cash_ACC,MovingAverage,2025-01-20 09:53:00,2025-01-20 11:39:00,1987.9,1988.89395,2000.0,1999.0,50,LONG,505.3025000000048
cash_ACC,MovingAverage,2025-01-20 12:06:00,2025-01-20 12:11:00,2000.0,2001.0,2000.0,1999.0,50,LONG,-100.0
cash_ACC,MovingAverage,2025-01-20 12:14:00,2025-01-20 12:15:00,2000.75,2001.7503749999998,2000.3,1999.29985,50,LONG,-122.52624999998716
cash_ACC,MovingAverage,2025-01-20 12:18:00,2025-01-20 12:24:00,2000.0,2001.0,2000.0,1999.0,50,LONG,-100.0
cash_ACC,MovingAverage,2025-01-20 12:37:00,2025-01-20 13:27:00,2002.0,2003.001,2006.0,2004.997,50,LONG,99.80000000000473
cash_ACC,MovingAverage,2025-01-20 13:49:00,2025-01-20 13:54:00,2006.0,2007.003,2005.0,2003.9975000000002,50,LONG,-150.2749999999878
cash_ACC,MovingAverage,2025-01-20 14:17:00,2025-01-20 14:34:00,2007.65,2008.6538249999999,2005.25,2004.2473750000001,50,LONG,-220.32249999998612
cash_ACC,MovingAverage,2025-01-20 14:41:00,2025-01-20 15:12:00,2009.9,2010.9049499999999,2012.05,2011.043975,50,LONG,6.951250000008713
cash_ACC,MovingAverage,2025-01-21 09:16:00,2025-01-21 09:51:00,2033.8,2034.8168999999998,2052.6,2051.5737,50,LONG,837.8400000000056
cash_ACC,MovingAverage,2025-01-21 10:53:00,2025-01-21 11:12:00,2029.1,2030.1145499999998,2028.35,2027.335825,50,LONG,-138.93624999998337
cash_ACC,MovingAverage,2025-01-21 11:34:00,2025-01-21 12:10:00,2035.65,2036.667825,2040.7,2039.6796500000003,50,LONG,150.5912500000136
cash_ACC,MovingAverage,2025-01-21 12:42:00,2025-01-21 13:18:00,2029.85,2030.8649249999999,2031.2,2030.1844,50,LONG,-34.02624999998807
cash_ACC,MovingAverage,2025-01-21 13:32:00,2025-01-21 13:56:00,2034.35,2035.3671749999999,2033.0,2031.9835,50,LONG,-169.1837499999906
cash_ACC,MovingAverage,2025-01-21 15:02:00,2025-01-21 15:24:00,2017.5,2018.50875,2014.0,2012.9930000000002,50,LONG,-275.7874999999899
cash_ACC,MovingAverage,2025-01-22 10:00:00,2025-01-22 10:22:00,2004.55,2005.5522749999998,2003.75,2002.748125,50,LONG,-140.20749999998543
cash_ACC,MovingAverage,2025-01-22 10:27:00,2025-01-22 10:43:00,2007.0,2008.0034999999998,2003.6,2002.5982,50,LONG,-270.26499999999487
cash_ACC,MovingAverage,2025-01-22 11:57:00,2025-01-22 12:04:00,1990.35,1991.3451749999997,1987.6,1986.6062,50,LONG,-236.94874999998774
cash_ACC,MovingAverage,2025-01-22 13:13:00,2025-01-22 13:29:00,1980.45,1981.4402249999998,1973.95,1972.9630250000002,50,LONG,-423.8599999999792
cash_ACC,MovingAverage,2025-01-22 13:52:00,2025-01-22 15:23:00,1978.6,1979.5892999999999,1999.3,1998.30035,50,LONG,935.5525000000057
cash_ACC,MovingAverage,2025-01-23 09:41:00,2025-01-23 10:30:00,1999.95,2000.949975,2019.5,2018.49025,50,LONG,877.0137500000033
cash_ACC,MovingAverage,2025-01-23 10:35:00,2025-01-23 10:53:00,2030.75,2031.765375,2020.7,2019.6896500000003,50,LONG,-603.7862499999846
cash_ACC,MovingAverage,2025-01-23 11:13:00,2025-01-23 11:17:00,2022.3,2023.3111499999998,2022.15,2021.1389250000002,50,LONG,-108.61124999997855
cash_ACC,MovingAverage,2025-01-23 11:22:00,2025-01-23 11:42:00,2025.45,2026.4627249999999,2021.0,2019.9895000000001,50,LONG,-323.66124999998647
cash_ACC,MovingAverage,2025-01-23 12:08:00,2025-01-23 12:58:00,2018.5,2019.5092499999998,2018.25,2017.2408750000002,50,LONG,-113.41874999998254
cash_ACC,MovingAverage,2025-01-23 13:12:00,2025-01-23 13:15:00,2018.15,2019.159075,2014.5,2013.4927500000001,50,LONG,-283.31624999999576
cash_ACC,MovingAverage,2025-01-23 13:48:00,2025-01-23 15:26:00,2019.2,2020.2096,2040.05,2039.0299750000001,50,LONG,941.018750000012
cash_ACC,MovingAverage,2025-01-24 09:21:00,2025-01-24 09:41:00,2061.45,2062.480725,2053.4,2052.3733,50,LONG,-505.3712499999847
cash_ACC,MovingAverage,2025-01-24 10:16:00,2025-01-24 10:53:00,2044.0,2045.022,2049.9,2048.87505,50,LONG,192.65250000000833
cash_ACC,MovingAverage,2025-01-24 11:20:00,2025-01-24 11:56:00,2054.35,2055.3771749999996,2051.25,2050.2243750000002,50,LONG,-257.6399999999694
cash_ACC,MovingAverage,2025-01-24 12:16:00,2025-01-24 12:37:00,2052.5,2053.52625,2049.5,2048.47525,50,LONG,-252.54999999999654
cash_ACC,MovingAverage,2025-01-24 13:28:00,2025-01-24 13:44:00,2051.0,2052.0254999999997,2044.65,2043.6276750000002,50,LONG,-419.89124999997784
cash_ACC,MovingAverage,2025-01-24 14:02:00,2025-01-24 14:21:00,2049.9,2050.92495,2049.0,2047.9755,50,LONG,-147.4725000000035
cash_ACC,MovingAverage,2025-01-24 14:36:00,2025-01-24 14:44:00,2049.7,2050.7248499999996,2048.3,2047.2758500000002,50,LONG,-172.44999999996935
cash_ACC,MovingAverage,2025-01-24 14:47:00,2025-01-24 15:23:00,2052.2,2053.2261,2056.1,2055.07195,50,LONG,92.29250000000775
cash_ACC,MovingAverage,2025-01-27 09:44:00,2025-01-27 10:08:00,2027.1,2028.1135499999998,2035.8,2034.7821000000001,50,LONG,333.42750000001615
cash_ACC,MovingAverage,2025-01-27 10:42:00,2025-01-27 11:00:00,2035.0,2036.0175,2032.25,2031.2338750000001,50,LONG,-239.1812499999901
cash_ACC,MovingAverage,2025-01-27 11:15:00,2025-01-27 11:49:00,2035.5,2036.51775,2046.0,2044.977,50,LONG,422.96250000000555
cash_ACC,MovingAverage,2025-01-27 11:50:00,2025-01-27 12:39:00,2049.0,2050.0245,2050.8,2049.7746,50,LONG,-12.494999999989886
cash_ACC,MovingAverage,2025-01-27 13:05:00,2025-01-27 13:24:00,2048.85,2049.874425,2044.65,2043.6276750000002,50,LONG,-312.33749999998963
cash_ACC,MovingAverage,2025-01-27 13:45:00,2025-01-27 13:58:00,2063.1,2064.1315499999996,2050.9,2049.87455,50,LONG,-712.8499999999804
cash_ACC,MovingAverage,2025-01-27 14:06:00,2025-01-27 14:13:00,2059.35,2060.3796749999997,2039.85,2038.830075,50,LONG,-1077.47999999998
cash_ACC,MovingAverage,2025-01-27 15:00:00,2025-01-27 15:05:00,1995.15,1996.147575,1992.0,1991.0040000000001,50,LONG,-257.1787499999914
cash_ACC,MovingAverage,2025-01-27 15:09:00,2025-01-27 15:24:00,2002.4,2003.4012,1992.65,1991.6536750000002,50,LONG,-587.3762499999884
cash_ACC,MovingAverage,2025-01-28 09:15:00,2025-01-28 09:32:00,2011.6,2012.6057999999998,1994.3,1993.30285,50,LONG,-965.1474999999891
cash_ACC,MovingAverage,2025-01-28 10:04:00,2025-01-28 10:19:00,1987.85,1988.843925,1975.0,1974.0125,50,LONG,-741.5712499999927
cash_ACC,MovingAverage,2025-01-28 10:37:00,2025-01-28 11:19:00,1973.85,1974.8369249999998,1988.85,1987.855575,50,LONG,650.9325000000104
cash_ACC,MovingAverage,2025-01-28 11:43:00,2025-01-28 12:31:00,1993.05,1994.0465249999997,2011.6,2010.5942,50,LONG,827.3837500000127
cash_ACC,MovingAverage,2025-01-28 12:35:00,2025-01-28 13:29:00,2012.15,2013.1560749999999,2030.2,2029.1849000000002,50,LONG,801.4412500000162
cash_ACC,MovingAverage,2025-01-28 14:02:00,2025-01-28 14:46:00,2022.3,2023.3111499999998,2023.45,2022.4382750000002,50,LONG,-43.643749999978354
cash_ACC,MovingAverage,2025-01-29 09:15:00,2025-01-29 10:04:00,2007.95,2008.953975,2018.85,2017.840575,50,LONG,444.3300000000022
cash_ACC,MovingAverage,2025-01-29 10:10:00,2025-01-29 10:19:00,2027.3,2028.3136499999998,2018.4,2017.3908000000001,50,LONG,-546.1424999999849
cash_ACC,MovingAverage,2025-01-29 11:00:00,2025-01-29 11:09:00,2009.0,2010.0044999999998,2008.65,2007.6456750000002,50,LONG,-117.94124999997848
cash_ACC,MovingAverage,2025-01-29 11:31:00,2025-01-29 11:53:00,2014.75,2015.757375,2007.1,2006.09645,50,LONG,-483.0462499999953
cash_ACC,MovingAverage,2025-01-29 12:26:00,2025-01-29 13:16:00,2008.15,2009.154075,2015.0,2013.9925,50,LONG,241.92125000000715
cash_ACC,MovingAverage,2025-01-29 13:32:00,2025-01-29 13:44:00,2028.5,2029.51425,2015.85,2014.842075,50,LONG,-733.6087499999962
cash_ACC,MovingAverage,2025-01-29 14:51:00,2025-01-29 15:19:00,1998.05,1999.0490249999998,1997.95,1996.951025,50,LONG,-104.89999999998645
cash_ACC,MovingAverage,2025-01-30 09:41:00,2025-01-30 10:14:00,1987.0,1987.9934999999998,1984.25,1983.257875,50,LONG,-236.78124999999
cash_ACC,MovingAverage,2025-01-30 10:50:00,2025-01-30 10:53:00,1979.2,1980.1896,1975.0,1974.0125,50,LONG,-308.8549999999941
cash_ACC,MovingAverage,2025-01-30 11:21:00,2025-01-30 11:54:00,1964.15,1965.132075,1961.75,1960.769125,50,LONG,-218.14749999999776
cash_ACC,MovingAverage,2025-01-30 12:05:00,2025-01-30 13:26:00,1968.1,1969.0840499999997,1967.65,1966.6661750000003,50,LONG,-120.89374999997062
cash_ACC,MovingAverage,2025-01-30 13:43:00,2025-01-30 15:22:00,1976.25,1977.2381249999999,1991.75,1990.7541250000002,50,LONG,675.8000000000152
cash_ACC,MovingAverage,2025-01-30 15:23:00,2025-01-30 15:24:00,1993.0,1993.9965,1991.65,1990.6541750000001,50,LONG,-167.1162499999923
cash_ACC,MovingAverage,2025-01-31 09:19:00,2025-01-31 09:39:00,2002.3,2003.3011499999998,1997.85,1996.851075,50,LONG,-322.5037499999871
cash_ACC,MovingAverage,2025-01-31 09:55:00,2025-01-31 10:05:00,2003.3,2004.3016499999999,1997.05,1996.051475,50,LONG,-412.50874999999496
cash_ACC,MovingAverage,2025-01-31 10:24:00,2025-01-31 10:45:00,2000.85,2001.8504249999999,1999.9,1998.9000500000002,50,LONG,-147.51874999998336
cash_ACC,MovingAverage,2025-01-31 11:03:00,2025-01-31 11:21:00,2002.8,2003.8013999999998,2001.65,2000.6491750000002,50,LONG,-157.61124999997946
cash_ACC,MovingAverage,2025-01-31 11:59:00,2025-01-31 12:09:00,1996.75,1997.748375,1995.5,1994.50225,50,LONG,-162.30624999999463
cash_ACC,MovingAverage,2025-01-31 12:21:00,2025-01-31 13:44:00,1997.95,1998.948975,2008.15,2007.1459250000003,50,LONG,409.84750000001213
cash_ACC,MovingAverage,2025-01-31 14:31:00,2025-01-31 15:07:00,2002.85,2003.8514249999998,2006.55,2005.5467250000002,50,LONG,84.76500000001579
cash_ACC,MovingAverage,2025-01-31 15:26:00,2025-02-01 10:05:00,2007.55,2008.5537749999999,2018.35,2017.340825,50,LONG,439.3525000000068
cash_ACC,MovingAverage,2025-02-01 10:18:00,2025-02-01 10:23:00,2022.6,2023.6112999999998,2019.9,2018.8900500000002,50,LONG,-236.06249999998
cash_ACC,MovingAverage,2025-02-01 10:30:00,2025-02-01 10:53:00,2024.0,2025.012,2022.0,2020.989,50,LONG,-201.14999999999554
cash_ACC,MovingAverage,2025-02-01 11:35:00,2025-02-01 11:50:00,2024.5,2025.51225,1996.45,1995.4517750000002,50,LONG,-1503.0237499999885
cash_ACC,MovingAverage,2025-02-01 12:13:00,2025-02-01 12:31:00,2009.2,2010.2046,1995.0,1994.0025,50,LONG,-810.1049999999987
cash_ACC,MovingAverage,2025-02-01 13:30:00,2025-02-01 14:08:00,1976.5,1977.4882499999999,1983.5,1982.50825,50,LONG,251.00000000001046
cash_ACC,MovingAverage,2025-02-01 14:21:00,2025-02-01 14:55:00,1991.5,1992.4957499999998,1993.6,1992.6032,50,LONG,5.37250000000995
cash_ACC,MovingAverage,2025-02-01 14:58:00,2025-02-01 15:20:00,1997.05,1998.048525,1994.05,1993.052975,50,LONG,-249.77749999999332
cash_ACC,MovingAverage,2025-02-01 15:28:00,2025-02-03 09:18:00,2003.6,2004.6018,1980.25,1979.2598750000002,50,LONG,-1267.096249999986
cash_ACC,MovingAverage,2025-02-03 10:07:00,2025-02-03 10:27:00,1977.95,1978.938975,1978.0,1977.0110000000002,50,LONG,-96.39874999999165
cash_ACC,MovingAverage,2025-02-03 10:46:00,2025-02-03 11:08:00,1986.0,1986.993,1981.1,1980.10945,50,LONG,-344.1775000000007
cash_ACC,MovingAverage,2025-02-03 11:15:00,2025-02-03 11:28:00,1988.0,1988.994,1979.0,1978.0105,50,LONG,-549.1749999999911
cash_ACC,MovingAverage,2025-02-03 11:52:00,2025-02-03 11:58:00,1978.05,1979.0390249999998,1977.65,1976.6611750000002,50,LONG,-118.89249999998128
cash_ACC,MovingAverage,2025-02-03 12:46:00,2025-02-03 12:48:00,1972.35,1973.336175,1965.55,1964.567225,50,LONG,-438.4474999999952
cash_ACC,MovingAverage,2025-02-03 13:12:00,2025-02-03 13:58:00,1965.65,1966.632825,1966.25,1965.266875,50,LONG,-68.29749999999422
cash_ACC,MovingAverage,2025-02-03 14:09:00,2025-02-03 14:30:00,1977.05,1978.038525,1973.9,1972.91305,50,LONG,-256.2737499999912
cash_ACC,MovingAverage,2025-02-03 14:39:00,2025-02-03 15:28:00,1982.0,1982.991,1983.85,1982.858075,50,LONG,-6.646249999994325
cash_ACC,MovingAverage,2025-02-04 09:15:00,2025-02-04 09:37:00,2012.0,2013.0059999999999,2001.45,2000.4492750000002,50,LONG,-627.8362499999844
cash_ACC,MovingAverage,2025-02-04 09:51:00,2025-02-04 10:33:00,2010.0,2011.0049999999999,2031.15,2030.1344250000002,50,LONG,956.4712500000155
cash_ACC,MovingAverage,2025-02-04 10:59:00,2025-02-04 11:27:00,2035.0,2036.0175,2039.15,2038.1304250000003,50,LONG,105.64625000001797
cash_ACC,MovingAverage,2025-02-04 11:36:00,2025-02-04 11:46:00,2041.5,2042.52075,2035.5,2034.48225,50,LONG,-401.92499999999427
cash_ACC,MovingAverage,2025-02-04 12:17:00,2025-02-04 12:29:00,2033.95,2034.9669749999998,2030.55,2029.534725,50,LONG,-271.612499999992
cash_ACC,MovingAverage,2025-02-04 12:46:00,2025-02-04 13:09:00,2036.65,2037.6683249999999,2036.15,2035.1319250000001,50,LONG,-126.81999999998652
cash_ACC,MovingAverage,2025-02-04 13:42:00,2025-02-04 13:44:00,2029.85,2030.8649249999999,2028.0,2026.986,50,LONG,-193.94624999998769
cash_ACC,MovingAverage,2025-02-04 14:06:00,2025-02-04 14:13:00,2030.05,2031.0650249999999,2028.0,2026.986,50,LONG,-203.9512499999887
cash_ACC,MovingAverage,2025-02-04 14:44:00,2025-02-04 15:06:00,2027.0,2028.0134999999998,2026.0,2024.987,50,LONG,-151.32499999998572
cash_ACC,MovingAverage,2025-02-04 15:28:00,2025-02-05 09:59:00,2028.0,2029.014,2034.05,2033.032975,50,LONG,200.9487500000091
cash_ACC,MovingAverage,2025-02-05 10:22:00,2025-02-05 11:10:00,2036.35,2037.3681749999998,2052.35,2051.323825,50,LONG,697.7825000000053
cash_ACC,MovingAverage,2025-02-05 11:19:00,2025-02-05 11:42:00,2057.1,2058.12855,2052.5,2051.47375,50,LONG,-332.7399999999898
cash_ACC,MovingAverage,2025-02-05 12:24:00,2025-02-05 12:46:00,2048.0,2049.024,2045.55,2044.527225,50,LONG,-224.83874999999216
cash_ACC,MovingAverage,2025-02-05 13:01:00,2025-02-05 13:45:00,2056.05,2057.0780250000003,2057.9,2056.87105,50,LONG,-10.348750000002838
cash_ACC,MovingAverage,2025-02-05 13:46:00,2025-02-05 13:47:00,2062.0,2063.031,2058.7,2057.67065,50,LONG,-268.0174999999963
cash_ACC,MovingAverage,2025-02-05 14:34:00,2025-02-05 14:51:00,2057.2,2058.2286,2054.15,2053.122925,50,LONG,-255.2837499999896
cash_ACC,MovingAverage,2025-02-06 09:16:00,2025-02-06 09:26:00,2053.5,2054.52675,2040.0,2038.98,50,LONG,-777.3374999999987
cash_ACC,MovingAverage,2025-02-06 10:22:00,2025-02-06 10:40:00,2018.1,2019.1090499999998,2021.25,2020.239375,50,LONG,56.51625000001559
cash_ACC,MovingAverage,2025-02-06 11:15:00,2025-02-06 11:32:00,2013.0,2014.0065,2010.85,2009.844575,50,LONG,-208.09624999999414
cash_ACC,MovingAverage,2025-02-06 12:28:00,2025-02-06 12:37:00,1999.0,1999.9995,1995.6,1994.6022,50,LONG,-269.86499999999296
cash_ACC,MovingAverage,2025-02-06 12:55:00,2025-02-06 13:00:00,1997.9,1998.89895,1995.15,1994.1524250000002,50,LONG,-237.3262499999896
cash_ACC,MovingAverage,2025-02-06 13:26:00,2025-02-06 13:40:00,1995.8,1996.7978999999998,1994.4,1993.4028000000003,50,LONG,-169.7549999999751
cash_ACC,MovingAverage,2025-02-06 14:10:00,2025-02-06 14:12:00,1989.7,1990.6948499999999,1989.0,1988.0055000000002,50,LONG,-134.46749999998246
cash_ACC,MovingAverage,2025-02-06 14:28:00,2025-02-06 14:53:00,1994.7,1995.69735,1991.4,1990.4043000000001,50,LONG,-264.6524999999883
cash_ACC,MovingAverage,2025-02-06 15:03:00,2025-02-06 15:18:00,1997.0,1997.9985,1993.3,1992.3033500000001,50,LONG,-284.75749999998925
cash_ACC,MovingAverage,2025-02-07 09:16:00,2025-02-07 09:50:00,1996.6,1997.5982999999999,1993.7,1992.70315,50,LONG,-244.75749999999152
cash_ACC,MovingAverage,2025-02-07 10:43:00,2025-02-07 11:45:00,1990.7,1991.69535,2014.7,2013.6926500000002,50,LONG,1099.8650000000112
cash_ACC,MovingAverage,2025-02-07 12:37:00,2025-02-07 13:00:00,2002.65,2003.651325,1998.65,1997.650675,50,LONG,-300.0324999999975
cash_ACC,MovingAverage,2025-02-07 13:18:00,2025-02-07 13:30:00,2002.45,2003.451225,2004.4,2003.3978000000002,50,LONG,-2.671249999991687
cash_ACC,MovingAverage,2025-02-07 13:31:00,2025-02-07 13:53:00,2004.4,2005.4022,1994.15,1993.152925,50,LONG,-612.4637499999949
cash_ACC,MovingAverage,2025-02-07 14:38:00,2025-02-07 15:26:00,1989.8,1990.7948999999999,1999.15,1998.1504250000003,50,LONG,367.7762500000199
cash_ACC,MovingAverage,2025-02-10 09:58:00,2025-02-10 10:07:00,1984.5,1985.4922499999998,1979.0,1978.0105,50,LONG,-374.08749999998463
cash_ACC,MovingAverage,2025-02-10 10:31:00,2025-02-10 10:47:00,1977.0,1977.9885,1972.0,1971.0140000000001,50,LONG,-348.72499999999036
cash_ACC,MovingAverage,2025-02-10 12:23:00,2025-02-10 13:07:00,1964.5,1965.4822499999998,1967.65,1966.6661750000003,50,LONG,59.196250000024975
cash_ACC,MovingAverage,2025-02-10 13:17:00,2025-02-10 13:19:00,1967.25,1968.2336249999998,1966.0,1965.017,50,LONG,-160.83124999998972
cash_ACC,MovingAverage,2025-02-10 13:48:00,2025-02-10 14:02:00,1967.0,1967.9834999999998,1961.8,1960.8191000000002,50,LONG,-358.219999999983
cash_ACC,MovingAverage,2025-02-10 14:35:00,2025-02-10 15:13:00,1963.0,1963.9814999999999,1963.05,1962.068475,50,LONG,-95.6512499999917
cash_ACC,MovingAverage,2025-02-11 09:41:00,2025-02-11 09:56:00,1962.0,1962.981,1948.9,1947.9255500000002,50,LONG,-752.7724999999919
cash_ACC,MovingAverage,2025-02-11 10:10:00,2025-02-11 10:17:00,1955.0,1955.9775,1946.35,1945.376825,50,LONG,-530.0337499999955
cash_ACC,MovingAverage,2025-02-11 10:38:00,2025-02-11 10:39:00,1948.6,1949.5742999999998,1945.3,1944.32735,50,LONG,-262.3474999999871
cash_ACC,MovingAverage,2025-02-11 11:04:00,2025-02-11 11:26:00,1944.1,1945.0720499999998,1943.45,1942.4782750000002,50,LONG,-129.6887499999798
cash_ACC,MovingAverage,2025-02-11 11:46:00,2025-02-11 12:23:00,1948.05,1949.024025,1955.0,1954.0225,50,LONG,249.92375000000493
cash_ACC,MovingAverage,2025-02-11 13:24:00,2025-02-11 13:33:00,1935.0,1935.9675,1934.0,1933.0330000000001,50,LONG,-146.72499999999218
cash_ACC,MovingAverage,2025-02-11 13:40:00,2025-02-11 13:57:00,1936.7,1937.66835,1935.45,1934.482275,50,LONG,-159.3037499999923
cash_ACC,MovingAverage,2025-02-11 13:59:00,2025-02-11 14:00:00,1937.45,1938.418725,1936.6,1935.6317,50,LONG,-139.35125000000426
cash_ACC,MovingAverage,2025-02-11 14:48:00,2025-02-11 15:14:00,1934.35,1935.317175,1935.0,1934.0325,50,LONG,-64.23374999999396
cash_ACC,MovingAverage,2025-02-12 10:25:00,2025-02-12 11:37:00,1889.35,1890.2946749999999,1917.65,1916.6911750000002,50,LONG,1319.8250000000144
cash_ACC,MovingAverage,2025-02-12 11:45:00,2025-02-12 12:12:00,1933.25,1934.2166249999998,1931.0,1930.0345000000002,50,LONG,-209.10624999997935
cash_ACC,MovingAverage,2025-02-12 12:35:00,2025-02-12 13:35:00,1931.1,1932.0655499999998,1937.75,1936.7811250000002,50,LONG,235.77875000001995
cash_ACC,MovingAverage,2025-02-12 14:48:00,2025-02-12 14:53:00,1919.1,1920.0595499999997,1919.0,1918.0405,50,LONG,-100.95249999998259
cash_ACC,MovingAverage,2025-02-12 14:56:00,2025-02-13 10:00:00,1923.3,1924.26165,1948.9,1947.9255500000002,50,LONG,1183.195000000012
cash_ACC,MovingAverage,2025-02-13 10:11:00,2025-02-13 10:12:00,1949.5,1950.4747499999999,1949.45,1948.4752750000002,50,LONG,-99.97374999998101
cash_ACC,MovingAverage,2025-02-13 10:46:00,2025-02-13 10:59:00,1943.75,1944.721875,1942.95,1941.9785250000002,50,LONG,-137.16749999998683
cash_ACC,MovingAverage,2025-02-13 11:08:00,2025-02-13 11:12:00,1944.4,1945.3722,1942.9,1941.92855,50,LONG,-172.1824999999967
cash_ACC,MovingAverage,2025-02-13 11:38:00,2025-02-13 12:10:00,1941.0,1941.9705,1940.8,1939.8296,50,LONG,-107.0449999999937
cash_ACC,MovingAverage,2025-02-13 12:34:00,2025-02-13 12:44:00,1941.3,1942.27065,1937.5,1936.53125,50,LONG,-286.9699999999966
cash_ACC,MovingAverage,2025-02-13 13:09:00,2025-02-13 13:20:00,1937.9,1938.86895,1934.6,1933.6327,50,LONG,-261.81249999999636
cash_ACC,MovingAverage,2025-02-13 14:03:00,2025-02-13 14:14:00,1925.5,1926.46275,1924.15,1923.1879250000002,50,LONG,-163.74124999998685
cash_ACC,MovingAverage,2025-02-13 14:55:00,2025-02-13 15:06:00,1917.95,1918.9089749999998,1912.65,1911.6936750000002,50,LONG,-360.7649999999808
cash_ACC,MovingAverage,2025-02-13 15:26:00,2025-02-14 09:26:00,1915.0,1915.9575,1909.1,1908.14545,50,LONG,-390.60249999999996
cash_ACC,MovingAverage,2025-02-14 09:53:00,2025-02-14 09:57:00,1901.05,1902.000525,1898.95,1898.0005250000002,50,LONG,-199.99999999998863
cash_ACC,MovingAverage,2025-02-14 11:19:00,2025-02-14 11:36:00,1878.85,1879.7894249999997,1880.45,1879.5097750000002,50,LONG,-13.982499999974607
cash_ACC,MovingAverage,2025-02-14 11:47:00,2025-02-14 12:04:00,1885.1,1886.04255,1875.0,1874.0625,50,LONG,-599.0024999999946
cash_ACC,MovingAverage,2025-02-14 12:31:00,2025-02-14 12:43:00,1873.0,1873.9364999999998,1868.75,1867.8156250000002,50,LONG,-306.0437499999807
cash_ACC,MovingAverage,2025-02-14 13:18:00,2025-02-14 13:41:00,1870.05,1870.985025,1869.35,1868.415325,50,LONG,-128.48500000000058
cash_ACC,MovingAverage,2025-02-14 14:18:00,2025-02-14 14:55:00,1876.1,1877.0380499999999,1878.75,1877.810625,50,LONG,38.628750000009404
cash_ACC,MovingAverage,2025-02-17 09:26:00,2025-02-17 09:39:00,1877.3,1878.2386499999998,1869.15,1868.215425,50,LONG,-501.1612499999842
cash_ACC,MovingAverage,2025-02-17 09:43:00,2025-02-17 09:46:00,1872.5,1873.43625,1873.25,1872.3133750000002,50,LONG,-56.14374999998972
cash_ACC,MovingAverage,2025-02-17 09:50:00,2025-02-17 09:55:00,1871.35,1872.2856749999999,1868.45,1867.515775,50,LONG,-238.49499999998898
cash_ACC,MovingAverage,2025-02-17 10:22:00,2025-02-17 11:04:00,1872.45,1873.386225,1878.1,1877.16095,50,LONG,188.73624999999947
cash_ACC,MovingAverage,2025-02-17 11:30:00,2025-02-17 11:55:00,1880.95,1881.890475,1879.3,1878.3603500000002,50,LONG,-176.50624999998854
cash_ACC,MovingAverage,2025-02-17 11:58:00,2025-02-17 13:13:00,1884.8,1885.7423999999999,1893.95,1893.0030250000002,50,LONG,363.0312500000173
cash_ACC,MovingAverage,2025-02-17 13:29:00,2025-02-17 13:56:00,1893.0,1893.9464999999998,1893.05,1892.1034750000001,50,LONG,-92.15124999998352
cash_ACC,MovingAverage,2025-02-17 14:18:00,2025-02-17 15:17:00,1899.95,1900.899975,1909.35,1908.395325,50,LONG,374.76749999999583
cash_ACC,MovingAverage,2025-02-17 15:29:00,2025-02-18 09:15:00,1915.0,1915.9575,1896.95,1896.0015250000001,50,LONG,-997.7987499999927
cash_ACC,MovingAverage,2025-02-18 09:53:00,2025-02-18 10:15:00,1835.05,1835.9675249999998,1835.85,1834.932075,50,LONG,-51.77249999999276
cash_ACC,MovingAverage,2025-02-18 10:47:00,2025-02-18 11:12:00,1839.15,1840.069575,1837.2,1836.2814,50,LONG,-189.4087499999955
cash_ACC,MovingAverage,2025-02-18 11:30:00,2025-02-18 11:42:00,1846.9,1847.82345,1843.6,1842.6782,50,LONG,-257.26250000000164
cash_ACC,MovingAverage,2025-02-18 11:46:00,2025-02-18 11:56:00,1850.0,1850.925,1842.85,1841.928575,50,LONG,-449.82125000000224
cash_ACC,MovingAverage,2025-02-18 12:05:00,2025-02-18 12:41:00,1850.0,1850.925,1846.0,1845.077,50,LONG,-292.3999999999978
cash_ACC,MovingAverage,2025-02-18 13:04:00,2025-02-18 14:02:00,1851.0,1851.9254999999998,1860.15,1859.219925,50,LONG,364.7212500000137
cash_ACC,MovingAverage,2025-02-18 14:16:00,2025-02-18 15:27:00,1861.1,1862.0305499999997,1877.6,1876.6612,50,LONG,731.5325000000144
cash_ACC,MovingAverage,2025-02-19 09:22:00,2025-02-19 10:12:00,1891.05,1891.9955249999998,1896.0,1895.0520000000001,50,LONG,152.82375000001593
cash_ACC,MovingAverage,2025-02-19 10:19:00,2025-02-19 10:37:00,1904.15,1905.102075,1896.9,1895.9515500000002,50,LONG,-457.52624999998943
cash_ACC,MovingAverage,2025-02-19 11:40:00,2025-02-19 11:54:00,1881.55,1882.4907749999998,1876.25,1875.311875,50,LONG,-358.9449999999829
cash_ACC,MovingAverage,2025-02-19 12:17:00,2025-02-19 12:27:00,1882.4,1883.3412,1876.25,1875.311875,50,LONG,-401.4662499999986
cash_ACC,MovingAverage,2025-02-19 13:36:00,2025-02-19 13:50:00,1868.2,1869.1341,1864.45,1863.5177750000003,50,LONG,-280.81624999998667
cash_ACC,MovingAverage,2025-02-19 14:10:00,2025-02-19 14:26:00,1864.3,1865.2321499999998,1865.05,1864.117475,50,LONG,-55.73374999999032
cash_ACC,MovingAverage,2025-02-19 14:48:00,2025-02-19 15:18:00,1865.55,1866.482775,1866.0,1865.067,50,LONG,-70.78874999999698
cash_ACC,MovingAverage,2025-02-20 09:16:00,2025-02-20 09:19:00,1870.85,1871.7854249999998,1861.65,1860.7191750000002,50,LONG,-553.3124999999814
cash_ACC,MovingAverage,2025-02-20 09:36:00,2025-02-20 09:55:00,1872.8,1873.7363999999998,1868.55,1867.615725,50,LONG,-306.03374999998323
cash_ACC,MovingAverage,2025-02-20 10:10:00,2025-02-20 10:30:00,1872.35,1873.2861749999997,1868.45,1867.515775,50,LONG,-288.5199999999827
cash_ACC,MovingAverage,2025-02-20 10:31:00,2025-02-20 12:03:00,1869.95,1870.884975,1882.1,1881.15895,50,LONG,513.6987500000032
cash_ACC,MovingAverage,2025-02-20 12:28:00,2025-02-20 12:34:00,1883.15,1884.091575,1880.6,1879.6597,50,LONG,-221.59374999999955
cash_ACC,MovingAverage,2025-02-20 13:39:00,2025-02-20 14:40:00,1872.3,1873.23615,1886.05,1885.1069750000001,50,LONG,593.5412500000098
cash_ACC,MovingAverage,2025-02-20 14:41:00,2025-02-20 14:43:00,1885.9,1886.84295,1883.5,1882.55825,50,LONG,-214.2349999999965
cash_ACC,MovingAverage,2025-02-20 14:45:00,2025-02-20 14:59:00,1884.75,1885.6923749999999,1884.9,1883.95755,50,LONG,-86.74124999998867
cash_ACC,MovingAverage,2025-02-20 15:02:00,2025-02-20 15:24:00,1887.5,1888.44375,1886.0,1885.057,50,LONG,-169.33749999999463
cash_ACC,MovingAverage,2025-02-21 09:18:00,2025-02-21 09:41:00,1896.2,1897.1480999999999,1884.25,1883.3078750000002,50,LONG,-692.0112499999846
cash_ACC,MovingAverage,2025-02-21 10:41:00,2025-02-21 11:10:00,1874.55,1875.487275,1872.25,1871.313875,50,LONG,-208.66999999999507
cash_ACC,MovingAverage,2025-02-21 11:34:00,2025-02-21 11:57:00,1873.5,1874.4367499999998,1872.0,1871.064,50,LONG,-168.63749999998845
cash_ACC,MovingAverage,2025-02-21 12:07:00,2025-02-21 13:00:00,1878.3,1879.2391499999999,1881.15,1880.2094250000002,50,LONG,48.51375000001781
cash_ACC,MovingAverage,2025-02-21 13:45:00,2025-02-21 14:29:00,1882.9,1883.84145,1881.0,1880.0595,50,LONG,-189.09749999999121
cash_ACC,MovingAverage,2025-02-21 14:45:00,2025-02-21 14:59:00,1884.25,1885.1921249999998,1881.6,1880.6592,50,LONG,-226.6462499999875
cash_ACC,MovingAverage,2025-02-21 15:10:00,2025-02-21 15:21:00,1885.05,1885.992525,1882.95,1882.0085250000002,50,LONG,-199.1999999999848
cash_ACC,MovingAverage,2025-02-24 10:00:00,2025-02-24 11:59:00,1864.3,1865.2321499999998,1878.35,1877.410825,50,LONG,608.9337500000056
cash_ACC,MovingAverage,2025-02-24 12:54:00,2025-02-24 13:20:00,1865.25,1866.182625,1864.25,1863.3178750000002,50,LONG,-143.23749999998654
cash_ACC,MovingAverage,2025-02-24 14:30:00,2025-02-24 15:05:00,1854.3,1855.22715,1851.55,1850.624225,50,LONG,-230.1462499999957
cash_ACC,MovingAverage,2025-02-25 09:38:00,2025-02-25 10:02:00,1850.15,1851.075075,1846.7,1845.7766500000002,50,LONG,-264.92124999998623
cash_ACC,MovingAverage,2025-02-25 10:18:00,2025-02-25 10:26:00,1852.95,1853.876475,1849.65,1848.7251750000003,50,LONG,-257.56499999998823
cash_ACC,MovingAverage,2025-02-25 11:43:00,2025-02-25 11:56:00,1840.35,1841.2701749999999,1837.25,1836.3313750000002,50,LONG,-246.93999999998368
cash_ACC,MovingAverage,2025-02-25 12:14:00,2025-02-25 12:36:00,1838.45,1839.369225,1839.0,1838.0805,50,LONG,-64.43624999999429
cash_ACC,MovingAverage,2025-02-25 12:51:00,2025-02-25 13:25:00,1839.5,1840.4197499999998,1842.0,1841.0790000000002,50,LONG,32.96250000001919
cash_ACC,MovingAverage,2025-02-25 13:37:00,2025-02-25 13:59:00,1843.5,1844.42175,1844.65,1843.727675,50,LONG,-34.703749999994216
cash_ACC,MovingAverage,2025-02-27 09:33:00,2025-02-27 09:40:00,1833.65,1834.5668249999999,1817.3,1816.39135,50,LONG,-908.7737499999889
cash_ACC,MovingAverage,2025-02-27 10:10:00,2025-02-27 10:57:00,1816.0,1816.908,1823.25,1822.338375,50,LONG,271.518750000007
cash_ACC,MovingAverage,2025-02-27 11:05:00,2025-02-27 11:17:00,1826.4,1827.3132,1818.4,1817.4908000000003,50,LONG,-491.11999999998943
cash_ACC,MovingAverage,2025-02-27 11:37:00,2025-02-27 12:11:00,1821.0,1821.9105,1821.0,1820.0895,50,LONG,-91.04999999999563
cash_ACC,MovingAverage,2025-02-27 13:04:00,2025-02-27 13:34:00,1820.25,1821.1601249999999,1820.3,1819.38985,50,LONG,-88.5137499999928
cash_ACC,MovingAverage,2025-02-27 14:23:00,2025-02-27 14:47:00,1817.05,1817.9585249999998,1816.5,1815.59175,50,LONG,-118.3387499999867
cash_ACC,MovingAverage,2025-02-27 14:50:00,2025-02-27 15:19:00,1820.9,1821.81045,1825.45,1824.5372750000001,50,LONG,136.3412500000095
cash_ACC,MovingAverage,2025-02-28 09:50:00,2025-02-28 10:02:00,1807.9,1808.80395,1799.1,1798.20045,50,LONG,-530.174999999997
cash_ACC,MovingAverage,2025-02-28 10:16:00,2025-02-28 10:37:00,1810.4,1811.3052,1808.95,1808.0455250000002,50,LONG,-162.9837499999894
cash_ACC,MovingAverage,2025-02-28 10:41:00,2025-02-28 10:50:00,1814.1,1815.0070499999997,1805.75,1804.847125,50,LONG,-507.99624999998514
cash_ACC,MovingAverage,2025-02-28 11:16:00,2025-02-28 11:19:00,1807.5,1808.40375,1808.0,1807.096,50,LONG,-65.38749999999709
cash_ACC,MovingAverage,2025-02-28 11:20:00,2025-02-28 11:42:00,1807.85,1808.7539249999998,1806.0,1805.0970000000002,50,LONG,-182.84624999997732
cash_ACC,MovingAverage,2025-02-28 12:01:00,2025-02-28 12:07:00,1807.8,1808.7038999999997,1805.45,1804.5472750000001,50,LONG,-207.83124999998108
cash_ACC,MovingAverage,2025-02-28 12:16:00,2025-02-28 12:37:00,1809.4,1810.3047,1806.1,1805.19695,50,LONG,-255.38749999999482
cash_ACC,MovingAverage,2025-02-28 13:06:00,2025-02-28 13:42:00,1806.55,1807.4532749999998,1806.0,1805.0970000000002,50,LONG,-117.81374999998206
cash_ACC,MovingAverage,2025-02-28 13:55:00,2025-02-28 14:07:00,1809.2,1810.1046,1807.45,1806.5462750000002,50,LONG,-177.91624999998703
cash_ACC,MovingAverage,2025-02-28 14:16:00,2025-02-28 14:19:00,1810.8,1811.7053999999998,1808.45,1807.545775,50,LONG,-207.9812499999889
cash_ACC,MovingAverage,2025-02-28 14:20:00,2025-02-28 14:33:00,1808.9,1809.80445,1806.65,1805.746675,50,LONG,-202.88874999999962
cash_ACC,MovingAverage,2025-02-28 14:43:00,2025-02-28 15:13:00,1814.55,1815.4572749999998,1819.4,1818.4903000000002,50,LONG,151.65125000002035
cash_ACC,MovingAverage,2025-03-03 09:15:00,2025-03-03 09:29:00,1840.85,1841.7704249999997,1816.0,1815.092,50,LONG,-1333.9212499999803
cash_ACC,MovingAverage,2025-03-03 10:27:00,2025-03-03 10:42:00,1793.0,1793.8964999999998,1781.5,1780.6092500000002,50,LONG,-664.3624999999815
cash_ACC,MovingAverage,2025-03-03 11:04:00,2025-03-03 11:44:00,1789.0,1789.8944999999999,1790.0,1789.105,50,LONG,-39.47499999999309
cash_ACC,MovingAverage,2025-03-03 11:46:00,2025-03-03 12:06:00,1793.55,1794.446775,1791.75,1790.854125,50,LONG,-179.63249999999107
cash_ACC,MovingAverage,2025-03-03 12:14:00,2025-03-03 13:07:00,1800.0,1800.8999999999999,1813.9,1812.9930500000003,50,LONG,604.6525000000202
cash_ACC,MovingAverage,2025-03-03 13:17:00,2025-03-03 13:30:00,1820.65,1821.560325,1812.65,1811.7436750000002,50,LONG,-490.8324999999877
cash_ACC,MovingAverage,2025-03-03 13:53:00,2025-03-03 13:59:00,1812.8,1813.7063999999998,1806.7,1805.7966500000002,50,LONG,-395.4874999999788
cash_ACC,MovingAverage,2025-03-03 14:17:00,2025-03-03 15:18:00,1809.3,1810.20465,1824.15,1823.2379250000001,50,LONG,651.6637500000115
cash_ACC,MovingAverage,2025-03-04 09:30:00,2025-03-04 10:12:00,1826.25,1827.1631249999998,1826.75,1825.8366250000001,50,LONG,-66.32499999998345
cash_ACC,MovingAverage,2025-03-04 10:55:00,2025-03-04 11:17:00,1829.2,1830.1145999999999,1828.75,1827.8356250000002,50,LONG,-113.94874999998592
cash_ACC,MovingAverage,2025-03-04 11:34:00,2025-03-04 11:42:00,1829.05,1829.9645249999999,1825.75,1824.837125,50,LONG,-256.3699999999926
cash_ACC,MovingAverage,2025-03-04 12:31:00,2025-03-04 12:50:00,1819.2,1820.1096,1819.75,1818.8401250000002,50,LONG,-63.47374999999147
cash_ACC,MovingAverage,2025-03-04 12:51:00,2025-03-04 12:54:00,1819.0,1819.9095,1813.1,1812.19345,50,LONG,-385.8024999999998
cash_ACC,MovingAverage,2025-03-04 13:20:00,2025-03-04 13:36:00,1814.25,1815.157125,1811.75,1810.844125,50,LONG,-215.64999999999372
cash_ACC,MovingAverage,2025-03-04 13:49:00,2025-03-04 14:38:00,1814.2,1815.1071,1820.95,1820.0395250000001,50,LONG,246.6212500000097
cash_ACC,MovingAverage,2025-03-04 14:50:00,2025-03-04 15:16:00,1828.55,1829.4642749999998,1829.05,1828.135475,50,LONG,-66.43999999998869
cash_ACC,MovingAverage,2025-03-05 09:19:00,2025-03-05 09:57:00,1837.85,1838.7689249999999,1832.7,1831.78365,50,LONG,-349.2637499999887
cash_ACC,MovingAverage,2025-03-05 10:31:00,2025-03-05 11:12:00,1832.6,1833.5162999999998,1850.0,1849.075,50,LONG,777.9350000000136
cash_ACC,MovingAverage,2025-03-05 11:20:00,2025-03-05 11:23:00,1851.05,1851.9755249999998,1848.5,1847.5757500000002,50,LONG,-219.9887499999818
cash_ACC,MovingAverage,2025-03-05 11:36:00,2025-03-05 11:53:00,1853.7,1854.6268499999999,1849.6,1848.6752,50,LONG,-297.5824999999986
cash_ACC,MovingAverage,2025-03-05 12:18:00,2025-03-05 12:50:00,1849.8,1850.7249,1848.0,1847.076,50,LONG,-182.44499999999562
cash_ACC,MovingAverage,2025-03-05 13:17:00,2025-03-05 13:38:00,1847.8,1848.7239,1843.6,1842.6782,50,LONG,-302.28499999999485
cash_ACC,MovingAverage,2025-03-05 13:58:00,2025-03-05 14:14:00,1844.95,1845.872475,1842.7,1841.7786500000002,50,LONG,-204.69124999998485
cash_ACC,MovingAverage,2025-03-05 14:30:00,2025-03-06 09:36:00,1846.3,1847.2231499999998,1865.65,1864.7171750000002,50,LONG,874.701250000021
cash_ACC,MovingAverage,2025-03-06 09:42:00,2025-03-06 09:56:00,1872.0,1872.936,1865.0,1864.0675,50,LONG,-443.42499999999063
cash_ACC,MovingAverage,2025-03-06 10:14:00,2025-03-06 10:52:00,1865.2,1866.1326,1868.95,1868.0155250000003,50,LONG,94.14625000001706
cash_ACC,MovingAverage,2025-03-06 11:07:00,2025-03-06 11:30:00,1874.35,1875.2871749999997,1869.75,1868.815125,50,LONG,-323.6024999999813
cash_ACC,MovingAverage,2025-03-06 11:47:00,2025-03-06 11:48:00,1872.75,1873.686375,1870.0,1869.065,50,LONG,-231.06874999999718
cash_ACC,MovingAverage,2025-03-06 12:31:00,2025-03-06 12:49:00,1869.15,1870.084575,1868.25,1867.315875,50,LONG,-138.43500000000404
cash_ACC,MovingAverage,2025-03-06 12:53:00,2025-03-06 13:05:00,1871.5,1872.4357499999999,1868.8,1867.8656,50,LONG,-228.50749999998925
cash_ACC,MovingAverage,2025-03-06 13:09:00,2025-03-06 13:34:00,1870.0,1870.935,1870.0,1869.065,50,LONG,-93.49999999999454
cash_ACC,MovingAverage,2025-03-06 14:07:00,2025-03-06 14:51:00,1869.8,1870.7349,1872.35,1871.413825,50,LONG,33.94625000000815
cash_ACC,MovingAverage,2025-03-07 09:20:00,2025-03-07 09:28:00,1873.9,1874.83695,1867.85,1866.916075,50,LONG,-396.0437499999898
cash_ACC,MovingAverage,2025-03-07 09:34:00,2025-03-07 09:44:00,1875.4,1876.3377,1868.2,1867.2659,50,LONG,-453.58999999999696
cash_ACC,MovingAverage,2025-03-07 10:06:00,2025-03-07 10:39:00,1871.0,1871.9354999999998,1873.25,1872.3133750000002,50,LONG,18.893750000017917
cash_ACC,MovingAverage,2025-03-07 10:47:00,2025-03-07 11:00:00,1874.4,1875.3372,1875.9,1874.96205,50,LONG,-18.757499999992433
cash_ACC,MovingAverage,2025-03-07 11:04:00,2025-03-07 11:13:00,1878.75,1879.689375,1875.55,1874.612225,50,LONG,-253.85749999999234
cash_ACC,MovingAverage,2025-03-07 11:44:00,2025-03-07 11:46:00,1874.0,1874.937,1868.55,1867.615725,50,LONG,-366.06374999998934
cash_ACC,MovingAverage,2025-03-07 12:30:00,2025-03-07 13:22:00,1867.9,1868.83395,1873.45,1872.5132750000002,50,LONG,183.9662500000145
cash_ACC,MovingAverage,2025-03-07 13:23:00,2025-03-07 13:25:00,1873.5,1874.4367499999998,1873.35,1872.413325,50,LONG,-101.17124999999305
cash_ACC,MovingAverage,2025-03-07 13:27:00,2025-03-07 13:28:00,1872.8,1873.7363999999998,1873.05,1872.113475,50,LONG,-81.14624999998341
cash_ACC,MovingAverage,2025-03-07 13:29:00,2025-03-07 13:57:00,1873.7,1874.6368499999999,1870.7,1869.76465,50,LONG,-243.60999999998967
cash_ACC,MovingAverage,2025-03-07 14:16:00,2025-03-07 14:50:00,1876.0,1876.9379999999999,1889.0,1888.0555000000002,50,LONG,555.8750000000146
cash_ACC,MovingAverage,2025-03-10 09:29:00,2025-03-10 10:07:00,1884.85,1885.7924249999999,1898.25,1897.3008750000001,50,LONG,575.4225000000133
cash_ACC,MovingAverage,2025-03-10 10:54:00,2025-03-10 10:57:00,1897.65,1898.598825,1896.1,1895.15195,50,LONG,-172.34375000000455
cash_ACC,MovingAverage,2025-03-10 10:58:00,2025-03-10 11:03:00,1896.55,1897.498275,1895.4,1894.4523000000002,50,LONG,-152.29874999998856
cash_ACC,MovingAverage,2025-03-10 11:07:00,2025-03-10 11:09:00,1898.9,1899.84945,1896.0,1895.0520000000001,50,LONG,-239.87249999998994
cash_ACC,MovingAverage,2025-03-10 11:35:00,2025-03-10 11:52:00,1897.7,1898.64885,1894.95,1894.002525,50,LONG,-232.31624999999667
cash_ACC,MovingAverage,2025-03-10 12:35:00,2025-03-10 12:42:00,1883.85,1884.7919249999998,1880.0,1879.0600000000002,50,LONG,-286.5962499999796
cash_ACC,MovingAverage,2025-03-10 13:06:00,2025-03-10 13:20:00,1883.65,1884.591825,1878.5,1877.56075,50,LONG,-351.55374999999367
cash_ACC,MovingAverage,2025-03-10 14:17:00,2025-03-10 14:23:00,1873.4,1874.3367,1865.65,1864.7171750000002,50,LONG,-480.976249999992
cash_ACC,MovingAverage,2025-03-10 14:56:00,2025-03-10 15:15:00,1862.4,1863.3312,1858.2,1857.2709000000002,50,LONG,-303.0149999999935
cash_ACC,MovingAverage,2025-03-11 09:25:00,2025-03-11 10:07:00,1867.2,1868.1336,1869.25,1868.3153750000001,50,LONG,9.088750000012169
cash_ACC,MovingAverage,2025-03-11 10:28:00,2025-03-11 11:19:00,1876.75,1877.688375,1885.0,1884.0575000000001,50,LONG,318.45625000000837
cash_ACC,MovingAverage,2025-03-11 11:44:00,2025-03-11 12:16:00,1884.1,1885.0420499999998,1888.4,1887.4558000000002,50,LONG,120.68750000001955
cash_ACC,MovingAverage,2025-03-11 13:26:00,2025-03-11 13:38:00,1876.5,1877.43825,1872.95,1872.013525,50,LONG,-271.23624999999265
cash_ACC,MovingAverage,2025-03-11 13:57:00,2025-03-11 14:37:00,1874.95,1875.887475,1879.4,1878.4603000000002,50,LONG,128.64125000000968
cash_ACC,MovingAverage,2025-03-11 14:43:00,2025-03-11 14:44:00,1879.55,1880.4897749999998,1879.0,1878.0605,50,LONG,-121.4637499999867
cash_ACC,MovingAverage,2025-03-11 14:46:00,2025-03-11 14:58:00,1879.6,1880.5397999999998,1879.95,1879.010025,50,LONG,-76.48874999998725
cash_ACC,MovingAverage,2025-03-11 15:00:00,2025-03-11 15:08:00,1880.1,1881.0400499999998,1878.45,1877.5107750000002,50,LONG,-176.46374999998216
cash_ACC,MovingAverage,2025-03-11 15:29:00,2025-03-12 09:27:00,1883.0,1883.9415,1876.0,1875.0620000000001,50,LONG,-443.974999999989
cash_ACC,MovingAverage,2025-03-12 11:17:00,2025-03-12 11:33:00,1832.3,1833.2161499999997,1829.75,1828.835125,50,LONG,-219.05124999998407
cash_ACC,MovingAverage,2025-03-12 11:49:00,2025-03-12 12:18:00,1836.25,1837.168125,1832.0,1831.084,50,LONG,-304.2062499999929
cash_ACC,MovingAverage,2025-03-12 12:21:00,2025-03-12 12:39:00,1838.3,1839.21915,1832.5,1831.58375,50,LONG,-381.7699999999945
cash_ACC,MovingAverage,2025-03-12 12:52:00,2025-03-12 13:42:00,1839.2,1840.1196,1852.05,1851.123975,50,LONG,550.2187499999991
cash_ACC,MovingAverage,2025-03-12 14:05:00,2025-03-12 14:47:00,1853.95,1854.876975,1858.95,1858.0205250000001,50,LONG,157.1775000000116
cash_ACC,MovingAverage,2025-03-12 15:05:00,2025-03-12 15:29:00,1864.95,1865.8824749999999,1858.25,1857.3208750000001,50,LONG,-428.07999999998856
cash_ACC,MovingAverage,2025-03-13 09:30:00,2025-03-13 09:34:00,1861.15,1862.080575,1854.7,1853.77265,50,LONG,-415.39624999999205
cash_ACC,MovingAverage,2025-03-13 10:03:00,2025-03-13 10:41:00,1856.7,1857.62835,1856.6,1855.6717,50,LONG,-97.8324999999927
cash_ACC,MovingAverage,2025-03-13 11:11:00,2025-03-13 11:43:00,1857.3,1858.2286499999998,1855.95,1855.0220250000002,50,LONG,-160.3312499999788
cash_ACC,MovingAverage,2025-03-13 12:01:00,2025-03-13 12:25:00,1859.5,1860.4297499999998,1859.35,1858.420325,50,LONG,-100.47124999998687
cash_ACC,MovingAverage,2025-03-13 12:50:00,2025-03-13 13:15:00,1861.1,1862.0305499999997,1860.0,1859.0700000000002,50,LONG,-148.02749999997786
cash_ACC,MovingAverage,2025-03-13 14:05:00,2025-03-13 14:23:00,1860.1,1861.0300499999998,1854.0,1853.073,50,LONG,-397.8524999999877
cash_ACC,MovingAverage,2025-03-13 14:37:00,2025-03-13 14:59:00,1860.9,1861.83045,1856.4,1855.4718000000003,50,LONG,-317.9324999999835
cash_ACC,MovingAverage,2025-03-13 15:24:00,2025-03-17 09:53:00,1855.1,1856.0275499999998,1876.05,1875.111975,50,LONG,954.2212500000119
cash_ACC,MovingAverage,2025-03-17 10:05:00,2025-03-17 10:10:00,1876.65,1877.588325,1875.9,1874.96205,50,LONG,-131.31374999999252
cash_ACC,MovingAverage,2025-03-17 10:49:00,2025-03-17 11:11:00,1872.2,1873.1361,1870.0,1869.065,50,LONG,-203.55499999999438
cash_ACC,MovingAverage,2025-03-17 11:37:00,2025-03-17 11:56:00,1871.95,1872.885975,1869.4,1868.4653000000003,50,LONG,-221.03374999998096
cash_ACC,MovingAverage,2025-03-17 12:35:00,2025-03-17 12:56:00,1867.65,1868.583825,1868.0,1867.066,50,LONG,-75.89124999999513
cash_ACC,MovingAverage,2025-03-17 13:04:00,2025-03-17 13:09:00,1870.95,1871.885475,1868.85,1867.915575,50,LONG,-198.49500000000262
cash_ACC,MovingAverage,2025-03-17 13:19:00,2025-03-17 13:50:00,1870.95,1871.885475,1872.55,1871.6137250000002,50,LONG,-13.58749999999418
cash_ACC,MovingAverage,2025-03-17 14:01:00,2025-03-17 15:06:00,1876.0,1876.9379999999999,1883.85,1882.908075,50,LONG,298.50375000000895
cash_ACC,MovingAverage,2025-03-18 09:17:00,2025-03-18 10:16:00,1887.0,1887.9434999999999,1901.2,1900.2494000000002,50,LONG,615.2950000000146
cash_ACC,MovingAverage,2025-03-18 11:28:00,2025-03-18 11:45:00,1894.3,1895.24715,1892.4,1891.4538000000002,50,LONG,-189.66749999998456
cash_ACC,MovingAverage,2025-03-18 13:01:00,2025-03-18 13:12:00,1881.8,1882.7408999999998,1879.7,1878.76015,50,LONG,-199.0374999999858
cash_ACC,MovingAverage,2025-03-18 13:37:00,2025-03-18 13:54:00,1880.9,1881.84045,1879.9,1878.9600500000001,50,LONG,-144.01999999998907
cash_ACC,MovingAverage,2025-03-18 14:33:00,2025-03-18 14:50:00,1879.5,1880.43975,1877.9,1876.9610500000001,50,LONG,-173.9349999999945
cash_ACC,MovingAverage,2025-03-18 15:08:00,2025-03-18 15:28:00,1879.05,1879.989525,1881.0,1880.0595,50,LONG,3.498750000005657
cash_ACC,MovingAverage,2025-03-19 09:15:00,2025-03-19 10:14:00,1887.65,1888.593825,1899.0,1898.0505,50,LONG,472.8337500000066
cash_ACC,MovingAverage,2025-03-19 10:21:00,2025-03-19 10:57:00,1902.65,1903.601325,1901.5,1900.54925,50,LONG,-152.60375000000295
cash_ACC,MovingAverage,2025-03-19 11:40:00,2025-03-19 11:53:00,1899.8,1900.7498999999998,1897.3,1896.3513500000001,50,LONG,-219.92749999998296
cash_ACC,MovingAverage,2025-03-19 12:13:00,2025-03-19 12:41:00,1903.0,1903.9515,1900.05,1899.099975,50,LONG,-242.57624999999052
cash_ACC,MovingAverage,2025-03-19 12:56:00,2025-03-19 13:07:00,1902.25,1903.2011249999998,1898.0,1897.0510000000002,50,LONG,-307.5062499999831
cash_ACC,MovingAverage,2025-03-19 13:24:00,2025-03-19 14:19:00,1901.0,1901.9505,1902.65,1901.698675,50,LONG,-12.591249999991305
cash_ACC,MovingAverage,2025-03-19 14:42:00,2025-03-19 15:02:00,1906.05,1907.0030249999998,1900.0,1899.0500000000002,50,LONG,-397.6512499999785
cash_ACC,MovingAverage,2025-03-20 09:16:00,2025-03-20 09:33:00,1906.0,1906.953,1901.9,1900.9490500000002,50,LONG,-300.1974999999902
cash_ACC,MovingAverage,2025-03-20 09:37:00,2025-03-20 09:43:00,1906.85,1907.8034249999998,1900.25,1899.2998750000002,50,LONG,-425.17749999998387
cash_ACC,MovingAverage,2025-03-20 10:28:00,2025-03-20 10:44:00,1897.5,1898.4487499999998,1893.4,1892.4533000000001,50,LONG,-299.7724999999832
cash_ACC,MovingAverage,2025-03-20 11:04:00,2025-03-20 11:26:00,1891.0,1891.9454999999998,1892.85,1891.903575,50,LONG,-2.096249999988231
cash_ACC,MovingAverage,2025-03-20 11:29:00,2025-03-20 11:50:00,1893.0,1893.9464999999998,1892.6,1891.6537,50,LONG,-114.63999999998578
cash_ACC,MovingAverage,2025-03-20 12:30:00,2025-03-20 13:00:00,1892.8,1893.7463999999998,1895.85,1894.902075,50,LONG,57.78375000001006
cash_ACC,MovingAverage,2025-03-20 13:17:00,2025-03-20 13:39:00,1895.95,1896.8979749999999,1895.9,1894.95205,50,LONG,-97.29624999998805
cash_ACC,MovingAverage,2025-03-20 14:10:00,2025-03-20 14:14:00,1892.4,1893.3462,1892.4,1891.4538000000002,50,LONG,-94.61999999998625
cash_ACC,MovingAverage,2025-03-20 14:27:00,2025-03-20 14:43:00,1895.0,1895.9475,1892.4,1891.4538000000002,50,LONG,-224.68499999998812
cash_ACC,MovingAverage,2025-03-20 15:28:00,2025-03-21 09:21:00,1889.5,1890.4447499999999,1885.55,1884.607225,50,LONG,-291.8762499999957
cash_ACC,MovingAverage,2025-03-21 09:29:00,2025-03-21 09:53:00,1899.8,1900.7498999999998,1891.15,1890.2044250000001,50,LONG,-527.2737499999835
cash_ACC,MovingAverage,2025-03-21 10:14:00,2025-03-21 11:11:00,1892.1,1893.0460499999997,1897.25,1896.301375,50,LONG,162.7662500000156
cash_ACC,MovingAverage,2025-03-21 11:28:00,2025-03-21 11:41:00,1902.6,1903.5512999999999,1895.7,1894.7521500000003,50,LONG,-439.95749999998
cash_ACC,MovingAverage,2025-03-21 12:00:00,2025-03-21 13:12:00,1899.95,1900.899975,1912.3,1911.34385,50,LONG,522.1937499999967
cash_ACC,MovingAverage,2025-03-21 13:13:00,2025-03-21 13:15:00,1913.4,1914.3567,1909.1,1908.14545,50,LONG,-310.5625000000032
cash_ACC,MovingAverage,2025-03-21 13:47:00,2025-03-21 13:49:00,1909.75,1910.704875,1904.45,1903.497775,50,LONG,-360.35499999999274
cash_ACC,MovingAverage,2025-03-21 14:05:00,2025-03-21 14:39:00,1906.55,1907.5032749999998,1916.0,1915.0420000000001,50,LONG,376.936250000017
cash_ACC,MovingAverage,2025-03-21 15:04:00,2025-03-21 15:20:00,1916.85,1917.8084249999997,1915.0,1914.0425,50,LONG,-188.29624999998487
cash_ACC,MovingAverage,2025-03-24 09:15:00,2025-03-24 09:36:00,1924.75,1925.7123749999998,1914.15,1913.1929250000003,50,LONG,-625.9724999999776
cash_ACC,MovingAverage,2025-03-24 09:53:00,2025-03-24 10:42:00,1923.35,1924.3116749999997,1931.85,1930.884075,50,LONG,328.62000000001217
cash_ACC,MovingAverage,2025-03-24 11:29:00,2025-03-24 12:57:00,1926.05,1927.0130249999997,1933.0,1932.0335,50,LONG,251.02375000001302
cash_ACC,MovingAverage,2025-03-24 13:12:00,2025-03-24 13:39:00,1936.1,1937.0680499999999,1937.0,1936.0315,50,LONG,-51.82749999999032
cash_ACC,MovingAverage,2025-03-24 13:50:00,2025-03-24 14:08:00,1936.95,1937.918475,1935.9,1934.9320500000001,50,LONG,-149.32124999999132
cash_ACC,MovingAverage,2025-03-24 14:11:00,2025-03-24 14:35:00,1939.3,1940.26965,1937.5,1936.53125,50,LONG,-186.9199999999978
cash_ACC,MovingAverage,2025-03-24 15:26:00,2025-03-25 09:59:00,1934.15,1935.1170749999999,1956.65,1955.6716750000003,50,LONG,1027.7300000000196
cash_ACC,MovingAverage,2025-03-25 10:09:00,2025-03-25 10:16:00,1964.0,1964.982,1948.05,1947.075975,50,LONG,-895.30125
cash_ACC,MovingAverage,2025-03-25 10:34:00,2025-03-25 10:38:00,1952.4,1953.3762,1943.1,1942.12845,50,LONG,-562.3874999999998
cash_ACC,MovingAverage,2025-03-25 10:54:00,2025-03-25 11:24:00,1951.8,1952.7758999999999,1943.15,1942.1784250000003,50,LONG,-529.8737499999788
cash_ACC,MovingAverage,2025-03-25 11:39:00,2025-03-25 11:45:00,1945.15,1946.122575,1942.85,1941.878575,50,LONG,-212.2000000000071
cash_ACC,MovingAverage,2025-03-25 12:01:00,2025-03-25 12:22:00,1946.45,1947.423225,1946.35,1945.376825,50,LONG,-102.31999999999744
cash_ACC,MovingAverage,2025-03-25 13:03:00,2025-03-25 13:07:00,1946.2,1947.1731,1944.0,1943.028,50,LONG,-207.25499999999784
cash_ACC,MovingAverage,2025-03-25 13:32:00,2025-03-25 14:29:00,1942.85,1943.8214249999999,1941.6,1940.6292,50,LONG,-159.611249999989
cash_ACC,MovingAverage,2025-03-26 09:23:00,2025-03-26 09:44:00,1941.4,1942.3707,1934.35,1933.382825,50,LONG,-449.39375000000155
cash_ACC,MovingAverage,2025-03-26 09:59:00,2025-03-26 10:30:00,1944.45,1945.422225,1942.0,1941.029,50,LONG,-219.66125000000147
cash_ACC,MovingAverage,2025-03-26 10:49:00,2025-03-26 11:07:00,1947.0,1947.9734999999998,1942.7,1941.7286500000002,50,LONG,-312.2424999999794
cash_ACC,MovingAverage,2025-03-26 11:22:00,2025-03-26 11:46:00,1947.75,1948.723875,1945.9,1944.9270500000002,50,LONG,-189.84124999998357
cash_ACC,MovingAverage,2025-03-26 12:21:00,2025-03-26 13:07:00,1942.2,1943.1711,1944.95,1943.9775250000002,50,LONG,40.32125000001088
cash_ACC,MovingAverage,2025-03-26 13:32:00,2025-03-26 13:40:00,1942.0,1942.971,1941.05,1940.079475,50,LONG,-144.57625000000007
cash_ACC,MovingAverage,2025-03-26 13:57:00,2025-03-26 14:22:00,1943.15,1944.121575,1943.25,1942.278375,50,LONG,-92.15999999998985
cash_ACC,MovingAverage,2025-03-26 15:18:00,2025-03-26 15:23:00,1932.45,1933.416225,1934.0,1933.0330000000001,50,LONG,-19.16124999999056
cash_ACC,MovingAverage,2025-03-26 15:28:00,2025-03-27 09:16:00,1933.35,1934.3166749999998,1925.85,1924.887075,50,LONG,-471.47999999998547
cash_ACC,MovingAverage,2025-03-27 09:22:00,2025-03-27 09:47:00,1942.4,1943.3712,1938.15,1937.1809250000001,50,LONG,-309.51374999999643
cash_ACC,MovingAverage,2025-03-27 10:40:00,2025-03-27 10:55:00,1939.7,1940.66985,1932.35,1931.3838250000001,50,LONG,-464.30124999999407
cash_ACC,MovingAverage,2025-03-27 11:08:00,2025-03-27 11:40:00,1935.7,1936.66785,1942.8,1941.8286,50,LONG,258.03750000000036
cash_ACC,MovingAverage,2025-03-27 11:47:00,2025-03-27 12:03:00,1943.8,1944.7719,1941.95,1940.979025,50,LONG,-189.64374999999336
cash_ACC,MovingAverage,2025-03-27 12:51:00,2025-03-27 13:09:00,1938.65,1939.619325,1936.35,1935.381825,50,LONG,-211.87499999999773
cash_ACC,MovingAverage,2025-03-27 13:31:00,2025-03-27 13:57:00,1937.15,1938.118575,1935.35,1934.382325,50,LONG,-186.81249999999636
cash_ACC,MovingAverage,2025-03-27 14:06:00,2025-03-27 15:29:00,1938.35,1939.3191749999999,1966.0,1965.017,50,LONG,1284.8912500000097
cash_ACC,MovingAverage,2025-03-28 09:15:00,2025-03-28 09:34:00,1973.5,1974.4867499999998,1971.1,1970.11445,50,LONG,-218.6149999999884
cash_ACC,MovingAverage,2025-03-28 09:59:00,2025-03-28 10:08:00,1964.9,1965.88245,1961.8,1960.8191000000002,50,LONG,-253.16749999999502
cash_ACC,MovingAverage,2025-03-28 10:33:00,2025-03-28 10:58:00,1961.75,1962.730875,1963.75,1962.768125,50,LONG,1.8625000000042746
cash_ACC,MovingAverage,2025-03-28 11:45:00,2025-03-28 12:15:00,1950.75,1951.725375,1949.8,1948.8251,50,LONG,-145.01374999999825
cash_ACC,MovingAverage,2025-03-28 12:53:00,2025-03-28 13:05:00,1941.45,1942.420725,1936.3,1935.33185,50,LONG,-354.4437499999958
cash_ACC,MovingAverage,2025-03-28 13:37:00,2025-03-28 13:45:00,1937.3,1938.2686499999998,1931.0,1930.0345000000002,50,LONG,-411.70749999997724
cash_ACC,MovingAverage,2025-03-28 14:20:00,2025-03-28 15:01:00,1929.9,1930.86495,1931.35,1930.384325,50,LONG,-24.031249999995907
cash_ACC,MovingAverage,2025-03-28 15:09:00,2025-04-01 09:52:00,1940.95,1941.920475,1951.8,1950.8241,50,LONG,445.18125000000737
cash_ACC,MovingAverage,2025-04-01 10:23:00,2025-04-01 10:25:00,1948.1,1949.0740499999997,1943.85,1942.878075,50,LONG,-309.79874999998174
cash_ACC,MovingAverage,2025-04-01 10:49:00,2025-04-01 11:04:00,1944.7,1945.67235,1940.5,1939.5297500000001,50,LONG,-307.1299999999951
cash_ACC,MovingAverage,2025-04-01 11:22:00,2025-04-01 11:39:00,1945.45,1946.422725,1942.35,1941.378825,50,LONG,-252.1949999999947
cash_ACC,MovingAverage,2025-04-01 12:10:00,2025-04-01 13:00:00,1947.3,1948.2736499999999,1950.2,1949.2249000000002,50,LONG,47.56250000001501
cash_ACC,MovingAverage,2025-04-01 13:41:00,2025-04-01 14:03:00,1950.45,1951.425225,1950.3,1949.32485,50,LONG,-105.01874999999927
cash_ACC,MovingAverage,2025-04-01 14:06:00,2025-04-01 14:10:00,1951.2,1952.1756,1948.0,1947.026,50,LONG,-257.4799999999982
cash_ACC,MovingAverage,2025-04-01 14:11:00,2025-04-01 14:16:00,1950.0,1950.975,1950.0,1949.025,50,LONG,-97.4999999999909
cash_ACC,MovingAverage,2025-04-01 14:20:00,2025-04-01 14:22:00,1949.6,1950.5747999999999,1950.8,1949.8246000000001,50,LONG,-37.50999999998612
cash_ACC,MovingAverage,2025-04-01 14:23:00,2025-04-01 15:12:00,1951.5,1952.4757499999998,1952.55,1951.573725,50,LONG,-45.10124999999334
cash_ACC,MovingAverage,2025-04-02 09:35:00,2025-04-02 09:52:00,1949.2,1950.1745999999998,1937.4,1936.4313000000002,50,LONG,-687.1649999999818
cash_ACC,MovingAverage,2025-04-02 10:04:00,2025-04-02 10:22:00,1943.15,1944.121575,1942.3,1941.32885,50,LONG,-139.63624999998956
cash_ACC,MovingAverage,2025-04-02 10:29:00,2025-04-02 11:14:00,1944.3,1945.2721499999998,1958.4,1957.4208,50,LONG,607.4325000000158
cash_ACC,MovingAverage,2025-04-02 11:55:00,2025-04-02 12:51:00,1957.65,1958.628825,1968.5,1967.51575,50,LONG,444.34625000000096
cash_ACC,MovingAverage,2025-04-02 13:13:00,2025-04-02 13:27:00,1969.85,1970.8349249999999,1967.15,1966.1664250000001,50,LONG,-233.42499999998836
cash_ACC,MovingAverage,2025-04-02 14:42:00,2025-04-02 15:22:00,1962.95,1963.9314749999999,1962.2,1961.2189,50,LONG,-135.6287499999894
cash_ACC,MovingAverage,2025-04-03 09:18:00,2025-04-03 09:46:00,1967.8,1968.7839,1969.3,1968.31535,50,LONG,-23.42749999999114
cash_ACC,MovingAverage,2025-04-03 10:13:00,2025-04-03 10:41:00,1975.55,1976.5377749999998,1977.95,1976.961025,50,LONG,21.162500000014006
cash_ACC,MovingAverage,2025-04-03 10:59:00,2025-04-03 11:17:00,1979.95,1980.939975,1977.3,1976.3113500000002,50,LONG,-231.43124999999145
cash_ACC,MovingAverage,2025-04-03 11:31:00,2025-04-03 11:56:00,1978.6,1979.5892999999999,1977.05,1976.061475,50,LONG,-176.39124999999467
cash_ACC,MovingAverage,2025-04-03 12:16:00,2025-04-03 12:52:00,1991.0,1991.9955,1985.95,1984.9570250000002,50,LONG,-351.92374999999174
cash_ACC,MovingAverage,2025-04-03 13:18:00,2025-04-03 14:14:00,1986.0,1986.993,1992.2,1991.2039000000002,50,LONG,210.54500000001326
cash_ACC,MovingAverage,2025-04-03 14:54:00,2025-04-04 09:18:00,1989.95,1990.9449749999999,1984.55,1983.5577250000001,50,LONG,-369.36249999998836
cash_ACC,MovingAverage,2025-04-04 09:38:00,2025-04-04 09:48:00,1986.85,1987.8434249999998,1974.85,1973.862575,50,LONG,-699.0424999999846
cash_ACC,MovingAverage,2025-04-04 10:34:00,2025-04-04 11:11:00,1967.45,1968.4337249999999,1983.9,1982.9080500000002,50,LONG,723.7162500000181
cash_ACC,MovingAverage,2025-04-04 11:28:00,2025-04-04 11:43:00,1985.0,1985.9924999999998,1984.0,1983.008,50,LONG,-149.2249999999899
cash_ACC,MovingAverage,2025-04-04 12:56:00,2025-04-04 13:18:00,1973.1,1974.0865499999998,1972.95,1971.9635250000001,50,LONG,-106.15124999998216
cash_ACC,MovingAverage,2025-04-04 13:25:00,2025-04-04 13:38:00,1975.0,1975.9875,1973.6,1972.6132,50,LONG,-168.71499999999742
cash_ACC,MovingAverage,2025-04-04 14:10:00,2025-04-04 14:27:00,1969.9,1970.88495,1966.0,1965.017,50,LONG,-293.39749999999185
cash_ACC,MovingAverage,2025-04-04 15:07:00,2025-04-07 09:15:00,1966.9,1967.88345,1905.55,1904.597225,50,LONG,-3164.311250000003
cash_ACC,MovingAverage,2025-04-07 09:41:00,2025-04-07 09:48:00,1897.45,1898.398725,1903.75,1902.798125,50,LONG,219.9700000000007
cash_ACC,MovingAverage,2025-04-07 10:00:00,2025-04-07 10:07:00,1905.5,1906.45275,1899.2,1898.2504000000001,50,LONG,-410.11749999998983
cash_ACC,MovingAverage,2025-04-07 10:29:00,2025-04-07 11:31:00,1908.05,1909.004025,1926.85,1925.886575,50,LONG,844.1275000000019
cash_ACC,MovingAverage,2025-04-07 12:41:00,2025-04-07 13:02:00,1905.6,1906.5527999999997,1902.1,1901.14895,50,LONG,-270.19249999998465
cash_ACC,MovingAverage,2025-04-07 13:28:00,2025-04-07 14:02:00,1906.95,1907.9034749999998,1913.0,1912.0435,50,LONG,207.00125000000753
cash_ACC,MovingAverage,2025-04-07 14:31:00,2025-04-08 09:42:00,1914.95,1915.907475,1952.2,1951.2239000000002,50,LONG,1765.8212500000104
cash_ACC,MovingAverage,2025-04-08 10:11:00,2025-04-08 10:36:00,1954.0,1954.9769999999999,1946.45,1945.476775,50,LONG,-475.01124999998865
cash_ACC,MovingAverage,2025-04-08 10:58:00,2025-04-08 11:27:00,1952.6,1953.5762999999997,1956.05,1955.071975,50,LONG,74.78375000001733
cash_ACC,MovingAverage,2025-04-08 11:54:00,2025-04-08 12:52:00,1959.55,1960.5297749999997,1978.05,1977.060975,50,LONG,826.5600000000177
cash_ACC,MovingAverage,2025-04-08 12:59:00,2025-04-08 13:08:00,1980.0,1980.9899999999998,1977.0,1976.0115,50,LONG,-248.92499999998563
cash_ACC,MovingAverage,2025-04-08 13:29:00,2025-04-08 13:40:00,1979.05,1980.039525,1976.05,1975.061975,50,LONG,-248.87749999999187
cash_ACC,MovingAverage,2025-04-08 14:06:00,2025-04-08 14:37:00,1975.15,1976.137575,1977.1,1976.11145,50,LONG,-1.3062499999932697
cash_ACC,MovingAverage,2025-04-08 15:27:00,2025-04-09 09:20:00,1977.0,1977.9885,1969.6,1968.6152,50,LONG,-468.6649999999986
cash_ACC,MovingAverage,2025-04-09 09:40:00,2025-04-09 09:52:00,1969.9,1970.88495,1964.05,1963.0679750000002,50,LONG,-390.84874999998647
cash_ACC,MovingAverage,2025-04-09 10:55:00,2025-04-09 11:08:00,1958.55,1959.5292749999999,1955.7,1954.72215,50,LONG,-240.35624999999072
cash_ACC,MovingAverage,2025-04-09 11:21:00,2025-04-09 12:07:00,1962.65,1963.631325,1976.2,1975.2119000000002,50,LONG,579.028750000009
cash_ACC,MovingAverage,2025-04-09 12:35:00,2025-04-09 13:41:00,1977.35,1978.3386749999997,1979.0,1978.0105,50,LONG,-16.40874999998232
cash_ACC,MovingAverage,2025-04-09 13:51:00,2025-04-09 14:55:00,1982.95,1983.9414749999999,1988.45,1987.4557750000001,50,LONG,175.7150000000138
cash_ACC,MovingAverage,2025-04-09 15:14:00,2025-04-09 15:19:00,1988.4,1989.3942,1986.65,1985.6566750000002,50,LONG,-186.8762499999889
cash_ACC,MovingAverage,2025-04-11 09:17:00,2025-04-11 09:51:00,2003.2,2004.2015999999999,2001.3,2000.29935,50,LONG,-195.11249999999336
cash_ACC,MovingAverage,2025-04-11 10:58:00,2025-04-11 13:20:00,1984.9,1985.89245,2007.0,2005.9965000000002,50,LONG,1005.2025000000071
cash_ACC,MovingAverage,2025-04-11 14:11:00,2025-04-11 14:30:00,2005.25,2006.2526249999999,2006.65,2005.6466750000002,50,LONG,-30.2974999999833
cash_ACC,MovingAverage,2025-04-11 14:31:00,2025-04-11 15:07:00,2007.7,2008.7038499999999,2006.05,2005.046975,50,LONG,-182.843749999995
cash_ACC,MovingAverage,2025-04-15 09:16:00,2025-04-15 09:41:00,2022.9,2023.91145,2017.3,2016.29135,50,LONG,-381.00500000000466
cash_ACC,MovingAverage,2025-04-15 10:04:00,2025-04-15 10:27:00,2019.9,2020.90995,2019.1,2018.09045,50,LONG,-140.9750000000031
cash_ACC,MovingAverage,2025-04-15 10:58:00,2025-04-15 11:24:00,2021.0,2022.0104999999999,2027.6,2026.5862,50,LONG,228.78500000000486
cash_ACC,MovingAverage,2025-04-15 11:25:00,2025-04-15 11:53:00,2028.9,2029.91445,2033.1,2032.08345,50,LONG,108.45000000000482
cash_ACC,MovingAverage,2025-04-15 12:06:00,2025-04-15 12:21:00,2035.6,2036.6177999999998,2029.3,2028.28535,50,LONG,-416.62249999998267
cash_ACC,MovingAverage,2025-04-15 12:47:00,2025-04-15 12:56:00,2030.5,2031.51525,2029.3,2028.28535,50,LONG,-161.4949999999908
cash_ACC,MovingAverage,2025-04-15 13:05:00,2025-04-15 13:40:00,2031.0,2032.0155,2034.0,2032.9830000000002,50,LONG,48.375000000010004
cash_ACC,MovingAverage,2025-04-15 13:52:00,2025-04-15 14:12:00,2036.7,2037.7183499999999,2035.8,2034.7821000000001,50,LONG,-146.81249999998727
cash_ACC,MovingAverage,2025-04-15 14:20:00,2025-04-16 09:24:00,2035.4,2036.4177,2052.0,2050.974,50,LONG,727.8150000000096
cash_ACC,MovingAverage,2025-04-16 09:28:00,2025-04-16 10:04:00,2054.1,2055.1270499999996,2053.5,2052.47325,50,LONG,-132.6899999999796
cash_ACC,MovingAverage,2025-04-16 10:12:00,2025-04-16 10:19:00,2055.9,2056.92795,2046.6,2045.5767,50,LONG,-567.5624999999854
cash_ACC,MovingAverage,2025-04-16 10:43:00,2025-04-16 11:01:00,2048.6,2049.6243,2045.3,2044.27735,50,LONG,-267.34749999999394
cash_ACC,MovingAverage,2025-04-16 11:13:00,2025-04-16 11:35:00,2054.0,2055.027,2051.3,2050.27435,50,LONG,-237.63249999999516
cash_ACC,MovingAverage,2025-04-16 11:50:00,2025-04-16 12:08:00,2053.0,2054.0265,2052.7,2051.6736499999997,50,LONG,-117.64250000001084
cash_ACC,MovingAverage,2025-04-16 12:34:00,2025-04-16 12:48:00,2051.6,2052.6258,2051.0,2049.9745000000003,50,LONG,-132.56499999997686
cash_ACC,MovingAverage,2025-04-16 12:56:00,2025-04-16 13:03:00,2051.4,2052.4257,2050.4,2049.3748,50,LONG,-152.54499999998643
cash_ACC,MovingAverage,2025-04-16 13:21:00,2025-04-16 13:36:00,2051.0,2052.0254999999997,2050.5,2049.4747500000003,50,LONG,-127.53749999997126
cash_ACC,MovingAverage,2025-04-16 13:45:00,2025-04-16 14:12:00,2052.0,2053.026,2056.1,2055.07195,50,LONG,102.29750000000877
cash_ACC,MovingAverage,2025-04-16 14:55:00,2025-04-16 15:29:00,2053.6,2054.6268,2058.2,2057.1709,50,LONG,127.20500000000357
cash_ACC,MovingAverage,2025-04-17 09:16:00,2025-04-17 09:22:00,2062.0,2063.031,2056.2,2055.1719,50,LONG,-392.9550000000063
cash_ACC,MovingAverage,2025-04-17 09:44:00,2025-04-17 10:01:00,2059.2,2060.2295999999997,2054.1,2053.07295,50,LONG,-357.83249999997224
cash_ACC,MovingAverage,2025-04-17 10:23:00,2025-04-17 10:56:00,2058.9,2059.92945,2059.2,2058.1704,50,LONG,-87.95250000000578
cash_ACC,MovingAverage,2025-04-17 11:15:00,2025-04-17 11:29:00,2059.6,2060.6297999999997,2059.7,2058.67015,50,LONG,-97.98249999998916
cash_ACC,MovingAverage,2025-04-17 11:30:00,2025-04-17 11:32:00,2060.9,2061.93045,2058.4,2057.3708,50,LONG,-227.9824999999846
cash_ACC,MovingAverage,2025-04-17 12:16:00,2025-04-17 13:24:00,2055.1,2056.1275499999997,2058.0,2056.971,50,LONG,42.172500000015134
cash_ACC,MovingAverage,2025-04-17 13:36:00,2025-04-17 14:04:00,2062.6,2063.6313,2061.3,2060.2693500000005,50,LONG,-168.0974999999762
cash_ACC,MovingAverage,2025-04-17 14:32:00,2025-04-17 14:50:00,2063.3,2064.33165,2062.4,2061.3688,50,LONG,-148.14249999999447
cash_ACC,MovingAverage,2025-04-17 15:08:00,2025-04-17 15:09:00,2063.0,2064.0315,2062.4,2061.3688,50,LONG,-133.13499999999294
cash_ACC,MovingAverage,2025-04-17 15:10:00,2025-04-17 15:18:00,2061.8,2062.8309,2062.0,2060.969,50,LONG,-93.09499999999389
cash_ACC,MovingAverage,2025-04-17 15:21:00,2025-04-17 15:22:00,2061.9,2062.93095,2062.0,2060.969,50,LONG,-98.0974999999944
cash_ACC,MovingAverage,2025-04-21 09:15:00,2025-04-21 09:26:00,2068.4,2069.4342,2062.6,2061.5687,50,LONG,-393.2750000000169
cash_ACC,MovingAverage,2025-04-21 09:29:00,2025-04-21 10:10:00,2068.9,2069.93445,2082.0,2080.9590000000003,50,LONG,551.2275000000045
cash_ACC,MovingAverage,2025-04-21 10:17:00,2025-04-21 10:45:00,2087.3,2088.3436500000003,2088.4,2087.3558000000003,50,LONG,-49.39249999999902
cash_ACC,MovingAverage,2025-04-21 11:02:00,2025-04-21 11:19:00,2097.0,2098.0485,2091.6,2090.5542,50,LONG,-374.71499999999196
cash_ACC,MovingAverage,2025-04-21 11:48:00,2025-04-21 11:58:00,2093.3,2094.34665,2087.5,2086.45625,50,LONG,-394.5199999999886
cash_ACC,MovingAverage,2025-04-21 12:15:00,2025-04-21 13:00:00,2092.0,2093.046,2093.7,2092.65315,50,LONG,-19.642499999986285
cash_ACC,MovingAverage,2025-04-21 14:05:00,2025-04-21 14:37:00,2084.8,2085.8424,2085.2,2084.1574,50,LONG,-84.24999999999727
cash_ACC,MovingAverage,2025-04-21 14:52:00,2025-04-21 15:06:00,2088.0,2089.044,2084.5,2083.45775,50,LONG,-279.3124999999918
cash_ACC,MovingAverage,2025-04-21 15:16:00,2025-04-22 09:19:00,2090.0,2091.045,2075.3,2074.2623500000004,50,LONG,-839.1324999999824
cash_ACC,MovingAverage,2025-04-22 09:35:00,2025-04-22 10:07:00,2091.0,2092.0454999999997,2095.2,2094.1524,50,LONG,105.34500000001117
cash_ACC,MovingAverage,2025-04-22 10:16:00,2025-04-22 11:04:00,2096.9,2097.94845,2098.6,2097.5507000000002,50,LONG,-19.887499999981628
cash_ACC,MovingAverage,2025-04-22 11:23:00,2025-04-22 11:25:00,2098.5,2099.54925,2096.1,2095.05195,50,LONG,-224.86499999999978
cash_ACC,MovingAverage,2025-04-22 11:50:00,2025-04-22 12:02:00,2094.5,2095.54725,2090.1,2089.05495,50,LONG,-324.6149999999943
cash_ACC,MovingAverage,2025-04-22 12:29:00,2025-04-22 12:41:00,2091.3,2092.34565,2089.5,2088.45525,50,LONG,-194.52000000001135
cash_ACC,MovingAverage,2025-04-22 12:59:00,2025-04-22 13:16:00,2092.0,2093.046,2088.4,2087.3558000000003,50,LONG,-284.5099999999775
cash_ACC,MovingAverage,2025-04-22 13:51:00,2025-04-22 13:55:00,2083.7,2084.74185,2083.5,2082.45825,50,LONG,-114.17999999998756
cash_ACC,MovingAverage,2025-04-22 14:23:00,2025-04-22 14:38:00,2085.7,2086.7428499999996,2083.1,2082.05845,50,LONG,-234.21999999998206
cash_ACC,MovingAverage,2025-04-22 15:05:00,2025-04-22 15:17:00,2083.3,2084.34165,2080.0,2078.96,50,LONG,-269.08249999999043
cash_ACC,MovingAverage,2025-04-23 09:17:00,2025-04-23 09:32:00,2088.0,2089.044,2073.5,2072.4632500000002,50,LONG,-829.0374999999813
cash_ACC,MovingAverage,2025-04-23 10:33:00,2025-04-23 10:39:00,2055.1,2056.1275499999997,2053.0,2051.9735,50,LONG,-207.70249999998214
cash_ACC,MovingAverage,2025-04-23 11:01:00,2025-04-23 11:10:00,2056.1,2057.12805,2050.7,2049.67465,50,LONG,-372.6699999999937
cash_ACC,MovingAverage,2025-04-23 11:17:00,2025-04-23 11:33:00,2058.0,2059.029,2053.4,2052.3733,50,LONG,-332.78499999998985
cash_ACC,MovingAverage,2025-04-23 11:49:00,2025-04-23 12:11:00,2056.5,2057.52825,2056.5,2055.47175,50,LONG,-102.82499999998436
cash_ACC,MovingAverage,2025-04-23 12:16:00,2025-04-23 12:27:00,2061.9,2062.93095,2050.1,2049.07495,50,LONG,-692.7999999999884
cash_ACC,MovingAverage,2025-04-23 12:49:00,2025-04-23 13:24:00,2053.8,2054.8269,2057.3,2056.2713500000004,50,LONG,72.22250000002077
cash_ACC,MovingAverage,2025-04-23 13:32:00,2025-04-23 13:50:00,2069.5,2070.53475,2062.4,2061.3688,50,LONG,-458.2974999999806
cash_ACC,MovingAverage,2025-04-23 15:04:00,2025-04-24 09:44:00,2049.9,2050.92495,2076.8,2075.7616000000003,50,LONG,1241.8325000000095
cash_ACC,MovingAverage,2025-04-24 09:54:00,2025-04-24 10:56:00,2085.0,2086.0425,2098.3,2097.2508500000004,50,LONG,560.4175000000168
cash_ACC,MovingAverage,2025-04-24 10:59:00,2025-04-24 11:07:00,2105.5,2106.55275,2090.9,2089.85455,50,LONG,-834.9099999999908
cash_ACC,MovingAverage,2025-04-24 11:42:00,2025-04-24 11:49:00,2089.8,2090.8449,2086.7,2085.65665,50,LONG,-259.41250000000764
cash_ACC,MovingAverage,2025-04-24 11:57:00,2025-04-24 12:19:00,2089.7,2090.7448499999996,2091.1,2090.05445,50,LONG,-34.51999999997497
cash_ACC,MovingAverage,2025-04-24 12:21:00,2025-04-24 12:28:00,2091.1,2092.1455499999997,2091.6,2090.5542,50,LONG,-79.56749999998465
cash_ACC,MovingAverage,2025-04-24 12:31:00,2025-04-24 12:41:00,2092.9,2093.94645,2090.9,2089.85455,50,LONG,-204.5949999999948
cash_ACC,MovingAverage,2025-04-24 12:53:00,2025-04-24 13:15:00,2096.4,2097.4482,2092.7,2091.6536499999997,50,LONG,-289.7275000000036
cash_ACC,MovingAverage,2025-04-24 13:22:00,2025-04-24 14:16:00,2100.7,2101.75035,2102.4,2101.3488,50,LONG,-20.07749999997941
cash_ACC,MovingAverage,2025-04-25 10:46:00,2025-04-25 10:59:00,1952.0,1952.9759999999999,1945.0,1944.0275000000001,50,LONG,-447.424999999987
cash_ACC,MovingAverage,2025-04-25 11:34:00,2025-04-25 12:35:00,1939.9,1940.86995,1960.5,1959.5197500000002,50,LONG,932.4900000000071
cash_ACC,MovingAverage,2025-04-25 13:56:00,2025-04-25 14:12:00,1947.7,1948.67385,1940.8,1939.8296,50,LONG,-442.2124999999937
cash_ACC,MovingAverage,2025-04-25 14:54:00,2025-04-25 15:06:00,1942.7,1943.6713499999998,1938.9,1937.9305500000003,50,LONG,-287.03999999997905
cash_ACC,MovingAverage,2025-04-28 09:39:00,2025-04-28 10:32:00,1927.5,1928.46375,1935.4,1934.4323000000002,50,LONG,298.4275000000139
cash_ACC,MovingAverage,2025-04-28 10:52:00,2025-04-28 11:13:00,1939.2,1940.1696,1933.6,1932.6332,50,LONG,-376.8199999999979
cash_ACC,MovingAverage,2025-04-28 11:33:00,2025-04-28 11:56:00,1940.1,1941.0700499999998,1936.1,1935.13195,50,LONG,-296.90499999999247
cash_ACC,MovingAverage,2025-04-28 12:18:00,2025-04-28 12:34:00,1938.1,1939.0690499999998,1934.7,1933.7326500000001,50,LONG,-266.81999999998425
cash_ACC,MovingAverage,2025-04-28 12:58:00,2025-04-28 13:08:00,1940.0,1940.9699999999998,1929.0,1928.0355000000002,50,LONG,-646.7249999999808
cash_ACC,MovingAverage,2025-04-28 13:36:00,2025-04-28 13:52:00,1931.5,1932.4657499999998,1927.7,1926.7361500000002,50,LONG,-286.4799999999832
cash_ACC,MovingAverage,2025-04-28 15:00:00,2025-04-29 09:30:00,1925.0,1925.9624999999999,1922.7,1921.7386500000002,50,LONG,-211.19249999998146
cash_ACC,MovingAverage,2025-04-29 10:03:00,2025-04-29 10:16:00,1919.6,1920.5597999999998,1912.6,1911.6437,50,LONG,-445.8049999999844
cash_ACC,MovingAverage,2025-04-29 10:48:00,2025-04-29 11:06:00,1910.9,1911.85545,1905.2,1904.2474000000002,50,LONG,-380.40249999999105
cash_ACC,MovingAverage,2025-04-29 11:20:00,2025-04-29 11:43:00,1908.7,1909.65435,1907.0,1906.0465000000002,50,LONG,-180.39249999999356
cash_ACC,MovingAverage,2025-04-29 12:12:00,2025-04-29 12:51:00,1905.2,1906.1526,1907.7,1906.7461500000002,50,LONG,29.67750000001388
cash_ACC,MovingAverage,2025-04-29 13:30:00,2025-04-29 13:37:00,1907.4,1908.3537,1903.0,1902.0485,50,LONG,-315.2599999999893
cash_ACC,MovingAverage,2025-04-29 13:58:00,2025-04-29 14:08:00,1907.0,1907.9534999999998,1906.0,1905.047,50,LONG,-145.32499999999118
cash_ACC,MovingAverage,2025-04-29 14:09:00,2025-04-29 14:13:00,1905.0,1905.9524999999999,1903.8,1902.8481000000002,50,LONG,-155.2199999999857
cash_ACC,MovingAverage,2025-04-30 09:47:00,2025-04-30 10:05:00,1885.0,1885.9424999999999,1880.0,1879.0600000000002,50,LONG,-344.12499999998545
cash_ACC,MovingAverage,2025-04-30 10:24:00,2025-04-30 10:33:00,1886.6,1887.5432999999998,1880.4,1879.4598,50,LONG,-404.17499999998654
cash_ACC,MovingAverage,2025-04-30 11:25:00,2025-04-30 13:00:00,1877.7,1878.63885,1894.9,1893.9525500000002,50,LONG,765.6850000000077
cash_ACC,MovingAverage,2025-04-30 13:45:00,2025-04-30 14:35:00,1888.0,1888.944,1889.1,1888.15545,50,LONG,-39.42749999999933
cash_ACC,MovingAverage,2025-04-30 14:54:00,2025-04-30 15:08:00,1893.0,1893.9464999999998,1891.5,1890.5542500000001,50,LONG,-169.61249999998245
cash_ACC,MovingAverage,2025-04-30 15:09:00,2025-04-30 15:15:00,1893.4,1894.3467,1888.4,1887.4558000000002,50,LONG,-344.5449999999937
cash_ACC,MovingAverage,2025-05-02 09:56:00,2025-05-02 10:26:00,1882.4,1883.3412,1880.3,1879.35985,50,LONG,-199.06750000000102
cash_ACC,MovingAverage,2025-05-02 11:10:00,2025-05-02 11:20:00,1877.5,1878.4387499999998,1871.9,1870.9640500000003,50,LONG,-373.7349999999765
cash_ACC,MovingAverage,2025-05-02 11:33:00,2025-05-02 11:43:00,1878.7,1879.63935,1872.9,1871.9635500000002,50,LONG,-383.7899999999877
cash_ACC,MovingAverage,2025-05-02 11:59:00,2025-05-02 12:09:00,1877.5,1878.4387499999998,1872.1,1871.16395,50,LONG,-363.7399999999843
cash_ACC,MovingAverage,2025-05-02 12:50:00,2025-05-02 13:51:00,1864.8,1865.7323999999999,1868.6,1867.6657,50,LONG,96.66500000000724
cash_ACC,MovingAverage,2025-05-02 14:02:00,2025-05-02 14:03:00,1868.6,1869.5342999999998,1866.0,1865.067,50,LONG,-223.36499999998978
cash_ACC,MovingAverage,2025-05-02 14:44:00,2025-05-02 15:11:00,1864.3,1865.2321499999998,1864.9,1863.9675500000003,50,LONG,-63.22999999997592
cash_ACC,MovingAverage,2025-05-05 09:41:00,2025-05-05 11:35:00,1861.9,1862.83095,1889.1,1888.15545,50,LONG,1266.2249999999972
cash_ACC,MovingAverage,2025-05-05 11:57:00,2025-05-05 12:53:00,1888.6,1889.5442999999998,1900.9,1899.9495500000003,50,LONG,520.2625000000239
cash_ACC,MovingAverage,2025-05-05 13:17:00,2025-05-05 13:18:00,1897.0,1897.9485,1896.0,1895.0520000000001,50,LONG,-144.82499999999163
cash_ACC,MovingAverage,2025-05-05 13:19:00,2025-05-05 13:20:00,1897.3,1898.2486499999998,1897.5,1896.5512500000002,50,LONG,-84.86999999997806
cash_ACC,MovingAverage,2025-05-05 13:27:00,2025-05-05 13:30:00,1898.9,1899.84945,1896.1,1895.15195,50,LONG,-234.87499999999955
cash_ACC,MovingAverage,2025-05-05 13:31:00,2025-05-05 13:33:00,1898.5,1899.44925,1897.7,1896.75115,50,LONG,-134.90499999999201
cash_ACC,MovingAverage,2025-05-05 14:10:00,2025-05-05 14:12:00,1895.0,1895.9475,1891.8,1890.8541,50,LONG,-254.6699999999987
cash_ACC,MovingAverage,2025-05-05 15:01:00,2025-05-05 15:17:00,1884.5,1885.4422499999998,1886.1,1885.15695,50,LONG,-14.264999999988959
cash_ACC,MovingAverage,2025-05-05 15:18:00,2025-05-06 09:24:00,1887.4,1888.3437,1875.5,1874.5622500000002,50,LONG,-689.0724999999861
cash_ACC,MovingAverage,2025-05-06 10:15:00,2025-05-06 10:23:00,1862.7,1863.6313499999999,1863.0,1862.0685,50,LONG,-78.14249999998992
cash_ACC,MovingAverage,2025-05-06 10:38:00,2025-05-06 11:07:00,1865.0,1865.9325,1866.5,1865.5667500000002,50,LONG,-18.287499999985357
cash_ACC,MovingAverage,2025-05-06 11:57:00,2025-05-06 12:47:00,1860.0,1860.9299999999998,1863.1,1862.1684500000001,50,LONG,61.922500000014224
cash_ACC,MovingAverage,2025-05-06 13:19:00,2025-05-06 13:28:00,1863.0,1863.9315,1860.9,1859.9695500000003,50,LONG,-198.09749999998303
cash_ACC,MovingAverage,2025-05-06 13:33:00,2025-05-06 14:02:00,1861.1,1862.0305499999997,1860.0,1859.0700000000002,50,LONG,-148.02749999997786
cash_ACC,MovingAverage,2025-05-06 15:12:00,2025-05-06 15:25:00,1850.6,1851.5252999999998,1845.0,1844.0775,50,LONG,-372.3899999999844
cash_ACC,MovingAverage,2025-05-07 09:23:00,2025-05-07 09:42:00,1845.0,1845.9225,1844.0,1843.0780000000002,50,LONG,-142.2249999999849
cash_ACC,MovingAverage,2025-05-07 10:36:00,2025-05-07 10:47:00,1828.4,1829.3142,1826.0,1825.087,50,LONG,-211.36000000000195
cash_ACC,MovingAverage,2025-05-07 11:07:00,2025-05-07 11:49:00,1828.7,1829.6143499999998,1839.1,1838.18045,50,LONG,428.30500000001166
cash_ACC,MovingAverage,2025-05-07 12:08:00,2025-05-07 12:36:00,1843.5,1844.42175,1844.4,1843.4778000000001,50,LONG,-47.19749999999294
cash_ACC,MovingAverage,2025-05-07 13:24:00,2025-05-07 13:40:00,1843.1,1844.0215499999997,1839.0,1838.0805,50,LONG,-297.05249999998387
cash_ACC,MovingAverage,2025-05-07 14:01:00,2025-05-07 14:25:00,1840.2,1841.1200999999999,1840.0,1839.0800000000002,50,LONG,-102.00499999998556
cash_ACC,MovingAverage,2025-05-07 14:39:00,2025-05-07 14:56:00,1844.8,1845.7223999999999,1842.3,1841.37885,50,LONG,-217.17749999999114
cash_ACC,MovingAverage,2025-05-07 15:05:00,2025-05-08 09:36:00,1845.0,1845.9225,1849.0,1848.0755000000001,50,LONG,107.65000000001237
cash_ACC,MovingAverage,2025-05-08 09:59:00,2025-05-08 10:03:00,1848.0,1848.924,1847.0,1846.0765000000001,50,LONG,-142.37499999999272
cash_ACC,MovingAverage,2025-05-08 10:13:00,2025-05-08 10:50:00,1849.4,1850.3247,1856.0,1855.0720000000001,50,LONG,237.36500000001115
cash_ACC,MovingAverage,2025-05-08 11:28:00,2025-05-08 11:39:00,1852.7,1853.62635,1850.5,1849.57475,50,LONG,-202.58000000000038
cash_ACC,MovingAverage,2025-05-08 11:45:00,2025-05-08 11:47:00,1852.4,1853.3262,1852.7,1851.77365,50,LONG,-77.62749999999414
cash_ACC,MovingAverage,2025-05-08 11:49:00,2025-05-08 12:00:00,1852.6,1853.5262999999998,1851.4,1850.4743,50,LONG,-152.599999999984
cash_ACC,MovingAverage,2025-05-08 12:12:00,2025-05-08 12:23:00,1852.9,1853.82645,1851.2,1850.2744000000002,50,LONG,-177.60249999998905
cash_ACC,MovingAverage,2025-05-08 12:32:00,2025-05-08 12:57:00,1852.5,1853.42625,1853.0,1852.0735000000002,50,LONG,-67.63749999998936
cash_ACC,MovingAverage,2025-05-08 14:23:00,2025-05-08 14:42:00,1823.0,1823.9115,1822.6,1821.6887,50,LONG,-111.14000000000033
cash_ACC,MovingAverage,2025-05-08 15:15:00,2025-05-08 15:20:00,1815.6,1816.5077999999999,1807.9,1806.9960500000002,50,LONG,-475.58749999998327
cash_ACC,MovingAverage,2025-05-09 09:44:00,2025-05-09 09:50:00,1796.3,1797.19815,1785.4,1784.5073000000002,50,LONG,-634.5424999999864
cash_ACC,MovingAverage,2025-05-09 10:14:00,2025-05-09 10:35:00,1797.6,1798.4987999999998,1791.2,1790.3044000000002,50,LONG,-409.7199999999816
cash_ACC,MovingAverage,2025-05-09 11:08:00,2025-05-09 11:50:00,1790.2,1791.0951,1800.7,1799.7996500000002,50,LONG,435.2275000000077
cash_ACC,MovingAverage,2025-05-09 11:58:00,2025-05-09 12:27:00,1803.7,1804.60185,1804.0,1803.0980000000002,50,LONG,-75.19249999999147
cash_ACC,MovingAverage,2025-05-09 12:29:00,2025-05-09 12:36:00,1805.5,1806.40275,1802.7,1801.7986500000002,50,LONG,-230.20499999998947
cash_ACC,MovingAverage,2025-05-09 12:55:00,2025-05-09 13:10:00,1804.0,1804.9019999999998,1802.4,1801.4988000000003,50,LONG,-170.15999999997575
cash_ACC,MovingAverage,2025-05-09 13:12:00,2025-05-09 13:22:00,1804.9,1805.80245,1801.8,1800.8991,50,LONG,-245.16749999999092
cash_ACC,MovingAverage,2025-05-09 13:52:00,2025-05-09 13:59:00,1800.7,1801.60035,1798.0,1797.101,50,LONG,-224.9674999999911
cash_ACC,MovingAverage,2025-05-09 14:10:00,2025-05-09 14:31:00,1801.6,1802.5007999999998,1801.0,1800.0995,50,LONG,-120.06499999998823
cash_ACC,MovingAverage,2025-05-09 14:48:00,2025-05-12 09:44:00,1802.0,1802.9009999999998,1849.4,1848.4753000000003,50,LONG,2278.7150000000224
cash_ACC,MovingAverage,2025-05-12 09:51:00,2025-05-12 10:15:00,1860.6,1861.5303,1859.0,1858.0705,50,LONG,-172.98999999999296
cash_ACC,MovingAverage,2025-05-12 10:55:00,2025-05-12 11:29:00,1859.8,1860.7298999999998,1860.4,1859.4698000000003,50,LONG,-63.00499999997555
cash_ACC,MovingAverage,2025-05-12 12:08:00,2025-05-12 12:28:00,1854.3,1855.22715,1852.3,1851.37385,50,LONG,-192.6649999999995
cash_ACC,MovingAverage,2025-05-12 12:33:00,2025-05-12 12:47:00,1857.1,1858.0285499999998,1855.1,1854.17245,50,LONG,-192.8049999999871
cash_ACC,MovingAverage,2025-05-12 13:16:00,2025-05-12 13:42:00,1854.4,1855.3272,1855.5,1854.5722500000002,50,LONG,-37.74749999998903
cash_ACC,MovingAverage,2025-05-12 13:43:00,2025-05-12 13:44:00,1856.0,1856.9279999999999,1855.0,1854.0725,50,LONG,-142.77499999999463
cash_ACC,MovingAverage,2025-05-12 13:46:00,2025-05-12 14:44:00,1855.9,1856.82795,1858.1,1857.17095,50,LONG,17.14999999999236
cash_ACC,MovingAverage,2025-05-12 15:01:00,2025-05-12 15:15:00,1860.7,1861.63035,1858.8,1857.8706,50,LONG,-187.987499999997
cash_ACC,MovingAverage,2025-05-13 09:17:00,2025-05-13 09:45:00,1864.3,1865.2321499999998,1861.0,1860.0695,50,LONG,-258.1324999999879
cash_ACC,MovingAverage,2025-05-13 10:11:00,2025-05-13 10:29:00,1861.0,1861.9305,1856.9,1855.9715500000002,50,LONG,-297.9474999999866
cash_ACC,MovingAverage,2025-05-13 10:47:00,2025-05-13 11:25:00,1859.7,1860.62985,1861.9,1860.9690500000002,50,LONG,16.960000000005948
cash_ACC,MovingAverage,2025-05-13 11:33:00,2025-05-13 11:41:00,1866.1,1867.0330499999998,1860.3,1859.36985,50,LONG,-383.15999999998667
cash_ACC,MovingAverage,2025-05-13 11:52:00,2025-05-13 11:56:00,1864.9,1865.8324499999999,1864.4,1863.4678000000001,50,LONG,-118.2324999999878
cash_ACC,MovingAverage,2025-05-13 11:58:00,2025-05-13 12:20:00,1864.3,1865.2321499999998,1864.6,1863.6677,50,LONG,-78.22249999999258
cash_ACC,MovingAverage,2025-05-13 12:34:00,2025-05-13 12:54:00,1865.9,1866.83295,1863.0,1862.0685,50,LONG,-238.22249999999485
cash_ACC,MovingAverage,2025-05-13 13:08:00,2025-05-13 13:35:00,1865.7,1866.63285,1865.7,1864.7671500000001,50,LONG,-93.28499999999167
cash_ACC,MovingAverage,2025-05-13 13:46:00,2025-05-13 13:49:00,1866.1,1867.0330499999998,1865.4,1864.4673000000003,50,LONG,-128.28749999997626
cash_ACC,MovingAverage,2025-05-13 13:51:00,2025-05-13 13:56:00,1867.8,1868.7339,1862.6,1861.6687,50,LONG,-353.2600000000002
cash_ACC,MovingAverage,2025-05-13 14:43:00,2025-05-13 14:57:00,1856.8,1857.7284,1855.0,1854.0725,50,LONG,-182.7949999999987
cash_ACC,MovingAverage,2025-05-14 09:15:00,2025-05-14 09:51:00,1862.8,1863.7314,1868.2,1867.2659,50,LONG,176.72500000001037
cash_ACC,MovingAverage,2025-05-14 10:03:00,2025-05-14 10:27:00,1870.0,1870.935,1867.3,1866.36635,50,LONG,-228.4324999999967
cash_ACC,MovingAverage,2025-05-14 10:46:00,2025-05-14 11:10:00,1869.8,1870.7349,1869.0,1868.0655000000002,50,LONG,-133.46999999998843
cash_ACC,MovingAverage,2025-05-14 11:17:00,2025-05-14 11:27:00,1872.9,1873.83645,1867.0,1866.0665000000001,50,LONG,-388.49749999999403
cash_ACC,MovingAverage,2025-05-14 11:34:00,2025-05-14 11:42:00,1872.0,1872.936,1869.1,1868.16545,50,LONG,-238.52749999999787
cash_ACC,MovingAverage,2025-05-14 12:07:00,2025-05-14 12:26:00,1868.0,1868.934,1865.7,1864.7671500000001,50,LONG,-208.34249999999201
cash_ACC,MovingAverage,2025-05-14 12:30:00,2025-05-14 12:51:00,1869.2,1870.1345999999999,1865.6,1864.6672,50,LONG,-273.3699999999885
cash_ACC,MovingAverage,2025-05-14 13:11:00,2025-05-14 13:23:00,1867.1,1868.0335499999999,1863.4,1862.4683000000002,50,LONG,-278.26249999998254
cash_ACC,MovingAverage,2025-05-14 13:35:00,2025-05-14 13:40:00,1866.7,1867.6333499999998,1865.2,1864.2674000000002,50,LONG,-168.29749999998285
cash_ACC,MovingAverage,2025-05-14 14:26:00,2025-05-14 14:34:00,1863.0,1863.9315,1858.9,1857.9705500000002,50,LONG,-298.0474999999842
cash_ACC,MovingAverage,2025-05-14 14:49:00,2025-05-14 15:03:00,1862.7,1863.6313499999999,1859.6,1858.6702,50,LONG,-248.05749999999307
cash_ACC,MovingAverage,2025-05-14 15:10:00,2025-05-15 09:43:00,1864.6,1865.5322999999999,1867.5,1866.56625,50,LONG,51.69750000001159
cash_ACC,MovingAverage,2025-05-15 09:55:00,2025-05-15 10:10:00,1868.6,1869.5342999999998,1867.7,1866.7661500000002,50,LONG,-138.40749999998252
cash_ACC,MovingAverage,2025-05-15 10:19:00,2025-05-15 10:36:00,1868.8,1869.7343999999998,1868.8,1867.8656,50,LONG,-93.43999999998687
cash_ACC,MovingAverage,2025-05-15 10:48:00,2025-05-15 11:04:00,1869.0,1869.9344999999998,1867.1,1866.16645,50,LONG,-188.40249999999514
cash_ACC,MovingAverage,2025-05-15 11:27:00,2025-05-15 12:22:00,1867.8,1868.7339,1867.7,1866.7661500000002,50,LONG,-98.38749999998981
cash_ACC,MovingAverage,2025-05-15 12:34:00,2025-05-15 13:25:00,1875.1,1876.0375499999998,1879.4,1878.4603000000002,50,LONG,121.13750000002028
cash_ACC,MovingAverage,2025-05-15 13:45:00,2025-05-15 14:05:00,1882.4,1883.3412,1882.6,1881.6587,50,LONG,-84.12500000000591
cash_ACC,MovingAverage,2025-05-15 14:18:00,2025-05-15 14:41:00,1884.6,1885.5422999999998,1885.0,1884.0575000000001,50,LONG,-74.23999999998614
cash_ACC,MovingAverage,2025-05-15 14:56:00,2025-05-15 15:06:00,1885.8,1886.7429,1883.0,1882.0585,50,LONG,-234.21999999999343
cash_ACC,MovingAverage,2025-05-15 15:25:00,2025-05-16 09:57:00,1885.3,1886.24265,1903.0,1902.0485,50,LONG,790.2925000000096
cash_ACC,MovingAverage,2025-05-16 10:01:00,2025-05-16 10:23:00,1910.5,1911.45525,1910.0,1909.045,50,LONG,-120.51249999999527
cash_ACC,MovingAverage,2025-05-16 10:32:00,2025-05-16 11:09:00,1910.0,1910.955,1907.3,1906.34635,50,LONG,-230.4324999999949
cash_ACC,MovingAverage,2025-05-16 11:20:00,2025-05-16 12:15:00,1911.4,1912.3557,1925.0,1924.0375000000001,50,LONG,584.0900000000033
cash_ACC,MovingAverage,2025-05-16 12:48:00,2025-05-16 13:01:00,1924.7,1925.6623499999998,1922.7,1921.7386500000002,50,LONG,-196.18499999997994
cash_ACC,MovingAverage,2025-05-16 13:32:00,2025-05-16 13:42:00,1921.0,1921.9605,1918.8,1917.8406,50,LONG,-205.9949999999958
cash_ACC,MovingAverage,2025-05-16 13:51:00,2025-05-16 14:16:00,1925.4,1926.3627,1923.1,1922.13845,50,LONG,-211.21249999999918
cash_ACC,MovingAverage,2025-05-16 14:20:00,2025-05-16 14:21:00,1924.0,1924.962,1923.3,1922.33835,50,LONG,-131.1824999999999
cash_ACC,MovingAverage,2025-05-16 14:29:00,2025-05-16 14:57:00,1925.3,1926.26265,1925.0,1924.0375000000001,50,LONG,-111.25749999998789
cash_ACC,MovingAverage,2025-05-16 14:59:00,2025-05-16 15:00:00,1925.9,1926.86295,1925.9,1924.9370500000002,50,LONG,-96.29499999998643
cash_ACC,MovingAverage,2025-05-16 15:02:00,2025-05-16 15:20:00,1926.0,1926.963,1923.7,1922.7381500000001,50,LONG,-211.24249999999165
cash_ACC,MovingAverage,2025-05-19 09:21:00,2025-05-19 09:39:00,1929.9,1930.86495,1918.0,1917.0410000000002,50,LONG,-691.197499999987
cash_ACC,MovingAverage,2025-05-19 09:58:00,2025-05-19 10:29:00,1928.3,1929.2641499999997,1934.7,1933.7326500000001,50,LONG,223.4250000000202
cash_ACC,MovingAverage,2025-05-19 11:10:00,2025-05-19 11:32:00,1940.0,1940.9699999999998,1936.2,1935.2319000000002,50,LONG,-286.9049999999788
cash_ACC,MovingAverage,2025-05-19 12:26:00,2025-05-19 13:10:00,1933.4,1934.3667,1936.2,1935.2319000000002,50,LONG,43.26000000000931
cash_ACC,MovingAverage,2025-05-19 13:24:00,2025-05-19 13:46:00,1940.9,1941.87045,1940.1,1939.12995,50,LONG,-137.02499999999418
cash_ACC,MovingAverage,2025-05-19 13:51:00,2025-05-19 13:53:00,1940.5,1941.4702499999999,1940.3,1939.32985,50,LONG,-107.01999999998861
cash_ACC,MovingAverage,2025-05-19 13:56:00,2025-05-19 14:02:00,1940.6,1941.5702999999999,1937.1,1936.13145,50,LONG,-271.94249999998874
cash_ACC,MovingAverage,2025-05-19 15:06:00,2025-05-19 15:11:00,1933.7,1934.6668499999998,1930.8,1929.8346000000001,50,LONG,-241.61249999998518
cash_ACC,MovingAverage,2025-05-20 09:18:00,2025-05-20 09:55:00,1930.8,1931.7653999999998,1941.9,1940.9290500000002,50,LONG,458.1825000000208
cash_ACC,MovingAverage,2025-05-20 10:14:00,2025-05-20 11:01:00,1946.8,1947.7733999999998,1948.8,1947.8256000000001,50,LONG,2.6100000000155887
cash_ACC,MovingAverage,2025-05-20 11:02:00,2025-05-20 11:05:00,1949.3,1950.2746499999998,1947.6,1946.6262,50,LONG,-182.42249999999558
cash_ACC,MovingAverage,2025-05-20 11:34:00,2025-05-20 11:56:00,1947.2,1948.1735999999999,1946.3,1945.3268500000001,50,LONG,-142.33749999998508
cash_ACC,MovingAverage,2025-05-20 12:13:00,2025-05-20 12:55:00,1947.0,1947.9734999999998,1949.1,1948.12545,50,LONG,7.597500000008495
cash_ACC,MovingAverage,2025-05-20 13:18:00,2025-05-20 13:20:00,1945.0,1945.9724999999999,1943.3,1942.32835,50,LONG,-182.2074999999927
cash_ACC,MovingAverage,2025-05-20 14:55:00,2025-05-20 15:00:00,1924.6,1925.5622999999998,1921.1,1920.1394500000001,50,LONG,-271.1424999999849
cash_ACC,MovingAverage,2025-05-21 09:20:00,2025-05-21 09:56:00,1927.9,1928.86395,1929.2,1928.2354000000003,50,LONG,-31.427499999983866
cash_ACC,MovingAverage,2025-05-21 10:03:00,2025-05-21 10:37:00,1932.7,1933.66635,1937.7,1936.73115,50,LONG,153.24000000000524
cash_ACC,MovingAverage,2025-05-21 10:57:00,2025-05-21 11:09:00,1937.0,1937.9685,1936.7,1935.7316500000002,50,LONG,-111.84249999998883
cash_ACC,MovingAverage,2025-05-21 12:28:00,2025-05-21 13:01:00,1925.0,1925.9624999999999,1935.0,1934.0325,50,LONG,403.5000000000082
cash_ACC,MovingAverage,2025-05-21 13:04:00,2025-05-21 13:32:00,1940.4,1941.3702,1941.1,1940.12945,50,LONG,-62.037500000008095
cash_ACC,MovingAverage,2025-05-21 13:38:00,2025-05-21 13:44:00,1942.5,1943.4712499999998,1938.7,1937.7306500000002,50,LONG,-287.02999999998156
cash_ACC,MovingAverage,2025-05-21 14:09:00,2025-05-21 14:50:00,1941.3,1942.27065,1941.0,1940.0295,50,LONG,-112.0574999999917
cash_ACC,MovingAverage,2025-05-21 15:08:00,2025-05-21 15:25:00,1942.0,1942.971,1936.1,1935.13195,50,LONG,-391.95250000000215
cash_ACC,MovingAverage,2025-05-22 09:42:00,2025-05-22 10:07:00,1940.9,1941.87045,1935.9,1934.9320500000001,50,LONG,-346.9199999999887
cash_ACC,MovingAverage,2025-05-22 11:35:00,2025-05-22 11:39:00,1929.0,1929.9644999999998,1927.5,1926.53625,50,LONG,-171.41249999998536
cash_ACC,MovingAverage,2025-05-22 11:48:00,2025-05-22 12:12:00,1930.8,1931.7653999999998,1931.5,1930.5342500000002,50,LONG,-61.55749999998079
cash_ACC,MovingAverage,2025-05-22 12:17:00,2025-05-22 12:30:00,1931.5,1932.4657499999998,1930.6,1929.6347,50,LONG,-141.55249999998887
cash_ACC,MovingAverage,2025-05-22 12:37:00,2025-05-22 13:09:00,1932.0,1932.966,1935.3,1934.3323500000001,50,LONG,68.31750000001193
cash_ACC,MovingAverage,2025-05-22 13:10:00,2025-05-22 13:11:00,1935.0,1935.9675,1934.3,1933.33285,50,LONG,-131.73249999999825
cash_ACC,MovingAverage,2025-05-22 13:12:00,2025-05-22 13:13:00,1934.3,1935.26715,1934.7,1933.7326500000001,50,LONG,-76.72499999998763
cash_ACC,MovingAverage,2025-05-22 13:14:00,2025-05-22 13:16:00,1935.4,1936.3677,1934.2,1933.2329000000002,50,LONG,-156.7399999999907
cash_ACC,MovingAverage,2025-05-22 13:17:00,2025-05-22 13:18:00,1935.4,1936.3677,1934.5,1933.53275,50,LONG,-141.74749999999676
cash_ACC,MovingAverage,2025-05-22 13:22:00,2025-05-22 13:24:00,1934.9,1935.86745,1935.3,1934.3323500000001,50,LONG,-76.75499999999147
cash_ACC,MovingAverage,2025-05-22 13:26:00,2025-05-22 13:27:00,1935.1,1936.0675499999998,1935.1,1934.13245,50,LONG,-96.75499999998465
cash_ACC,MovingAverage,2025-05-22 13:30:00,2025-05-22 13:31:00,1935.0,1935.9675,1934.3,1933.33285,50,LONG,-131.73249999999825
cash_ACC,MovingAverage,2025-05-22 13:35:00,2025-05-22 13:44:00,1935.8,1936.7678999999998,1931.5,1930.5342500000002,50,LONG,-311.6824999999835
cash_ACC,MovingAverage,2025-05-22 14:06:00,2025-05-22 14:25:00,1931.5,1932.4657499999998,1927.5,1926.53625,50,LONG,-296.4749999999867
cash_ACC,MovingAverage,2025-05-22 14:41:00,2025-05-22 15:26:00,1936.4,1937.3682,1942.7,1941.7286500000002,50,LONG,218.02250000001777
cash_ACC,MovingAverage,2025-05-23 09:16:00,2025-05-23 10:12:00,1947.3,1948.2736499999999,1963.1,1962.11845,50,LONG,692.2400000000039
cash_ACC,MovingAverage,2025-05-23 10:43:00,2025-05-23 11:01:00,1958.4,1959.3792,1955.7,1954.72215,50,LONG,-232.85250000000133
cash_ACC,MovingAverage,2025-05-23 11:59:00,2025-05-23 12:25:00,1955.6,1956.5777999999998,1958.2,1957.2209000000003,50,LONG,32.15500000002294
cash_ACC,MovingAverage,2025-05-23 12:31:00,2025-05-23 12:41:00,1959.9,1960.87995,1956.8,1955.8216,50,LONG,-252.91750000000093
cash_ACC,MovingAverage,2025-05-23 12:54:00,2025-05-23 13:00:00,1957.9,1958.87895,1956.8,1955.8216,50,LONG,-152.8675000000021
cash_ACC,MovingAverage,2025-05-23 13:42:00,2025-05-23 13:43:00,1956.3,1957.2781499999999,1954.3,1953.32285,50,LONG,-197.7649999999926
cash_ACC,MovingAverage,2025-05-23 14:00:00,2025-05-23 14:36:00,1961.3,1962.28065,1960.8,1959.8196,50,LONG,-123.05249999999432
cash_ACC,MovingAverage,2025-05-23 14:37:00,2025-05-23 14:38:00,1961.9,1962.88095,1960.1,1959.11995,50,LONG,-188.04999999999836
cash_ACC,MovingAverage,2025-05-26 09:19:00,2025-05-26 09:42:00,1963.0,1963.9814999999999,1962.0,1961.019,50,LONG,-148.12499999999318
cash_ACC,MovingAverage,2025-05-26 10:19:00,2025-05-26 10:20:00,1961.3,1962.28065,1959.1,1958.1204500000001,50,LONG,-208.0099999999902
cash_ACC,MovingAverage,2025-05-26 10:30:00,2025-05-26 10:32:00,1959.3,1960.27965,1958.2,1957.2209000000003,50,LONG,-152.93749999998454
cash_ACC,MovingAverage,2025-05-26 10:43:00,2025-05-26 11:08:00,1962.3,1963.2811499999998,1959.4,1958.4203000000002,50,LONG,-243.04249999997865
cash_ACC,MovingAverage,2025-05-26 11:48:00,2025-05-26 12:35:00,1961.6,1962.5807999999997,1963.4,1962.4183000000003,50,LONG,-8.124999999972715
cash_ACC,MovingAverage,2025-05-26 12:42:00,2025-05-26 13:04:00,1964.5,1965.4822499999998,1963.5,1962.51825,50,LONG,-148.19999999998572
cash_ACC,MovingAverage,2025-05-26 13:14:00,2025-05-26 13:16:00,1964.5,1965.4822499999998,1962.1,1961.11895,50,LONG,-218.16499999998769
cash_ACC,MovingAverage,2025-05-26 13:38:00,2025-05-26 13:49:00,1962.6,1963.5812999999998,1961.0,1960.0195,50,LONG,-178.08999999998605
cash_ACC,MovingAverage,2025-05-26 14:11:00,2025-05-26 15:10:00,1961.2,1962.1806,1963.2,1962.2184000000002,50,LONG,1.8900000000144246
cash_ACC,MovingAverage,2025-05-27 11:20:00,2025-05-27 11:47:00,1932.0,1932.966,1932.0,1931.034,50,LONG,-96.59999999998945
cash_ACC,MovingAverage,2025-05-27 12:05:00,2025-05-27 12:55:00,1935.7,1936.66785,1936.4,1935.4318000000003,50,LONG,-61.8024999999875
cash_ACC,MovingAverage,2025-05-27 13:12:00,2025-05-27 13:31:00,1938.0,1938.9689999999998,1935.4,1934.4323000000002,50,LONG,-226.83499999998276
cash_ACC,MovingAverage,2025-05-27 13:41:00,2025-05-27 13:50:00,1936.7,1937.66835,1936.2,1935.2319000000002,50,LONG,-121.82249999998476
cash_ACC,MovingAverage,2025-05-27 13:52:00,2025-05-27 13:53:00,1937.4,1938.3687,1936.2,1935.2319000000002,50,LONG,-156.83999999998832
cash_ACC,MovingAverage,2025-05-27 14:28:00,2025-05-27 14:56:00,1933.9,1934.86695,1935.0,1934.0325,50,LONG,-41.72250000000304
cash_ACC,MovingAverage,2025-05-27 15:15:00,2025-05-28 09:37:00,1936.0,1936.9679999999998,1935.1,1934.13245,50,LONG,-141.77749999998923
cash_ACC,MovingAverage,2025-05-28 10:34:00,2025-05-28 11:26:00,1933.0,1933.9665,1935.8,1934.8321,50,LONG,43.28000000000429
cash_ACC,MovingAverage,2025-05-28 12:06:00,2025-05-28 12:11:00,1933.2,1934.1666,1927.5,1926.53625,50,LONG,-381.5174999999954
cash_ACC,MovingAverage,2025-05-28 12:25:00,2025-05-28 12:39:00,1933.3,1934.2666499999998,1927.5,1926.53625,50,LONG,-386.5199999999845
cash_ACC,MovingAverage,2025-05-28 12:57:00,2025-05-28 12:59:00,1931.0,1931.9654999999998,1927.7,1926.7361500000002,50,LONG,-261.46749999998065
cash_ACC,MovingAverage,2025-05-28 13:21:00,2025-05-28 13:25:00,1927.5,1928.46375,1928.0,1927.036,50,LONG,-71.38749999999163
cash_ACC,MovingAverage,2025-05-28 14:16:00,2025-05-28 14:18:00,1926.2,1927.1631,1922.7,1921.7386500000002,50,LONG,-271.2224999999876
cash_ACC,MovingAverage,2025-05-28 14:58:00,2025-05-28 15:18:00,1921.7,1922.66085,1919.7,1918.74015,50,LONG,-196.03499999999485
cash_ACC,MovingAverage,2025-05-29 09:18:00,2025-05-29 09:25:00,1922.5,1923.4612499999998,1920.0,1919.0400000000002,50,LONG,-221.06249999998226
cash_ACC,MovingAverage,2025-05-29 09:46:00,2025-05-29 10:21:00,1921.0,1921.9605,1922.4,1921.4388000000001,50,LONG,-26.084999999989122
cash_ACC,MovingAverage,2025-05-29 11:00:00,2025-05-29 11:04:00,1919.0,1919.9595,1916.9,1915.9415500000002,50,LONG,-200.89749999998503
cash_ACC,MovingAverage,2025-05-29 11:24:00,2025-05-29 11:50:00,1920.0,1920.9599999999998,1918.3,1917.34085,50,LONG,-180.95749999998816
cash_ACC,MovingAverage,2025-05-29 12:11:00,2025-05-29 13:24:00,1919.0,1919.9595,1924.5,1923.5377500000002,50,LONG,178.91250000001264
cash_ACC,MovingAverage,2025-05-29 13:36:00,2025-05-29 13:38:00,1924.6,1925.5622999999998,1922.5,1921.5387500000002,50,LONG,-201.17749999998296
cash_ACC,MovingAverage,2025-05-29 14:43:00,2025-05-29 14:53:00,1920.8,1921.7604,1918.7,1917.7406500000002,50,LONG,-200.98749999998518
cash_ACC,MovingAverage,2025-05-29 15:18:00,2025-05-30 09:30:00,1918.1,1919.0590499999998,1916.7,1915.7416500000002,50,LONG,-165.86999999998397
cash_ACC,MovingAverage,2025-05-30 10:42:00,2025-05-30 11:13:00,1903.8,1904.7518999999998,1901.2,1900.2494000000002,50,LONG,-225.12499999998
cash_ACC,MovingAverage,2025-05-30 12:24:00,2025-05-30 12:29:00,1890.2,1891.1451,1889.4,1888.4553000000003,50,LONG,-134.4899999999825
cash_ACC,MovingAverage,2025-05-30 13:43:00,2025-05-30 14:15:00,1886.9,1887.84345,1888.0,1887.056,50,LONG,-39.372500000001764
cash_ACC,MovingAverage,2025-05-30 14:18:00,2025-05-30 14:33:00,1889.2,1890.1445999999999,1886.5,1885.5567500000002,50,LONG,-229.3924999999831
cash_ACC,MovingAverage,2025-05-30 14:58:00,2025-05-30 15:09:00,1887.0,1887.9434999999999,1882.9,1881.9585500000003,50,LONG,-299.2474999999786
cash_ACC,MovingAverage,2025-06-02 09:51:00,2025-06-02 10:08:00,1874.3,1875.23715,1874.8,1873.8626000000002,50,LONG,-68.7274999999886
cash_ACC,MovingAverage,2025-06-02 10:36:00,2025-06-02 11:01:00,1870.0,1870.935,1873.0,1872.0635000000002,50,LONG,56.425000000012915
cash_ACC,MovingAverage,2025-06-02 11:20:00,2025-06-02 11:31:00,1876.5,1877.43825,1873.2,1872.2634,50,LONG,-258.7424999999939
cash_ACC,MovingAverage,2025-06-02 11:44:00,2025-06-02 12:09:00,1877.1,1878.0385499999998,1874.0,1873.063,50,LONG,-248.77749999998287
cash_ACC,MovingAverage,2025-06-02 12:25:00,2025-06-02 12:59:00,1877.5,1878.4387499999998,1883.3,1882.35835,50,LONG,195.98000000000866
cash_ACC,MovingAverage,2025-06-02 13:05:00,2025-06-02 13:29:00,1885.9,1886.84295,1884.0,1883.058,50,LONG,-189.24749999999904
cash_ACC,MovingAverage,2025-06-02 13:45:00,2025-06-02 13:53:00,1886.4,1887.3432,1883.1,1882.15845,50,LONG,-259.2375000000061
cash_ACC,MovingAverage,2025-06-02 14:24:00,2025-06-02 14:41:00,1882.9,1883.84145,1883.0,1882.0585,50,LONG,-89.14749999999003
cash_ACC,MovingAverage,2025-06-02 14:59:00,2025-06-02 15:18:00,1884.4,1885.3422,1882.8,1881.8586,50,LONG,-174.1800000000012
cash_ACC,MovingAverage,2025-06-03 09:16:00,2025-06-03 09:35:00,1885.0,1885.9424999999999,1881.9,1880.9590500000002,50,LONG,-249.17249999998603
cash_ACC,MovingAverage,2025-06-03 10:06:00,2025-06-03 10:32:00,1880.0,1880.9399999999998,1881.9,1880.9590500000002,50,LONG,0.9525000000166983
cash_ACC,MovingAverage,2025-06-03 10:58:00,2025-06-03 11:13:00,1880.7,1881.64035,1877.0,1876.0615,50,LONG,-278.94249999999374
cash_ACC,MovingAverage,2025-06-03 11:32:00,2025-06-03 11:39:00,1876.0,1876.9379999999999,1874.9,1873.9625500000002,50,LONG,-148.77249999998412
cash_ACC,MovingAverage,2025-06-03 11:52:00,2025-06-03 12:11:00,1878.9,1879.83945,1876.0,1875.0620000000001,50,LONG,-238.87249999999085
cash_ACC,MovingAverage,2025-06-03 12:34:00,2025-06-03 12:53:00,1876.3,1877.23815,1874.1,1873.16295,50,LONG,-203.75999999999976
cash_ACC,MovingAverage,2025-06-03 13:13:00,2025-06-03 13:45:00,1875.9,1876.83795,1875.7,1874.7621500000002,50,LONG,-103.78999999999223
cash_ACC,MovingAverage,2025-06-03 14:05:00,2025-06-03 14:22:00,1875.8,1876.7378999999999,1874.5,1873.56275,50,LONG,-158.75749999999016
cash_ACC,MovingAverage,2025-06-03 14:23:00,2025-06-03 14:24:00,1874.5,1875.43725,1876.0,1875.0620000000001,50,LONG,-18.762499999991178
cash_ACC,MovingAverage,2025-06-03 14:32:00,2025-06-03 15:06:00,1876.9,1877.83845,1878.6,1877.6607,50,LONG,-8.887500000003001
cash_ACC,MovingAverage,2025-06-04 10:06:00,2025-06-04 10:25:00,1868.4,1869.3342,1867.2,1866.2664000000002,50,LONG,-153.38999999999032
cash_ACC,MovingAverage,2025-06-04 10:43:00,2025-06-04 11:11:00,1870.0,1870.935,1868.8,1867.8656,50,LONG,-153.46999999999298
cash_ACC,MovingAverage,2025-06-04 11:41:00,2025-06-04 11:46:00,1867.4,1868.3337,1866.3,1865.36685,50,LONG,-148.34249999998974
cash_ACC,MovingAverage,2025-06-04 12:12:00,2025-06-04 12:34:00,1866.0,1866.933,1865.0,1864.0675,50,LONG,-143.27499999999418
cash_ACC,MovingAverage,2025-06-04 12:45:00,2025-06-04 13:29:00,1866.8,1867.7333999999998,1870.0,1869.065,50,LONG,66.58000000001039
cash_ACC,MovingAverage,2025-06-04 13:46:00,2025-06-04 14:37:00,1872.0,1872.936,1876.4,1875.4618000000003,50,LONG,126.29000000001724
cash_ACC,MovingAverage,2025-06-04 14:38:00,2025-06-04 15:15:00,1876.1,1877.0380499999999,1877.4,1876.4613000000002,50,LONG,-28.837499999985994
cash_ACC,MovingAverage,2025-06-05 09:18:00,2025-06-05 10:00:00,1878.4,1879.3392,1886.0,1885.057,50,LONG,285.89000000000624
cash_ACC,MovingAverage,2025-06-05 10:25:00,2025-06-05 11:13:00,1887.0,1887.9434999999999,1891.1,1890.15445,50,LONG,110.54750000000695
cash_ACC,MovingAverage,2025-06-05 11:23:00,2025-06-05 11:40:00,1892.6,1893.5462999999997,1891.2,1890.2544000000003,50,LONG,-164.59499999997433
cash_ACC,MovingAverage,2025-06-05 12:00:00,2025-06-05 12:11:00,1893.9,1894.8469499999999,1890.9,1889.9545500000002,50,LONG,-244.61999999998625
cash_ACC,MovingAverage,2025-06-05 12:34:00,2025-06-05 12:39:00,1891.0,1891.9454999999998,1890.5,1889.55475,50,LONG,-119.5374999999899
cash_ACC,MovingAverage,2025-06-05 13:08:00,2025-06-05 13:28:00,1890.5,1891.44525,1889.7,1888.7551500000002,50,LONG,-134.5049999999901
cash_ACC,MovingAverage,2025-06-05 14:20:00,2025-06-05 14:21:00,1882.8,1883.7413999999999,1882.6,1881.6587,50,LONG,-104.13499999999658
cash_ACC,MovingAverage,2025-06-05 14:47:00,2025-06-06 09:44:00,1882.8,1883.7413999999999,1894.9,1893.9525500000002,50,LONG,510.5575000000158
cash_ACC,MovingAverage,2025-06-06 10:09:00,2025-06-06 10:16:00,1896.9,1897.84845,1890.0,1889.055,50,LONG,-439.67249999999467
cash_ACC,MovingAverage,2025-06-06 10:27:00,2025-06-06 10:50:00,1897.7,1898.64885,1896.3,1895.35185,50,LONG,-164.85000000000127
cash_ACC,MovingAverage,2025-06-06 11:08:00,2025-06-06 11:29:00,1897.2,1898.1486,1895.6,1894.6522,50,LONG,-174.8199999999997
cash_ACC,MovingAverage,2025-06-06 11:43:00,2025-06-06 12:17:00,1897.0,1897.9485,1895.3,1894.3523500000001,50,LONG,-179.80749999999261
cash_ACC,MovingAverage,2025-06-06 12:46:00,2025-06-06 13:40:00,1895.1,1896.0475499999998,1908.3,1907.3458500000002,50,LONG,564.9150000000191
cash_ACC,MovingAverage,2025-06-06 13:41:00,2025-06-06 13:45:00,1908.7,1909.65435,1907.3,1906.34635,50,LONG,-165.39999999999964
cash_ACC,MovingAverage,2025-06-06 14:13:00,2025-06-06 14:35:00,1908.0,1908.954,1908.0,1907.046,50,LONG,-95.39999999999509
cash_ACC,MovingAverage,2025-06-06 14:57:00,2025-06-06 15:00:00,1908.0,1908.954,1906.2,1905.2469,50,LONG,-185.35499999999274
cash_ACC,MovingAverage,2025-06-09 09:15:00,2025-06-09 09:34:00,1915.1,1916.0575499999998,1904.9,1903.94755,50,LONG,-605.4999999999836
cash_ACC,MovingAverage,2025-06-09 09:52:00,2025-06-09 10:04:00,1907.0,1907.9534999999998,1905.4,1904.4473000000003,50,LONG,-175.30999999997903
cash_ACC,MovingAverage,2025-06-09 10:30:00,2025-06-09 10:38:00,1903.7,1904.65185,1902.0,1901.0490000000002,50,LONG,-180.1424999999881
cash_ACC,MovingAverage,2025-06-09 10:53:00,2025-06-09 11:07:00,1904.4,1905.3522,1901.4,1900.4493000000002,50,LONG,-245.1449999999909
cash_ACC,MovingAverage,2025-06-09 11:24:00,2025-06-09 12:19:00,1904.5,1905.4522499999998,1904.9,1903.94755,50,LONG,-75.23499999998648
cash_ACC,MovingAverage,2025-06-09 12:40:00,2025-06-09 12:47:00,1905.1,1906.0525499999999,1903.4,1902.4483000000002,50,LONG,-180.2124999999819
cash_ACC,MovingAverage,2025-06-09 13:21:00,2025-06-09 13:54:00,1903.5,1904.45175,1903.1,1902.14845,50,LONG,-115.16500000000178
cash_ACC,MovingAverage,2025-06-09 14:07:00,2025-06-09 14:18:00,1904.4,1905.3522,1902.6,1901.6487,50,LONG,-185.17500000000382
cash_ACC,MovingAverage,2025-06-09 14:29:00,2025-06-09 14:51:00,1905.3,1906.25265,1904.4,1903.4478000000001,50,LONG,-140.242499999988
cash_ACC,MovingAverage,2025-06-09 15:13:00,2025-06-10 09:33:00,1905.0,1905.9524999999999,1909.0,1908.0455000000002,50,LONG,104.6500000000151
cash_ACC,MovingAverage,2025-06-10 09:49:00,2025-06-10 10:04:00,1912.2,1913.1561,1911.4,1910.4443,50,LONG,-135.5899999999906
cash_ACC,MovingAverage,2025-06-10 10:05:00,2025-06-10 10:36:00,1911.8,1912.7558999999999,1916.3,1915.34185,50,LONG,129.29750000000695
cash_ACC,MovingAverage,2025-06-10 10:40:00,2025-06-10 10:51:00,1916.8,1917.7584,1913.0,1912.0435,50,LONG,-285.74499999999716
cash_ACC,MovingAverage,2025-06-10 11:45:00,2025-06-10 12:24:00,1914.2,1915.1571,1917.9,1916.9410500000001,50,LONG,89.19750000001159
cash_ACC,MovingAverage,2025-06-10 12:44:00,2025-06-10 13:06:00,1921.7,1922.66085,1922.7,1921.7386500000002,50,LONG,-46.109999999987394
cash_ACC,MovingAverage,2025-06-10 13:31:00,2025-06-10 13:44:00,1922.6,1923.5612999999998,1919.3,1918.3403500000002,50,LONG,-261.04749999998376
cash_ACC,MovingAverage,2025-06-10 14:15:00,2025-06-10 14:18:00,1918.6,1919.5593,1917.2,1916.2414,50,LONG,-165.89499999998907
cash_ACC,MovingAverage,2025-06-10 14:36:00,2025-06-10 14:49:00,1919.0,1919.9595,1916.8,1915.8416,50,LONG,-205.89499999999816
cash_ACC,MovingAverage,2025-06-11 09:18:00,2025-06-11 09:44:00,1916.0,1916.9579999999999,1919.8,1918.8401000000001,50,LONG,94.1050000000132
cash_ACC,MovingAverage,2025-06-11 09:51:00,2025-06-11 10:11:00,1921.3,1922.26065,1920.2,1919.2399000000003,50,LONG,-151.037499999984
cash_ACC,MovingAverage,2025-06-11 10:38:00,2025-06-11 10:44:00,1920.1,1921.0600499999998,1919.2,1918.2404000000001,50,LONG,-140.98249999998416
cash_ACC,MovingAverage,2025-06-11 11:03:00,2025-06-11 11:29:00,1921.4,1922.3607,1920.3,1919.33985,50,LONG,-151.0424999999941
cash_ACC,MovingAverage,2025-06-11 11:48:00,2025-06-11 12:05:00,1922.5,1923.4612499999998,1918.6,1917.6407,50,LONG,-291.0274999999956
cash_ACC,MovingAverage,2025-06-11 13:11:00,2025-06-11 13:20:00,1913.1,1914.0565499999998,1909.1,1908.14545,50,LONG,-295.5549999999903
cash_ACC,MovingAverage,2025-06-11 14:03:00,2025-06-11 15:04:00,1898.4,1899.3491999999999,1903.1,1902.14845,50,LONG,139.96250000000146
cash_ACC,MovingAverage,2025-06-11 15:16:00,2025-06-11 15:19:00,1903.5,1904.45175,1903.0,1902.0485,50,LONG,-120.16249999999218
cash_ACC,MovingAverage,2025-06-11 15:26:00,2025-06-12 09:29:00,1906.6,1907.5532999999998,1902.2,1901.2489,50,LONG,-315.219999999988
cash_ACC,MovingAverage,2025-06-12 10:11:00,2025-06-12 10:42:00,1902.6,1903.5512999999999,1900.0,1899.0500000000002,50,LONG,-225.06499999998368
cash_ACC,MovingAverage,2025-06-12 12:23:00,2025-06-12 13:02:00,1886.1,1887.0430499999998,1888.0,1887.056,50,LONG,0.6475000000136788
cash_ACC,MovingAverage,2025-06-12 14:25:00,2025-06-12 14:53:00,1870.3,1871.2351499999997,1870.8,1869.8646,50,LONG,-68.52749999998196
cash_ACC,MovingAverage,2025-06-13 09:58:00,2025-06-13 11:04:00,1843.0,1843.9215,1848.5,1847.5757500000002,50,LONG,182.71250000001373
cash_ACC,MovingAverage,2025-06-13 11:27:00,2025-06-13 11:47:00,1848.3,1849.2241499999998,1846.1,1845.17695,50,LONG,-202.3599999999874
cash_ACC,MovingAverage,2025-06-13 12:07:00,2025-06-13 12:21:00,1848.9,1849.82445,1846.2,1845.2769,50,LONG,-227.37750000000005
cash_ACC,MovingAverage,2025-06-13 12:48:00,2025-06-13 12:57:00,1847.7,1848.62385,1845.1,1844.17745,50,LONG,-222.32000000000198
cash_ACC,MovingAverage,2025-06-13 13:17:00,2025-06-13 14:00:00,1845.8,1846.7228999999998,1850.0,1849.075,50,LONG,117.60500000001457
cash_ACC,MovingAverage,2025-06-13 14:49:00,2025-06-13 14:50:00,1846.2,1847.1231,1845.7,1844.7771500000001,50,LONG,-117.29749999999513
cash_ACC,MovingAverage,2025-06-13 15:10:00,2025-06-16 09:28:00,1846.4,1847.3232,1845.0,1844.0775,50,LONG,-162.28499999999713
cash_ACC,MovingAverage,2025-06-16 10:00:00,2025-06-16 10:43:00,1834.9,1835.81745,1841.0,1840.0795,50,LONG,213.10250000000224
cash_ACC,MovingAverage,2025-06-16 11:03:00,2025-06-16 12:01:00,1843.0,1843.9215,1848.5,1847.5757500000002,50,LONG,182.71250000001373
cash_ACC,MovingAverage,2025-06-16 12:06:00,2025-06-16 14:22:00,1851.0,1851.9254999999998,1867.9,1866.9660500000002,50,LONG,752.0275000000197
cash_ACC,MovingAverage,2025-06-16 14:40:00,2025-06-16 15:28:00,1870.0,1870.935,1872.4,1871.4638000000002,50,LONG,26.440000000013697
cash_ACC,MovingAverage,2025-06-17 09:34:00,2025-06-17 09:48:00,1875.4,1876.3377,1868.0,1867.066,50,LONG,-463.5850000000005
cash_ACC,MovingAverage,2025-06-17 10:17:00,2025-06-17 10:51:00,1866.9,1867.83345,1866.7,1865.7666500000003,50,LONG,-103.3399999999915
cash_ACC,MovingAverage,2025-06-17 11:24:00,2025-06-17 11:53:00,1864.1,1865.0320499999998,1871.0,1870.0645000000002,50,LONG,251.62250000001904
cash_ACC,MovingAverage,2025-06-17 12:15:00,2025-06-17 12:24:00,1868.1,1869.0340499999998,1868.5,1867.5657500000002,50,LONG,-73.41499999997723
cash_ACC,MovingAverage,2025-06-17 12:25:00,2025-06-17 12:29:00,1868.2,1869.1341,1867.6,1866.6662000000001,50,LONG,-123.39499999999362
cash_ACC,MovingAverage,2025-06-17 12:47:00,2025-06-17 12:56:00,1870.0,1870.935,1860.7,1859.7696500000002,50,LONG,-558.2674999999881
cash_ACC,MovingAverage,2025-06-17 13:43:00,2025-06-17 14:10:00,1864.9,1865.8324499999999,1864.9,1863.9675500000003,50,LONG,-93.24499999997897
cash_ACC,MovingAverage,2025-06-17 14:11:00,2025-06-17 14:36:00,1866.4,1867.3332,1864.2,1863.2679,50,LONG,-203.26499999999896
cash_ACC,MovingAverage,2025-06-18 09:24:00,2025-06-18 10:05:00,1860.8,1861.7304,1861.3,1860.3693500000002,50,LONG,-68.0524999999875
cash_ACC,MovingAverage,2025-06-18 10:22:00,2025-06-18 10:26:00,1863.5,1864.43175,1858.9,1857.9705500000002,50,LONG,-323.05999999998676
cash_ACC,MovingAverage,2025-06-18 10:46:00,2025-06-18 10:55:00,1860.2,1861.1300999999999,1858.6,1857.6707000000001,50,LONG,-172.9699999999866
cash_ACC,MovingAverage,2025-06-18 12:09:00,2025-06-18 12:31:00,1851.0,1851.9254999999998,1850.4,1849.4748000000002,50,LONG,-122.53499999998212
cash_ACC,MovingAverage,2025-06-18 13:10:00,2025-06-18 13:48:00,1848.1,1849.0240499999998,1845.5,1844.57725,50,LONG,-222.3399999999856
cash_ACC,MovingAverage,2025-06-18 14:36:00,2025-06-18 15:04:00,1844.3,1845.2221499999998,1843.4,1842.4783000000002,50,LONG,-137.19249999998056
cash_ACC,MovingAverage,2025-06-19 09:29:00,2025-06-19 09:38:00,1842.1,1843.0210499999998,1839.0,1838.0805,50,LONG,-247.02749999999014
cash_ACC,MovingAverage,2025-06-19 09:49:00,2025-06-19 09:58:00,1842.3,1843.2211499999999,1838.0,1837.0810000000001,50,LONG,-307.00749999998607
cash_ACC,MovingAverage,2025-06-19 10:26:00,2025-06-19 10:39:00,1839.2,1840.1196,1837.3,1836.38135,50,LONG,-186.912499999994
cash_ACC,MovingAverage,2025-06-19 10:45:00,2025-06-19 11:15:00,1838.0,1838.9189999999999,1842.4,1841.4788,50,LONG,127.99000000001115
cash_ACC,MovingAverage,2025-06-19 12:13:00,2025-06-19 12:31:00,1837.6,1838.5187999999998,1836.0,1835.082,50,LONG,-171.83999999998605
cash_ACC,MovingAverage,2025-06-19 13:01:00,2025-06-19 13:20:00,1833.8,1834.7169,1830.6,1829.6847,50,LONG,-251.60999999999376
cash_ACC,MovingAverage,2025-06-19 13:53:00,2025-06-19 14:35:00,1827.7,1828.61385,1833.0,1832.0835000000002,50,LONG,173.48250000001144
cash_ACC,MovingAverage,2025-06-19 14:46:00,2025-06-19 14:56:00,1835.0,1835.9174999999998,1832.5,1831.58375,50,LONG,-216.6874999999891
cash_ACC,MovingAverage,2025-06-20 09:47:00,2025-06-20 09:58:00,1827.9,1828.81395,1818.0,1817.0910000000001,50,LONG,-586.1474999999928
cash_ACC,MovingAverage,2025-06-20 10:18:00,2025-06-20 11:27:00,1820.5,1821.41025,1824.0,1823.0880000000002,50,LONG,83.88750000001437
cash_ACC,MovingAverage,2025-06-20 12:14:00,2025-06-20 12:31:00,1824.3,1825.2121499999998,1817.7,1816.7911500000002,50,LONG,-421.0499999999797
cash_ACC,MovingAverage,2025-06-20 12:40:00,2025-06-20 13:10:00,1824.6,1825.5122999999999,1826.0,1825.087,50,LONG,-21.26499999999396
cash_ACC,MovingAverage,2025-06-20 13:28:00,2025-06-20 13:41:00,1828.3,1829.2141499999998,1826.1,1825.18695,50,LONG,-201.3599999999883
cash_ACC,MovingAverage,2025-06-20 13:54:00,2025-06-20 14:11:00,1827.7,1828.61385,1827.5,1826.58625,50,LONG,-101.37999999999465
cash_ACC,MovingAverage,2025-06-20 14:33:00,2025-06-20 14:36:00,1825.0,1825.9125,1824.3,1823.38785,50,LONG,-126.23249999999189
cash_ACC,MovingAverage,2025-06-20 14:56:00,2025-06-20 14:59:00,1825.0,1825.9125,1824.2,1823.2879,50,LONG,-131.22999999999365
cash_ACC,MovingAverage,2025-06-23 09:30:00,2025-06-23 09:34:00,1822.0,1822.9109999999998,1819.0,1818.0905,50,LONG,-241.02499999999054
cash_ACC,MovingAverage,2025-06-23 09:37:00,2025-06-23 09:38:00,1821.9,1822.81095,1821.2,1820.2894000000001,50,LONG,-126.07749999999669
cash_ACC,MovingAverage,2025-06-23 09:57:00,2025-06-23 11:05:00,1822.0,1822.9109999999998,1823.3,1822.38835,50,LONG,-26.132499999994252
cash_ACC,MovingAverage,2025-06-23 11:29:00,2025-06-23 11:51:00,1823.9,1824.81195,1824.3,1823.38785,50,LONG,-71.20499999999765
cash_ACC,MovingAverage,2025-06-23 12:06:00,2025-06-23 12:12:00,1824.9,1825.81245,1822.3,1821.38885,50,LONG,-221.17999999999256
cash_ACC,MovingAverage,2025-06-23 12:47:00,2025-06-23 13:13:00,1818.6,1819.5092999999997,1818.5,1817.59075,50,LONG,-95.92749999998205
cash_ACC,MovingAverage,2025-06-23 13:23:00,2025-06-23 13:33:00,1819.0,1819.9095,1818.0,1817.0910000000001,50,LONG,-140.9249999999929
cash_ACC,MovingAverage,2025-06-23 13:47:00,2025-06-23 14:24:00,1819.0,1819.9095,1818.2,1817.2909000000002,50,LONG,-130.92999999998938
cash_ACC,MovingAverage,2025-06-23 14:37:00,2025-06-23 14:41:00,1818.8,1819.7094,1817.7,1816.7911500000002,50,LONG,-145.9124999999858
cash_ACC,MovingAverage,2025-06-23 14:51:00,2025-06-23 15:00:00,1818.7,1819.60935,1818.5,1817.59075,50,LONG,-100.92999999999392
cash_ACC,MovingAverage,2025-06-24 09:15:00,2025-06-24 11:01:00,1831.0,1831.9154999999998,1853.7,1852.7731500000002,50,LONG,1042.8825000000188
cash_ACC,MovingAverage,2025-06-24 11:04:00,2025-06-24 12:30:00,1857.7,1858.62885,1865.7,1864.7671500000001,50,LONG,306.9150000000036
cash_ACC,MovingAverage,2025-06-24 13:09:00,2025-06-24 13:23:00,1867.5,1868.43375,1858.2,1857.2709000000002,50,LONG,-558.1424999999854
cash_ACC,MovingAverage,2025-06-24 13:56:00,2025-06-24 14:14:00,1857.6,1858.5287999999998,1853.8,1852.8731,50,LONG,-282.78499999998985
cash_ACC,MovingAverage,2025-06-24 14:36:00,2025-06-24 14:53:00,1852.0,1852.926,1850.0,1849.075,50,LONG,-192.54999999999427
cash_ACC,MovingAverage,2025-06-24 15:22:00,2025-06-25 10:03:00,1849.1,1850.0245499999999,1854.1,1853.17295,50,LONG,157.4200000000019
cash_ACC,MovingAverage,2025-06-25 10:28:00,2025-06-25 10:51:00,1854.3,1855.22715,1853.3,1852.37335,50,LONG,-142.68999999999323
cash_ACC,MovingAverage,2025-06-25 11:17:00,2025-06-25 11:23:00,1854.0,1854.927,1853.5,1852.5732500000001,50,LONG,-117.68749999998818
cash_ACC,MovingAverage,2025-06-25 11:24:00,2025-06-25 11:45:00,1853.6,1854.5267999999999,1854.2,1853.2729000000002,50,LONG,-62.69499999998516
cash_ACC,MovingAverage,2025-06-25 11:46:00,2025-06-25 11:47:00,1854.2,1855.1271,1854.2,1853.2729000000002,50,LONG,-92.70999999998821
cash_ACC,MovingAverage,2025-06-25 11:58:00,2025-06-25 12:04:00,1854.9,1855.82745,1852.2,1851.2739000000001,50,LONG,-227.67749999999296
cash_ACC,MovingAverage,2025-06-25 12:25:00,2025-06-25 13:15:00,1855.4,1856.3277,1854.7,1853.77265,50,LONG,-127.75249999999687
cash_ACC,MovingAverage,2025-06-25 13:40:00,2025-06-25 13:41:00,1855.0,1855.9275,1854.4,1853.4728000000002,50,LONG,-122.73499999998876
cash_ACC,MovingAverage,2025-06-25 13:42:00,2025-06-25 13:49:00,1854.4,1855.3272,1854.2,1853.2729000000002,50,LONG,-102.71499999998923
cash_ACC,MovingAverage,2025-06-25 14:29:00,2025-06-25 14:40:00,1854.0,1854.927,1853.3,1852.37335,50,LONG,-127.6824999999917
cash_ACC,MovingAverage,2025-06-25 14:56:00,2025-06-25 15:11:00,1853.6,1854.5267999999999,1853.3,1852.37335,50,LONG,-107.67249999998967
cash_ACC,MovingAverage,2025-06-25 15:22:00,2025-06-26 09:55:00,1854.0,1854.927,1871.9,1870.9640500000003,50,LONG,801.8525000000182
cash_ACC,MovingAverage,2025-06-26 11:07:00,2025-06-26 11:26:00,1861.6,1862.5307999999998,1862.7,1861.7686500000002,50,LONG,-38.107499999978245
cash_ACC,MovingAverage,2025-06-26 11:33:00,2025-06-26 12:09:00,1865.2,1866.1326,1865.1,1864.16745,50,LONG,-98.25749999999971
cash_ACC,MovingAverage,2025-06-26 12:39:00,2025-06-26 13:00:00,1869.1,1870.0345499999999,1868.6,1867.6657,50,LONG,-118.44249999999192
cash_ACC,MovingAverage,2025-06-26 13:05:00,2025-06-26 13:23:00,1870.5,1871.43525,1868.0,1867.066,50,LONG,-218.46249999999827
cash_ACC,MovingAverage,2025-06-26 13:58:00,2025-06-26 14:30:00,1869.1,1870.0345499999999,1867.7,1866.7661500000002,50,LONG,-163.41999999998507
cash_ACC,MovingAverage,2025-06-26 14:33:00,2025-06-27 10:04:00,1870.1,1871.0350499999997,1913.6,1912.6432,50,LONG,2080.4075000000125
cash_ACC,MovingAverage,2025-06-27 10:08:00,2025-06-27 10:58:00,1915.6,1916.5577999999998,1922.4,1921.4388000000001,50,LONG,244.05000000001564
cash_ACC,MovingAverage,2025-06-27 11:11:00,2025-06-27 11:41:00,1927.0,1927.9634999999998,1928.2,1927.2359000000001,50,LONG,-36.37999999998556
cash_ACC,MovingAverage,2025-06-27 12:15:00,2025-06-27 12:53:00,1925.4,1926.3627,1928.4,1927.4358000000002,50,LONG,53.65500000001475
cash_ACC,MovingAverage,2025-06-27 12:57:00,2025-06-27 13:05:00,1929.7,1930.66485,1928.0,1927.036,50,LONG,-181.44249999999147
cash_ACC,MovingAverage,2025-06-27 13:37:00,2025-06-27 14:28:00,1922.9,1923.8614499999999,1930.2,1929.2349000000002,50,LONG,268.67250000001377
cash_ACC,MovingAverage,2025-06-30 09:16:00,2025-06-30 09:45:00,1928.9,1929.86445,1922.5,1921.5387500000002,50,LONG,-416.2849999999935
cash_ACC,MovingAverage,2025-06-30 10:08:00,2025-06-30 10:15:00,1924.3,1925.2621499999998,1922.1,1921.13895,50,LONG,-206.1599999999885
cash_ACC,MovingAverage,2025-06-30 10:20:00,2025-06-30 10:27:00,1924.9,1925.86245,1917.8,1916.8411,50,LONG,-451.0674999999992
cash_ACC,MovingAverage,2025-06-30 11:05:00,2025-06-30 11:18:00,1912.2,1913.1561,1910.3,1909.34485,50,LONG,-190.56249999999864
cash_ACC,MovingAverage,2025-06-30 11:30:00,2025-06-30 11:57:00,1913.5,1914.4567499999998,1913.5,1912.5432500000002,50,LONG,-95.6749999999829
cash_ACC,MovingAverage,2025-06-30 12:16:00,2025-06-30 12:39:00,1917.6,1918.5587999999998,1915.8,1914.8421,50,LONG,-185.83499999998594
cash_ACC,MovingAverage,2025-06-30 12:47:00,2025-06-30 13:03:00,1921.6,1922.5607999999997,1916.8,1915.8416,50,LONG,-335.95999999998867
cash_ACC,MovingAverage,2025-06-30 13:27:00,2025-06-30 13:42:00,1918.2,1919.1590999999999,1915.4,1914.4423000000002,50,LONG,-235.83999999998468
cash_ACC,MovingAverage,2025-06-30 14:06:00,2025-06-30 14:20:00,1914.9,1915.85745,1912.5,1911.54375,50,LONG,-215.6849999999963
cash_ACC,MovingAverage,2025-06-30 14:45:00,2025-06-30 15:06:00,1915.6,1916.5577999999998,1915.4,1914.4423000000002,50,LONG,-105.77499999998281
cash_ACC,MovingAverage,2025-06-30 15:13:00,2025-07-01 09:39:00,1917.5,1918.4587499999998,1923.7,1922.7381500000001,50,LONG,213.97000000001754
cash_ACC,MovingAverage,2025-07-01 10:05:00,2025-07-01 10:17:00,1924.9,1925.86245,1922.6,1921.6387,50,LONG,-211.18750000000546
cash_ACC,MovingAverage,2025-07-01 10:31:00,2025-07-01 10:56:00,1928.8,1929.7643999999998,1924.3,1923.3378500000001,50,LONG,-321.32749999998396
cash_ACC,MovingAverage,2025-07-01 11:24:00,2025-07-01 11:27:00,1922.4,1923.3612,1921.2,1920.2394000000002,50,LONG,-156.0899999999947
cash_ACC,MovingAverage,2025-07-01 11:45:00,2025-07-01 12:04:00,1924.0,1924.962,1921.6,1920.6392,50,LONG,-216.13999999999578
cash_ACC,MovingAverage,2025-07-01 12:15:00,2025-07-01 12:36:00,1925.9,1926.86295,1925.1,1924.13745,50,LONG,-136.27500000000055
cash_ACC,MovingAverage,2025-07-01 14:06:00,2025-07-01 14:45:00,1912.3,1913.25615,1916.0,1915.0420000000001,50,LONG,89.29250000001048
cash_ACC,MovingAverage,2025-07-01 14:57:00,2025-07-01 15:22:00,1922.8,1923.7613999999999,1921.4,1920.4393000000002,50,LONG,-166.10499999998183
cash_ACC,MovingAverage,2025-07-02 09:15:00,2025-07-02 09:47:00,1926.9,1927.86345,1927.8,1926.8361,50,LONG,-51.367500000003474
cash_ACC,MovingAverage,2025-07-02 09:50:00,2025-07-02 10:03:00,1930.0,1930.965,1927.9,1926.9360500000003,50,LONG,-201.4474999999834
cash_ACC,MovingAverage,2025-07-02 10:28:00,2025-07-02 10:45:00,1927.9,1928.86395,1925.0,1924.0375000000001,50,LONG,-241.32249999998976
cash_ACC,MovingAverage,2025-07-02 10:58:00,2025-07-02 11:19:00,1934.5,1935.46725,1933.0,1932.0335,50,LONG,-171.6874999999959
cash_ACC,MovingAverage,2025-07-02 11:29:00,2025-07-02 12:21:00,1938.0,1938.9689999999998,1943.6,1942.6282,50,LONG,182.96000000001413
cash_ACC,MovingAverage,2025-07-02 12:25:00,2025-07-02 12:42:00,1948.6,1949.5742999999998,1941.9,1940.9290500000002,50,LONG,-432.2624999999789
cash_ACC,MovingAverage,2025-07-02 13:08:00,2025-07-02 13:22:00,1942.4,1943.3712,1939.5,1938.53025,50,LONG,-242.04750000000104
cash_ACC,MovingAverage,2025-07-02 13:54:00,2025-07-02 14:25:00,1935.7,1936.66785,1937.0,1936.0315,50,LONG,-31.817499999999654
cash_ACC,MovingAverage,2025-07-02 14:53:00,2025-07-03 10:41:00,1935.9,1936.86795,1960.5,1959.5197500000002,50,LONG,1132.5900000000047
cash_ACC,MovingAverage,2025-07-03 11:09:00,2025-07-03 11:10:00,1961.4,1962.3807,1960.0,1959.0200000000002,50,LONG,-168.0349999999862
cash_ACC,MovingAverage,2025-07-03 11:36:00,2025-07-03 11:48:00,1959.0,1959.9795,1954.2,1953.2229000000002,50,LONG,-337.8299999999854
cash_ACC,MovingAverage,2025-07-03 12:34:00,2025-07-03 13:01:00,1959.0,1959.9795,1956.8,1955.8216,50,LONG,-207.89499999999634
cash_ACC,MovingAverage,2025-07-03 13:14:00,2025-07-03 13:46:00,1959.6,1960.5797999999998,1959.5,1958.52025,50,LONG,-102.97749999998587
cash_ACC,MovingAverage,2025-07-03 14:16:00,2025-07-03 14:18:00,1959.4,1960.3797,1959.2,1958.2204000000002,50,LONG,-107.96499999999014
cash_ACC,MovingAverage,2025-07-03 14:19:00,2025-07-03 14:24:00,1959.7,1960.67985,1959.8,1958.8201000000001,50,LONG,-92.98749999999245
cash_ACC,MovingAverage,2025-07-03 15:11:00,2025-07-03 15:24:00,1957.6,1958.5787999999998,1955.3,1954.3223500000001,50,LONG,-212.82249999998157
cash_ACC,MovingAverage,2025-07-03 15:26:00,2025-07-04 09:17:00,1957.8,1958.7788999999998,1950.0,1949.025,50,LONG,-487.69499999998516
cash_ACC,MovingAverage,2025-07-04 09:31:00,2025-07-04 10:13:00,1958.0,1958.9789999999998,1965.6,1964.6172,50,LONG,281.91000000000486
cash_ACC,MovingAverage,2025-07-04 10:14:00,2025-07-04 10:42:00,1968.7,1969.68435,1971.5,1970.5142500000002,50,LONG,41.495000000008986
cash_ACC,MovingAverage,2025-07-04 10:44:00,2025-07-04 11:27:00,1975.6,1976.5877999999998,1982.5,1981.5087500000002,50,LONG,246.04750000002014
cash_ACC,MovingAverage,2025-07-04 12:11:00,2025-07-04 12:25:00,1963.6,1964.5817999999997,1956.5,1955.52175,50,LONG,-453.0024999999796
cash_ACC,MovingAverage,2025-07-04 12:42:00,2025-07-04 12:55:00,1961.0,1961.9805,1957.9,1956.9210500000002,50,LONG,-252.97249999998712
cash_ACC,MovingAverage,2025-07-04 13:09:00,2025-07-04 13:55:00,1960.7,1961.6803499999999,1963.0,1962.0185000000001,50,LONG,16.907500000013442
cash_ACC,MovingAverage,2025-07-04 14:01:00,2025-07-04 14:11:00,1969.5,1970.4847499999998,1961.6,1960.6192,50,LONG,-493.27749999998787
cash_ACC,MovingAverage,2025-07-04 14:37:00,2025-07-04 15:03:00,1967.6,1968.5837999999999,1968.1,1967.11595,50,LONG,-73.39249999998856
cash_ACC,MovingAverage,2025-07-07 09:37:00,2025-07-07 09:42:00,1961.8,1962.7808999999997,1957.0,1956.0215,50,LONG,-337.96999999998434
cash_ACC,MovingAverage,2025-07-07 11:00:00,2025-07-07 11:19:00,1946.5,1947.4732499999998,1945.2,1944.2274000000002,50,LONG,-162.2924999999782
cash_ACC,MovingAverage,2025-07-07 11:45:00,2025-07-07 12:08:00,1945.9,1946.87295,1945.0,1944.0275000000001,50,LONG,-142.27249999999003
cash_ACC,MovingAverage,2025-07-07 12:13:00,2025-07-07 13:03:00,1949.5,1950.4747499999999,1958.2,1957.2209000000003,50,LONG,337.3075000000199
cash_ACC,MovingAverage,2025-07-07 13:13:00,2025-07-07 13:43:00,1960.4,1961.3802,1961.9,1960.9190500000002,50,LONG,-23.05749999999307
cash_ACC,MovingAverage,2025-07-07 14:03:00,2025-07-07 14:14:00,1963.1,1964.0815499999999,1961.3,1960.31935,50,LONG,-188.10999999999467
cash_ACC,MovingAverage,2025-07-07 14:43:00,2025-07-07 15:21:00,1963.3,1964.28165,1963.5,1962.51825,50,LONG,-88.16999999999098
cash_ACC,MovingAverage,2025-07-08 09:20:00,2025-07-08 09:38:00,1969.3,1970.2846499999998,1964.0,1963.018,50,LONG,-363.33249999999
cash_ACC,MovingAverage,2025-07-08 11:03:00,2025-07-08 11:07:00,1952.0,1952.9759999999999,1951.0,1950.0245000000002,50,LONG,-147.57499999998345
cash_ACC,MovingAverage,2025-07-08 11:33:00,2025-07-08 12:20:00,1953.7,1954.6768499999998,1960.0,1959.0200000000002,50,LONG,217.1575000000189
cash_ACC,MovingAverage,2025-07-08 12:30:00,2025-07-08 13:39:00,1963.5,1964.48175,1970.1,1969.11495,50,LONG,231.6599999999994
cash_ACC,MovingAverage,2025-07-08 13:53:00,2025-07-08 14:21:00,1971.7,1972.6858499999998,1975.0,1974.0125,50,LONG,66.33250000000999
cash_ACC,MovingAverage,2025-07-08 14:34:00,2025-07-08 14:42:00,1976.5,1977.4882499999999,1975.8,1974.8121,50,LONG,-133.80749999998898
cash_ACC,MovingAverage,2025-07-08 14:50:00,2025-07-09 09:48:00,1975.7,1976.68785,1984.6,1983.6077,50,LONG,345.99249999999984
cash_ACC,MovingAverage,2025-07-09 10:08:00,2025-07-09 10:36:00,1990.1,1991.09505,1992.0,1991.0040000000001,50,LONG,-4.552499999988413
cash_ACC,MovingAverage,2025-07-09 10:56:00,2025-07-09 11:13:00,1993.6,1994.5967999999998,1991.0,1990.0045,50,LONG,-229.61499999998978
cash_ACC,MovingAverage,2025-07-09 11:34:00,2025-07-09 12:00:00,1992.9,1993.89645,1992.1,1991.10395,50,LONG,-139.6250000000009
cash_ACC,MovingAverage,2025-07-09 12:19:00,2025-07-09 12:20:00,1992.5,1993.49625,1991.8,1990.8041,50,LONG,-134.6074999999928
cash_ACC,MovingAverage,2025-07-09 12:21:00,2025-07-09 12:24:00,1992.0,1992.9959999999999,1992.1,1991.10395,50,LONG,-94.60249999999633
cash_ACC,MovingAverage,2025-07-09 12:55:00,2025-07-09 13:04:00,1991.6,1992.5957999999998,1990.0,1989.005,50,LONG,-179.53999999998587
cash_ACC,MovingAverage,2025-07-09 13:33:00,2025-07-09 13:44:00,1990.9,1991.89545,1988.9,1987.9055500000002,50,LONG,-199.49499999999034
cash_ACC,MovingAverage,2025-07-09 13:56:00,2025-07-09 14:26:00,1990.6,1991.5952999999997,1990.6,1989.6047,50,LONG,-99.52999999998156
cash_ACC,MovingAverage,2025-07-09 15:04:00,2025-07-10 09:40:00,1987.8,1988.7939,1996.8,1995.8016,50,LONG,350.3850000000057
cash_ACC,MovingAverage,2025-07-10 10:19:00,2025-07-10 10:28:00,1995.0,1995.9975,1993.8,1992.8031,50,LONG,-159.71999999999298
cash_ACC,MovingAverage,2025-07-10 10:32:00,2025-07-10 10:53:00,1996.0,1996.9979999999998,1992.1,1991.10395,50,LONG,-294.70249999999396
cash_ACC,MovingAverage,2025-07-10 11:20:00,2025-07-10 12:01:00,1994.0,1994.9969999999998,1992.2,1991.2039000000002,50,LONG,-189.654999999982
cash_ACC,MovingAverage,2025-07-10 12:25:00,2025-07-10 12:42:00,1993.9,1994.89695,1993.0,1992.0035,50,LONG,-144.6725000000015
cash_ACC,MovingAverage,2025-07-10 13:05:00,2025-07-10 14:00:00,1993.1,1994.0965499999998,1996.9,1995.9015500000003,50,LONG,90.25000000002592
cash_ACC,MovingAverage,2025-07-10 14:08:00,2025-07-10 14:45:00,1998.7,1999.6993499999999,2004.8,2003.7976,50,LONG,204.91250000001173
cash_ACC,MovingAverage,2025-07-11 09:20:00,2025-07-11 10:07:00,2005.0,2006.0024999999998,2019.3,2018.29035,50,LONG,614.3925000000081
cash_ACC,MovingAverage,2025-07-11 11:19:00,2025-07-11 11:32:00,2002.7,2003.70135,1999.9,1998.9000500000002,50,LONG,-240.06499999999278
cash_ACC,MovingAverage,2025-07-11 12:27:00,2025-07-11 12:50:00,1995.8,1996.7978999999998,1995.0,1994.0025,50,LONG,-139.76999999998725
cash_ACC,MovingAverage,2025-07-11 13:43:00,2025-07-11 14:02:00,1989.7,1990.6948499999999,1990.0,1989.005,50,LONG,-84.49249999998756
cash_ACC,MovingAverage,2025-07-11 14:19:00,2025-07-11 14:42:00,1990.8,1991.7953999999997,1985.0,1984.0075000000002,50,LONG,-389.39499999997906
cash_ACC,MovingAverage,2025-07-14 09:44:00,2025-07-14 10:19:00,1982.8,1983.7913999999998,1983.4,1982.4083000000003,50,LONG,-69.15499999997792
cash_ACC,MovingAverage,2025-07-14 11:57:00,2025-07-14 12:52:00,1967.5,1968.4837499999999,1973.7,1972.71315,50,LONG,211.47000000000844
cash_ACC,MovingAverage,2025-07-14 12:56:00,2025-07-14 13:00:00,1974.5,1975.48725,1973.7,1972.71315,50,LONG,-138.7049999999931
cash_ACC,MovingAverage,2025-07-14 13:09:00,2025-07-14 13:36:00,1974.0,1974.9869999999999,1973.6,1972.6132,50,LONG,-118.68999999999232
cash_ACC,MovingAverage,2025-07-14 14:25:00,2025-07-14 15:14:00,1972.8,1973.7864,1975.2,1974.2124000000001,50,LONG,21.300000000007913
cash_ACC,MovingAverage,2025-07-14 15:23:00,2025-07-15 09:45:00,1978.4,1979.3892,1985.5,1984.50725,50,LONG,255.90250000000196
cash_ACC,MovingAverage,2025-07-15 10:20:00,2025-07-15 10:50:00,1987.1,1988.0935499999998,1987.9,1986.9060500000003,50,LONG,-59.37499999997726
cash_ACC,MovingAverage,2025-07-15 10:52:00,2025-07-15 11:17:00,1991.0,1991.9955,1992.1,1991.10395,50,LONG,-44.5775000000026
cash_ACC,MovingAverage,2025-07-15 11:58:00,2025-07-15 12:04:00,1989.3,1990.2946499999998,1986.8,1985.8066000000001,50,LONG,-224.40249999998514
cash_ACC,MovingAverage,2025-07-15 12:27:00,2025-07-15 12:39:00,1988.6,1989.5942999999997,1983.2,1982.2084000000002,50,LONG,-369.2949999999769
cash_ACC,MovingAverage,2025-07-15 13:48:00,2025-07-15 14:16:00,1977.5,1978.48875,1977.5,1976.51125,50,LONG,-98.87499999999818
cash_ACC,MovingAverage,2025-07-15 14:17:00,2025-07-15 14:45:00,1978.2,1979.1890999999998,1979.8,1978.8101000000001,50,LONG,-18.949999999983902
cash_ACC,MovingAverage,2025-07-15 14:49:00,2025-07-15 15:25:00,1979.5,1980.48975,1979.5,1978.51025,50,LONG,-98.97499999999582
cash_ACC,MovingAverage,2025-07-16 09:20:00,2025-07-16 09:26:00,1980.2,1981.1901,1980.1,1979.10995,50,LONG,-104.00750000000016
cash_ACC,MovingAverage,2025-07-16 09:53:00,2025-07-16 10:04:00,1977.7,1978.68885,1976.9,1975.9115500000003,50,LONG,-138.86499999998705
cash_ACC,MovingAverage,2025-07-16 10:20:00,2025-07-16 10:40:00,1976.8,1977.7884,1974.9,1973.9125500000002,50,LONG,-193.79249999998365
cash_ACC,MovingAverage,2025-07-16 11:11:00,2025-07-16 11:16:00,1972.0,1972.9859999999999,1970.8,1969.8146000000002,50,LONG,-158.56999999998607
cash_ACC,MovingAverage,2025-07-16 11:25:00,2025-07-16 11:46:00,1972.5,1973.48625,1973.0,1972.0135,50,LONG,-73.63749999999527
cash_ACC,MovingAverage,2025-07-16 11:48:00,2025-07-16 12:31:00,1975.9,1976.88795,1984.9,1983.9075500000001,50,LONG,350.9800000000041
cash_ACC,MovingAverage,2025-07-16 12:41:00,2025-07-16 13:07:00,1987.9,1988.89395,1988.0,1987.006,50,LONG,-94.39749999999094
cash_ACC,MovingAverage,2025-07-16 13:16:00,2025-07-16 13:56:00,1992.0,1992.9959999999999,1989.1,1988.10545,50,LONG,-244.52749999999241
cash_ACC,MovingAverage,2025-07-16 14:14:00,2025-07-16 14:29:00,1993.0,1993.9965,1989.9,1988.9050500000003,50,LONG,-254.5724999999834
cash_ACC,MovingAverage,2025-07-16 14:47:00,2025-07-16 15:21:00,1991.0,1991.9955,1989.7,1988.7051500000002,50,LONG,-164.5174999999881
cash_ACC,MovingAverage,2025-07-17 09:56:00,2025-07-17 10:17:00,1979.8,1980.7898999999998,1979.1,1978.1104500000001,50,LONG,-133.97249999998166
cash_ACC,MovingAverage,2025-07-17 10:18:00,2025-07-17 10:20:00,1980.4,1981.3902,1979.4,1978.4103000000002,50,LONG,-148.9949999999908
cash_ACC,MovingAverage,2025-07-17 10:21:00,2025-07-17 10:33:00,1980.4,1981.3902,1979.1,1978.1104500000001,50,LONG,-163.9874999999961
cash_ACC,MovingAverage,2025-07-17 10:56:00,2025-07-17 11:19:00,1980.6,1981.5902999999998,1977.6,1976.6112,50,LONG,-248.95499999998947
cash_ACC,MovingAverage,2025-07-17 11:33:00,2025-07-17 11:53:00,1979.2,1980.1896,1980.0,1979.0100000000002,50,LONG,-58.979999999985466
cash_ACC,MovingAverage,2025-07-17 12:36:00,2025-07-17 13:12:00,1980.0,1980.9899999999998,1979.9,1978.9100500000002,50,LONG,-103.99749999997994
cash_ACC,MovingAverage,2025-07-17 13:37:00,2025-07-17 13:49:00,1979.2,1980.1896,1979.9,1978.9100500000002,50,LONG,-63.97749999998723
cash_ACC,MovingAverage,2025-07-17 13:56:00,2025-07-17 14:11:00,1980.2,1981.1901,1980.0,1979.0100000000002,50,LONG,-109.00499999999056
cash_ACC,MovingAverage,2025-07-17 14:12:00,2025-07-17 14:17:00,1979.8,1980.7898999999998,1979.8,1978.8101000000001,50,LONG,-98.98999999998068
cash_ACC,MovingAverage,2025-07-17 14:46:00,2025-07-17 14:49:00,1979.0,1979.9895,1977.9,1976.9110500000002,50,LONG,-153.9224999999874
cash_ACC,MovingAverage,2025-07-17 15:00:00,2025-07-17 15:19:00,1979.4,1980.3897,1978.8,1977.8106,50,LONG,-128.9549999999963
cash_ACC,MovingAverage,2025-07-18 09:20:00,2025-07-18 09:40:00,1982.4,1983.3912,1980.7,1979.7096500000002,50,LONG,-184.0774999999894
cash_ACC,MovingAverage,2025-07-18 10:43:00,2025-07-18 11:33:00,1966.6,1967.5832999999998,1971.2,1970.2144,50,LONG,131.5550000000144
cash_ACC,MovingAverage,2025-07-18 12:41:00,2025-07-18 13:15:00,1970.2,1971.1851,1970.3,1969.31485,50,LONG,-93.51249999999709
cash_ACC,MovingAverage,2025-07-18 13:31:00,2025-07-18 14:09:00,1969.5,1970.4847499999998,1972.8,1971.8136,50,LONG,66.44250000000511
cash_ACC,MovingAverage,2025-07-18 14:35:00,2025-07-18 14:56:00,1972.6,1973.5862999999997,1970.5,1969.51475,50,LONG,-203.57749999998305
cash_ACC,MovingAverage,2025-07-18 15:20:00,2025-07-18 15:21:00,1969.1,1970.0845499999998,1969.0,1968.0155000000002,50,LONG,-103.45249999998032
cash_ACC,MovingAverage,2025-07-18 15:23:00,2025-07-21 09:38:00,1970.6,1971.5852999999997,1975.4,1974.4123000000002,50,LONG,141.35000000002265
cash_ACC,MovingAverage,2025-07-21 09:49:00,2025-07-21 10:00:00,1982.0,1982.991,1973.7,1972.71315,50,LONG,-513.8924999999972
cash_ACC,MovingAverage,2025-07-21 11:24:00,2025-07-21 11:49:00,1966.1,1967.0830499999997,1963.9,1962.9180500000002,50,LONG,-208.24999999997544
cash_ACC,MovingAverage,2025-07-21 11:54:00,2025-07-21 12:22:00,1968.2,1969.1841,1969.0,1968.0155000000002,50,LONG,-58.4299999999871
cash_ACC,MovingAverage,2025-07-21 12:46:00,2025-07-21 13:54:00,1968.1,1969.0840499999997,1971.3,1970.31435,50,LONG,61.51500000001988
cash_ACC,MovingAverage,2025-07-21 14:05:00,2025-07-21 14:25:00,1979.2,1980.1896,1978.4,1977.4108,50,LONG,-138.93999999999096
cash_ACC,MovingAverage,2025-07-21 14:40:00,2025-07-21 14:51:00,1979.6,1980.5897999999997,1978.2,1977.2109000000003,50,LONG,-168.9449999999738
cash_ACC,MovingAverage,2025-07-21 15:15:00,2025-07-22 09:43:00,1978.8,1979.7894,1978.8,1977.8106,50,LONG,-98.93999999999323
cash_ACC,MovingAverage,2025-07-22 10:19:00,2025-07-22 10:31:00,1975.1,1976.0875499999997,1972.3,1971.31385,50,LONG,-238.68499999998676
cash_ACC,MovingAverage,2025-07-22 10:40:00,2025-07-22 11:06:00,1975.4,1976.3877,1975.9,1974.9120500000001,50,LONG,-73.78249999999298
cash_ACC,MovingAverage,2025-07-22 11:43:00,2025-07-22 11:50:00,1972.4,1973.3862,1971.3,1970.31435,50,LONG,-153.59249999999065
cash_ACC,MovingAverage,2025-07-22 12:00:00,2025-07-22 12:40:00,1973.8,1974.7868999999998,1973.5,1972.5132500000002,50,LONG,-113.6824999999817
cash_ACC,MovingAverage,2025-07-22 13:22:00,2025-07-22 13:29:00,1971.7,1972.6858499999998,1968.5,1967.51575,50,LONG,-258.504999999991
cash_ACC,MovingAverage,2025-07-22 14:02:00,2025-07-22 14:11:00,1966.5,1967.48325,1965.6,1964.6172,50,LONG,-143.30250000000433
cash_ACC,MovingAverage,2025-07-22 14:45:00,2025-07-22 14:58:00,1964.1,1965.0820499999998,1960.2,1959.2199,50,LONG,-293.10749999998507
cash_ACC,MovingAverage,2025-07-23 10:24:00,2025-07-23 10:26:00,1921.0,1921.9605,1920.8,1919.8396,50,LONG,-106.04499999999462
cash_ACC,MovingAverage,2025-07-23 10:28:00,2025-07-23 11:00:00,1922.6,1923.5612999999998,1924.4,1923.4378000000002,50,LONG,-6.1749999999847205
cash_ACC,MovingAverage,2025-07-23 11:21:00,2025-07-23 11:42:00,1925.8,1926.7629,1923.3,1922.33835,50,LONG,-221.2274999999977
cash_ACC,MovingAverage,2025-07-23 11:51:00,2025-07-23 13:29:00,1931.8,1932.7658999999999,1944.9,1943.92755,50,LONG,558.0825000000118
cash_ACC,MovingAverage,2025-07-23 13:50:00,2025-07-23 14:09:00,1944.4,1945.3722,1944.8,1943.8276,50,LONG,-77.22999999999729
cash_ACC,MovingAverage,2025-07-23 14:21:00,2025-07-23 14:30:00,1947.3,1948.2736499999999,1943.6,1942.6282,50,LONG,-282.27249999998776
cash_ACC,MovingAverage,2025-07-23 14:41:00,2025-07-23 15:29:00,1946.0,1946.973,1946.4,1945.4268000000002,50,LONG,-77.30999999998858
cash_ACC,MovingAverage,2025-07-24 09:17:00,2025-07-24 09:33:00,1954.8,1955.7774,1949.5,1948.5252500000001,50,LONG,-362.60749999999007
cash_ACC,MovingAverage,2025-07-24 09:54:00,2025-07-24 09:55:00,1948.6,1949.5742999999998,1949.5,1948.5252500000001,50,LONG,-52.45249999998123
cash_ACC,MovingAverage,2025-07-24 10:44:00,2025-07-24 11:19:00,1940.8,1941.7703999999999,1943.0,1942.0285000000001,50,LONG,12.905000000012024
cash_ACC,MovingAverage,2025-07-24 11:48:00,2025-07-24 11:50:00,1940.6,1941.5702999999999,1937.8,1936.8311,50,LONG,-236.95999999998776
cash_ACC,MovingAverage,2025-07-24 12:01:00,2025-07-24 12:50:00,1939.6,1940.5697999999998,1948.0,1947.026,50,LONG,322.8100000000154
cash_ACC,MovingAverage,2025-07-24 12:59:00,2025-07-24 13:17:00,1950.1,1951.0750499999997,1945.0,1944.0275000000001,50,LONG,-352.3774999999773
cash_ACC,MovingAverage,2025-07-24 14:10:00,2025-07-24 14:13:00,1915.4,1916.3577,1910.4,1909.4448000000002,50,LONG,-345.64499999999043
cash_ACC,MovingAverage,2025-07-24 15:19:00,2025-07-24 15:23:00,1891.8,1892.7459,1890.4,1889.4548000000002,50,LONG,-164.55499999998437
cash_ACC,MovingAverage,2025-07-25 09:20:00,2025-07-25 09:40:00,1899.6,1900.5497999999998,1893.0,1892.0535000000002,50,LONG,-424.8149999999782
cash_ACC,MovingAverage,2025-07-25 11:04:00,2025-07-25 11:15:00,1868.1,1869.0340499999998,1864.6,1863.6677,50,LONG,-268.3174999999892
cash_ACC,MovingAverage,2025-07-25 11:28:00,2025-07-25 11:35:00,1867.5,1868.43375,1861.9,1860.9690500000002,50,LONG,-373.2349999999883
cash_ACC,MovingAverage,2025-07-25 12:01:00,2025-07-25 12:16:00,1861.6,1862.5307999999998,1860.8,1859.8696,50,LONG,-133.05999999998903
cash_ACC,MovingAverage,2025-07-25 13:10:00,2025-07-25 13:22:00,1858.1,1859.0290499999999,1857.0,1856.0715,50,LONG,-147.87749999999278
cash_ACC,MovingAverage,2025-07-25 13:45:00,2025-07-25 14:10:00,1857.0,1857.9285,1855.7,1854.7721500000002,50,LONG,-157.81749999998738
cash_ACC,MovingAverage,2025-07-28 09:20:00,2025-07-28 09:33:00,1856.9,1857.82845,1848.9,1847.97555,50,LONG,-492.64499999999316
cash_ACC,MovingAverage,2025-07-28 10:20:00,2025-07-28 10:39:00,1835.9,1836.8179499999999,1833.3,1832.38335,50,LONG,-221.72999999999092
cash_ACC,MovingAverage,2025-07-28 10:51:00,2025-07-28 11:44:00,1837.1,1838.0185499999998,1850.0,1849.075,50,LONG,552.8225000000134
cash_ACC,MovingAverage,2025-07-28 12:26:00,2025-07-28 12:42:00,1850.3,1851.2251499999998,1846.0,1845.077,50,LONG,-307.407499999988
cash_ACC,MovingAverage,2025-07-28 13:12:00,2025-07-28 13:20:00,1842.9,1843.82145,1838.3,1837.38085,50,LONG,-322.0299999999952
cash_ACC,MovingAverage,2025-07-28 14:27:00,2025-07-28 15:00:00,1831.6,1832.5158,1828.3,1827.3858500000001,50,LONG,-256.49749999998903
cash_ACC,MovingAverage,2025-07-29 09:18:00,2025-07-29 09:54:00,1837.6,1838.5187999999998,1837.4,1836.4813000000001,50,LONG,-101.87499999998408
cash_ACC,MovingAverage,2025-07-29 09:58:00,2025-07-29 10:01:00,1841.9,1842.82095,1836.1,1835.18195,50,LONG,-381.9500000000062
cash_ACC,MovingAverage,2025-07-29 10:53:00,2025-07-29 11:23:00,1828.1,1829.0140499999998,1833.0,1832.0835000000002,50,LONG,153.47250000002077
cash_ACC,MovingAverage,2025-07-29 11:50:00,2025-07-29 12:00:00,1832.4,1833.3162,1830.1,1829.18495,50,LONG,-206.56249999999545
cash_ACC,MovingAverage,2025-07-29 12:25:00,2025-07-29 12:41:00,1829.3,1830.21465,1827.4,1826.4863000000003,50,LONG,-186.41749999998183
cash_ACC,MovingAverage,2025-07-29 13:01:00,2025-07-29 13:29:00,1828.1,1829.0140499999998,1827.7,1826.7861500000001,50,LONG,-111.39499999998179
cash_ACC,MovingAverage,2025-07-29 13:34:00,2025-07-29 13:43:00,1829.2,1830.1145999999999,1827.0,1826.0865000000001,50,LONG,-201.40499999998838
cash_ACC,MovingAverage,2025-07-29 13:48:00,2025-07-29 13:57:00,1829.1,1830.0145499999999,1826.9,1825.98655,50,LONG,-201.39999999998963
cash_ACC,MovingAverage,2025-07-29 14:20:00,2025-07-29 14:36:00,1828.6,1829.5142999999998,1826.3,1825.38685,50,LONG,-206.3724999999863
cash_ACC,MovingAverage,2025-07-29 15:03:00,2025-07-29 15:23:00,1825.4,1826.3127,1827.2,1826.2864000000002,50,LONG,-1.3149999999882311
cash_ACC,MovingAverage,2025-07-29 15:26:00,2025-07-30 09:25:00,1829.8,1830.7149,1821.3,1820.3893500000001,50,LONG,-516.2774999999897
cash_ACC,MovingAverage,2025-07-30 09:56:00,2025-07-30 09:59:00,1817.6,1818.5087999999998,1816.1,1815.19195,50,LONG,-165.84249999999656
cash_ACC,MovingAverage,2025-07-30 10:49:00,2025-07-30 11:48:00,1825.5,1826.41275,1825.3,1824.38735,50,LONG,-101.26999999999953
cash_ACC,MovingAverage,2025-07-30 12:13:00,2025-07-30 13:05:00,1825.0,1825.9125,1825.5,1824.58725,50,LONG,-66.26249999999345
cash_ACC,MovingAverage,2025-07-30 14:11:00,2025-07-30 14:21:00,1820.7,1821.61035,1816.6,1815.6917,50,LONG,-295.93249999999216
cash_ACC,MovingAverage,2025-07-30 14:32:00,2025-07-30 14:42:00,1821.3,1822.2106499999998,1815.5,1814.5922500000001,50,LONG,-380.9199999999805
cash_ACC,MovingAverage,2025-07-30 15:11:00,2025-07-30 15:15:00,1814.7,1815.60735,1811.5,1810.59425,50,LONG,-250.65499999999474
cash_ACC,MovingAverage,2025-07-31 09:26:00,2025-07-31 09:40:00,1811.8,1812.7059,1802.5,1801.59875,50,LONG,-555.357499999991
cash_ACC,MovingAverage,2025-07-31 10:47:00,2025-07-31 11:17:00,1795.2,1796.0976,1797.1,1796.20145,50,LONG,5.19249999999829
cash_ACC,MovingAverage,2025-07-31 11:23:00,2025-07-31 12:01:00,1801.0,1801.9005,1808.0,1807.096,50,LONG,259.7750000000019
cash_ACC,MovingAverage,2025-07-31 12:16:00,2025-07-31 12:52:00,1814.0,1814.907,1822.4,1821.4888,50,LONG,329.0900000000079
cash_ACC,MovingAverage,2025-07-31 13:13:00,2025-07-31 13:42:00,1824.9,1825.81245,1824.0,1823.0880000000002,50,LONG,-136.2224999999853
cash_ACC,MovingAverage,2025-08-01 09:16:00,2025-08-01 09:46:00,1810.2,1811.1051,1806.0,1805.0970000000002,50,LONG,-300.4049999999893
cash_ACC,MovingAverage,2025-08-01 10:10:00,2025-08-01 10:41:00,1807.8,1808.7038999999997,1809.0,1808.0955000000001,50,LONG,-30.419999999980973
cash_ACC,MovingAverage,2025-08-01 11:04:00,2025-08-01 11:16:00,1808.5,1809.4042499999998,1803.0,1802.0985,50,LONG,-365.2874999999881
cash_ACC,MovingAverage,2025-08-01 11:58:00,2025-08-01 12:07:00,1803.0,1803.9015,1800.2,1799.2999000000002,50,LONG,-230.07999999998674
cash_ACC,MovingAverage,2025-08-01 12:35:00,2025-08-01 13:40:00,1802.2,1803.1010999999999,1804.3,1803.39785,50,LONG,14.837500000010095
cash_ACC,MovingAverage,2025-08-01 13:53:00,2025-08-01 13:56:00,1806.8,1807.7033999999999,1804.2,1803.2979000000003,50,LONG,-220.274999999981
cash_ACC,MovingAverage,2025-08-01 15:20:00,2025-08-04 09:17:00,1796.0,1796.898,1790.0,1789.105,50,LONG,-389.64999999999463
cash_ACC,MovingAverage,2025-08-04 09:57:00,2025-08-04 10:33:00,1788.5,1789.3942499999998,1790.5,1789.6047500000002,50,LONG,10.52500000001828
cash_ACC,MovingAverage,2025-08-04 10:58:00,2025-08-04 11:38:00,1793.3,1794.1966499999999,1791.2,1790.3044000000002,50,LONG,-194.61249999998245
cash_ACC,MovingAverage,2025-08-04 12:02:00,2025-08-04 12:11:00,1792.5,1793.39625,1791.4,1790.5043000000003,50,LONG,-144.5974999999862
cash_ACC,MovingAverage,2025-08-04 12:31:00,2025-08-04 12:44:00,1793.0,1793.8964999999998,1789.0,1788.1055000000001,50,LONG,-289.54999999998563
cash_ACC,MovingAverage,2025-08-04 13:00:00,2025-08-04 13:17:00,1790.1,1790.9950499999998,1790.3,1789.4048500000001,50,LONG,-79.50999999998203
cash_ACC,MovingAverage,2025-08-04 13:23:00,2025-08-04 13:35:00,1790.6,1791.4952999999998,1789.0,1788.1055000000001,50,LONG,-169.48999999998478
cash_ACC,MovingAverage,2025-08-04 13:54:00,2025-08-04 14:09:00,1789.1,1789.99455,1788.5,1787.6057500000002,50,LONG,-119.43999999998596
cash_ACC,MovingAverage,2025-08-04 14:15:00,2025-08-04 14:29:00,1793.7,1794.59685,1792.1,1791.20395,50,LONG,-169.64499999999134
cash_ACC,MovingAverage,2025-08-04 14:30:00,2025-08-04 14:40:00,1791.3,1792.19565,1790.4,1789.5048000000002,50,LONG,-134.54249999998638
cash_ACC,MovingAverage,2025-08-04 14:44:00,2025-08-04 15:05:00,1792.9,1793.79645,1790.3,1789.4048500000001,50,LONG,-219.5799999999963
cash_ACC,MovingAverage,2025-08-05 09:15:00,2025-08-05 09:38:00,1793.0,1793.8964999999998,1797.0,1796.1015,50,LONG,110.25000000000773
cash_ACC,MovingAverage,2025-08-05 09:41:00,2025-08-05 09:49:00,1800.0,1800.8999999999999,1786.4,1785.5068,50,LONG,-769.6599999999876
cash_ACC,MovingAverage,2025-08-05 10:14:00,2025-08-05 10:29:00,1787.9,1788.79395,1787.4,1786.5063000000002,50,LONG,-114.38249999998789
cash_ACC,MovingAverage,2025-08-05 10:46:00,2025-08-05 11:18:00,1789.9,1790.79495,1790.0,1789.105,50,LONG,-84.49749999999767
cash_ACC,MovingAverage,2025-08-05 11:21:00,2025-08-05 11:32:00,1791.8,1792.6959,1790.0,1789.105,50,LONG,-179.54499999999598
cash_ACC,MovingAverage,2025-08-05 11:34:00,2025-08-05 12:09:00,1796.5,1797.39825,1798.0,1797.101,50,LONG,-14.862499999992451
cash_ACC,MovingAverage,2025-08-05 12:16:00,2025-08-05 12:27:00,1799.3,1800.1996499999998,1797.7,1796.8011500000002,50,LONG,-169.9249999999779
cash_ACC,MovingAverage,2025-08-05 12:38:00,2025-08-05 13:10:00,1799.9,1800.79995,1804.4,1803.4978,50,LONG,134.89250000000084
cash_ACC,MovingAverage,2025-08-05 13:43:00,2025-08-05 13:49:00,1800.5,1801.40025,1800.1,1799.19995,50,LONG,-110.01499999999851
cash_ACC,MovingAverage,2025-08-05 14:33:00,2025-08-05 14:47:00,1800.0,1800.8999999999999,1798.8,1797.9006,50,LONG,-149.96999999999616
cash_ACC,MovingAverage,2025-08-05 15:06:00,2025-08-06 10:02:00,1800.5,1801.40025,1824.8,1823.8876,50,LONG,1124.3675000000053
cash_ACC,MovingAverage,2025-08-06 10:15:00,2025-08-06 10:33:00,1827.8,1828.7139,1824.4,1823.4878,50,LONG,-261.304999999993
cash_ACC,MovingAverage,2025-08-06 11:17:00,2025-08-06 11:43:00,1807.7,1808.60385,1806.2,1805.2969,50,LONG,-165.34749999999576
cash_ACC,MovingAverage,2025-08-06 11:50:00,2025-08-06 13:45:00,1817.8,1818.7088999999999,1827.6,1826.6862,50,LONG,398.86500000001206
cash_ACC,MovingAverage,2025-08-06 13:56:00,2025-08-06 14:12:00,1830.0,1830.915,1826.3,1825.38685,50,LONG,-276.40749999999343
cash_ACC,MovingAverage,2025-08-06 14:29:00,2025-08-06 14:56:00,1829.2,1830.1145999999999,1830.9,1829.9845500000001,50,LONG,-6.502499999987776
cash_ACC,MovingAverage,2025-08-06 15:17:00,2025-08-06 15:28:00,1830.9,1831.81545,1829.0,1828.0855000000001,50,LONG,-186.49749999999585
cash_ACC,MovingAverage,2025-08-07 09:56:00,2025-08-07 09:57:00,1813.9,1814.80695,1811.4,1810.4943000000003,50,LONG,-215.63249999998106
cash_ACC,MovingAverage,2025-08-07 10:27:00,2025-08-07 10:49:00,1808.5,1809.4042499999998,1806.3,1805.39685,50,LONG,-200.3699999999867
cash_ACC,MovingAverage,2025-08-07 10:59:00,2025-08-07 11:14:00,1809.8,1810.7049,1799.0,1798.1005,50,LONG,-630.2199999999971
cash_ACC,MovingAverage,2025-08-07 11:53:00,2025-08-07 13:08:00,1803.3,1804.2016499999997,1803.0,1802.0985,50,LONG,-105.15749999998434
cash_ACC,MovingAverage,2025-08-07 13:52:00,2025-08-07 15:18:00,1802.2,1803.1010999999999,1813.1,1812.19345,50,LONG,454.6175000000062
cash_ACC,MovingAverage,2025-08-08 09:16:00,2025-08-08 09:17:00,1823.9,1824.81195,1813.1,1812.19345,50,LONG,-630.925000000002
cash_ACC,MovingAverage,2025-08-08 09:21:00,2025-08-08 09:34:00,1820.0,1820.9099999999999,1816.0,1815.092,50,LONG,-290.8999999999878
cash_ACC,MovingAverage,2025-08-08 10:26:00,2025-08-08 10:38:00,1809.0,1809.9044999999999,1805.6,1804.6972,50,LONG,-260.36499999999023
cash_ACC,MovingAverage,2025-08-08 10:41:00,2025-08-08 10:52:00,1807.9,1808.80395,1806.4,1805.4968000000001,50,LONG,-165.35749999999325
cash_ACC,MovingAverage,2025-08-08 10:55:00,2025-08-08 11:30:00,1808.7,1809.6043499999998,1807.5,1806.59625,50,LONG,-150.4049999999893
cash_ACC,MovingAverage,2025-08-08 12:33:00,2025-08-08 12:41:00,1802.3,1803.2011499999999,1799.0,1798.1005,50,LONG,-255.03249999999298
cash_ACC,MovingAverage,2025-08-08 12:51:00,2025-08-08 13:10:00,1802.8,1803.7014,1800.9,1799.9995500000002,50,LONG,-185.09249999998474
cash_ACC,MovingAverage,2025-08-08 14:24:00,2025-08-08 14:34:00,1797.5,1798.3987499999998,1796.1,1795.20195,50,LONG,-159.83999999999696
cash_ACC,MovingAverage,2025-08-08 14:37:00,2025-08-08 14:38:00,1796.7,1797.59835,1796.6,1795.7017,50,LONG,-94.83249999999543
cash_ACC,MovingAverage,2025-08-08 14:39:00,2025-08-08 14:50:00,1797.0,1797.8985,1793.9,1793.0030500000003,50,LONG,-244.77249999998776
cash_ACC,MovingAverage,2025-08-08 15:12:00,2025-08-08 15:16:00,1793.2,1794.0965999999999,1788.5,1787.6057500000002,50,LONG,-324.5424999999841
cash_ACC,MovingAverage,2025-08-11 09:24:00,2025-08-11 09:37:00,1789.3,1790.19465,1785.8,1784.9071000000001,50,LONG,-264.37749999998914
cash_ACC,MovingAverage,2025-08-11 09:59:00,2025-08-11 10:29:00,1789.0,1789.8944999999999,1790.9,1790.00455,50,LONG,5.502500000011423
cash_ACC,MovingAverage,2025-08-11 10:30:00,2025-08-11 10:31:00,1789.9,1790.79495,1789.7,1788.8051500000001,50,LONG,-99.4899999999916
cash_ACC,MovingAverage,2025-08-11 10:32:00,2025-08-11 10:33:00,1790.0,1790.895,1789.0,1788.1055000000001,50,LONG,-139.4749999999931
cash_ACC,MovingAverage,2025-08-11 10:43:00,2025-08-11 11:17:00,1790.2,1791.0951,1791.5,1790.60425,50,LONG,-24.54249999999547
cash_ACC,MovingAverage,2025-08-11 12:01:00,2025-08-11 12:24:00,1790.4,1791.2952,1789.8,1788.9051,50,LONG,-119.50500000000375
cash_ACC,MovingAverage,2025-08-11 12:48:00,2025-08-11 13:48:00,1789.7,1790.59485,1791.0,1790.1045000000001,50,LONG,-24.517499999990378
cash_ACC,MovingAverage,2025-08-11 13:49:00,2025-08-11 13:50:00,1791.9,1792.79595,1790.6,1789.7047,50,LONG,-154.56249999999727
cash_ACC,MovingAverage,2025-08-11 14:18:00,2025-08-11 14:23:00,1790.1,1790.9950499999998,1788.2,1787.3059,50,LONG,-184.45749999998498
cash_ACC,MovingAverage,2025-08-11 14:37:00,2025-08-11 15:04:00,1790.1,1790.9950499999998,1789.9,1789.0050500000002,50,LONG,-99.49999999997772
cash_ACC,MovingAverage,2025-08-12 09:17:00,2025-08-12 09:43:00,1793.8,1794.6969,1792.7,1791.80365,50,LONG,-144.66249999999263
cash_ACC,MovingAverage,2025-08-12 10:01:00,2025-08-12 10:09:00,1792.3,1793.1961499999998,1790.1,1789.20495,50,LONG,-199.5599999999854
cash_ACC,MovingAverage,2025-08-12 10:17:00,2025-08-12 10:34:00,1792.9,1793.79645,1787.5,1786.60625,50,LONG,-359.5100000000002
cash_ACC,MovingAverage,2025-08-12 11:18:00,2025-08-12 11:55:00,1789.9,1790.79495,1792.3,1791.4038500000001,50,LONG,30.445000000008804
cash_ACC,MovingAverage,2025-08-12 11:57:00,2025-08-12 12:24:00,1793.5,1794.3967499999999,1794.0,1793.103,50,LONG,-64.6874999999909
cash_ACC,MovingAverage,2025-08-12 12:36:00,2025-08-12 13:06:00,1797.6,1798.4987999999998,1795.9,1795.0020500000003,50,LONG,-174.83749999997826
cash_ACC,MovingAverage,2025-08-12 14:07:00,2025-08-12 14:14:00,1793.8,1794.6969,1791.6,1790.7042,50,LONG,-199.63500000000067
cash_ACC,MovingAverage,2025-08-12 14:46:00,2025-08-12 14:50:00,1790.0,1790.895,1789.5,1788.60525,50,LONG,-114.48749999999563
cash_ACC,MovingAverage,2025-08-12 15:14:00,2025-08-12 15:27:00,1788.7,1789.5943499999998,1787.6,1786.7062,50,LONG,-144.40749999998843
cash_ACC,MovingAverage,2025-08-13 09:15:00,2025-08-13 09:34:00,1799.0,1799.8995,1791.9,1791.0040500000002,50,LONG,-444.77249999998776
cash_ACC,MovingAverage,2025-08-13 10:29:00,2025-08-13 10:41:00,1792.2,1793.0961,1787.7,1786.8061500000001,50,LONG,-314.4974999999931
cash_ACC,MovingAverage,2025-08-13 11:06:00,2025-08-13 11:28:00,1789.6,1790.4947999999997,1790.1,1789.20495,50,LONG,-64.49249999998301
cash_ACC,MovingAverage,2025-08-13 11:30:00,2025-08-13 11:34:00,1790.5,1791.3952499999998,1787.9,1787.0060500000002,50,LONG,-219.45999999998094
cash_ACC,MovingAverage,2025-08-13 12:15:00,2025-08-13 13:25:00,1787.0,1787.8935,1787.3,1786.40635,50,LONG,-74.35749999999643
cash_ACC,MovingAverage,2025-08-13 13:46:00,2025-08-13 14:03:00,1788.0,1788.894,1786.8,1785.9066,50,LONG,-149.36999999999898
cash_ACC,MovingAverage,2025-08-13 14:04:00,2025-08-13 15:03:00,1788.0,1788.894,1789.0,1788.1055000000001,50,LONG,-39.42499999999427
cash_ACC,MovingAverage,2025-08-14 09:18:00,2025-08-14 09:35:00,1792.0,1792.896,1788.0,1787.106,50,LONG,-289.4999999999982
cash_ACC,MovingAverage,2025-08-14 09:42:00,2025-08-14 10:01:00,1792.4,1793.2962,1787.0,1786.1065,50,LONG,-359.4849999999951
cash_ACC,MovingAverage,2025-08-14 10:19:00,2025-08-14 10:44:00,1791.2,1792.0955999999999,1791.4,1790.5043000000003,50,LONG,-79.56499999997959
cash_ACC,MovingAverage,2025-08-14 11:41:00,2025-08-14 11:42:00,1785.4,1786.2927,1784.8,1783.9076,50,LONG,-119.25499999999829
cash_ACC,MovingAverage,2025-08-14 11:58:00,2025-08-14 12:43:00,1786.0,1786.8929999999998,1787.3,1786.40635,50,LONG,-24.33249999999134
cash_ACC,MovingAverage,2025-08-14 13:35:00,2025-08-14 14:26:00,1783.5,1784.39175,1784.6,1783.7077,50,LONG,-34.20250000000351
cash_ACC,MovingAverage,2025-08-14 14:48:00,2025-08-14 15:04:00,1786.9,1787.79345,1785.0,1784.1075,50,LONG,-184.29749999999103
cash_ACC,MovingAverage,2025-08-14 15:06:00,2025-08-14 15:07:00,1785.0,1785.8925,1784.2,1783.3079000000002,50,LONG,-129.2299999999841
cash_ACC,MovingAverage,2025-08-18 09:15:00,2025-08-18 11:10:00,1822.9,1823.81145,1844.3,1843.37785,50,LONG,978.3200000000079
cash_ACC,MovingAverage,2025-08-18 11:41:00,2025-08-18 12:06:00,1847.9,1848.82395,1845.5,1844.57725,50,LONG,-212.33499999999594
cash_ACC,MovingAverage,2025-08-18 12:30:00,2025-08-18 12:53:00,1847.8,1848.7239,1847.0,1846.0765000000001,50,LONG,-132.3699999999917
cash_ACC,MovingAverage,2025-08-18 13:10:00,2025-08-18 13:45:00,1848.2,1849.1241,1848.7,1847.77565,50,LONG,-67.42249999999785
cash_ACC,MovingAverage,2025-08-18 14:32:00,2025-08-18 15:10:00,1845.0,1845.9225,1844.9,1843.9775500000003,50,LONG,-97.24749999998039
cash_ACC,MovingAverage,2025-08-19 09:19:00,2025-08-19 09:36:00,1847.1,1848.02355,1843.6,1842.6782,50,LONG,-267.2674999999913
cash_ACC,MovingAverage,2025-08-19 09:56:00,2025-08-19 11:00:00,1844.5,1845.4222499999998,1866.1,1865.16695,50,LONG,987.2350000000097
cash_ACC,MovingAverage,2025-08-19 11:37:00,2025-08-19 11:52:00,1865.6,1866.5327999999997,1865.7,1864.7671500000001,50,LONG,-88.28249999997979
cash_ACC,MovingAverage,2025-08-19 11:58:00,2025-08-19 12:40:00,1865.8,1866.7328999999997,1867.0,1866.0665000000001,50,LONG,-33.31999999998061
cash_ACC,MovingAverage,2025-08-19 12:41:00,2025-08-19 12:42:00,1866.7,1867.6333499999998,1865.0,1864.0675,50,LONG,-178.29249999998638
cash_ACC,MovingAverage,2025-08-19 13:12:00,2025-08-19 13:14:00,1858.2,1859.1290999999999,1857.6,1856.6712,50,LONG,-122.89499999999407
cash_ACC,MovingAverage,2025-08-19 13:23:00,2025-08-19 13:48:00,1863.4,1864.3317,1861.0,1860.0695,50,LONG,-213.10999999999467
cash_ACC,MovingAverage,2025-08-19 14:25:00,2025-08-19 14:50:00,1858.3,1859.22915,1858.5,1857.57075,50,LONG,-82.91999999999007
cash_ACC,MovingAverage,2025-08-19 15:09:00,2025-08-19 15:27:00,1860.5,1861.43025,1856.3,1855.37185,50,LONG,-302.9199999999946
cash_ACC,MovingAverage,2025-08-20 09:46:00,2025-08-20 10:46:00,1855.9,1856.82795,1865.0,1864.0675,50,LONG,361.9775000000004
cash_ACC,MovingAverage,2025-08-20 10:54:00,2025-08-20 11:14:00,1865.5,1866.43275,1865.5,1864.56725,50,LONG,-93.27499999999418
cash_ACC,MovingAverage,2025-08-20 11:30:00,2025-08-20 11:44:00,1868.9,1869.83445,1866.0,1865.067,50,LONG,-238.37250000000267
cash_ACC,MovingAverage,2025-08-20 12:04:00,2025-08-20 12:34:00,1867.7,1868.63385,1867.6,1866.6662000000001,50,LONG,-98.38249999999107
cash_ACC,MovingAverage,2025-08-20 13:53:00,2025-08-20 14:49:00,1858.9,1859.82945,1865.4,1864.4673000000003,50,LONG,231.89250000001493
cash_ACC,MovingAverage,2025-08-20 15:17:00,2025-08-21 09:25:00,1863.5,1864.43175,1862.3,1861.36885,50,LONG,-153.14499999999498
cash_ACC,MovingAverage,2025-08-21 09:54:00,2025-08-21 09:58:00,1860.9,1861.83045,1858.0,1857.0710000000001,50,LONG,-237.9724999999894
cash_ACC,MovingAverage,2025-08-21 10:06:00,2025-08-21 10:13:00,1861.1,1862.0305499999997,1859.5,1858.5702500000002,50,LONG,-173.01499999997532
cash_ACC,MovingAverage,2025-08-21 10:27:00,2025-08-21 10:42:00,1863.0,1863.9315,1861.4,1860.4693000000002,50,LONG,-173.10999999998558
cash_ACC,MovingAverage,2025-08-21 10:58:00,2025-08-21 11:35:00,1863.8,1864.7318999999998,1863.8,1862.8681000000001,50,LONG,-93.18999999998141
cash_ACC,MovingAverage,2025-08-21 12:42:00,2025-08-21 12:58:00,1858.3,1859.22915,1857.2,1856.2714,50,LONG,-147.88749999999027
cash_ACC,MovingAverage,2025-08-21 13:10:00,2025-08-21 13:38:00,1859.0,1859.9295,1859.3,1858.3703500000001,50,LONG,-77.95749999999089
cash_ACC,MovingAverage,2025-08-21 15:12:00,2025-08-22 09:26:00,1849.8,1850.7249,1846.9,1845.97655,50,LONG,-237.4174999999923
cash_ACC,MovingAverage,2025-08-22 09:51:00,2025-08-22 10:09:00,1842.3,1843.2211499999999,1840.8,1839.8796,50,LONG,-167.0774999999935
cash_ACC,MovingAverage,2025-08-22 10:13:00,2025-08-22 10:24:00,1842.7,1843.62135,1838.5,1837.58075,50,LONG,-302.02999999999065
cash_ACC,MovingAverage,2025-08-22 11:28:00,2025-08-22 11:33:00,1834.8,1835.7173999999998,1828.3,1827.3858500000001,50,LONG,-416.5774999999826
cash_ACC,MovingAverage,2025-08-22 12:01:00,2025-08-22 12:02:00,1829.2,1830.1145999999999,1829.2,1828.2854000000002,50,LONG,-91.45999999998367
cash_ACC,MovingAverage,2025-08-22 12:05:00,2025-08-22 12:08:00,1830.0,1830.915,1829.1,1828.18545,50,LONG,-136.47750000000087
cash_ACC,MovingAverage,2025-08-22 12:30:00,2025-08-22 13:04:00,1829.3,1830.21465,1829.2,1828.2854000000002,50,LONG,-96.46249999998417
cash_ACC,MovingAverage,2025-08-22 13:30:00,2025-08-22 14:01:00,1826.5,1827.4132499999998,1824.4,1823.4878,50,LONG,-196.2724999999864
cash_ACC,MovingAverage,2025-08-22 15:19:00,2025-08-25 09:21:00,1824.0,1824.9119999999998,1815.3,1814.39235,50,LONG,-525.9824999999864
cash_ACC,MovingAverage,2025-08-25 09:46:00,2025-08-25 09:59:00,1812.3,1813.2061499999998,1808.8,1807.8956,50,LONG,-265.5274999999847
cash_ACC,MovingAverage,2025-08-25 10:13:00,2025-08-25 10:41:00,1813.4,1814.3067,1813.5,1812.5932500000001,50,LONG,-85.67249999999831
cash_ACC,MovingAverage,2025-08-25 10:43:00,2025-08-25 11:19:00,1816.9,1817.80845,1818.0,1817.0910000000001,50,LONG,-35.87249999999358
cash_ACC,MovingAverage,2025-08-25 12:14:00,2025-08-25 12:34:00,1817.4,1818.3087,1815.3,1814.39235,50,LONG,-195.8174999999983
cash_ACC,MovingAverage,2025-08-25 12:45:00,2025-08-25 13:06:00,1816.1,1817.00805,1816.4,1815.4918000000002,50,LONG,-75.81249999998363
cash_ACC,MovingAverage,2025-08-25 13:29:00,2025-08-25 14:04:00,1817.6,1818.5087999999998,1819.6,1818.6902,50,LONG,9.07000000000835
cash_ACC,MovingAverage,2025-08-25 14:09:00,2025-08-25 14:11:00,1819.4,1820.3097,1819.4,1818.4903000000002,50,LONG,-90.96999999999298
cash_ACC,MovingAverage,2025-08-26 09:15:00,2025-08-26 09:26:00,1813.1,1814.0065499999998,1804.4,1803.4978,50,LONG,-525.4374999999868
cash_ACC,MovingAverage,2025-08-26 09:52:00,2025-08-26 10:35:00,1805.0,1805.9025,1806.7,1805.7966500000002,50,LONG,-5.292499999984557
cash_ACC,MovingAverage,2025-08-26 11:08:00,2025-08-26 11:39:00,1807.0,1807.9035,1807.4,1806.4963000000002,50,LONG,-70.35999999998239
cash_ACC,MovingAverage,2025-08-26 11:54:00,2025-08-26 12:11:00,1807.2,1808.1036,1807.5,1806.59625,50,LONG,-75.36749999999302
cash_ACC,MovingAverage,2025-08-26 12:20:00,2025-08-26 12:33:00,1809.0,1809.9044999999999,1805.0,1804.0975,50,LONG,-290.34999999998945
cash_ACC,MovingAverage,2025-08-26 13:01:00,2025-08-26 13:10:00,1804.2,1805.1020999999998,1803.4,1802.4983000000002,50,LONG,-130.18999999998186
cash_ACC,MovingAverage,2025-08-26 13:35:00,2025-08-26 13:51:00,1803.8,1804.7018999999998,1803.8,1802.8981,50,LONG,-90.18999999998414
cash_ACC,MovingAverage,2025-08-26 13:54:00,2025-08-26 14:08:00,1804.1,1805.0020499999998,1803.3,1802.3983500000002,50,LONG,-130.18499999998312
cash_ACC,MovingAverage,2025-08-26 14:51:00,2025-08-26 15:09:00,1803.0,1803.9015,1799.1,1798.20045,50,LONG,-285.0524999999948
cash_ACC,MovingAverage,2025-08-28 09:45:00,2025-08-28 11:04:00,1794.9,1795.79745,1806.1,1805.19695,50,LONG,469.97499999999945
cash_ACC,MovingAverage,2025-08-28 11:24:00,2025-08-28 11:35:00,1809.0,1809.9044999999999,1807.4,1806.4963000000002,50,LONG,-170.4099999999812
cash_ACC,MovingAverage,2025-08-28 11:38:00,2025-08-28 12:01:00,1809.7,1810.60485,1808.9,1807.99555,50,LONG,-130.46499999999241
cash_ACC,MovingAverage,2025-08-28 12:21:00,2025-08-28 12:27:00,1809.0,1809.9044999999999,1807.3,1806.39635,50,LONG,-175.40749999999434
cash_ACC,MovingAverage,2025-08-28 13:15:00,2025-08-28 13:16:00,1806.8,1807.7033999999999,1805.0,1804.0975,50,LONG,-180.2949999999896
cash_ACC,MovingAverage,2025-08-28 14:11:00,2025-08-28 14:41:00,1802.6,1803.5013,1805.0,1804.0975,50,LONG,29.81000000000904
cash_ACC,MovingAverage,2025-08-29 09:16:00,2025-08-29 09:40:00,1817.7,1818.6088499999998,1810.0,1809.095,50,LONG,-475.692499999991
cash_ACC,MovingAverage,2025-08-29 09:46:00,2025-08-29 10:06:00,1815.0,1815.9074999999998,1810.0,1809.095,50,LONG,-340.62499999998863
cash_ACC,MovingAverage,2025-08-29 10:39:00,2025-08-29 10:57:00,1805.0,1805.9025,1805.3,1804.39735,50,LONG,-75.25749999999789
cash_ACC,MovingAverage,2025-08-29 10:58:00,2025-08-29 11:00:00,1805.7,1806.60285,1804.9,1803.9975500000003,50,LONG,-130.26499999998578
cash_ACC,MovingAverage,2025-08-29 11:02:00,2025-08-29 11:07:00,1805.8,1806.7028999999998,1805.0,1804.0975,50,LONG,-130.26999999998452
cash_ACC,MovingAverage,2025-08-29 11:16:00,2025-08-29 12:08:00,1804.9,1805.80245,1810.6,1809.6947,50,LONG,194.61250000000518
cash_ACC,MovingAverage,2025-08-29 13:06:00,2025-08-29 13:07:00,1805.4,1806.3027,1801.0,1800.0995,50,LONG,-310.1599999999962
cash_ACC,MovingAverage,2025-08-29 13:23:00,2025-08-29 13:47:00,1804.5,1805.4022499999999,1803.0,1802.0985,50,LONG,-165.18749999999045
cash_ACC,MovingAverage,2025-08-29 14:17:00,2025-08-29 14:29:00,1803.6,1804.5017999999998,1799.9,1799.00005,50,LONG,-275.0874999999837
cash_ACC,MovingAverage,2025-08-29 14:44:00,2025-08-29 15:13:00,1802.7,1803.60135,1801.0,1800.0995,50,LONG,-175.09249999999383
cash_ACC,MovingAverage,2025-09-01 09:15:00,2025-09-01 09:42:00,1818.0,1818.9089999999999,1817.3,1816.39135,50,LONG,-125.8824999999888
cash_ACC,MovingAverage,2025-09-01 09:44:00,2025-09-01 10:04:00,1818.0,1818.9089999999999,1814.4,1813.4928000000002,50,LONG,-270.8099999999831
cash_ACC,MovingAverage,2025-09-01 10:30:00,2025-09-01 10:51:00,1815.0,1815.9074999999998,1813.6,1812.6932,50,LONG,-160.71499999999332
cash_ACC,MovingAverage,2025-09-01 11:02:00,2025-09-01 11:26:00,1819.8,1820.7098999999998,1816.2,1815.2919000000002,50,LONG,-270.89999999998327
cash_ACC,MovingAverage,2025-09-01 11:27:00,2025-09-01 11:43:00,1818.9,1819.80945,1816.4,1815.4918000000002,50,LONG,-215.88249999998652
cash_ACC,MovingAverage,2025-09-01 12:07:00,2025-09-01 12:37:00,1816.0,1816.908,1815.8,1814.8921,50,LONG,-100.7949999999937
cash_ACC,MovingAverage,2025-09-01 13:13:00,2025-09-01 13:20:00,1812.9,1813.80645,1813.2,1812.2934000000002,50,LONG,-75.65249999998969
cash_ACC,MovingAverage,2025-09-01 13:26:00,2025-09-01 13:27:00,1812.2,1813.1061,1812.2,1811.2939000000001,50,LONG,-90.6099999999924
cash_ACC,MovingAverage,2025-09-01 13:29:00,2025-09-01 13:31:00,1813.2,1814.1065999999998,1813.2,1812.2934000000002,50,LONG,-90.65999999997985
cash_ACC,MovingAverage,2025-09-01 13:32:00,2025-09-01 15:03:00,1814.1,1815.0070499999997,1817.0,1816.0915,50,LONG,54.222500000014406
cash_ACC,MovingAverage,2025-09-01 15:23:00,2025-09-02 09:34:00,1819.0,1819.9095,1823.0,1822.0885,50,LONG,108.95000000000437
cash_ACC,MovingAverage,2025-09-02 09:43:00,2025-09-02 10:05:00,1829.0,1829.9144999999999,1828.0,1827.086,50,LONG,-141.42499999999245
cash_ACC,MovingAverage,2025-09-02 10:23:00,2025-09-02 10:42:00,1831.8,1832.7159,1829.0,1828.0855000000001,50,LONG,-231.51999999998907
cash_ACC,MovingAverage,2025-09-02 10:59:00,2025-09-02 11:20:00,1834.0,1834.917,1830.0,1829.085,50,LONG,-291.599999999994
cash_ACC,MovingAverage,2025-09-02 11:36:00,2025-09-02 12:08:00,1831.2,1832.1155999999999,1833.0,1832.0835000000002,50,LONG,-1.6049999999836473
cash_ACC,MovingAverage,2025-09-02 14:20:00,2025-09-02 14:31:00,1817.9,1818.80895,1814.5,1813.59275,50,LONG,-260.8100000000036
cash_ACC,MovingAverage,2025-09-02 14:39:00,2025-09-03 09:19:00,1816.5,1817.40825,1818.4,1817.4908000000003,50,LONG,4.127500000015516
cash_ACC,MovingAverage,2025-09-03 09:24:00,2025-09-03 09:25:00,1827.6,1828.5137999999997,1826.7,1825.7866500000002,50,LONG,-136.35749999997415
cash_ACC,MovingAverage,2025-09-03 09:27:00,2025-09-03 10:42:00,1827.9,1828.81395,1842.0,1841.0790000000002,50,LONG,613.2525000000101
cash_ACC,MovingAverage,2025-09-03 11:00:00,2025-09-03 11:11:00,1843.7,1844.62185,1840.0,1839.0800000000002,50,LONG,-277.092499999992
cash_ACC,MovingAverage,2025-09-03 11:47:00,2025-09-03 12:06:00,1837.6,1838.5187999999998,1836.2,1835.2819000000002,50,LONG,-161.84499999998252
cash_ACC,MovingAverage,2025-09-03 12:24:00,2025-09-03 12:35:00,1839.0,1839.9195,1838.0,1837.0810000000001,50,LONG,-141.924999999992
cash_ACC,MovingAverage,2025-09-03 12:37:00,2025-09-03 12:50:00,1837.6,1838.5187999999998,1835.6,1834.6822,50,LONG,-191.8299999999931
cash_ACC,MovingAverage,2025-09-03 13:10:00,2025-09-03 13:28:00,1837.5,1838.4187499999998,1836.0,1835.082,50,LONG,-166.83749999998554
cash_ACC,MovingAverage,2025-09-03 13:41:00,2025-09-03 14:13:00,1836.3,1837.21815,1836.1,1835.18195,50,LONG,-101.8100000000004
cash_ACC,MovingAverage,2025-09-03 14:29:00,2025-09-03 14:50:00,1840.5,1841.42025,1839.4,1838.4803000000002,50,LONG,-146.9974999999863
cash_ACC,MovingAverage,2025-09-03 15:04:00,2025-09-04 09:44:00,1842.3,1843.2211499999999,1864.8,1863.8676,50,LONG,1032.3225000000093
cash_ACC,MovingAverage,2025-09-04 10:31:00,2025-09-04 10:45:00,1856.0,1856.9279999999999,1854.9,1853.9725500000002,50,LONG,-147.77249999998503
cash_ACC,MovingAverage,2025-09-04 10:59:00,2025-09-04 11:17:00,1857.5,1858.4287499999998,1854.0,1853.073,50,LONG,-267.7874999999858
cash_ACC,MovingAverage,2025-09-04 11:50:00,2025-09-04 12:22:00,1849.8,1850.7249,1849.4,1848.4753000000003,50,LONG,-112.47999999998228
cash_ACC,MovingAverage,2025-09-04 12:42:00,2025-09-04 13:09:00,1849.8,1850.7249,1848.4,1847.4758000000002,50,LONG,-162.45499999998856
cash_ACC,MovingAverage,2025-09-04 14:08:00,2025-09-04 14:22:00,1847.8,1848.7239,1846.0,1845.077,50,LONG,-182.34499999999798
cash_ACC,MovingAverage,2025-09-04 14:33:00,2025-09-04 14:52:00,1849.1,1850.0245499999999,1845.8,1844.8771000000002,50,LONG,-257.3724999999854
cash_ACC,MovingAverage,2025-09-05 09:36:00,2025-09-05 10:12:00,1836.2,1837.1181,1834.9,1833.9825500000002,50,LONG,-156.77749999998696
cash_ACC,MovingAverage,2025-09-05 11:12:00,2025-09-05 11:42:00,1828.8,1829.7143999999998,1827.6,1826.6862,50,LONG,-151.40999999998712
cash_ACC,MovingAverage,2025-09-05 12:30:00,2025-09-05 12:35:00,1822.0,1822.9109999999998,1820.3,1819.38985,50,LONG,-176.05749999999034
cash_ACC,MovingAverage,2025-09-05 12:40:00,2025-09-05 12:41:00,1823.5,1824.41175,1821.0,1820.0895,50,LONG,-216.112499999997
cash_ACC,MovingAverage,2025-09-05 12:44:00,2025-09-05 13:43:00,1822.4,1823.3112,1827.0,1826.0865000000001,50,LONG,138.76500000000078
cash_ACC,MovingAverage,2025-09-05 14:02:00,2025-09-05 14:28:00,1830.0,1830.915,1829.0,1828.0855000000001,50,LONG,-141.47499999999127
cash_ACC,MovingAverage,2025-09-05 14:41:00,2025-09-05 14:42:00,1829.7,1830.61485,1829.0,1828.0855000000001,50,LONG,-126.46749999998974
cash_ACC,MovingAverage,2025-09-05 15:12:00,2025-09-05 15:21:00,1829.8,1830.7149,1826.8,1825.8866,50,LONG,-241.41499999999496
cash_ACC,MovingAverage,2025-09-08 09:16:00,2025-09-08 09:54:00,1835.4,1836.3177,1843.0,1842.0785,50,LONG,288.0400000000009
cash_ACC,MovingAverage,2025-09-08 10:06:00,2025-09-08 10:17:00,1849.0,1849.9244999999999,1844.4,1843.4778000000001,50,LONG,-322.33499999998685
cash_ACC,MovingAverage,2025-09-08 10:48:00,2025-09-08 10:57:00,1845.7,1846.62285,1836.0,1835.082,50,LONG,-577.0424999999932
cash_ACC,MovingAverage,2025-09-08 11:18:00,2025-09-08 12:01:00,1839.8,1840.7198999999998,1841.0,1840.0795,50,LONG,-32.01999999998861
cash_ACC,MovingAverage,2025-09-08 12:39:00,2025-09-08 13:28:00,1841.6,1842.5207999999998,1843.9,1842.9780500000002,50,LONG,22.86250000001928
cash_ACC,MovingAverage,2025-09-08 13:33:00,2025-09-08 13:35:00,1845.0,1845.9225,1845.0,1844.0775,50,LONG,-92.24999999999
cash_ACC,MovingAverage,2025-09-08 13:36:00,2025-09-08 13:50:00,1845.9,1846.82295,1845.0,1844.0775,50,LONG,-137.27249999999458
cash_ACC,MovingAverage,2025-09-08 14:12:00,2025-09-08 14:28:00,1846.0,1846.923,1845.0,1844.0775,50,LONG,-142.2749999999951
cash_ACC,MovingAverage,2025-09-08 14:30:00,2025-09-08 14:52:00,1846.0,1846.923,1843.0,1842.0785,50,LONG,-242.22499999999627
cash_ACC,MovingAverage,2025-09-08 15:29:00,2025-09-09 10:11:00,1841.6,1842.5207999999998,1851.7,1850.7741500000002,50,LONG,412.6675000000205
cash_ACC,MovingAverage,2025-09-09 10:29:00,2025-09-09 10:50:00,1852.5,1853.42625,1850.8,1849.8746,50,LONG,-177.58249999999407
cash_ACC,MovingAverage,2025-09-09 11:44:00,2025-09-09 12:14:00,1848.9,1849.82445,1849.9,1848.9750500000002,50,LONG,-42.469999999991614
cash_ACC,MovingAverage,2025-09-09 12:43:00,2025-09-09 12:44:00,1850.1,1851.0250499999997,1850.1,1849.17495,50,LONG,-92.50499999998283
cash_ACC,MovingAverage,2025-09-09 12:50:00,2025-09-09 12:52:00,1850.0,1850.925,1849.0,1848.0755000000001,50,LONG,-142.47499999999036
cash_ACC,MovingAverage,2025-09-09 13:02:00,2025-09-09 13:03:00,1849.9,1850.82495,1849.7,1848.7751500000002,50,LONG,-102.48999999998887
cash_ACC,MovingAverage,2025-09-09 13:04:00,2025-09-09 13:38:00,1849.8,1850.7249,1850.2,1849.2749000000001,50,LONG,-72.4999999999909
cash_ACC,MovingAverage,2025-09-09 14:02:00,2025-09-09 14:07:00,1850.2,1851.1251,1850.9,1849.9745500000001,50,LONG,-57.52749999999196
cash_ACC,MovingAverage,2025-09-09 14:08:00,2025-09-09 14:22:00,1850.9,1851.82545,1851.1,1850.17445,50,LONG,-82.55000000000337
cash_ACC,MovingAverage,2025-09-09 14:30:00,2025-09-09 14:32:00,1850.4,1851.3252,1850.9,1849.9745500000001,50,LONG,-67.53249999999298
cash_ACC,MovingAverage,2025-09-09 14:33:00,2025-09-09 14:36:00,1850.4,1851.3252,1849.9,1848.9750500000002,50,LONG,-117.50749999998789
cash_ACC,MovingAverage,2025-09-09 15:02:00,2025-09-09 15:27:00,1849.7,1850.62485,1849.6,1848.6752,50,LONG,-97.48250000000098
cash_ACC,MovingAverage,2025-09-10 09:15:00,2025-09-10 09:27:00,1857.5,1858.4287499999998,1851.2,1850.2744000000002,50,LONG,-407.7174999999784
cash_ACC,MovingAverage,2025-09-10 09:45:00,2025-09-10 09:52:00,1850.0,1850.925,1850.2,1849.2749000000001,50,LONG,-82.50499999999192
cash_ACC,MovingAverage,2025-09-10 10:08:00,2025-09-10 10:25:00,1851.1,1852.0255499999998,1850.1,1849.17495,50,LONG,-142.52999999998792
cash_ACC,MovingAverage,2025-09-10 11:01:00,2025-09-10 11:24:00,1851.0,1851.9254999999998,1850.4,1849.4748000000002,50,LONG,-122.53499999998212
cash_ACC,MovingAverage,2025-09-10 11:43:00,2025-09-10 11:58:00,1850.1,1851.0250499999997,1849.2,1848.2754000000002,50,LONG,-137.48249999997597
cash_ACC,MovingAverage,2025-09-10 12:13:00,2025-09-10 12:34:00,1850.8,1851.7253999999998,1850.3,1849.3748500000002,50,LONG,-117.52749999998287
cash_ACC,MovingAverage,2025-09-10 12:55:00,2025-09-10 13:16:00,1850.5,1851.42525,1848.4,1847.4758000000002,50,LONG,-197.47249999999212
cash_ACC,MovingAverage,2025-09-10 13:39:00,2025-09-10 13:51:00,1850.1,1851.0250499999997,1848.8,1847.8756,50,LONG,-157.47249999998303
cash_ACC,MovingAverage,2025-09-10 14:11:00,2025-09-10 14:25:00,1850.2,1851.1251,1847.8,1846.8761,50,LONG,-212.45000000000118
cash_ACC,MovingAverage,2025-09-10 15:13:00,2025-09-11 10:05:00,1848.8,1849.7243999999998,1851.9,1850.9740500000003,50,LONG,62.482500000021446
cash_ACC,MovingAverage,2025-09-11 10:24:00,2025-09-11 10:52:00,1853.0,1853.9264999999998,1852.9,1851.9735500000002,50,LONG,-97.6474999999823
cash_ACC,MovingAverage,2025-09-11 12:06:00,2025-09-11 12:26:00,1850.0,1850.925,1849.6,1848.6752,50,LONG,-112.49000000000251
cash_ACC,MovingAverage,2025-09-11 13:31:00,2025-09-11 13:46:00,1841.4,1842.3207,1841.0,1840.0795,50,LONG,-112.05999999999676
cash_ACC,MovingAverage,2025-09-11 13:47:00,2025-09-11 13:48:00,1841.9,1842.82095,1840.6,1839.6797,50,LONG,-157.06250000000637
cash_ACC,MovingAverage,2025-09-11 13:49:00,2025-09-11 13:50:00,1841.0,1841.9205,1841.0,1840.0795,50,LONG,-92.04999999999472
cash_ACC,MovingAverage,2025-09-11 13:51:00,2025-09-11 13:53:00,1840.8,1841.7204,1840.1,1839.17995,50,LONG,-127.02249999999822
cash_ACC,MovingAverage,2025-09-11 14:24:00,2025-09-11 15:28:00,1838.3,1839.21915,1843.6,1842.6782,50,LONG,172.95250000000806
cash_ACC,MovingAverage,2025-09-12 09:15:00,2025-09-12 09:44:00,1848.0,1848.924,1851.0,1850.0745000000002,50,LONG,57.52500000000964
cash_ACC,MovingAverage,2025-09-12 10:04:00,2025-09-12 10:24:00,1854.0,1854.927,1853.3,1852.37335,50,LONG,-127.6824999999917
cash_ACC,MovingAverage,2025-09-12 10:43:00,2025-09-12 10:48:00,1854.0,1854.927,1849.8,1848.8751,50,LONG,-302.5949999999966
cash_ACC,MovingAverage,2025-09-12 11:15:00,2025-09-12 11:37:00,1850.9,1851.82545,1850.0,1849.075,50,LONG,-137.52250000000004
cash_ACC,MovingAverage,2025-09-12 12:04:00,2025-09-12 12:25:00,1850.5,1851.42525,1850.8,1849.8746,50,LONG,-77.53249999999525
cash_ACC,MovingAverage,2025-09-12 12:30:00,2025-09-12 12:54:00,1851.9,1852.82595,1850.0,1849.075,50,LONG,-187.54749999999376
cash_ACC,MovingAverage,2025-09-12 13:10:00,2025-09-12 13:11:00,1850.8,1851.7253999999998,1850.0,1849.075,50,LONG,-132.51999999998816
cash_ACC,MovingAverage,2025-09-12 13:52:00,2025-09-12 13:55:00,1850.1,1851.0250499999997,1849.5,1848.57525,50,LONG,-122.48999999998205
cash_ACC,MovingAverage,2025-09-12 14:07:00,2025-09-12 14:25:00,1850.1,1851.0250499999997,1850.0,1849.075,50,LONG,-97.5024999999846
cash_ACC,MovingAverage,2025-09-12 14:46:00,2025-09-12 15:24:00,1850.3,1851.2251499999998,1850.3,1849.3748500000002,50,LONG,-92.51499999998032
cash_ACC,MovingAverage,2025-09-12 15:28:00,2025-09-15 10:14:00,1850.1,1851.0250499999997,1860.0,1859.0700000000002,50,LONG,402.2475000000213
cash_ACC,MovingAverage,2025-09-15 11:06:00,2025-09-15 11:43:00,1859.0,1859.9295,1858.6,1857.6707000000001,50,LONG,-112.93999999999187
cash_ACC,MovingAverage,2025-09-15 11:45:00,2025-09-15 11:46:00,1861.4,1862.3307,1860.5,1859.56975,50,LONG,-138.0474999999933
cash_ACC,MovingAverage,2025-09-15 11:52:00,2025-09-15 12:10:00,1861.8,1862.7308999999998,1860.0,1859.0700000000002,50,LONG,-183.04499999998143
cash_ACC,MovingAverage,2025-09-15 12:46:00,2025-09-15 12:55:00,1859.0,1859.9295,1860.0,1859.0700000000002,50,LONG,-42.974999999989905
cash_ACC,MovingAverage,2025-09-15 12:56:00,2025-09-15 12:58:00,1859.2,1860.1296,1859.2,1858.2704,50,LONG,-92.95999999999367
cash_ACC,MovingAverage,2025-09-15 13:04:00,2025-09-15 13:05:00,1859.3,1860.2296499999998,1859.3,1858.3703500000001,50,LONG,-92.96499999998105
cash_ACC,MovingAverage,2025-09-15 13:08:00,2025-09-15 13:09:00,1860.0,1860.9299999999998,1858.6,1857.6707000000001,50,LONG,-162.9649999999856
cash_ACC,MovingAverage,2025-09-15 13:15:00,2025-09-15 13:16:00,1859.1,1860.0295499999997,1860.0,1859.0700000000002,50,LONG,-47.977499999979045
cash_ACC,MovingAverage,2025-09-15 13:30:00,2025-09-15 13:33:00,1859.4,1860.3297,1858.5,1857.57075,50,LONG,-137.94749999999567
cash_ACC,MovingAverage,2025-09-15 14:08:00,2025-09-15 14:21:00,1858.2,1859.1290999999999,1858.0,1857.0710000000001,50,LONG,-102.90499999998701
cash_ACC,MovingAverage,2025-09-15 14:45:00,2025-09-15 14:46:00,1859.5,1860.4297499999998,1858.0,1857.0710000000001,50,LONG,-167.93749999998226
cash_ACC,MovingAverage,2025-09-15 14:48:00,2025-09-16 09:45:00,1859.0,1859.9295,1872.6,1871.6637,50,LONG,586.710000000005
cash_ACC,MovingAverage,2025-09-16 10:07:00,2025-09-16 10:12:00,1871.8,1872.7359,1872.0,1871.064,50,LONG,-83.59499999999116
cash_ACC,MovingAverage,2025-09-16 10:19:00,2025-09-16 10:29:00,1872.8,1873.7363999999998,1872.1,1871.16395,50,LONG,-128.62249999998312
cash_ACC,MovingAverage,2025-09-16 11:01:00,2025-09-16 11:37:00,1873.9,1874.83695,1873.5,1872.5632500000002,50,LONG,-113.68499999998676
cash_ACC,MovingAverage,2025-09-16 11:48:00,2025-09-16 11:54:00,1874.5,1875.43725,1871.6,1870.6642,50,LONG,-238.6525000000006
cash_ACC,MovingAverage,2025-09-16 12:13:00,2025-09-16 12:23:00,1874.5,1875.43725,1869.7,1868.7651500000002,50,LONG,-333.60499999998865
cash_ACC,MovingAverage,2025-09-16 13:09:00,2025-09-16 13:27:00,1873.0,1873.9364999999998,1869.3,1868.36535,50,LONG,-278.55749999998807
cash_ACC,MovingAverage,2025-09-16 13:45:00,2025-09-16 13:55:00,1871.0,1871.9354999999998,1868.0,1867.066,50,LONG,-243.47499999998945
cash_ACC,MovingAverage,2025-09-16 14:17:00,2025-09-16 14:35:00,1868.1,1869.0340499999998,1867.3,1866.36635,50,LONG,-133.38499999998703
cash_ACC,MovingAverage,2025-09-16 15:01:00,2025-09-16 15:08:00,1866.8,1867.7333999999998,1864.2,1863.2679,50,LONG,-223.27499999998963
cash_ACC,MovingAverage,2025-09-16 15:19:00,2025-09-17 09:42:00,1868.0,1868.934,1871.4,1870.4643,50,LONG,76.51500000000624
cash_ACC,MovingAverage,2025-09-17 10:24:00,2025-09-17 10:25:00,1864.4,1865.3322,1864.9,1863.9675500000003,50,LONG,-68.2324999999878
cash_ACC,MovingAverage,2025-09-17 10:27:00,2025-09-17 10:40:00,1865.0,1865.9325,1862.5,1861.5687500000001,50,LONG,-218.18749999998772
cash_ACC,MovingAverage,2025-09-17 11:06:00,2025-09-17 11:37:00,1862.6,1863.5312999999999,1862.6,1861.6687,50,LONG,-93.12999999999647
cash_ACC,MovingAverage,2025-09-17 11:47:00,2025-09-17 11:51:00,1863.9,1864.83195,1861.6,1860.6692,50,LONG,-208.137499999998
cash_ACC,MovingAverage,2025-09-17 11:53:00,2025-09-17 11:55:00,1862.7,1863.6313499999999,1863.0,1862.0685,50,LONG,-78.14249999998992
cash_ACC,MovingAverage,2025-09-17 12:02:00,2025-09-17 12:06:00,1864.0,1864.9319999999998,1859.1,1858.17045,50,LONG,-338.0774999999858
cash_ACC,MovingAverage,2025-09-17 12:51:00,2025-09-17 13:13:00,1858.3,1859.22915,1857.9,1856.97105,50,LONG,-112.90499999998929
cash_ACC,MovingAverage,2025-09-17 13:34:00,2025-09-17 13:46:00,1858.9,1859.82945,1857.0,1856.0715,50,LONG,-187.89749999999685
cash_ACC,MovingAverage,2025-09-17 14:25:00,2025-09-17 15:09:00,1854.6,1855.5272999999997,1856.9,1855.9715500000002,50,LONG,22.212500000023283
cash_ACC,MovingAverage,2025-09-17 15:29:00,2025-09-18 09:28:00,1857.0,1857.9285,1854.2,1853.2729000000002,50,LONG,-232.7799999999911
cash_ACC,MovingAverage,2025-09-18 09:38:00,2025-09-18 10:00:00,1860.0,1860.9299999999998,1861.5,1860.56925,50,LONG,-18.03749999999127
cash_ACC,MovingAverage,2025-09-18 10:41:00,2025-09-18 10:54:00,1861.0,1861.9305,1859.0,1858.0705,50,LONG,-192.999999999995
cash_ACC,MovingAverage,2025-09-18 11:02:00,2025-09-18 11:24:00,1864.0,1864.9319999999998,1863.1,1862.1684500000001,50,LONG,-138.1774999999834
cash_ACC,MovingAverage,2025-09-18 12:05:00,2025-09-18 12:41:00,1851.8,1852.7259,1851.2,1850.2744000000002,50,LONG,-122.57499999998345
cash_ACC,MovingAverage,2025-09-18 12:51:00,2025-09-18 13:58:00,1853.0,1853.9264999999998,1856.5,1855.57175,50,LONG,82.262500000013
cash_ACC,MovingAverage,2025-09-18 14:06:00,2025-09-18 14:31:00,1859.0,1859.9295,1858.0,1857.0710000000001,50,LONG,-142.9249999999911
cash_ACC,MovingAverage,2025-09-18 14:34:00,2025-09-18 15:02:00,1859.6,1860.5297999999998,1860.1,1859.16995,50,LONG,-67.9924999999912
cash_ACC,MovingAverage,2025-09-18 15:17:00,2025-09-18 15:19:00,1859.9,1860.82995,1858.0,1857.0710000000001,50,LONG,-187.94749999999567
cash_ACC,MovingAverage,2025-09-19 09:15:00,2025-09-19 09:37:00,1888.0,1888.944,1866.0,1865.067,50,LONG,-1193.8499999999976
cash_ACC,MovingAverage,2025-09-19 10:16:00,2025-09-19 10:54:00,1864.8,1865.7323999999999,1871.5,1870.5642500000001,50,LONG,241.59250000001293
cash_ACC,MovingAverage,2025-09-19 11:26:00,2025-09-19 11:42:00,1868.5,1869.4342499999998,1867.7,1866.7661500000002,50,LONG,-133.404999999982
cash_ACC,MovingAverage,2025-09-19 12:01:00,2025-09-19 12:57:00,1870.0,1870.935,1876.1,1875.16195,50,LONG,211.3474999999994
cash_ACC,MovingAverage,2025-09-19 12:58:00,2025-09-19 13:23:00,1878.2,1879.1390999999999,1876.3,1875.36185,50,LONG,-188.86249999999336
cash_ACC,MovingAverage,2025-09-19 13:40:00,2025-09-19 14:00:00,1875.0,1875.9375,1875.0,1874.0625,50,LONG,-93.75
cash_ACC,MovingAverage,2025-09-19 14:25:00,2025-09-19 14:39:00,1874.2,1875.1371,1871.7,1870.7641500000002,50,LONG,-218.64749999998594
cash_ACC,MovingAverage,2025-09-19 14:59:00,2025-09-22 09:16:00,1873.1,1874.0365499999998,1873.5,1872.5632500000002,50,LONG,-73.66499999998268
cash_ACC,MovingAverage,2025-09-22 09:34:00,2025-09-22 09:55:00,1881.3,1882.24065,1880.7,1879.7596500000002,50,LONG,-124.04999999998836
cash_ACC,MovingAverage,2025-09-22 10:11:00,2025-09-22 10:15:00,1882.9,1883.84145,1878.2,1877.2609000000002,50,LONG,-329.0274999999838
cash_ACC,MovingAverage,2025-09-22 10:37:00,2025-09-22 11:27:00,1878.7,1879.63935,1896.7,1895.7516500000002,50,LONG,805.6150000000116
cash_ACC,MovingAverage,2025-09-22 11:55:00,2025-09-22 12:15:00,1900.2,1901.1500999999998,1897.5,1896.5512500000002,50,LONG,-229.94249999998146
cash_ACC,MovingAverage,2025-09-22 12:26:00,2025-09-22 12:49:00,1902.4,1903.3512,1902.9,1901.9485500000003,50,LONG,-70.13249999998834
cash_ACC,MovingAverage,2025-09-22 13:08:00,2025-09-22 13:27:00,1913.1,1914.0565499999998,1905.0,1904.0475000000001,50,LONG,-500.45249999998305
cash_ACC,MovingAverage,2025-09-22 13:48:00,2025-09-22 14:01:00,1906.7,1907.65335,1901.6,1900.6492,50,LONG,-350.2074999999991
cash_ACC,MovingAverage,2025-09-22 14:21:00,2025-09-22 14:33:00,1907.0,1907.9534999999998,1898.4,1897.4508000000003,50,LONG,-525.1349999999775
cash_ACC,MovingAverage,2025-09-22 15:10:00,2025-09-22 15:18:00,1885.7,1886.64285,1883.3,1882.35835,50,LONG,-214.224999999999
cash_ACC,MovingAverage,2025-09-23 09:18:00,2025-09-23 09:37:00,1890.8,1891.7453999999998,1888.2,1887.2559,50,LONG,-224.474999999984
cash_ACC,MovingAverage,2025-09-23 10:07:00,2025-09-23 10:26:00,1890.6,1891.5452999999998,1885.9,1884.9570500000002,50,LONG,-329.4124999999781
cash_ACC,MovingAverage,2025-09-23 10:45:00,2025-09-23 11:05:00,1892.1,1893.0460499999997,1884.0,1883.058,50,LONG,-499.40249999998514
cash_ACC,MovingAverage,2025-09-23 11:31:00,2025-09-23 11:37:00,1882.8,1883.7413999999999,1880.1,1879.15995,50,LONG,-229.07249999999522
cash_ACC,MovingAverage,2025-09-23 11:57:00,2025-09-23 11:59:00,1881.0,1881.9405,1881.0,1880.0595,50,LONG,-94.0499999999929
cash_ACC,MovingAverage,2025-09-23 12:00:00,2025-09-23 12:03:00,1881.2,1882.1406,1880.0,1879.0600000000002,50,LONG,-154.02999999998883
cash_ACC,MovingAverage,2025-09-23 12:11:00,2025-09-23 12:32:00,1883.8,1884.7418999999998,1882.8,1881.8586,50,LONG,-144.16499999998678
cash_ACC,MovingAverage,2025-09-23 13:03:00,2025-09-23 13:47:00,1886.5,1887.4432499999998,1886.9,1885.95655,50,LONG,-74.33499999998503
cash_ACC,MovingAverage,2025-09-23 13:48:00,2025-09-23 13:52:00,1886.1,1887.0430499999998,1888.1,1887.15595,50,LONG,5.645000000015443
cash_ACC,MovingAverage,2025-09-23 15:13:00,2025-09-24 09:18:00,1877.9,1878.83895,1873.0,1872.0635000000002,50,LONG,-338.7724999999932
cash_ACC,MovingAverage,2025-09-24 09:54:00,2025-09-24 10:25:00,1871.5,1872.4357499999999,1876.0,1875.0620000000001,50,LONG,131.31250000001273
cash_ACC,MovingAverage,2025-09-24 11:19:00,2025-09-24 11:33:00,1873.4,1874.3367,1870.9,1869.9645500000001,50,LONG,-218.60749999999598
cash_ACC,MovingAverage,2025-09-24 11:36:00,2025-09-24 11:37:00,1871.5,1872.4357499999999,1870.5,1869.56475,50,LONG,-143.54999999999336
cash_ACC,MovingAverage,2025-09-24 11:51:00,2025-09-24 12:10:00,1872.0,1872.936,1872.0,1871.064,50,LONG,-93.59999999999218
cash_ACC,MovingAverage,2025-09-24 12:14:00,2025-09-24 12:28:00,1873.6,1874.5367999999999,1871.5,1870.5642500000001,50,LONG,-198.6274999999864
cash_ACC,MovingAverage,2025-09-24 13:15:00,2025-09-24 13:25:00,1869.9,1870.83495,1867.5,1866.56625,50,LONG,-213.43499999999267
cash_ACC,MovingAverage,2025-09-24 13:45:00,2025-09-24 13:48:00,1866.0,1866.933,1865.5,1864.56725,50,LONG,-118.28749999999673
cash_ACC,MovingAverage,2025-09-24 14:42:00,2025-09-24 14:56:00,1862.0,1862.9309999999998,1861.0,1860.0695,50,LONG,-143.07499999998754
cash_ACC,MovingAverage,2025-09-24 15:17:00,2025-09-24 15:25:00,1861.5,1862.43075,1861.9,1860.9690500000002,50,LONG,-73.08499999999185
cash_ACC,MovingAverage,2025-09-24 15:28:00,2025-09-24 15:29:00,1862.4,1863.3312,1858.9,1857.9705500000002,50,LONG,-268.0324999999925
cash_ACC,MovingAverage,2025-09-25 09:23:00,2025-09-25 09:50:00,1864.2,1865.1321,1864.6,1863.6677,50,LONG,-73.22000000000344
cash_ACC,MovingAverage,2025-09-25 09:53:00,2025-09-25 10:09:00,1867.9,1868.83395,1865.4,1864.4673000000003,50,LONG,-218.33249999998543
cash_ACC,MovingAverage,2025-09-25 10:26:00,2025-09-25 10:37:00,1868.0,1868.934,1863.7,1862.76815,50,LONG,-308.2924999999932
cash_ACC,MovingAverage,2025-09-25 13:10:00,2025-09-25 14:10:00,1852.0,1852.926,1854.0,1853.073,50,LONG,7.3500000000080945
cash_ACC,MovingAverage,2025-09-25 14:47:00,2025-09-25 14:55:00,1855.6,1856.5277999999998,1852.2,1851.2739000000001,50,LONG,-262.69499999998516
cash_ACC,MovingAverage,2025-09-25 15:19:00,2025-09-26 09:20:00,1854.2,1855.1271,1852.5,1851.57375,50,LONG,-177.66749999999547
cash_ACC,MovingAverage,2025-09-26 09:48:00,2025-09-26 09:49:00,1848.4,1849.3242,1847.0,1846.0765000000001,50,LONG,-162.38499999999476
cash_ACC,MovingAverage,2025-09-26 10:32:00,2025-09-26 11:01:00,1840.2,1841.1200999999999,1841.4,1840.4793000000002,50,LONG,-32.03999999998359
cash_ACC,MovingAverage,2025-09-26 11:16:00,2025-09-26 11:35:00,1842.9,1843.82145,1836.8,1835.8816000000002,50,LONG,-396.99249999998756
cash_ACC,MovingAverage,2025-09-26 12:09:00,2025-09-26 12:16:00,1836.0,1836.918,1835.5,1834.5822500000002,50,LONG,-116.78749999998672
cash_ACC,MovingAverage,2025-09-26 12:27:00,2025-09-26 12:35:00,1835.0,1835.9174999999998,1835.8,1834.8821,50,LONG,-51.769999999987704
cash_ACC,MovingAverage,2025-09-26 12:36:00,2025-09-26 12:39:00,1835.8,1836.7178999999999,1835.5,1834.5822500000002,50,LONG,-106.7824999999857
cash_ACC,MovingAverage,2025-09-26 12:40:00,2025-09-26 12:42:00,1836.1,1837.01805,1836.0,1835.082,50,LONG,-96.80249999998978
cash_ACC,MovingAverage,2025-09-26 12:43:00,2025-09-26 12:50:00,1836.2,1837.1181,1835.3,1834.38235,50,LONG,-136.78749999999127
cash_ACC,MovingAverage,2025-09-26 12:51:00,2025-09-26 12:52:00,1835.1,1836.0175499999998,1835.3,1834.38235,50,LONG,-81.75999999998567
cash_ACC,MovingAverage,2025-09-26 13:05:00,2025-09-26 13:06:00,1836.2,1837.1181,1835.0,1834.0825000000002,50,LONG,-151.7799999999852
cash_ACC,MovingAverage,2025-09-26 13:07:00,2025-09-26 13:08:00,1835.0,1835.9174999999998,1835.0,1834.0825000000002,50,LONG,-91.74999999997908
cash_ACC,MovingAverage,2025-09-26 13:38:00,2025-09-26 13:44:00,1835.7,1836.6178499999999,1834.0,1833.083,50,LONG,-176.74249999998892
cash_ACC,MovingAverage,2025-09-26 14:18:00,2025-09-26 14:24:00,1829.2,1830.1145999999999,1824.0,1823.0880000000002,50,LONG,-351.32999999998447
cash_ACC,MovingAverage,2025-09-26 15:09:00,2025-09-29 09:17:00,1825.4,1826.3127,1820.5,1819.58975,50,LONG,-336.14749999999276
cash_ACC,MovingAverage,2025-09-29 09:28:00,2025-09-29 10:11:00,1827.3,1828.21365,1833.7,1832.7831500000002,50,LONG,228.47500000001446
cash_ACC,MovingAverage,2025-09-29 10:24:00,2025-09-29 10:38:00,1838.1,1839.0190499999999,1836.2,1835.2819000000002,50,LONG,-186.85749999998507
cash_ACC,MovingAverage,2025-09-29 10:55:00,2025-09-29 10:56:00,1836.5,1837.41825,1835.5,1834.5822500000002,50,LONG,-141.79999999998927
cash_ACC,MovingAverage,2025-09-29 10:58:00,2025-09-29 11:15:00,1836.7,1837.61835,1835.0,1834.0825000000002,50,LONG,-176.79249999998774
cash_ACC,MovingAverage,2025-09-29 12:07:00,2025-09-29 13:31:00,1828.2,1829.1141,1838.4,1837.4808000000003,50,LONG,418.3350000000132
cash_ACC,MovingAverage,2025-09-29 13:55:00,2025-09-29 14:05:00,1837.9,1838.81895,1834.3,1833.38285,50,LONG,-271.8050000000062
cash_ACC,MovingAverage,2025-09-29 15:27:00,2025-09-30 09:48:00,1813.9,1814.80695,1828.3,1827.3858500000001,50,LONG,628.9450000000102
cash_ACC,MovingAverage,2025-09-30 10:27:00,2025-09-30 10:37:00,1829.0,1829.9144999999999,1823.3,1822.38835,50,LONG,-376.3074999999958
cash_ACC,MovingAverage,2025-09-30 10:48:00,2025-09-30 11:09:00,1828.6,1829.5142999999998,1826.8,1825.8866,50,LONG,-181.38499999998885
cash_ACC,MovingAverage,2025-09-30 11:41:00,2025-09-30 12:02:00,1827.1,1828.01355,1816.5,1815.59175,50,LONG,-621.0899999999924
cash_ACC,MovingAverage,2025-09-30 12:28:00,2025-09-30 12:38:00,1823.9,1824.81195,1822.3,1821.38885,50,LONG,-171.15499999999884
cash_ACC,MovingAverage,2025-09-30 12:39:00,2025-09-30 12:44:00,1823.4,1824.3117,1821.4,1820.4893000000002,50,LONG,-191.11999999998943
cash_ACC,MovingAverage,2025-09-30 13:04:00,2025-09-30 13:25:00,1824.0,1824.9119999999998,1823.1,1822.18845,50,LONG,-136.17749999998523
cash_ACC,MovingAverage,2025-09-30 14:00:00,2025-09-30 14:38:00,1822.0,1822.9109999999998,1823.0,1822.0885,50,LONG,-41.12499999998818
cash_ACC,MovingAverage,2025-09-30 14:46:00,2025-09-30 15:13:00,1825.0,1825.9125,1825.0,1824.0875,50,LONG,-91.2499999999909
cash_ACC,MovingAverage,2025-09-30 15:17:00,2025-09-30 15:19:00,1824.9,1825.81245,1823.8,1822.8881000000001,50,LONG,-146.21749999998883
cash_ACC,MovingAverage,2025-09-30 15:28:00,2025-10-01 09:54:00,1827.8,1828.7139,1840.0,1839.0800000000002,50,LONG,518.3050000000094
cash_ACC,MovingAverage,2025-10-01 10:21:00,2025-10-01 10:28:00,1839.5,1840.4197499999998,1836.9,1835.9815500000002,50,LONG,-221.90999999997985
cash_ACC,MovingAverage,2025-10-01 11:04:00,2025-10-01 11:45:00,1836.7,1837.61835,1840.5,1839.57975,50,LONG,98.07000000000698
cash_ACC,MovingAverage,2025-10-01 11:51:00,2025-10-01 11:53:00,1839.8,1840.7198999999998,1838.8,1837.8806,50,LONG,-141.96499999999332
cash_ACC,MovingAverage,2025-10-01 11:57:00,2025-10-01 12:34:00,1840.3,1841.2201499999999,1840.3,1839.37985,50,LONG,-92.01499999999214
cash_ACC,MovingAverage,2025-10-01 12:46:00,2025-10-01 13:24:00,1841.9,1842.82095,1844.0,1843.0780000000002,50,LONG,12.852500000008149
cash_ACC,MovingAverage,2025-10-01 13:28:00,2025-10-01 13:57:00,1844.9,1845.82245,1845.9,1844.9770500000002,50,LONG,-42.269999999984975
cash_ACC,MovingAverage,2025-10-01 14:48:00,2025-10-01 15:04:00,1830.0,1830.915,1829.1,1828.18545,50,LONG,-136.47750000000087
cash_ACC,MovingAverage,2025-10-01 15:21:00,2025-10-03 09:50:00,1829.3,1830.21465,1841.9,1840.9790500000001,50,LONG,538.2200000000125
cash_ACC,MovingAverage,2025-10-03 09:56:00,2025-10-03 10:13:00,1849.0,1849.9244999999999,1844.3,1843.37785,50,LONG,-327.3324999999886
cash_ACC,MovingAverage,2025-10-03 11:09:00,2025-10-03 12:14:00,1838.0,1838.9189999999999,1838.4,1837.4808000000003,50,LONG,-71.90999999997985
cash_ACC,MovingAverage,2025-10-03 12:43:00,2025-10-03 12:59:00,1837.1,1838.0185499999998,1836.8,1835.8816000000002,50,LONG,-106.84749999998076
cash_ACC,MovingAverage,2025-10-03 13:23:00,2025-10-03 13:26:00,1836.6,1837.5182999999997,1830.0,1829.085,50,LONG,-421.6649999999845
cash_ACC,MovingAverage,2025-10-03 13:47:00,2025-10-03 14:19:00,1835.8,1836.7178999999999,1835.7,1834.7821500000002,50,LONG,-96.78749999998217
cash_ACC,MovingAverage,2025-10-03 14:30:00,2025-10-03 15:16:00,1842.0,1842.9209999999998,1849.0,1848.0755000000001,50,LONG,257.7250000000163
cash_ACC,MovingAverage,2025-10-06 09:15:00,2025-10-06 09:31:00,1862.2,1863.1310999999998,1851.4,1850.4743,50,LONG,-632.8399999999874
cash_ACC,MovingAverage,2025-10-06 09:38:00,2025-10-06 09:44:00,1859.2,1860.1296,1850.0,1849.075,50,LONG,-552.7299999999968
cash_ACC,MovingAverage,2025-10-06 10:24:00,2025-10-06 10:33:00,1849.0,1849.9244999999999,1845.1,1844.17745,50,LONG,-287.35249999999724
cash_ACC,MovingAverage,2025-10-06 11:02:00,2025-10-06 11:28:00,1848.4,1849.3242,1847.3,1846.37635,50,LONG,-147.39250000000084
cash_ACC,MovingAverage,2025-10-06 11:36:00,2025-10-06 11:50:00,1849.7,1850.62485,1841.0,1840.0795,50,LONG,-527.2674999999936
cash_ACC,MovingAverage,2025-10-06 12:12:00,2025-10-06 12:39:00,1845.1,1846.02255,1842.0,1841.0790000000002,50,LONG,-247.1774999999866
cash_ACC,MovingAverage,2025-10-06 13:32:00,2025-10-06 13:53:00,1840.5,1841.42025,1839.4,1838.4803000000002,50,LONG,-146.9974999999863
cash_ACC,MovingAverage,2025-10-06 14:02:00,2025-10-06 14:16:00,1839.6,1840.5197999999998,1838.9,1837.9805500000002,50,LONG,-126.96249999997917
cash_ACC,MovingAverage,2025-10-06 14:17:00,2025-10-06 14:18:00,1839.9,1840.81995,1839.8,1838.8801,50,LONG,-96.99249999999893
cash_ACC,MovingAverage,2025-10-06 15:05:00,2025-10-06 15:07:00,1834.5,1835.41725,1835.0,1834.0825000000002,50,LONG,-66.7374999999879
cash_ACC,MovingAverage,2025-10-07 09:15:00,2025-10-07 09:44:00,1837.6,1838.5187999999998,1841.8,1840.8791,50,LONG,118.01500000001397
cash_ACC,MovingAverage,2025-10-07 10:20:00,2025-10-07 10:26:00,1841.6,1842.5207999999998,1839.0,1838.0805,50,LONG,-222.0149999999876
cash_ACC,MovingAverage,2025-10-07 10:49:00,2025-10-07 11:03:00,1842.0,1842.9209999999998,1838.0,1837.0810000000001,50,LONG,-291.99999999998454
cash_ACC,MovingAverage,2025-10-07 11:17:00,2025-10-07 11:18:00,1841.4,1842.3207,1841.5,1840.57925,50,LONG,-87.07249999999931
cash_ACC,MovingAverage,2025-10-07 11:19:00,2025-10-07 12:11:00,1841.5,1842.42075,1842.3,1841.37885,50,LONG,-52.09499999999707
cash_ACC,MovingAverage,2025-10-07 12:48:00,2025-10-07 13:37:00,1841.7,1842.62085,1855.3,1854.37235,50,LONG,587.5750000000039
cash_ACC,MovingAverage,2025-10-07 14:09:00,2025-10-07 14:36:00,1856.7,1857.62835,1856.8,1855.8716,50,LONG,-87.83750000000055
cash_ACC,MovingAverage,2025-10-07 15:04:00,2025-10-08 09:45:00,1855.9,1856.82795,1858.0,1857.0710000000001,50,LONG,12.152500000001965
cash_ACC,MovingAverage,2025-10-08 10:03:00,2025-10-08 10:15:00,1859.9,1860.82995,1856.4,1855.4718000000003,50,LONG,-267.9074999999898
cash_ACC,MovingAverage,2025-10-08 11:16:00,2025-10-08 12:12:00,1844.9,1845.82245,1851.1,1850.17445,50,LONG,217.60000000000446
cash_ACC,MovingAverage,2025-10-08 12:17:00,2025-10-08 12:19:00,1852.7,1853.62635,1852.6,1851.6737,50,LONG,-97.63249999999744
cash_ACC,MovingAverage,2025-10-08 12:45:00,2025-10-08 12:54:00,1851.9,1852.82595,1849.2,1848.2754000000002,50,LONG,-227.52749999998514
cash_ACC,MovingAverage,2025-10-08 13:04:00,2025-10-08 13:07:00,1849.6,1850.5248,1848.9,1847.97555,50,LONG,-127.46249999999009
cash_ACC,MovingAverage,2025-10-08 13:29:00,2025-10-08 13:50:00,1849.6,1850.5248,1849.6,1848.6752,50,LONG,-92.48000000000047
cash_ACC,MovingAverage,2025-10-08 13:56:00,2025-10-08 14:21:00,1850.3,1851.2251499999998,1850.5,1849.57475,50,LONG,-82.51999999998816
cash_ACC,MovingAverage,2025-10-08 14:36:00,2025-10-09 09:16:00,1851.9,1852.82595,1859.3,1858.3703500000001,50,LONG,277.22000000001117
cash_ACC,MovingAverage,2025-10-09 09:26:00,2025-10-09 09:52:00,1868.0,1868.934,1873.0,1872.0635000000002,50,LONG,156.47500000001173
cash_ACC,MovingAverage,2025-10-09 10:27:00,2025-10-09 10:50:00,1871.3,1872.2356499999999,1870.1,1869.16495,50,LONG,-153.53499999998803
cash_ACC,MovingAverage,2025-10-09 11:10:00,2025-10-09 11:33:00,1870.7,1871.63535,1866.7,1865.7666500000003,50,LONG,-293.4349999999881
cash_ACC,MovingAverage,2025-10-09 11:51:00,2025-10-09 12:17:00,1870.8,1871.7353999999998,1870.9,1869.9645500000001,50,LONG,-88.54249999998274
cash_ACC,MovingAverage,2025-10-09 12:19:00,2025-10-09 12:31:00,1871.0,1871.9354999999998,1870.7,1869.76465,50,LONG,-108.54249999998729
cash_ACC,MovingAverage,2025-10-09 12:43:00,2025-10-09 13:03:00,1871.8,1872.7359,1872.3,1871.36385,50,LONG,-68.60249999999724
cash_ACC,MovingAverage,2025-10-09 13:07:00,2025-10-09 13:29:00,1873.5,1874.4367499999998,1871.3,1870.36435,50,LONG,-203.61999999998943
cash_ACC,MovingAverage,2025-10-09 13:58:00,2025-10-09 14:20:00,1871.6,1872.5357999999999,1871.9,1870.9640500000003,50,LONG,-78.58749999998054
cash_ACC,MovingAverage,2025-10-09 14:32:00,2025-10-09 14:38:00,1873.1,1874.0365499999998,1871.1,1870.16445,50,LONG,-193.60499999999092
cash_ACC,MovingAverage,2025-10-09 14:53:00,2025-10-09 15:19:00,1873.5,1874.4367499999998,1875.5,1874.5622500000002,50,LONG,6.275000000016462
cash_ACC,MovingAverage,2025-10-10 09:30:00,2025-10-10 09:55:00,1873.0,1873.9364999999998,1872.6,1871.6637,50,LONG,-113.63999999998668
cash_ACC,MovingAverage,2025-10-10 10:17:00,2025-10-10 10:35:00,1874.1,1875.03705,1873.7,1872.7631500000002,50,LONG,-113.69499999998425
cash_ACC,MovingAverage,2025-10-10 10:48:00,2025-10-10 11:11:00,1875.7,1876.6378499999998,1873.7,1872.7631500000002,50,LONG,-193.73499999998103
cash_ACC,MovingAverage,2025-10-10 11:36:00,2025-10-10 12:00:00,1876.5,1877.43825,1874.5,1873.56275,50,LONG,-193.77499999999372
cash_ACC,MovingAverage,2025-10-10 12:11:00,2025-10-10 13:07:00,1876.9,1877.83845,1881.0,1880.0595,50,LONG,111.05250000000524
cash_ACC,MovingAverage,2025-10-10 13:09:00,2025-10-10 13:20:00,1880.9,1881.84045,1880.6,1879.6597,50,LONG,-109.03749999999945
cash_ACC,MovingAverage,2025-10-10 13:43:00,2025-10-10 13:59:00,1881.0,1881.9405,1880.6,1879.6597,50,LONG,-114.03999999999996
cash_ACC,MovingAverage,2025-10-10 14:17:00,2025-10-10 14:52:00,1883.4,1884.3417,1888.3,1887.3558500000001,50,LONG,150.70750000001
cash_ACC,MovingAverage,2025-10-13 09:41:00,2025-10-13 09:51:00,1876.4,1877.3382,1873.8,1872.8631,50,LONG,-223.7549999999942
cash_ACC,MovingAverage,2025-10-13 09:53:00,2025-10-13 09:55:00,1874.1,1875.03705,1873.9,1872.9630500000003,50,LONG,-103.69999999998072
cash_ACC,MovingAverage,2025-10-13 10:36:00,2025-10-13 10:53:00,1874.0,1874.937,1871.1,1870.16445,50,LONG,-238.6274999999955
cash_ACC,MovingAverage,2025-10-13 11:20:00,2025-10-13 11:44:00,1869.9,1870.83495,1869.0,1868.0655000000002,50,LONG,-138.47249999998894
cash_ACC,MovingAverage,2025-10-13 11:48:00,2025-10-13 11:57:00,1868.9,1869.83445,1867.4,1866.4663000000003,50,LONG,-168.40749999998934
cash_ACC,MovingAverage,2025-10-13 12:05:00,2025-10-13 12:24:00,1868.3,1869.2341499999998,1868.1,1867.16595,50,LONG,-103.4099999999853
cash_ACC,MovingAverage,2025-10-13 12:37:00,2025-10-13 12:39:00,1868.3,1869.2341499999998,1868.0,1867.066,50,LONG,-108.40749999998707
cash_ACC,MovingAverage,2025-10-13 12:44:00,2025-10-13 13:21:00,1868.5,1869.4342499999998,1869.6,1868.6652,50,LONG,-38.45249999999396
cash_ACC,MovingAverage,2025-10-13 13:37:00,2025-10-13 13:50:00,1870.5,1871.43525,1870.9,1869.9645500000001,50,LONG,-73.53499999999258
cash_ACC,MovingAverage,2025-10-13 14:17:00,2025-10-13 14:37:00,1869.2,1870.1345999999999,1869.7,1868.7651500000002,50,LONG,-68.4724999999844
cash_ACC,MovingAverage,2025-10-13 14:46:00,2025-10-13 15:05:00,1869.9,1870.83495,1869.5,1868.56525,50,LONG,-113.48499999999149
cash_ACC,MovingAverage,2025-10-14 09:15:00,2025-10-14 09:34:00,1872.8,1873.7363999999998,1868.0,1867.066,50,LONG,-333.51999999998725
cash_ACC,MovingAverage,2025-10-14 10:45:00,2025-10-14 11:24:00,1864.3,1865.2321499999998,1862.8,1861.8686,50,LONG,-168.17749999999023
cash_ACC,MovingAverage,2025-10-14 11:48:00,2025-10-14 12:03:00,1865.6,1866.5327999999997,1863.2,1862.2684000000002,50,LONG,-213.21999999997843
cash_ACC,MovingAverage,2025-10-14 12:21:00,2025-10-14 12:58:00,1865.5,1866.43275,1867.9,1866.9660500000002,50,LONG,26.66500000001406
cash_ACC,MovingAverage,2025-10-14 14:06:00,2025-10-14 14:33:00,1860.1,1861.0300499999998,1863.4,1862.4683000000002,50,LONG,71.91250000001901
cash_ACC,MovingAverage,2025-10-14 14:45:00,2025-10-14 15:09:00,1864.6,1865.5322999999999,1862.9,1861.9685500000003,50,LONG,-178.18749999997863
cash_ACC,MovingAverage,2025-10-15 09:18:00,2025-10-15 09:50:00,1867.8,1868.7339,1868.2,1867.2659,50,LONG,-73.39999999999236
cash_ACC,MovingAverage,2025-10-15 10:38:00,2025-10-15 10:39:00,1863.0,1863.9315,1861.4,1860.4693000000002,50,LONG,-173.10999999998558
cash_ACC,MovingAverage,2025-10-15 10:43:00,2025-10-15 10:48:00,1863.0,1863.9315,1861.3,1860.3693500000002,50,LONG,-178.10749999998734
cash_ACC,MovingAverage,2025-10-15 10:58:00,2025-10-15 11:18:00,1864.5,1865.4322499999998,1864.2,1863.2679,50,LONG,-108.21749999998929
cash_ACC,MovingAverage,2025-10-15 11:38:00,2025-10-15 11:44:00,1864.0,1864.9319999999998,1863.0,1862.0685,50,LONG,-143.17499999998518
cash_ACC,MovingAverage,2025-10-15 11:49:00,2025-10-15 12:03:00,1865.0,1865.9325,1865.1,1864.16745,50,LONG,-88.25249999999869
cash_ACC,MovingAverage,2025-10-15 12:21:00,2025-10-15 12:38:00,1864.0,1864.9319999999998,1863.0,1862.0685,50,LONG,-143.17499999998518
cash_ACC,MovingAverage,2025-10-15 13:08:00,2025-10-15 13:09:00,1864.0,1864.9319999999998,1864.0,1863.0680000000002,50,LONG,-93.1999999999789
cash_ACC,MovingAverage,2025-10-15 13:10:00,2025-10-15 13:48:00,1865.0,1865.9325,1864.1,1863.16795,50,LONG,-138.2274999999936
cash_ACC,MovingAverage,2025-10-15 14:08:00,2025-10-15 14:28:00,1865.0,1865.9325,1864.7,1863.7676500000002,50,LONG,-108.24249999998301
cash_ACC,MovingAverage,2025-10-15 14:39:00,2025-10-15 14:43:00,1865.6,1866.5327999999997,1865.0,1864.0675,50,LONG,-123.26499999998077
cash_ACC,MovingAverage,2025-10-15 14:44:00,2025-10-15 14:53:00,1864.3,1865.2321499999998,1864.1,1863.16795,50,LONG,-103.20999999999003
cash_ACC,MovingAverage,2025-10-16 09:16:00,2025-10-16 09:42:00,1863.3,1864.23165,1862.1,1861.16895,50,LONG,-153.1349999999975
cash_ACC,MovingAverage,2025-10-16 10:06:00,2025-10-16 10:13:00,1862.9,1863.83145,1863.1,1862.1684500000001,50,LONG,-83.14999999998918
cash_ACC,MovingAverage,2025-10-16 10:33:00,2025-10-16 11:21:00,1863.6,1864.5317999999997,1867.0,1866.0665000000001,50,LONG,76.73500000001923
cash_ACC,MovingAverage,2025-10-16 11:46:00,2025-10-16 11:52:00,1865.6,1866.5327999999997,1865.0,1864.0675,50,LONG,-123.26499999998077
cash_ACC,MovingAverage,2025-10-16 12:32:00,2025-10-16 12:35:00,1864.4,1865.3322,1864.1,1863.16795,50,LONG,-108.21250000000191
cash_ACC,MovingAverage,2025-10-16 12:40:00,2025-10-16 12:42:00,1863.9,1864.83195,1863.0,1862.0685,50,LONG,-138.17249999999603
cash_ACC,MovingAverage,2025-10-16 12:46:00,2025-10-16 12:50:00,1863.1,1864.0315499999997,1863.0,1862.0685,50,LONG,-98.15249999998059
cash_ACC,MovingAverage,2025-10-16 13:44:00,2025-10-16 14:31:00,1857.7,1858.62885,1858.0,1857.0710000000001,50,LONG,-77.89249999999583
cash_ACC,MovingAverage,2025-10-16 14:40:00,2025-10-16 15:14:00,1860.1,1861.0300499999998,1860.6,1859.6697,50,LONG,-68.01749999999629
cash_ACC,MovingAverage,2025-10-17 09:22:00,2025-10-17 09:47:00,1862.4,1863.3312,1860.0,1859.0700000000002,50,LONG,-213.05999999999585
cash_ACC,MovingAverage,2025-10-17 10:55:00,2025-10-17 11:15:00,1853.7,1854.6268499999999,1854.0,1853.073,50,LONG,-77.6924999999892
cash_ACC,MovingAverage,2025-10-17 12:04:00,2025-10-17 12:29:00,1852.1,1853.0260499999997,1852.0,1851.074,50,LONG,-97.60249999998223
cash_ACC,MovingAverage,2025-10-17 12:30:00,2025-10-17 12:31:00,1852.0,1852.926,1852.0,1851.074,50,LONG,-92.59999999999309
cash_ACC,MovingAverage,2025-10-17 12:34:00,2025-10-17 12:43:00,1854.3,1855.22715,1848.9,1847.97555,50,LONG,-362.5799999999913
cash_ACC,MovingAverage,2025-10-17 13:56:00,2025-10-17 14:28:00,1836.9,1837.81845,1838.7,1837.7806500000002,50,LONG,-1.8899999999916872
cash_ACC,MovingAverage,2025-10-17 14:33:00,2025-10-17 14:50:00,1839.1,1840.0195499999998,1837.5,1836.5812500000002,50,LONG,-171.9149999999786
cash_ACC,MovingAverage,2025-10-17 15:01:00,2025-10-17 15:05:00,1838.6,1839.5192999999997,1837.9,1836.98105,50,LONG,-126.91249999998035
cash_ACC,MovingAverage,2025-10-21 13:48:00,2025-10-21 14:09:00,1845.0,1845.9225,1841.8,1840.8791,50,LONG,-252.1699999999896
cash_ACC,MovingAverage,2025-10-21 14:15:00,2025-10-23 09:18:00,1843.3,1844.22165,1842.5,1841.5787500000001,50,LONG,-132.14499999999134
cash_ACC,MovingAverage,2025-10-23 09:47:00,2025-10-23 09:56:00,1839.2,1840.1196,1837.0,1836.0815,50,LONG,-201.9049999999993
cash_ACC,MovingAverage,2025-10-23 10:16:00,2025-10-23 10:37:00,1839.5,1840.4197499999998,1838.1,1837.18095,50,LONG,-161.93999999999278
cash_ACC,MovingAverage,2025-10-23 10:41:00,2025-10-23 10:42:00,1839.0,1839.9195,1838.0,1837.0810000000001,50,LONG,-141.924999999992
cash_ACC,MovingAverage,2025-10-23 10:47:00,2025-10-23 10:49:00,1838.6,1839.5192999999997,1838.0,1837.0810000000001,50,LONG,-121.91499999997859
cash_ACC,MovingAverage,2025-10-23 11:30:00,2025-10-23 11:47:00,1837.2,1838.1186,1837.1,1836.18145,50,LONG,-96.85749999999871
cash_ACC,MovingAverage,2025-10-23 12:00:00,2025-10-23 12:33:00,1838.0,1838.9189999999999,1838.5,1837.58075,50,LONG,-66.91249999998945
cash_ACC,MovingAverage,2025-10-23 12:40:00,2025-10-23 12:57:00,1839.0,1839.9195,1838.0,1837.0810000000001,50,LONG,-141.924999999992
cash_ACC,MovingAverage,2025-10-23 13:19:00,2025-10-23 13:52:00,1839.9,1840.81995,1838.7,1837.7806500000002,50,LONG,-151.9649999999956
cash_ACC,MovingAverage,2025-10-23 14:15:00,2025-10-23 14:33:00,1838.6,1839.5192999999997,1837.5,1836.5812500000002,50,LONG,-146.90249999997604
cash_ACC,MovingAverage,2025-10-23 14:38:00,2025-10-23 15:15:00,1839.2,1840.1196,1853.2,1852.2734,50,LONG,607.6900000000023
cash_ACC,MovingAverage,2025-10-23 15:27:00,2025-10-24 09:19:00,1857.0,1857.9285,1847.4,1846.4763000000003,50,LONG,-572.609999999986
cash_ACC,MovingAverage,2025-10-24 09:33:00,2025-10-24 09:47:00,1854.8,1855.7273999999998,1849.7,1848.7751500000002,50,LONG,-347.6124999999797
cash_ACC,MovingAverage,2025-10-24 10:13:00,2025-10-24 10:20:00,1849.2,1850.1245999999999,1845.0,1844.0775,50,LONG,-302.35499999998865
cash_ACC,MovingAverage,2025-10-24 11:11:00,2025-10-24 11:14:00,1843.6,1844.5217999999998,1843.6,1842.6782,50,LONG,-92.17999999998483
cash_ACC,MovingAverage,2025-10-24 11:15:00,2025-10-24 11:47:00,1843.4,1844.3217,1844.4,1843.4778000000001,50,LONG,-42.19499999999243
cash_ACC,MovingAverage,2025-10-24 11:52:00,2025-10-24 12:11:00,1844.7,1845.6223499999999,1844.0,1843.0780000000002,50,LONG,-127.21749999998337
cash_ACC,MovingAverage,2025-10-24 12:22:00,2025-10-24 12:39:00,1844.9,1845.82245,1844.0,1843.0780000000002,50,LONG,-137.2224999999844
cash_ACC,MovingAverage,2025-10-24 12:51:00,2025-10-24 13:12:00,1845.0,1845.9225,1844.5,1843.5777500000002,50,LONG,-117.23749999998745
cash_ACC,MovingAverage,2025-10-24 13:16:00,2025-10-24 13:31:00,1846.9,1847.82345,1845.0,1844.0775,50,LONG,-187.29749999999967
cash_ACC,MovingAverage,2025-10-24 13:32:00,2025-10-24 13:39:00,1845.8,1846.7228999999998,1844.0,1843.0780000000002,50,LONG,-182.2449999999776
cash_ACC,MovingAverage,2025-10-24 13:48:00,2025-10-24 14:08:00,1848.0,1848.924,1851.7,1850.7741500000002,50,LONG,92.50750000001062
cash_ACC,MovingAverage,2025-10-24 14:09:00,2025-10-24 14:31:00,1854.3,1855.22715,1850.0,1849.075,50,LONG,-307.6074999999946
cash_ACC,MovingAverage,2025-10-24 15:07:00,2025-10-24 15:15:00,1852.5,1853.42625,1846.6,1845.6767,50,LONG,-387.47749999999996
cash_ACC,MovingAverage,2025-10-27 09:25:00,2025-10-27 09:41:00,1849.2,1850.1245999999999,1846.7,1845.7766500000002,50,LONG,-217.3974999999814
cash_ACC,MovingAverage,2025-10-27 10:45:00,2025-10-27 10:56:00,1843.0,1843.9215,1839.5,1838.5802500000002,50,LONG,-267.0624999999859
cash_ACC,MovingAverage,2025-10-27 11:10:00,2025-10-27 11:35:00,1841.4,1842.3207,1842.2,1841.2789000000002,50,LONG,-52.08999999998696
cash_ACC,MovingAverage,2025-10-27 11:41:00,2025-10-27 11:42:00,1842.4,1843.3212,1842.5,1841.5787500000001,50,LONG,-87.12249999999813
cash_ACC,MovingAverage,2025-10-27 11:43:00,2025-10-27 11:56:00,1842.6,1843.5212999999999,1842.0,1841.0790000000002,50,LONG,-122.11499999998523
cash_ACC,MovingAverage,2025-10-27 12:16:00,2025-10-27 13:30:00,1842.2,1843.1210999999998,1853.0,1852.0735000000002,50,LONG,447.6200000000176
cash_ACC,MovingAverage,2025-10-27 13:40:00,2025-10-27 13:59:00,1855.0,1855.9275,1855.0,1854.0725,50,LONG,-92.75000000000091
cash_ACC,MovingAverage,2025-10-27 14:39:00,2025-10-27 15:22:00,1857.0,1857.9285,1863.8,1862.8681000000001,50,LONG,246.98000000000775
cash_ACC,MovingAverage,2025-10-28 10:16:00,2025-10-28 10:27:00,1856.5,1857.42825,1854.5,1853.57275,50,LONG,-192.77499999999463
cash_ACC,MovingAverage,2025-10-28 11:02:00,2025-10-28 11:38:00,1851.6,1852.5258,1851.2,1850.2744000000002,50,LONG,-112.56999999998243
cash_ACC,MovingAverage,2025-10-28 11:44:00,2025-10-28 12:00:00,1854.5,1855.42725,1851.9,1850.9740500000003,50,LONG,-222.65999999998485
cash_ACC,MovingAverage,2025-10-28 12:24:00,2025-10-28 13:35:00,1853.0,1853.9264999999998,1860.1,1859.16995,50,LONG,262.1725000000083
cash_ACC,MovingAverage,2025-10-28 13:43:00,2025-10-28 13:53:00,1860.9,1861.83045,1859.5,1858.5702500000002,50,LONG,-163.00999999998567
cash_ACC,MovingAverage,2025-10-28 14:07:00,2025-10-28 14:09:00,1860.6,1861.5303,1856.3,1855.37185,50,LONG,-307.9224999999951
cash_ACC,MovingAverage,2025-10-28 14:50:00,2025-10-28 15:19:00,1858.8,1859.7294,1859.5,1858.5702500000002,50,LONG,-57.95749999998634
cash_ACC,MovingAverage,2025-10-28 15:29:00,2025-10-29 09:16:00,1865.5,1866.43275,1858.4,1857.4708000000003,50,LONG,-448.09749999998303
cash_ACC,MovingAverage,2025-10-29 09:17:00,2025-10-29 10:04:00,1868.0,1868.934,1872.8,1871.8636000000001,50,LONG,146.4800000000082
cash_ACC,MovingAverage,2025-10-29 10:26:00,2025-10-29 10:30:00,1874.6,1875.5372999999997,1873.5,1872.5632500000002,50,LONG,-148.70249999997895
cash_ACC,MovingAverage,2025-10-29 10:33:00,2025-10-29 11:00:00,1873.5,1874.4367499999998,1874.1,1873.16295,50,LONG,-63.68999999999687
cash_ACC,MovingAverage,2025-10-29 11:09:00,2025-10-29 11:32:00,1877.9,1878.83895,1875.2,1874.2624,50,LONG,-228.82749999999987
cash_ACC,MovingAverage,2025-10-29 12:04:00,2025-10-29 12:22:00,1871.8,1872.7359,1869.8,1868.8651,50,LONG,-193.53999999999587
cash_ACC,MovingAverage,2025-10-29 12:39:00,2025-10-29 13:05:00,1877.0,1877.9385,1872.8,1871.8636000000001,50,LONG,-303.74499999999216
cash_ACC,MovingAverage,2025-10-29 13:17:00,2025-10-29 13:32:00,1876.0,1876.9379999999999,1872.1,1871.16395,50,LONG,-288.70249999998805
cash_ACC,MovingAverage,2025-10-29 13:48:00,2025-10-29 14:20:00,1874.7,1875.63735,1876.4,1875.4618000000003,50,LONG,-8.777499999985139
cash_ACC,MovingAverage,2025-10-29 14:32:00,2025-10-29 14:43:00,1880.1,1881.0400499999998,1878.1,1877.16095,50,LONG,-193.95499999999402
cash_ACC,MovingAverage,2025-10-29 14:44:00,2025-10-29 14:51:00,1878.1,1879.0390499999999,1875.9,1874.96205,50,LONG,-203.84999999998854
cash_ACC,MovingAverage,2025-10-29 15:05:00,2025-10-30 09:41:00,1877.8,1878.7388999999998,1881.0,1880.0595,50,LONG,66.03000000001202
cash_ACC,MovingAverage,2025-10-30 10:22:00,2025-10-30 10:51:00,1879.4,1880.3397,1876.8,1875.8616,50,LONG,-223.90500000000202
cash_ACC,MovingAverage,2025-10-30 11:25:00,2025-10-30 11:40:00,1869.7,1870.63485,1868.0,1867.066,50,LONG,-178.4424999999942
cash_ACC,MovingAverage,2025-10-30 12:32:00,2025-10-30 12:41:00,1863.8,1864.7318999999998,1857.3,1856.3713500000001,50,LONG,-418.0274999999824
cash_ACC,MovingAverage,2025-10-30 13:00:00,2025-10-30 13:17:00,1860.0,1860.9299999999998,1860.0,1859.0700000000002,50,LONG,-92.99999999998363
cash_ACC,MovingAverage,2025-10-30 13:20:00,2025-10-30 14:02:00,1860.3,1861.2301499999999,1860.1,1859.16995,50,LONG,-103.00999999999476
cash_ACC,MovingAverage,2025-10-30 14:20:00,2025-10-30 14:36:00,1864.0,1864.9319999999998,1860.0,1859.0700000000002,50,LONG,-293.09999999998126
cash_ACC,MovingAverage,2025-10-30 15:00:00,2025-10-30 15:21:00,1861.8,1862.7308999999998,1856.8,1855.8716,50,LONG,-342.9649999999924
cash_ACC,MovingAverage,2025-10-31 09:22:00,2025-10-31 09:45:00,1862.8,1863.7314,1860.8,1859.8696,50,LONG,-193.08999999999514
cash_ACC,MovingAverage,2025-10-31 09:54:00,2025-10-31 10:13:00,1869.1,1870.0345499999999,1863.7,1862.76815,50,LONG,-363.31999999998743
cash_ACC,MovingAverage,2025-10-31 10:24:00,2025-10-31 10:32:00,1865.9,1866.83295,1864.3,1863.36785,50,LONG,-173.25499999999465
cash_ACC,MovingAverage,2025-10-31 10:55:00,2025-10-31 11:10:00,1864.4,1865.3322,1861.0,1860.0695,50,LONG,-263.13499999999976
cash_ACC,MovingAverage,2025-10-31 11:27:00,2025-10-31 12:08:00,1863.0,1863.9315,1865.6,1864.6672,50,LONG,36.78500000000895
cash_ACC,MovingAverage,2025-10-31 12:19:00,2025-10-31 13:15:00,1866.6,1867.5332999999998,1891.6,1890.6542,50,LONG,1156.045000000006
cash_ACC,MovingAverage,2025-10-31 13:23:00,2025-10-31 13:49:00,1902.9,1903.8514499999999,1901.8,1900.8491000000001,50,LONG,-150.11749999998756
cash_ACC,MovingAverage,2025-10-31 15:11:00,2025-10-31 15:22:00,1884.5,1885.4422499999998,1879.8,1878.8601,50,LONG,-329.10749999998643
cash_ACC,MovingAverage,2025-11-03 09:15:00,2025-11-03 09:37:00,1913.0,1913.9565,1889.9,1888.9550500000003,50,LONG,-1250.0724999999875
cash_ACC,MovingAverage,2025-11-03 10:37:00,2025-11-03 10:50:00,1888.0,1888.944,1884.6,1883.6577,50,LONG,-264.31499999999915
cash_ACC,MovingAverage,2025-11-03 11:06:00,2025-11-03 11:12:00,1887.9,1888.84395,1887.0,1886.0565000000001,50,LONG,-139.3724999999904
cash_ACC,MovingAverage,2025-11-03 11:53:00,2025-11-03 11:57:00,1883.6,1884.5417999999997,1882.7,1881.7586500000002,50,LONG,-139.15749999997615
cash_ACC,MovingAverage,2025-11-03 12:04:00,2025-11-03 12:24:00,1884.0,1884.942,1882.2,1881.2589,50,LONG,-184.15499999999838
cash_ACC,MovingAverage,2025-11-03 12:44:00,2025-11-03 12:59:00,1888.4,1889.3442,1884.9,1883.95755,50,LONG,-269.3324999999959
cash_ACC,MovingAverage,2025-11-03 13:16:00,2025-11-03 13:45:00,1889.0,1889.9444999999998,1886.8,1885.8566,50,LONG,-204.39499999998816
cash_ACC,MovingAverage,2025-11-03 14:35:00,2025-11-03 14:46:00,1882.8,1883.7413999999999,1882.6,1881.6587,50,LONG,-104.13499999999658
cash_ACC,MovingAverage,2025-11-04 09:21:00,2025-11-04 09:28:00,1871.6,1872.5357999999999,1865.9,1864.9670500000002,50,LONG,-378.4374999999841
cash_ACC,MovingAverage,2025-11-04 10:58:00,2025-11-04 11:15:00,1845.0,1845.9225,1839.5,1838.5802500000002,50,LONG,-367.1124999999847
cash_ACC,MovingAverage,2025-11-04 12:11:00,2025-11-04 12:21:00,1835.3,1836.2176499999998,1833.6,1832.6832,50,LONG,-176.72249999999394
cash_ACC,MovingAverage,2025-11-04 12:42:00,2025-11-04 12:43:00,1833.3,1834.2166499999998,1833.5,1832.5832500000001,50,LONG,-81.66999999998552
cash_ACC,MovingAverage,2025-11-04 12:46:00,2025-11-04 13:19:00,1833.6,1834.5167999999999,1832.9,1831.9835500000002,50,LONG,-126.66249999998627
cash_ACC,MovingAverage,2025-11-04 13:34:00,2025-11-04 13:38:00,1833.0,1833.9164999999998,1832.4,1831.4838000000002,50,LONG,-121.63499999998066
cash_ACC,MovingAverage,2025-11-04 13:46:00,2025-11-04 14:07:00,1834.9,1835.81745,1834.4,1833.4828000000002,50,LONG,-116.73249999998916
cash_ACC,MovingAverage,2025-11-04 14:10:00,2025-11-04 14:11:00,1833.7,1834.6168499999999,1833.0,1832.0835000000002,50,LONG,-126.66749999998501
cash_ACC,MovingAverage,2025-11-04 14:14:00,2025-11-04 14:15:00,1834.2,1835.1171,1834.8,1833.8826000000001,50,LONG,-61.724999999989905
cash_ACC,MovingAverage,2025-11-04 14:18:00,2025-11-04 14:19:00,1835.0,1835.9174999999998,1834.5,1833.58275,50,LONG,-116.7374999999879
cash_ACC,MovingAverage,2025-11-04 14:20:00,2025-11-04 14:41:00,1834.6,1835.5172999999998,1832.7,1831.78365,50,LONG,-186.68249999998352
cash_ACC,MovingAverage,2025-11-04 15:06:00,2025-11-04 15:25:00,1833.6,1834.5167999999999,1830.5,1829.5847500000002,50,LONG,-246.60249999998314
cash_ACC,MovingAverage,2025-11-06 09:23:00,2025-11-06 09:49:00,1836.8,1837.7183999999997,1835.0,1834.0825000000002,50,LONG,-181.79499999997688
cash_ACC,MovingAverage,2025-11-06 10:41:00,2025-11-06 10:57:00,1832.5,1833.41625,1833.0,1832.0835000000002,50,LONG,-66.63749999999027
cash_ACC,MovingAverage,2025-11-06 11:16:00,2025-11-06 11:29:00,1833.0,1833.9164999999998,1833.0,1832.0835000000002,50,LONG,-91.64999999998145
cash_ACC,MovingAverage,2025-11-06 11:36:00,2025-11-06 11:37:00,1833.0,1833.9164999999998,1832.5,1831.58375,50,LONG,-116.63749999999027
cash_ACC,MovingAverage,2025-11-06 12:05:00,2025-11-06 12:29:00,1832.9,1833.81645,1832.6,1831.6837,50,LONG,-106.63749999999936
cash_ACC,MovingAverage,2025-11-06 12:48:00,2025-11-06 13:11:00,1832.9,1833.81645,1831.7,1830.7841500000002,50,LONG,-151.6149999999925
cash_ACC,MovingAverage,2025-11-06 13:47:00,2025-11-06 13:49:00,1829.9,1830.81495,1829.0,1828.0855000000001,50,LONG,-136.47249999999076
cash_ACC,MovingAverage,2025-11-06 14:13:00,2025-11-06 14:37:00,1830.7,1831.61535,1831.0,1830.0845000000002,50,LONG,-76.54249999999365
cash_ACC,MovingAverage,2025-11-06 14:47:00,2025-11-06 14:59:00,1832.0,1832.916,1830.0,1829.085,50,LONG,-191.54999999999518
cash_ACC,MovingAverage,2025-11-06 15:09:00,2025-11-06 15:21:00,1832.9,1833.81645,1829.5,1828.58525,50,LONG,-261.5599999999972
cash_ACC,MovingAverage,2025-11-07 09:51:00,2025-11-07 10:09:00,1823.2,1824.1116,1822.1,1821.18895,50,LONG,-146.1324999999988
cash_ACC,MovingAverage,2025-11-07 10:10:00,2025-11-07 10:11:00,1822.5,1823.4112499999999,1821.6,1820.6892,50,LONG,-136.1024999999927
cash_ACC,MovingAverage,2025-11-07 10:25:00,2025-11-07 12:07:00,1824.8,1825.7124,1835.2,1834.2824,50,LONG,428.5000000000082
cash_ACC,MovingAverage,2025-11-07 12:21:00,2025-11-07 12:31:00,1836.7,1837.61835,1835.2,1834.2824,50,LONG,-166.79749999999558
cash_ACC,MovingAverage,2025-11-07 12:40:00,2025-11-07 13:50:00,1836.1,1837.01805,1846.6,1845.6767,50,LONG,432.932500000004
cash_ACC,MovingAverage,2025-11-07 14:20:00,2025-11-07 14:40:00,1843.7,1844.62185,1842.4,1841.4788,50,LONG,-157.15249999999514
cash_ACC,MovingAverage,2025-11-07 15:23:00,2025-11-10 09:19:00,1842.2,1843.1210999999998,1838.6,1837.6807000000001,50,LONG,-272.01999999998634
cash_ACC,MovingAverage,2025-11-10 09:41:00,2025-11-10 10:10:00,1842.1,1843.0210499999998,1842.2,1841.2789000000002,50,LONG,-87.10749999997915
cash_ACC,MovingAverage,2025-11-10 10:24:00,2025-11-10 10:48:00,1849.0,1849.9244999999999,1848.6,1847.6757,50,LONG,-112.43999999999232
cash_ACC,MovingAverage,2025-11-10 11:50:00,2025-11-10 12:44:00,1843.0,1843.9215,1845.0,1844.0775,50,LONG,7.800000000008822
cash_ACC,MovingAverage,2025-11-10 13:01:00,2025-11-10 13:31:00,1846.3,1847.2231499999998,1848.0,1847.076,50,LONG,-7.357499999989159
cash_ACC,MovingAverage,2025-11-10 14:06:00,2025-11-10 14:25:00,1848.0,1848.924,1845.3,1844.37735,50,LONG,-227.33249999999998
cash_ACC,MovingAverage,2025-11-10 14:45:00,2025-11-10 14:51:00,1846.3,1847.2231499999998,1844.0,1843.0780000000002,50,LONG,-207.25749999998015
cash_ACC,MovingAverage,2025-11-10 15:12:00,2025-11-10 15:19:00,1846.7,1847.6233499999998,1841.8,1840.8791,50,LONG,-337.2124999999869
cash_ACC,MovingAverage,2025-11-11 09:16:00,2025-11-11 09:33:00,1848.8,1849.7243999999998,1842.1,1841.17895,50,LONG,-427.2724999999923
cash_ACC,MovingAverage,2025-11-11 10:20:00,2025-11-11 10:42:00,1842.9,1843.82145,1842.0,1841.0790000000002,50,LONG,-137.12249999998676
cash_ACC,MovingAverage,2025-11-11 11:01:00,2025-11-11 11:25:00,1842.7,1843.62135,1843.5,1842.57825,50,LONG,-52.15499999999338
cash_ACC,MovingAverage,2025-11-11 11:47:00,2025-11-11 12:07:00,1842.6,1843.5212999999999,1842.3,1841.37885,50,LONG,-107.1224999999913
cash_ACC,MovingAverage,2025-11-11 12:14:00,2025-11-11 12:39:00,1847.2,1848.1236,1847.1,1846.17645,50,LONG,-97.35749999999825
cash_ACC,MovingAverage,2025-11-11 13:18:00,2025-11-11 14:03:00,1846.5,1847.4232499999998,1847.3,1846.37635,50,LONG,-52.34499999999116
cash_ACC,MovingAverage,2025-11-11 14:47:00,2025-11-11 15:14:00,1845.6,1846.5227999999997,1844.8,1843.8776,50,LONG,-132.2599999999852
cash_ACC,MovingAverage,2025-11-12 09:17:00,2025-11-12 09:40:00,1857.0,1857.9285,1850.6,1849.6747,50,LONG,-412.6899999999978
cash_ACC,MovingAverage,2025-11-12 09:47:00,2025-11-12 10:28:00,1853.8,1854.7269,1861.7,1860.76915,50,LONG,302.11250000000973
cash_ACC,MovingAverage,2025-11-12 11:32:00,2025-11-12 11:36:00,1851.9,1852.82595,1853.4,1852.4733,50,LONG,-17.632499999990614
cash_ACC,MovingAverage,2025-11-12 11:43:00,2025-11-12 11:45:00,1852.5,1853.42625,1852.4,1851.4738000000002,50,LONG,-97.62249999998858
cash_ACC,MovingAverage,2025-11-12 12:13:00,2025-11-12 12:39:00,1853.0,1853.9264999999998,1853.1,1852.17345,50,LONG,-87.65249999999014
cash_ACC,MovingAverage,2025-11-12 12:54:00,2025-11-12 13:24:00,1853.0,1853.9264999999998,1855.4,1854.4723000000001,50,LONG,27.290000000016335
cash_ACC,MovingAverage,2025-11-12 14:07:00,2025-11-12 14:08:00,1853.2,1854.1266,1853.3,1852.37335,50,LONG,-87.662499999999
cash_ACC,MovingAverage,2025-11-12 14:42:00,2025-11-12 14:43:00,1851.4,1852.3257,1851.4,1850.4743,50,LONG,-92.57000000000062
cash_ACC,MovingAverage,2025-11-12 14:55:00,2025-11-12 15:27:00,1852.8,1853.7263999999998,1852.1,1851.17395,50,LONG,-127.62249999998403
cash_ACC,MovingAverage,2025-11-13 09:15:00,2025-11-13 09:27:00,1854.5,1855.42725,1850.3,1849.3748500000002,50,LONG,-302.61999999999034
cash_ACC,MovingAverage,2025-11-13 09:50:00,2025-11-13 10:17:00,1854.2,1855.1271,1853.6,1852.6732,50,LONG,-122.6949999999988
cash_ACC,MovingAverage,2025-11-13 10:32:00,2025-11-13 10:47:00,1855.0,1855.9275,1850.2,1849.2749000000001,50,LONG,-332.62999999999465
cash_ACC,MovingAverage,2025-11-13 11:09:00,2025-11-13 11:53:00,1852.5,1853.42625,1855.8,1854.8721,50,LONG,72.2925000000032
cash_ACC,MovingAverage,2025-11-13 12:04:00,2025-11-13 12:21:00,1857.8,1858.7288999999998,1856.7,1855.7716500000001,50,LONG,-147.86249999998518
cash_ACC,MovingAverage,2025-11-13 13:03:00,2025-11-13 13:25:00,1852.1,1853.0260499999997,1853.0,1852.0735000000002,50,LONG,-47.62749999997595
cash_ACC,MovingAverage,2025-11-13 13:39:00,2025-11-13 13:56:00,1853.6,1854.5267999999999,1853.2,1852.2734,50,LONG,-112.66999999999143
cash_ACC,MovingAverage,2025-11-13 15:09:00,2025-11-13 15:23:00,1848.3,1849.2241499999998,1844.9,1843.9775500000003,50,LONG,-262.32999999997446
cash_ACC,MovingAverage,2025-11-14 09:24:00,2025-11-14 09:54:00,1847.6,1848.5237999999997,1843.3,1842.37835,50,LONG,-307.27249999998776
cash_ACC,MovingAverage,2025-11-14 10:17:00,2025-11-14 11:25:00,1845.5,1846.42275,1846.7,1845.7766500000002,50,LONG,-32.304999999985284
cash_ACC,MovingAverage,2025-11-14 11:38:00,2025-11-14 12:07:00,1847.8,1848.7239,1848.2,1847.2759,50,LONG,-72.39999999999327
cash_ACC,MovingAverage,2025-11-14 12:20:00,2025-11-14 12:21:00,1848.9,1849.82445,1846.5,1845.5767500000002,50,LONG,-212.38499999999476
cash_ACC,MovingAverage,2025-11-14 12:55:00,2025-11-14 13:03:00,1842.3,1843.2211499999999,1842.3,1841.37885,50,LONG,-92.11499999998978
cash_ACC,MovingAverage,2025-11-14 13:38:00,2025-11-14 13:45:00,1839.9,1840.81995,1838.0,1837.0810000000001,50,LONG,-186.94749999999658
cash_ACC,MovingAverage,2025-11-14 13:58:00,2025-11-14 14:31:00,1839.9,1840.81995,1840.1,1839.17995,50,LONG,-82.000000000005
cash_ACC,MovingAverage,2025-11-14 14:56:00,2025-11-14 14:57:00,1840.7,1841.62035,1840.0,1839.0800000000002,50,LONG,-127.0174999999881
cash_ACC,MovingAverage,2025-11-14 14:59:00,2025-11-14 15:19:00,1840.3,1841.2201499999999,1840.0,1839.0800000000002,50,LONG,-107.00749999998607
cash_ACC,MovingAverage,2025-11-17 09:15:00,2025-11-17 09:41:00,1854.0,1854.927,1850.0,1849.075,50,LONG,-292.5999999999931
cash_ACC,MovingAverage,2025-11-17 10:32:00,2025-11-17 10:37:00,1844.0,1844.9219999999998,1845.0,1844.0775,50,LONG,-42.2249999999849
cash_ACC,MovingAverage,2025-11-17 10:42:00,2025-11-17 11:06:00,1845.0,1845.9225,1845.0,1844.0775,50,LONG,-92.24999999999
cash_ACC,MovingAverage,2025-11-17 11:13:00,2025-11-17 11:19:00,1845.0,1845.9225,1844.0,1843.0780000000002,50,LONG,-142.2249999999849
cash_ACC,MovingAverage,2025-11-17 11:42:00,2025-11-17 12:05:00,1845.0,1845.9225,1844.9,1843.9775500000003,50,LONG,-97.24749999998039
cash_ACC,MovingAverage,2025-11-17 12:10:00,2025-11-17 12:11:00,1845.0,1845.9225,1844.7,1843.7776500000002,50,LONG,-107.24249999998392
cash_ACC,MovingAverage,2025-11-17 12:14:00,2025-11-17 12:36:00,1844.9,1845.82245,1844.7,1843.7776500000002,50,LONG,-102.23999999998341
cash_ACC,MovingAverage,2025-11-17 12:48:00,2025-11-17 12:53:00,1845.0,1845.9225,1844.5,1843.5777500000002,50,LONG,-117.23749999998745
cash_ACC,MovingAverage,2025-11-17 12:55:00,2025-11-17 13:23:00,1845.0,1845.9225,1845.4,1844.4773000000002,50,LONG,-72.25999999998294
cash_ACC,MovingAverage,2025-11-17 13:53:00,2025-11-17 14:15:00,1846.9,1847.82345,1845.1,1844.17745,50,LONG,-182.30000000000928
cash_ACC,MovingAverage,2025-11-17 15:03:00,2025-11-18 09:15:00,1845.3,1846.22265,1846.0,1845.077,50,LONG,-57.28249999999662
cash_ACC,MovingAverage,2025-11-18 09:18:00,2025-11-18 09:27:00,1851.3,1852.2256499999999,1844.9,1843.9775500000003,50,LONG,-412.4049999999784
cash_ACC,MovingAverage,2025-11-18 10:24:00,2025-11-18 10:43:00,1840.0,1840.9199999999998,1839.5,1838.5802500000002,50,LONG,-116.98749999998199
cash_ACC,MovingAverage,2025-11-18 10:51:00,2025-11-18 11:18:00,1842.5,1843.4212499999999,1843.2,1842.2784000000001,50,LONG,-57.142499999986285
cash_ACC,MovingAverage,2025-11-18 12:35:00,2025-11-18 12:58:00,1839.8,1840.7198999999998,1839.8,1838.8801,50,LONG,-91.98999999998705
cash_ACC,MovingAverage,2025-11-18 13:03:00,2025-11-18 13:27:00,1840.0,1840.9199999999998,1839.0,1838.0805,50,LONG,-141.9749999999908
cash_ACC,MovingAverage,2025-11-18 13:44:00,2025-11-18 14:09:00,1839.9,1840.81995,1839.6,1838.6802,50,LONG,-106.98750000000246
cash_ACC,MovingAverage,2025-11-18 14:28:00,2025-11-18 14:43:00,1839.9,1840.81995,1839.2,1838.2804,50,LONG,-126.97749999999814
cash_ACC,MovingAverage,2025-11-18 14:56:00,2025-11-18 15:28:00,1839.7,1840.61985,1839.9,1838.9800500000001,50,LONG,-81.98999999999614
cash_ACC,MovingAverage,2025-11-19 09:16:00,2025-11-19 09:41:00,1846.6,1847.5232999999998,1840.0,1839.0800000000002,50,LONG,-422.16499999998405
cash_ACC,MovingAverage,2025-11-19 10:32:00,2025-11-19 10:43:00,1837.0,1837.9185,1836.5,1835.58175,50,LONG,-116.83749999999691
cash_ACC,MovingAverage,2025-11-19 11:13:00,2025-11-19 11:37:00,1837.0,1837.9185,1836.8,1835.8816000000002,50,LONG,-101.84499999999161
cash_ACC,MovingAverage,2025-11-19 11:48:00,2025-11-19 11:49:00,1837.0,1837.9185,1837.0,1836.0815,50,LONG,-91.84999999999945
cash_ACC,MovingAverage,2025-11-19 11:54:00,2025-11-19 12:03:00,1837.0,1837.9185,1836.7,1835.7816500000001,50,LONG,-106.84249999999338
cash_ACC,MovingAverage,2025-11-19 12:35:00,2025-11-19 12:46:00,1836.8,1837.7183999999997,1836.0,1835.082,50,LONG,-131.81999999998197
cash_ACC,MovingAverage,2025-11-19 12:48:00,2025-11-19 13:25:00,1836.8,1837.7183999999997,1840.0,1839.0800000000002,50,LONG,68.08000000002039
cash_ACC,MovingAverage,2025-11-19 14:03:00,2025-11-19 14:31:00,1838.9,1839.81945,1837.8,1836.8811,50,LONG,-146.91749999999502
cash_ACC,MovingAverage,2025-11-19 15:13:00,2025-11-19 15:22:00,1837.8,1838.7188999999998,1837.0,1836.0815,50,LONG,-131.86999999999216
cash_ACC,MovingAverage,2025-11-20 09:15:00,2025-11-20 09:44:00,1845.0,1845.9225,1847.6,1846.6762,50,LONG,37.685000000010405
cash_ACC,MovingAverage,2025-11-20 09:50:00,2025-11-20 10:06:00,1849.6,1850.5248,1845.0,1844.0775,50,LONG,-322.3649999999907
cash_ACC,MovingAverage,2025-11-20 10:17:00,2025-11-20 10:50:00,1858.7,1859.62935,1860.2,1859.2699000000002,50,LONG,-17.972499999984848
cash_ACC,MovingAverage,2025-11-20 11:16:00,2025-11-20 11:49:00,1859.2,1860.1296,1857.9,1856.97105,50,LONG,-157.92749999999387
cash_ACC,MovingAverage,2025-11-20 12:36:00,2025-11-20 12:54:00,1852.5,1853.42625,1850.2,1849.2749000000001,50,LONG,-207.5674999999933
cash_ACC,MovingAverage,2025-11-20 13:01:00,2025-11-20 13:27:00,1853.9,1854.82695,1854.6,1853.6727,50,LONG,-57.712499999990996
cash_ACC,MovingAverage,2025-11-20 13:31:00,2025-11-20 13:32:00,1854.9,1855.82745,1853.2,1852.2734,50,LONG,-177.70249999999805
cash_ACC,MovingAverage,2025-11-20 13:36:00,2025-11-20 13:47:00,1854.9,1855.82745,1853.5,1852.5732500000001,50,LONG,-162.70999999999276
cash_ACC,MovingAverage,2025-11-20 14:19:00,2025-11-20 14:36:00,1852.3,1853.22615,1852.1,1851.17395,50,LONG,-102.60999999999285
cash_ACC,MovingAverage,2025-11-20 14:39:00,2025-11-20 14:55:00,1854.4,1855.3272,1850.6,1849.6747,50,LONG,-282.6249999999959
cash_ACC,MovingAverage,2025-11-20 15:26:00,2025-11-21 09:24:00,1851.2,1852.1255999999998,1848.2,1847.2759,50,LONG,-242.48499999998785
cash_ACC,MovingAverage,2025-11-21 11:18:00,2025-11-21 12:06:00,1837.6,1838.5187999999998,1839.1,1838.18045,50,LONG,-16.917499999988195
cash_ACC,MovingAverage,2025-11-21 12:20:00,2025-11-21 12:35:00,1840.1,1841.0200499999999,1838.1,1837.18095,50,LONG,-191.95499999999583
cash_ACC,MovingAverage,2025-11-21 12:49:00,2025-11-21 13:01:00,1839.9,1840.81995,1840.0,1839.0800000000002,50,LONG,-86.9974999999954
cash_ACC,MovingAverage,2025-11-21 13:02:00,2025-11-21 13:04:00,1839.5,1840.4197499999998,1839.0,1838.0805,50,LONG,-116.96249999998827
cash_ACC,MovingAverage,2025-11-21 13:26:00,2025-11-21 13:46:00,1839.0,1839.9195,1837.5,1836.5812500000002,50,LONG,-166.91249999998945
cash_ACC,MovingAverage,2025-11-21 13:56:00,2025-11-21 14:20:00,1839.0,1839.9195,1839.1,1838.18045,50,LONG,-86.95249999999533
cash_ACC,MovingAverage,2025-11-21 14:21:00,2025-11-21 14:39:00,1839.4,1840.3197,1838.5,1837.58075,50,LONG,-136.94749999999658
cash_ACC,MovingAverage,2025-11-24 10:08:00,2025-11-24 10:29:00,1823.8,1824.7118999999998,1823.5,1822.58825,50,LONG,-106.18249999998852
cash_ACC,MovingAverage,2025-11-24 10:50:00,2025-11-24 11:00:00,1824.8,1825.7124,1824.1,1823.18795,50,LONG,-126.2224999999944
cash_ACC,MovingAverage,2025-11-24 11:34:00,2025-11-24 11:48:00,1825.4,1826.3127,1823.0,1822.0885,50,LONG,-211.20999999999412
cash_ACC,MovingAverage,2025-11-24 12:25:00,2025-11-24 13:08:00,1825.4,1826.3127,1821.7,1820.78915,50,LONG,-276.1774999999943
cash_ACC,MovingAverage,2025-11-24 13:35:00,2025-11-24 13:42:00,1823.0,1823.9115,1820.1,1819.18995,50,LONG,-236.07749999999896
cash_ACC,MovingAverage,2025-11-24 13:57:00,2025-11-24 14:16:00,1822.4,1823.3112,1822.5,1821.5887500000001,50,LONG,-86.12249999999904
cash_ACC,MovingAverage,2025-11-24 15:02:00,2025-11-25 09:20:00,1823.8,1824.7118999999998,1890.7,1889.75465,50,LONG,3252.137500000015
cash_ACC,MovingAverage,2025-11-25 09:58:00,2025-11-25 10:18:00,1874.5,1875.43725,1871.9,1870.9640500000003,50,LONG,-223.65999999998394
cash_ACC,MovingAverage,2025-11-25 10:50:00,2025-11-25 11:16:00,1871.2,1872.1355999999998,1871.2,1870.2644000000003,50,LONG,-93.55999999997948
cash_ACC,MovingAverage,2025-11-25 12:03:00,2025-11-25 12:09:00,1867.0,1867.9334999999999,1865.1,1864.16745,50,LONG,-188.3024999999975
cash_ACC,MovingAverage,2025-11-25 12:10:00,2025-11-25 12:11:00,1866.0,1866.933,1865.9,1864.9670500000002,50,LONG,-98.29749999998967
cash_ACC,MovingAverage,2025-11-25 12:32:00,2025-11-25 13:21:00,1865.4,1866.3327,1867.0,1866.0665000000001,50,LONG,-13.309999999989941
cash_ACC,MovingAverage,2025-11-25 13:42:00,2025-11-25 13:58:00,1868.7,1869.63435,1867.0,1866.0665000000001,50,LONG,-178.39249999999538
cash_ACC,MovingAverage,2025-11-25 14:14:00,2025-11-25 14:17:00,1868.0,1868.934,1867.5,1866.56625,50,LONG,-118.38749999999436
cash_ACC,MovingAverage,2025-11-25 14:52:00,2025-11-25 15:21:00,1865.0,1865.9325,1867.6,1866.6662000000001,50,LONG,36.685000000011314
cash_ACC,MovingAverage,2025-11-26 09:26:00,2025-11-26 10:15:00,1870.4,1871.3352,1874.9,1873.9625500000002,50,LONG,131.3675000000103
cash_ACC,MovingAverage,2025-11-26 10:49:00,2025-11-26 11:19:00,1874.3,1875.23715,1868.9,1867.9655500000001,50,LONG,-363.5799999999904
cash_ACC,MovingAverage,2025-11-26 12:05:00,2025-11-26 12:24:00,1868.0,1868.934,1865.5,1864.56725,50,LONG,-218.33749999999554
cash_ACC,MovingAverage,2025-11-26 12:55:00,2025-11-26 13:21:00,1865.6,1866.5327999999997,1862.5,1861.5687500000001,50,LONG,-248.2024999999794
cash_ACC,MovingAverage,2025-11-26 13:39:00,2025-11-26 14:30:00,1866.0,1866.933,1869.9,1868.9650500000002,50,LONG,101.6025000000127
cash_ACC,MovingAverage,2025-11-26 14:52:00,2025-11-26 15:29:00,1878.5,1879.43925,1875.0,1874.0625,50,LONG,-268.8374999999951
cash_ACC,MovingAverage,2025-11-27 09:56:00,2025-11-27 10:24:00,1874.7,1875.63735,1874.9,1873.9625500000002,50,LONG,-83.73999999998887
cash_ACC,MovingAverage,2025-11-27 10:25:00,2025-11-27 10:28:00,1874.7,1875.63735,1874.5,1873.56275,50,LONG,-103.72999999999593
cash_ACC,MovingAverage,2025-11-27 10:31:00,2025-11-27 10:50:00,1874.9,1875.83745,1872.6,1871.6637,50,LONG,-208.68749999999636
cash_ACC,MovingAverage,2025-11-27 11:17:00,2025-11-27 11:18:00,1873.1,1874.0365499999998,1871.0,1870.0645000000002,50,LONG,-198.60249999998132
cash_ACC,MovingAverage,2025-11-27 11:49:00,2025-11-27 12:08:00,1873.2,1874.1366,1871.7,1870.7641500000002,50,LONG,-168.62249999999221
cash_ACC,MovingAverage,2025-11-27 12:36:00,2025-11-27 13:14:00,1870.0,1870.935,1871.7,1870.7641500000002,50,LONG,-8.542499999987285
cash_ACC,MovingAverage,2025-11-27 13:44:00,2025-11-27 13:49:00,1870.9,1871.83545,1868.0,1867.066,50,LONG,-238.4725000000003
cash_ACC,MovingAverage,2025-11-27 14:00:00,2025-11-27 14:09:00,1870.9,1871.83545,1867.9,1866.9660500000002,50,LONG,-243.4699999999907
cash_ACC,MovingAverage,2025-11-27 14:26:00,2025-11-27 14:27:00,1869.0,1869.9344999999998,1868.9,1867.9655500000001,50,LONG,-98.44749999998612
cash_ACC,MovingAverage,2025-11-27 14:28:00,2025-11-27 14:31:00,1869.8,1870.7349,1867.0,1866.0665000000001,50,LONG,-233.4199999999896
cash_ACC,MovingAverage,2025-11-27 14:36:00,2025-11-27 14:50:00,1870.9,1871.83545,1867.7,1866.7661500000002,50,LONG,-253.46499999999423
cash_ACC,MovingAverage,2025-11-27 15:04:00,2025-11-27 15:21:00,1871.3,1872.2356499999999,1867.0,1866.0665000000001,50,LONG,-308.4574999999859
cash_ACC,MovingAverage,2025-11-28 09:28:00,2025-11-28 09:30:00,1870.0,1870.935,1863.0,1862.0685,50,LONG,-443.324999999993
cash_ACC,MovingAverage,2025-11-28 09:31:00,2025-11-28 09:33:00,1864.9,1865.8324499999999,1864.3,1863.36785,50,LONG,-123.22999999998956
cash_ACC,MovingAverage,2025-11-28 09:57:00,2025-11-28 10:27:00,1861.1,1862.0305499999997,1865.4,1864.4673000000003,50,LONG,121.83750000002647
cash_ACC,MovingAverage,2025-11-28 10:28:00,2025-11-28 10:33:00,1866.6,1867.5332999999998,1863.1,1862.1684500000001,50,LONG,-268.2424999999853
cash_ACC,MovingAverage,2025-11-28 13:19:00,2025-11-28 13:21:00,1850.0,1850.925,1849.4,1848.4753000000003,50,LONG,-122.4849999999833
cash_ACC,MovingAverage,2025-11-28 13:27:00,2025-11-28 13:33:00,1850.0,1850.925,1849.1,1848.17545,50,LONG,-137.47749999999996
cash_ACC,MovingAverage,2025-11-28 13:38:00,2025-11-28 13:42:00,1850.0,1850.925,1849.1,1848.17545,50,LONG,-137.47749999999996
cash_ACC,MovingAverage,2025-11-28 14:00:00,2025-11-28 14:02:00,1850.2,1851.1251,1847.8,1846.8761,50,LONG,-212.45000000000118
cash_ACC,MovingAverage,2025-11-28 14:04:00,2025-11-28 14:05:00,1850.0,1850.925,1849.6,1848.6752,50,LONG,-112.49000000000251
cash_ACC,MovingAverage,2025-11-28 14:12:00,2025-11-28 14:13:00,1848.0,1848.924,1847.5,1846.57625,50,LONG,-117.38749999999527
cash_ACC,MovingAverage,2025-11-28 14:33:00,2025-11-28 14:43:00,1849.6,1850.5248,1849.2,1848.2754000000002,50,LONG,-112.4699999999848
cash_ACC,MovingAverage,2025-11-28 14:46:00,2025-11-28 15:15:00,1850.0,1850.925,1848.0,1847.076,50,LONG,-192.44999999999663
cash_ACC,MovingAverage,2025-11-28 15:26:00,2025-12-01 09:41:00,1850.7,1851.62535,1853.3,1852.37335,50,LONG,37.400000000002365
cash_ACC,MovingAverage,2025-12-01 10:07:00,2025-12-01 10:40:00,1854.9,1855.82745,1855.7,1854.7721500000002,50,LONG,-52.76499999998805
cash_ACC,MovingAverage,2025-12-01 11:19:00,2025-12-01 11:42:00,1855.0,1855.9275,1851.9,1850.9740500000003,50,LONG,-247.6724999999874
cash_ACC,MovingAverage,2025-12-01 12:27:00,2025-12-01 12:30:00,1850.5,1851.42525,1848.1,1847.17595,50,LONG,-212.46499999999742
cash_ACC,MovingAverage,2025-12-01 12:31:00,2025-12-01 12:47:00,1850.4,1851.3252,1849.4,1848.4753000000003,50,LONG,-142.49499999998534
cash_ACC,MovingAverage,2025-12-01 13:02:00,2025-12-01 13:22:00,1850.0,1850.925,1848.1,1847.17595,50,LONG,-187.45249999999487
cash_ACC,MovingAverage,2025-12-01 13:23:00,2025-12-01 13:24:00,1850.6,1851.5252999999998,1849.1,1848.17545,50,LONG,-167.49249999999165
cash_ACC,MovingAverage,2025-12-01 13:41:00,2025-12-01 13:56:00,1851.1,1852.0255499999998,1850.0,1849.075,50,LONG,-147.5274999999897
cash_ACC,MovingAverage,2025-12-01 13:58:00,2025-12-01 14:04:00,1850.4,1851.3252,1850.0,1849.075,50,LONG,-112.50999999999749
cash_ACC,MovingAverage,2025-12-01 14:05:00,2025-12-01 14:07:00,1850.0,1850.925,1850.0,1849.075,50,LONG,-92.49999999999545
cash_ACC,MovingAverage,2025-12-01 14:20:00,2025-12-01 14:30:00,1850.9,1851.82545,1850.0,1849.075,50,LONG,-137.52250000000004
cash_ACC,MovingAverage,2025-12-01 14:33:00,2025-12-01 14:42:00,1851.0,1851.9254999999998,1850.0,1849.075,50,LONG,-142.52499999998918
cash_ACC,MovingAverage,2025-12-01 14:51:00,2025-12-01 14:53:00,1850.4,1851.3252,1850.0,1849.075,50,LONG,-112.50999999999749
cash_ACC,MovingAverage,2025-12-01 14:55:00,2025-12-01 15:00:00,1850.9,1851.82545,1850.0,1849.075,50,LONG,-137.52250000000004
cash_ACC,MovingAverage,2025-12-01 15:09:00,2025-12-01 15:19:00,1851.0,1851.9254999999998,1848.0,1847.076,50,LONG,-242.47499999999036
cash_ACC,MovingAverage,2025-12-02 09:59:00,2025-12-02 10:25:00,1849.8,1850.7249,1849.8,1848.8751,50,LONG,-92.48999999999796
cash_ACC,MovingAverage,2025-12-02 10:29:00,2025-12-02 11:17:00,1849.7,1850.62485,1851.8,1850.8741,50,LONG,12.462500000003729
cash_ACC,MovingAverage,2025-12-02 12:13:00,2025-12-02 12:46:00,1851.9,1852.82595,1850.3,1849.3748500000002,50,LONG,-172.55499999998847
cash_ACC,MovingAverage,2025-12-02 13:53:00,2025-12-02 14:29:00,1848.0,1848.924,1848.4,1847.4758000000002,50,LONG,-72.40999999999076
cash_ACC,MovingAverage,2025-12-02 15:03:00,2025-12-02 15:28:00,1850.0,1850.925,1850.0,1849.075,50,LONG,-92.49999999999545
cash_ACC,MovingAverage,2025-12-03 09:18:00,2025-12-03 09:28:00,1858.9,1859.82945,1847.9,1846.9760500000002,50,LONG,-642.6699999999869
cash_ACC,MovingAverage,2025-12-03 10:18:00,2025-12-03 10:36:00,1839.8,1840.7198999999998,1839.1,1838.18045,50,LONG,-126.97249999998803
cash_ACC,MovingAverage,2025-12-03 11:10:00,2025-12-03 11:29:00,1839.5,1840.4197499999998,1839.0,1838.0805,50,LONG,-116.96249999998827
cash_ACC,MovingAverage,2025-12-03 11:41:00,2025-12-03 12:03:00,1840.6,1841.5203,1839.0,1838.0805,50,LONG,-171.98999999999387
cash_ACC,MovingAverage,2025-12-03 12:14:00,2025-12-03 12:35:00,1840.0,1840.9199999999998,1839.7,1838.78015,50,LONG,-106.99249999998983
cash_ACC,MovingAverage,2025-12-03 13:00:00,2025-12-03 13:03:00,1839.0,1839.9195,1839.0,1838.0805,50,LONG,-91.94999999999709
cash_ACC,MovingAverage,2025-12-03 13:09:00,2025-12-03 13:11:00,1839.0,1839.9195,1838.7,1837.7806500000002,50,LONG,-106.94249999999101
cash_ACC,MovingAverage,2025-12-03 13:34:00,2025-12-03 13:57:00,1838.9,1839.81945,1838.7,1837.7806500000002,50,LONG,-101.9399999999905
cash_ACC,MovingAverage,2025-12-03 14:12:00,2025-12-03 14:27:00,1839.6,1840.5197999999998,1839.0,1838.0805,50,LONG,-121.96499999998878
cash_ACC,MovingAverage,2025-12-03 14:47:00,2025-12-03 15:11:00,1839.1,1840.0195499999998,1839.0,1838.0805,50,LONG,-96.95249999998623
cash_ACC,MovingAverage,2025-12-03 15:12:00,2025-12-03 15:14:00,1839.9,1840.81995,1837.2,1836.2814,50,LONG,-226.92749999999933
cash_ACC,MovingAverage,2025-12-03 15:25:00,2025-12-03 15:26:00,1839.0,1839.9195,1839.0,1838.0805,50,LONG,-91.94999999999709
cash_ACC,MovingAverage,2025-12-03 15:27:00,2025-12-04 09:19:00,1838.9,1839.81945,1836.0,1835.082,50,LONG,-236.87249999999267
cash_ACC,MovingAverage,2025-12-04 09:46:00,2025-12-04 09:51:00,1835.0,1835.9174999999998,1834.0,1833.083,50,LONG,-141.72499999998536
cash_ACC,MovingAverage,2025-12-04 09:56:00,2025-12-04 10:13:00,1835.0,1835.9174999999998,1834.1,1833.1829500000001,50,LONG,-136.7274999999836
cash_ACC,MovingAverage,2025-12-04 11:09:00,2025-12-04 11:10:00,1823.5,1824.41175,1823.4,1822.4883000000002,50,LONG,-96.17249999998876
cash_ACC,MovingAverage,2025-12-04 11:23:00,2025-12-04 11:29:00,1823.9,1824.81195,1822.7,1821.7886500000002,50,LONG,-151.16499999999178
cash_ACC,MovingAverage,2025-12-04 12:03:00,2025-12-04 12:28:00,1822.0,1822.9109999999998,1821.2,1820.2894000000001,50,LONG,-131.07999999998583
cash_ACC,MovingAverage,2025-12-04 12:38:00,2025-12-04 12:58:00,1823.0,1823.9115,1821.7,1820.78915,50,LONG,-156.11749999999347
cash_ACC,MovingAverage,2025-12-04 13:35:00,2025-12-04 13:39:00,1819.9,1820.80995,1819.2,1818.2904,50,LONG,-125.97749999999905
cash_ACC,MovingAverage,2025-12-04 13:53:00,2025-12-04 13:54:00,1819.9,1820.80995,1818.7,1817.7906500000001,50,LONG,-150.9649999999965
cash_ACC,MovingAverage,2025-12-04 13:56:00,2025-12-04 13:59:00,1820.0,1820.9099999999999,1818.8,1817.8906,50,LONG,-150.96999999999525
cash_ACC,MovingAverage,2025-12-04 14:04:00,2025-12-04 14:06:00,1819.2,1820.1096,1819.2,1818.2904,50,LONG,-90.95999999999549
cash_ACC,MovingAverage,2025-12-04 14:14:00,2025-12-04 14:37:00,1819.9,1820.80995,1819.7,1818.79015,50,LONG,-100.9900000000016
cash_ACC,MovingAverage,2025-12-04 15:17:00,2025-12-04 15:21:00,1818.3,1819.20915,1814.0,1813.093,50,LONG,-305.8074999999917
cash_ACC,MovingAverage,2025-12-05 09:17:00,2025-12-05 09:35:00,1819.9,1820.80995,1817.2,1816.2914,50,LONG,-225.92750000000024
cash_ACC,MovingAverage,2025-12-05 10:06:00,2025-12-05 10:28:00,1817.0,1817.9085,1813.3,1812.39335,50,LONG,-275.75749999999744
cash_ACC,MovingAverage,2025-12-05 10:42:00,2025-12-05 11:02:00,1814.2,1815.1071,1814.9,1813.9925500000002,50,LONG,-55.72749999998905
cash_ACC,MovingAverage,2025-12-05 11:03:00,2025-12-05 11:33:00,1815.0,1815.9074999999998,1814.9,1813.9925500000002,50,LONG,-95.74749999998176
cash_ACC,MovingAverage,2025-12-05 11:39:00,2025-12-05 11:41:00,1815.9,1816.80795,1814.8,1813.8926000000001,50,LONG,-145.7674999999881
cash_ACC,MovingAverage,2025-12-05 11:44:00,2025-12-05 11:45:00,1816.0,1816.908,1814.8,1813.8926000000001,50,LONG,-150.7699999999886
cash_ACC,MovingAverage,2025-12-05 11:47:00,2025-12-05 11:49:00,1814.7,1815.60735,1814.5,1813.59275,50,LONG,-100.72999999999865
cash_ACC,MovingAverage,2025-12-05 12:29:00,2025-12-05 12:32:00,1814.8,1815.7073999999998,1814.6,1813.6927,50,LONG,-100.73499999998603
cash_ACC,MovingAverage,2025-12-05 12:33:00,2025-12-05 12:44:00,1814.6,1815.5072999999998,1814.0,1813.093,50,LONG,-120.71499999998423
cash_ACC,MovingAverage,2025-12-05 13:00:00,2025-12-05 13:18:00,1815.8,1816.7078999999999,1808.0,1807.096,50,LONG,-480.5949999999939
cash_ACC,MovingAverage,2025-12-05 14:16:00,2025-12-05 14:24:00,1805.0,1805.9025,1800.9,1799.9995500000002,50,LONG,-295.1474999999846
cash_ACC,MovingAverage,2025-12-05 15:20:00,2025-12-08 09:40:00,1800.0,1800.8999999999999,1803.3,1802.3983500000002,50,LONG,74.91750000001502
cash_ACC,MovingAverage,2025-12-08 10:02:00,2025-12-08 10:36:00,1806.0,1806.9029999999998,1806.5,1805.5967500000002,50,LONG,-65.31249999998181
cash_ACC,MovingAverage,2025-12-08 11:26:00,2025-12-08 11:42:00,1803.0,1803.9015,1801.7,1800.79915,50,LONG,-155.11749999999438
cash_ACC,MovingAverage,2025-12-08 11:54:00,2025-12-08 12:03:00,1803.9,1804.80195,1801.2,1800.2994,50,LONG,-225.12749999999642
cash_ACC,MovingAverage,2025-12-08 13:17:00,2025-12-08 13:25:00,1797.0,1797.8985,1792.2,1791.3039,50,LONG,-329.729999999995
cash_ACC,MovingAverage,2025-12-08 13:49:00,2025-12-08 14:04:00,1793.8,1794.6969,1791.6,1790.7042,50,LONG,-199.63500000000067
cash_ACC,MovingAverage,2025-12-08 14:14:00,2025-12-08 14:42:00,1796.9,1797.79845,1797.0,1796.1015,50,LONG,-84.84750000000076
cash_ACC,MovingAverage,2025-12-09 09:15:00,2025-12-09 09:16:00,1795.0,1795.8974999999998,1790.0,1789.105,50,LONG,-339.62499999998954
cash_ACC,MovingAverage,2025-12-09 10:00:00,2025-12-09 10:38:00,1778.3,1779.18915,1785.6,1784.7072,50,LONG,275.9025000000065
cash_ACC,MovingAverage,2025-12-09 11:02:00,2025-12-09 11:27:00,1788.1,1788.9940499999998,1786.4,1785.5068,50,LONG,-174.3624999999838
cash_ACC,MovingAverage,2025-12-09 11:55:00,2025-12-09 12:17:00,1790.0,1790.895,1788.1,1787.20595,50,LONG,-184.4524999999976
cash_ACC,MovingAverage,2025-12-09 13:03:00,2025-12-09 13:23:00,1784.7,1785.59235,1784.7,1783.8076500000002,50,LONG,-89.23499999998512
cash_ACC,MovingAverage,2025-12-09 13:43:00,2025-12-09 13:45:00,1784.7,1785.59235,1784.1,1783.20795,50,LONG,-119.21999999999571
cash_ACC,MovingAverage,2025-12-09 13:54:00,2025-12-09 14:51:00,1785.4,1786.2927,1784.9,1784.0075500000003,50,LONG,-114.25749999998516
cash_ACC,MovingAverage,2025-12-09 15:16:00,2025-12-09 15:23:00,1784.7,1785.59235,1784.1,1783.20795,50,LONG,-119.21999999999571
cash_ACC,MovingAverage,2025-12-09 15:29:00,2025-12-10 09:40:00,1787.0,1787.8935,1791.4,1790.5043000000003,50,LONG,130.54000000001906
cash_ACC,MovingAverage,2025-12-10 10:04:00,2025-12-10 10:14:00,1791.7,1792.59585,1791.6,1790.7042,50,LONG,-94.58250000000135
cash_ACC,MovingAverage,2025-12-10 10:21:00,2025-12-10 10:29:00,1791.8,1792.6959,1788.6,1787.7057,50,LONG,-249.50999999999794
cash_ACC,MovingAverage,2025-12-10 11:08:00,2025-12-10 11:16:00,1786.0,1786.8929999999998,1786.4,1785.5068,50,LONG,-69.30999999998448
cash_ACC,MovingAverage,2025-12-10 11:18:00,2025-12-10 11:36:00,1788.5,1789.3942499999998,1784.5,1783.6077500000001,50,LONG,-289.32499999998527
cash_ACC,MovingAverage,2025-12-10 12:03:00,2025-12-10 12:31:00,1784.0,1784.8919999999998,1783.4,1782.5083000000002,50,LONG,-119.18499999998176
cash_ACC,MovingAverage,2025-12-10 12:55:00,2025-12-10 13:22:00,1782.5,1783.39125,1784.0,1783.1080000000002,50,LONG,-14.162499999986267
cash_ACC,MovingAverage,2025-12-10 13:57:00,2025-12-10 14:04:00,1784.0,1784.8919999999998,1782.0,1781.1090000000002,50,LONG,-189.14999999998372
cash_ACC,MovingAverage,2025-12-10 14:23:00,2025-12-10 14:36:00,1783.0,1783.8915,1782.8,1781.9086,50,LONG,-99.14499999999862
cash_ACC,MovingAverage,2025-12-10 14:37:00,2025-12-10 14:38:00,1783.3,1784.1916499999998,1783.0,1782.1085,50,LONG,-104.15749999998525
cash_ACC,MovingAverage,2025-12-10 14:39:00,2025-12-10 14:45:00,1782.8,1783.6914,1781.7,1780.80915,50,LONG,-144.11249999999427
cash_ACC,MovingAverage,2025-12-10 15:06:00,2025-12-10 15:12:00,1782.1,1782.9910499999999,1781.7,1780.80915,50,LONG,-109.0949999999907
cash_ACC,MovingAverage,2025-12-11 10:06:00,2025-12-11 10:38:00,1777.2,1778.0886,1778.6,1777.7107,50,LONG,-18.894999999997708
cash_ACC,MovingAverage,2025-12-11 10:41:00,2025-12-11 10:43:00,1779.2,1780.0896,1778.3,1777.41085,50,LONG,-133.93750000000182
cash_ACC,MovingAverage,2025-12-11 10:44:00,2025-12-11 10:54:00,1779.1,1779.9895499999998,1778.0,1777.111,50,LONG,-143.92749999998387
cash_ACC,MovingAverage,2025-12-11 10:57:00,2025-12-11 10:58:00,1778.2,1779.0891,1778.2,1777.3109000000002,50,LONG,-88.90999999998712
cash_ACC,MovingAverage,2025-12-11 11:18:00,2025-12-11 11:40:00,1777.4,1778.2887,1778.6,1777.7107,50,LONG,-28.899999999998727
cash_ACC,MovingAverage,2025-12-11 11:46:00,2025-12-11 11:48:00,1780.0,1780.8899999999999,1778.8,1777.9106000000002,50,LONG,-148.9699999999857
cash_ACC,MovingAverage,2025-12-11 11:50:00,2025-12-11 12:04:00,1778.8,1779.6893999999998,1778.7,1777.8106500000001,50,LONG,-93.93749999998136
cash_ACC,MovingAverage,2025-12-11 12:05:00,2025-12-11 12:06:00,1778.7,1779.58935,1778.8,1777.9106000000002,50,LONG,-83.93749999999045
cash_ACC,MovingAverage,2025-12-11 12:08:00,2025-12-11 12:11:00,1779.9,1780.78995,1778.4,1777.5108000000002,50,LONG,-163.95749999999225
cash_ACC,MovingAverage,2025-12-11 12:13:00,2025-12-11 12:25:00,1779.0,1779.8895,1779.0,1778.1105,50,LONG,-88.94999999999982
cash_ACC,MovingAverage,2025-12-11 12:28:00,2025-12-11 12:31:00,1780.4,1781.2902,1778.6,1777.7107,50,LONG,-178.97499999999127
cash_ACC,MovingAverage,2025-12-11 12:44:00,2025-12-11 13:06:00,1779.8,1780.6898999999999,1779.0,1778.1105,50,LONG,-128.96999999999252
cash_ACC,MovingAverage,2025-12-11 13:27:00,2025-12-11 13:43:00,1778.0,1778.889,1778.4,1777.5108000000002,50,LONG,-68.90999999998257
cash_ACC,MovingAverage,2025-12-11 13:48:00,2025-12-11 13:49:00,1778.0,1778.889,1778.0,1777.111,50,LONG,-88.89999999998963
cash_ACC,MovingAverage,2025-12-11 13:57:00,2025-12-11 14:14:00,1781.7,1782.59085,1779.0,1778.1105,50,LONG,-224.0175000000022
cash_ACC,MovingAverage,2025-12-11 14:32:00,2025-12-11 14:37:00,1778.9,1779.78945,1778.2,1777.3109000000002,50,LONG,-123.92749999999069
cash_ACC,MovingAverage,2025-12-11 14:58:00,2025-12-11 15:14:00,1779.4,1780.2897,1778.0,1777.111,50,LONG,-158.93499999999676
cash_ACC,MovingAverage,2025-12-12 09:15:00,2025-12-12 10:05:00,1789.0,1789.8944999999999,1787.7,1786.8061500000001,50,LONG,-154.4174999999882
cash_ACC,MovingAverage,2025-12-12 11:06:00,2025-12-12 11:36:00,1785.9,1786.79295,1787.8,1786.9061000000002,50,LONG,5.657500000006621
cash_ACC,MovingAverage,2025-12-12 11:38:00,2025-12-12 11:40:00,1787.8,1788.6938999999998,1786.5,1785.6067500000001,50,LONG,-154.35749999998052
cash_ACC,MovingAverage,2025-12-12 11:58:00,2025-12-12 12:12:00,1788.0,1788.894,1786.6,1785.7067,50,LONG,-159.3650000000025
cash_ACC,MovingAverage,2025-12-12 13:37:00,2025-12-12 13:41:00,1778.8,1779.6893999999998,1777.1,1776.21145,50,LONG,-173.89749999998685
cash_ACC,MovingAverage,2025-12-12 14:07:00,2025-12-12 14:29:00,1780.0,1780.8899999999999,1776.2,1775.3119000000002,50,LONG,-278.9049999999861
cash_ACC,MovingAverage,2025-12-12 15:01:00,2025-12-12 15:02:00,1772.5,1773.3862499999998,1771.8,1770.9141,50,LONG,-123.60749999999143
cash_ACC,MovingAverage,2025-12-12 15:23:00,2025-12-15 09:55:00,1771.9,1772.78595,1782.3,1781.40885,50,LONG,431.1450000000036
cash_ACC,MovingAverage,2025-12-15 10:02:00,2025-12-15 10:27:00,1785.9,1786.79295,1784.1,1783.20795,50,LONG,-179.25000000000182
cash_ACC,MovingAverage,2025-12-15 11:52:00,2025-12-15 12:17:00,1776.0,1776.888,1776.3,1775.41185,50,LONG,-73.80749999999807
cash_ACC,MovingAverage,2025-12-15 13:21:00,2025-12-15 14:12:00,1774.8,1775.6873999999998,1776.6,1775.7117,50,LONG,1.2150000000133332
cash_ACC,MovingAverage,2025-12-15 14:51:00,2025-12-15 15:02:00,1777.5,1778.3887499999998,1775.0,1774.1125000000002,50,LONG,-213.81249999998317
cash_ACC,MovingAverage,2025-12-15 15:13:00,2025-12-16 09:20:00,1777.9,1778.7889499999999,1773.4,1772.5133000000003,50,LONG,-313.78249999997934
cash_ACC,MovingAverage,2025-12-16 09:42:00,2025-12-16 10:03:00,1775.4,1776.2877,1772.2,1771.3139,50,LONG,-248.68999999999915
cash_ACC,MovingAverage,2025-12-16 10:17:00,2025-12-16 10:33:00,1773.6,1774.4868,1773.5,1772.61325,50,LONG,-93.67749999998978
cash_ACC,MovingAverage,2025-12-16 10:54:00,2025-12-16 11:09:00,1774.2,1775.0871,1773.2,1772.3134000000002,50,LONG,-138.68499999998676
cash_ACC,MovingAverage,2025-12-16 11:54:00,2025-12-16 12:25:00,1769.4,1770.2847,1769.4,1768.5153000000003,50,LONG,-88.46999999998388
cash_ACC,MovingAverage,2025-12-16 12:26:00,2025-12-16 12:58:00,1770.2,1771.0851,1770.0,1769.115,50,LONG,-98.50500000000011
cash_ACC,MovingAverage,2025-12-16 13:02:00,2025-12-16 13:03:00,1770.7,1771.5853499999998,1769.7,1768.8151500000001,50,LONG,-138.5099999999852
cash_ACC,MovingAverage,2025-12-16 13:05:00,2025-12-16 13:21:00,1770.0,1770.885,1769.5,1768.61525,50,LONG,-113.48749999999654
cash_ACC,MovingAverage,2025-12-16 13:27:00,2025-12-16 14:21:00,1770.9,1771.78545,1771.8,1770.9141,50,LONG,-43.56750000000602
cash_ACC,MovingAverage,2025-12-16 14:49:00,2025-12-16 15:09:00,1773.9,1774.78695,1771.9,1771.0140500000002,50,LONG,-188.64499999998543
cash_ACC,MovingAverage,2025-12-17 09:41:00,2025-12-17 09:49:00,1770.0,1770.885,1769.2,1768.3154000000002,50,LONG,-128.47999999999047
cash_ACC,MovingAverage,2025-12-17 10:23:00,2025-12-17 11:01:00,1768.7,1769.5843499999999,1769.0,1768.1155,50,LONG,-73.44249999998738
cash_ACC,MovingAverage,2025-12-17 11:07:00,2025-12-17 11:11:00,1769.9,1770.78495,1769.0,1768.1155,50,LONG,-133.4724999999935
cash_ACC,MovingAverage,2025-12-17 11:12:00,2025-12-17 11:13:00,1769.1,1769.98455,1769.2,1768.3154000000002,50,LONG,-83.45749999998588
cash_ACC,MovingAverage,2025-12-17 11:18:00,2025-12-17 11:35:00,1770.5,1771.3852499999998,1769.0,1768.1155,50,LONG,-163.48749999998518
cash_ACC,MovingAverage,2025-12-17 11:50:00,2025-12-17 12:04:00,1769.3,1770.18465,1769.0,1768.1155,50,LONG,-103.45749999999043
cash_ACC,MovingAverage,2025-12-17 13:17:00,2025-12-17 13:39:00,1758.7,1759.57935,1758.5,1757.62075,50,LONG,-97.92999999999665
cash_ACC,MovingAverage,2025-12-17 14:02:00,2025-12-17 14:36:00,1759.8,1760.6798999999999,1759.8,1758.9201,50,LONG,-87.98999999999069
cash_ACC,MovingAverage,2025-12-17 14:53:00,2025-12-17 15:20:00,1760.0,1760.8799999999999,1756.6,1755.7217,50,LONG,-257.9149999999913
cash_ACC,MovingAverage,2025-12-18 09:31:00,2025-12-18 09:34:00,1757.6,1758.4787999999999,1756.6,1755.7217,50,LONG,-137.85499999999047
cash_ACC,MovingAverage,2025-12-18 10:12:00,2025-12-18 10:33:00,1754.8,1755.6773999999998,1754.0,1753.123,50,LONG,-127.71999999998798
cash_ACC,MovingAverage,2025-12-18 10:47:00,2025-12-18 10:58:00,1755.2,1756.0775999999998,1754.1,1753.22295,50,LONG,-142.73249999998825
cash_ACC,MovingAverage,2025-12-18 11:01:00,2025-12-18 11:12:00,1755.1,1755.9775499999998,1754.1,1753.22295,50,LONG,-137.72999999998774
cash_ACC,MovingAverage,2025-12-18 11:19:00,2025-12-18 11:21:00,1754.7,1755.57735,1754.5,1753.62275,50,LONG,-97.73000000000138
cash_ACC,MovingAverage,2025-12-18 11:22:00,2025-12-18 11:47:00,1755.2,1756.0775999999998,1755.6,1754.7222,50,LONG,-67.76999999999589
cash_ACC,MovingAverage,2025-12-18 12:02:00,2025-12-18 12:14:00,1757.0,1757.8784999999998,1756.6,1755.7217,50,LONG,-107.83999999998741
cash_ACC,MovingAverage,2025-12-18 12:16:00,2025-12-18 12:26:00,1757.0,1757.8784999999998,1755.7,1754.8221500000002,50,LONG,-152.81749999998056
cash_ACC,MovingAverage,2025-12-18 12:45:00,2025-12-18 13:01:00,1756.5,1757.37825,1755.5,1754.6222500000001,50,LONG,-137.7999999999929
cash_ACC,MovingAverage,2025-12-18 13:23:00,2025-12-18 13:35:00,1756.0,1756.878,1754.0,1753.123,50,LONG,-187.7499999999941
cash_ACC,MovingAverage,2025-12-18 14:14:00,2025-12-18 14:18:00,1755.0,1755.8774999999998,1753.8,1752.9231,50,LONG,-147.71999999999252
cash_ACC,MovingAverage,2025-12-18 14:27:00,2025-12-18 14:32:00,1754.6,1755.4772999999998,1754.8,1753.9226,50,LONG,-77.73499999998421
cash_ACC,MovingAverage,2025-12-18 14:33:00,2025-12-18 15:00:00,1755.6,1756.4778,1755.0,1754.1225000000002,50,LONG,-117.76499999998578
cash_ACC,MovingAverage,2025-12-18 15:15:00,2025-12-18 15:28:00,1757.1,1757.9785499999998,1755.0,1754.1225000000002,50,LONG,-192.80249999998205
cash_ACC,MovingAverage,2025-12-19 09:19:00,2025-12-19 09:49:00,1755.8,1756.6779,1761.5,1760.6192500000002,50,LONG,197.0675000000142
cash_ACC,MovingAverage,2025-12-19 10:04:00,2025-12-19 10:08:00,1759.9,1760.77995,1757.6,1756.7212,50,LONG,-202.93750000000728
cash_ACC,MovingAverage,2025-12-19 10:36:00,2025-12-19 10:37:00,1757.3,1758.1786499999998,1756.0,1755.122,50,LONG,-152.83249999998816
cash_ACC,MovingAverage,2025-12-19 11:02:00,2025-12-19 11:35:00,1756.3,1757.17815,1756.0,1755.122,50,LONG,-102.80749999999443
cash_ACC,MovingAverage,2025-12-19 12:05:00,2025-12-19 12:19:00,1755.1,1755.9775499999998,1754.0,1753.123,50,LONG,-142.7274999999895
cash_ACC,MovingAverage,2025-12-19 12:30:00,2025-12-19 12:54:00,1755.5,1756.3777499999999,1755.0,1754.1225000000002,50,LONG,-112.76249999998527
cash_ACC,MovingAverage,2025-12-19 13:00:00,2025-12-19 14:34:00,1757.5,1758.3787499999999,1767.6,1766.7162,50,LONG,416.87250000001086
cash_ACC,MovingAverage,2025-12-19 14:37:00,2025-12-19 14:47:00,1766.8,1767.6834,1766.8,1765.9166,50,LONG,-88.33999999999378
cash_ACC,MovingAverage,2025-12-19 14:49:00,2025-12-19 15:00:00,1767.5,1768.38375,1754.6,1753.7227,50,LONG,-733.0524999999966
cash_ACC,MovingAverage,2025-12-22 09:15:00,2025-12-22 09:48:00,1767.5,1768.38375,1766.0,1765.1170000000002,50,LONG,-163.33749999998872
cash_ACC,MovingAverage,2025-12-22 10:06:00,2025-12-22 10:16:00,1765.8,1766.6828999999998,1765.0,1764.1175,50,LONG,-128.26999999998634
cash_ACC,MovingAverage,2025-12-22 10:18:00,2025-12-22 10:46:00,1769.8,1770.6849,1767.8,1766.9161000000001,50,LONG,-188.43999999999141
cash_ACC,MovingAverage,2025-12-22 10:50:00,2025-12-22 11:15:00,1771.4,1772.2857,1767.4,1766.5163000000002,50,LONG,-288.4699999999839
cash_ACC,MovingAverage,2025-12-22 11:43:00,2025-12-22 12:34:00,1767.4,1768.2837,1773.1,1772.21345,50,LONG,196.48750000000064
cash_ACC,MovingAverage,2025-12-22 13:32:00,2025-12-22 13:45:00,1768.3,1769.1841499999998,1769.0,1768.1155,50,LONG,-53.43249999998534
cash_ACC,MovingAverage,2025-12-22 13:49:00,2025-12-22 14:02:00,1769.0,1769.8845,1769.0,1768.1155,50,LONG,-88.4499999999889
cash_ACC,MovingAverage,2025-12-22 14:03:00,2025-12-22 14:06:00,1769.0,1769.8845,1767.0,1766.1165,50,LONG,-188.3999999999901
cash_ACC,MovingAverage,2025-12-22 14:30:00,2025-12-22 15:23:00,1766.9,1767.78345,1777.9,1777.0110500000003,50,LONG,461.38000000001966
cash_ACC,MovingAverage,2025-12-23 09:42:00,2025-12-23 09:59:00,1762.5,1763.38125,1761.7,1760.81915,50,LONG,-128.10499999999365
cash_ACC,MovingAverage,2025-12-23 10:08:00,2025-12-23 10:13:00,1762.0,1762.8809999999999,1762.4,1761.5188000000003,50,LONG,-68.10999999997875
cash_ACC,MovingAverage,2025-12-23 10:16:00,2025-12-23 10:23:00,1760.0,1760.8799999999999,1760.3,1759.41985,50,LONG,-73.00749999999425
cash_ACC,MovingAverage,2025-12-23 10:28:00,2025-12-23 11:04:00,1766.6,1767.4832999999999,1765.6,1764.7172,50,LONG,-138.3049999999912
cash_ACC,MovingAverage,2025-12-23 12:01:00,2025-12-23 12:02:00,1761.0,1761.8805,1761.7,1760.81915,50,LONG,-53.06749999999738
cash_ACC,MovingAverage,2025-12-23 12:03:00,2025-12-23 12:28:00,1761.8,1762.6808999999998,1763.1,1762.21845,50,LONG,-23.122499999988122
cash_ACC,MovingAverage,2025-12-23 12:30:00,2025-12-23 12:31:00,1764.3,1765.1821499999999,1763.1,1762.21845,50,LONG,-148.1849999999895
cash_ACC,MovingAverage,2025-12-23 13:51:00,2025-12-23 14:07:00,1758.0,1758.879,1756.5,1755.62175,50,LONG,-162.86249999999427
cash_ACC,MovingAverage,2025-12-23 14:24:00,2025-12-23 14:37:00,1758.7,1759.57935,1757.7,1756.8211500000002,50,LONG,-137.90999999998803
cash_ACC,MovingAverage,2025-12-23 14:53:00,2025-12-23 15:08:00,1759.0,1759.8795,1757.3,1756.42135,50,LONG,-172.90749999999662
cash_ACC,MovingAverage,2025-12-24 09:30:00,2025-12-24 09:41:00,1756.0,1756.878,1748.5,1747.6257500000002,50,LONG,-462.6124999999888
cash_ACC,MovingAverage,2025-12-24 10:34:00,2025-12-24 10:37:00,1745.0,1745.8725,1744.0,1743.1280000000002,50,LONG,-137.22499999998945
cash_ACC,MovingAverage,2025-12-24 10:39:00,2025-12-24 10:44:00,1744.7,1745.57235,1744.1,1743.22795,50,LONG,-117.21999999999753
cash_ACC,MovingAverage,2025-12-24 11:10:00,2025-12-24 11:43:00,1744.3,1745.1721499999999,1744.0,1743.1280000000002,50,LONG,-102.20749999998588
cash_ACC,MovingAverage,2025-12-24 12:11:00,2025-12-24 12:39:00,1743.5,1744.3717499999998,1743.9,1743.0280500000001,50,LONG,-67.18499999998357
cash_ACC,MovingAverage,2025-12-24 13:46:00,2025-12-24 13:50:00,1739.5,1740.3697499999998,1737.0,1736.1315000000002,50,LONG,-211.91249999998263
cash_ACC,MovingAverage,2025-12-24 14:03:00,2025-12-24 14:12:00,1739.9,1740.76995,1736.8,1735.9316000000001,50,LONG,-241.91749999999956
cash_ACC,MovingAverage,2025-12-24 14:33:00,2025-12-24 15:14:00,1738.5,1739.36925,1738.5,1737.63075,50,LONG,-86.92499999999654
cash_ACC,MovingAverage,2025-12-24 15:15:00,2025-12-24 15:20:00,1739.0,1739.8695,1738.7,1737.83065,50,LONG,-101.94249999999556
cash_ACC,MovingAverage,2025-12-26 09:15:00,2025-12-26 09:36:00,1748.7,1749.5743499999999,1739.1,1738.23045,50,LONG,-567.1949999999924
cash_ACC,MovingAverage,2025-12-26 10:07:00,2025-12-26 10:15:00,1737.4,1738.2687,1736.0,1735.132,50,LONG,-156.83500000000095
cash_ACC,MovingAverage,2025-12-26 10:21:00,2025-12-26 10:27:00,1737.0,1737.8684999999998,1735.0,1734.1325000000002,50,LONG,-186.79999999998245
cash_ACC,MovingAverage,2025-12-26 11:31:00,2025-12-26 11:58:00,1734.7,1735.56735,1734.1,1733.23295,50,LONG,-116.71999999999798
cash_ACC,MovingAverage,2025-12-26 12:01:00,2025-12-26 12:04:00,1735.0,1735.8674999999998,1734.6,1733.7327,50,LONG,-106.73999999999069
cash_ACC,MovingAverage,2025-12-26 12:05:00,2025-12-26 12:11:00,1735.1,1735.9675499999998,1734.3,1733.4328500000001,50,LONG,-126.73499999998512
cash_ACC,MovingAverage,2025-12-26 12:14:00,2025-12-26 12:15:00,1735.0,1735.8674999999998,1735.0,1734.1325000000002,50,LONG,-86.74999999998363
cash_ACC,MovingAverage,2025-12-26 12:16:00,2025-12-26 12:26:00,1735.4,1736.2677,1733.1,1732.23345,50,LONG,-201.71250000000782
cash_ACC,MovingAverage,2025-12-26 12:46:00,2025-12-26 12:56:00,1734.9,1735.76745,1733.9,1733.0330500000002,50,LONG,-136.71999999999116
cash_ACC,MovingAverage,2025-12-26 14:00:00,2025-12-26 14:13:00,1729.9,1730.76495,1729.0,1728.1355,50,LONG,-131.4724999999953
cash_ACC,MovingAverage,2025-12-26 14:21:00,2025-12-26 15:16:00,1732.0,1732.866,1735.5,1734.63225,50,LONG,88.31250000000637
cash_ACC,MovingAverage,2025-12-29 09:53:00,2025-12-29 10:18:00,1735.0,1735.8674999999998,1732.0,1731.134,50,LONG,-236.6749999999911
cash_ACC,MovingAverage,2025-12-29 10:32:00,2025-12-29 10:40:00,1732.4,1733.2662,1731.0,1730.1345000000001,50,LONG,-156.5849999999955
cash_ACC,MovingAverage,2025-12-29 11:45:00,2025-12-29 12:11:00,1725.0,1725.8625,1724.8,1723.9376,50,LONG,-96.24499999999898
cash_ACC,MovingAverage,2025-12-29 12:21:00,2025-12-29 12:27:00,1725.0,1725.8625,1724.6,1723.7377,50,LONG,-106.24000000000251
cash_ACC,MovingAverage,2025-12-29 12:39:00,2025-12-29 12:59:00,1725.0,1725.8625,1725.0,1724.1375,50,LONG,-86.24999999999545
cash_ACC,MovingAverage,2025-12-29 13:25:00,2025-12-29 13:26:00,1725.0,1725.8625,1724.0,1723.1380000000001,50,LONG,-136.22499999999036
cash_ACC,MovingAverage,2025-12-29 13:44:00,2025-12-29 14:10:00,1725.0,1725.8625,1725.0,1724.1375,50,LONG,-86.24999999999545
cash_ACC,MovingAverage,2025-12-29 14:31:00,2025-12-29 14:55:00,1724.8,1725.6624,1724.0,1723.1380000000001,50,LONG,-126.21999999998934
cash_ACC,MovingAverage,2025-12-29 15:09:00,2025-12-29 15:27:00,1725.0,1725.8625,1724.1,1723.23795,50,LONG,-131.22749999999996
